2024,다사00a38b,to_ho_001,5
2024,다사00a39a,to_ho_001,46
2024,다사00a39b,to_ho_001,8
2024,다사00a40a,to_ho_001,8
2024,다사00a40b,to_ho_001,63
2024,다사00a41a,to_ho_001,23
2024,다사00a41b,to_ho_001,5
2024,다사00a48a,to_ho_001,0
2024,다사00a48b,to_ho_001,33
2024,다사00a60a,to_ho_001,5
2024,다사00a63b,to_ho_001,8
2024,다사00a64b,to_ho_001,5
2024,다사00a65a,to_ho_001,18
2024,다사00a65b,to_ho_001,8
2024,다사00a66a,to_ho_001,5
2024,다사00a66b,to_ho_001,5
2024,다사00a67b,to_ho_001,8
2024,다사00a68b,to_ho_001,13
2024,다사00a69a,to_ho_001,8
2024,다사00a69b,to_ho_001,13
2024,다사00a70a,to_ho_001,38
2024,다사00a70b,to_ho_001,18
2024,다사00a72a,to_ho_001,18
2024,다사00a72b,to_ho_001,8
2024,다사00a73a,to_ho_001,8
2024,다사00a74a,to_ho_001,48
2024,다사00a74b,to_ho_001,18
2024,다사00a76b,to_ho_001,23
2024,다사00a77a,to_ho_001,13
2024,다사00b38b,to_ho_001,23
2024,다사00b39a,to_ho_001,36
2024,다사00b40a,to_ho_001,5
2024,다사00b40b,to_ho_001,13
2024,다사00b48a,to_ho_001,8
2024,다사00b48b,to_ho_001,5
2024,다사00b49a,to_ho_001,8
2024,다사00b57a,to_ho_001,0
2024,다사00b57b,to_ho_001,0
2024,다사00b58a,to_ho_001,5
2024,다사00b58b,to_ho_001,13
2024,다사00b59a,to_ho_001,13
2024,다사00b59b,to_ho_001,18
2024,다사00b60a,to_ho_001,8
2024,다사00b64a,to_ho_001,5
2024,다사00b64b,to_ho_001,8
2024,다사00b65b,to_ho_001,0
2024,다사00b67b,to_ho_001,36
2024,다사00b70a,to_ho_001,38
2024,다사00b70b,to_ho_001,18
2024,다사00b72b,to_ho_001,5
2024,다사00b73a,to_ho_001,13
2024,다사00b74a,to_ho_001,48
2024,다사00b74b,to_ho_001,5
2024,다사00b76b,to_ho_001,8
2024,다사00b77a,to_ho_001,28
2024,다사00b77b,to_ho_001,18
2024,다사00b78a,to_ho_001,8
2024,다사01a01b,to_ho_001,0
2024,다사01a02a,to_ho_001,8
2024,다사01a38b,to_ho_001,5
2024,다사01a39a,to_ho_001,39
2024,다사01a39b,to_ho_001,5
2024,다사01a40a,to_ho_001,0
2024,다사01a48a,to_ho_001,5
2024,다사01a48b,to_ho_001,5
2024,다사01a49a,to_ho_001,28
2024,다사01a57a,to_ho_001,0
2024,다사01a57b,to_ho_001,18
2024,다사01a58a,to_ho_001,28
2024,다사01a58b,to_ho_001,33
2024,다사01a59a,to_ho_001,23
2024,다사01a59b,to_ho_001,0
2024,다사01a60a,to_ho_001,28
2024,다사01a67a,to_ho_001,13
2024,다사01a67b,to_ho_001,109
2024,다사01a69a,to_ho_001,0
2024,다사01a69b,to_ho_001,18
2024,다사01a70a,to_ho_001,43
2024,다사01a70b,to_ho_001,5
2024,다사01a71b,to_ho_001,28
2024,다사01a72a,to_ho_001,8
2024,다사01a74a,to_ho_001,23
2024,다사01a74b,to_ho_001,33
2024,다사01a76b,to_ho_001,8
2024,다사01a77a,to_ho_001,8
2024,다사01a77b,to_ho_001,23
2024,다사01a78a,to_ho_001,13
2024,다사01b01b,to_ho_001,8
2024,다사01b02a,to_ho_001,16
2024,다사01b38b,to_ho_001,18
2024,다사01b39a,to_ho_001,5
2024,다사01b39b,to_ho_001,8
2024,다사01b40a,to_ho_001,5
2024,다사01b57a,to_ho_001,43
2024,다사01b57b,to_ho_001,8
2024,다사01b58a,to_ho_001,28
2024,다사01b58b,to_ho_001,5
2024,다사01b59a,to_ho_001,5
2024,다사01b60a,to_ho_001,13
2024,다사01b60b,to_ho_001,8
2024,다사01b67b,to_ho_001,8
2024,다사01b68a,to_ho_001,13
2024,다사01b68b,to_ho_001,0
2024,다사01b69a,to_ho_001,18
2024,다사01b69b,to_ho_001,13
2024,다사01b70a,to_ho_001,8
2024,다사01b71a,to_ho_001,5
2024,다사01b71b,to_ho_001,38
2024,다사01b72a,to_ho_001,13
2024,다사01b72b,to_ho_001,5
2024,다사01b73a,to_ho_001,0
2024,다사01b74a,to_ho_001,8
2024,다사01b74b,to_ho_001,48
2024,다사01b75a,to_ho_001,23
2024,다사01b77a,to_ho_001,5
2024,다사01b77b,to_ho_001,13
2024,다사01b78a,to_ho_001,8
2024,다사01b78b,to_ho_001,0
2024,다사02a39a,to_ho_001,23
2024,다사02a39b,to_ho_001,43
2024,다사02a40a,to_ho_001,23
2024,다사02a56b,to_ho_001,0
2024,다사02a57a,to_ho_001,38
2024,다사02a57b,to_ho_001,8
2024,다사02a58a,to_ho_001,8
2024,다사02a60a,to_ho_001,8
2024,다사02a60b,to_ho_001,13
2024,다사02a65b,to_ho_001,5
2024,다사02a66a,to_ho_001,5
2024,다사02a67b,to_ho_001,18
2024,다사02a68a,to_ho_001,13
2024,다사02a68b,to_ho_001,38
2024,다사02a69a,to_ho_001,83
2024,다사02a69b,to_ho_001,28
2024,다사02a70a,to_ho_001,0
2024,다사02a70b,to_ho_001,13
2024,다사02a71a,to_ho_001,53
2024,다사02a71b,to_ho_001,5
2024,다사02a72a,to_ho_001,28
2024,다사02a72b,to_ho_001,23
2024,다사02a75a,to_ho_001,43
2024,다사02a75b,to_ho_001,13
2024,다사02a77a,to_ho_001,28
2024,다사02a77b,to_ho_001,18
2024,다사02a78a,to_ho_001,23
2024,다사02a78b,to_ho_001,5
2024,다사02b34a,to_ho_001,5
2024,다사02b38b,to_ho_001,8
2024,다사02b39a,to_ho_001,8
2024,다사02b39b,to_ho_001,21
2024,다사02b40a,to_ho_001,5
2024,다사02b40b,to_ho_001,5
2024,다사02b56a,to_ho_001,8
2024,다사02b56b,to_ho_001,28
2024,다사02b57a,to_ho_001,13
2024,다사02b57b,to_ho_001,5
2024,다사02b58a,to_ho_001,13
2024,다사02b59a,to_ho_001,8
2024,다사02b59b,to_ho_001,28
2024,다사02b60a,to_ho_001,53
2024,다사02b60b,to_ho_001,5
2024,다사02b65a,to_ho_001,13
2024,다사02b65b,to_ho_001,23
2024,다사02b66a,to_ho_001,0
2024,다사02b67b,to_ho_001,33
2024,다사02b68a,to_ho_001,18
2024,다사02b68b,to_ho_001,23
2024,다사02b69a,to_ho_001,5
2024,다사02b70a,to_ho_001,8
2024,다사02b70b,to_ho_001,13
2024,다사02b71a,to_ho_001,5
2024,다사02b72b,to_ho_001,38
2024,다사02b73a,to_ho_001,23
2024,다사02b75a,to_ho_001,5
2024,다사02b75b,to_ho_001,40
2024,다사02b76a,to_ho_001,23
2024,다사02b76b,to_ho_001,13
2024,다사02b77a,to_ho_001,5
2024,다사02b77b,to_ho_001,13
2024,다사02b78a,to_ho_001,23
2024,다사02b78b,to_ho_001,18
2024,다사02b79a,to_ho_001,5
2024,다사03a32a,to_ho_001,5
2024,다사03a34a,to_ho_001,0
2024,다사03a38a,to_ho_001,8
2024,다사03a38b,to_ho_001,18
2024,다사03a39a,to_ho_001,8
2024,다사03a39b,to_ho_001,18
2024,다사03a40a,to_ho_001,13
2024,다사03a40b,to_ho_001,5
2024,다사03a48a,to_ho_001,0
2024,다사03a48b,to_ho_001,5
2024,다사03a56a,to_ho_001,13
2024,다사03a56b,to_ho_001,8
2024,다사03a57a,to_ho_001,8
2024,다사03a57b,to_ho_001,0
2024,다사03a58a,to_ho_001,13
2024,다사03a58b,to_ho_001,0
2024,다사03a59a,to_ho_001,13
2024,다사03a59b,to_ho_001,43
2024,다사03a60a,to_ho_001,18
2024,다사03a60b,to_ho_001,5
2024,다사03a61a,to_ho_001,5
2024,다사03a64b,to_ho_001,13
2024,다사03a65a,to_ho_001,28
2024,다사03a65b,to_ho_001,5
2024,다사03a67a,to_ho_001,18
2024,다사03a67b,to_ho_001,18
2024,다사03a68a,to_ho_001,0
2024,다사03a68b,to_ho_001,23
2024,다사03a69a,to_ho_001,13
2024,다사03a69b,to_ho_001,28
2024,다사03a70a,to_ho_001,5
2024,다사03a70b,to_ho_001,13
2024,다사03a72b,to_ho_001,5
2024,다사03a73a,to_ho_001,43
2024,다사03a76a,to_ho_001,5
2024,다사03a76b,to_ho_001,13
2024,다사03a77b,to_ho_001,5
2024,다사03a78a,to_ho_001,8
2024,다사03a78b,to_ho_001,13
2024,다사03a79a,to_ho_001,5
2024,다사03b33b,to_ho_001,5
2024,다사03b34a,to_ho_001,64
2024,다사03b34b,to_ho_001,8
2024,다사03b35b,to_ho_001,5
2024,다사03b38a,to_ho_001,18
2024,다사03b38b,to_ho_001,23
2024,다사03b39a,to_ho_001,43
2024,다사03b39b,to_ho_001,13
2024,다사03b40a,to_ho_001,33
2024,다사03b40b,to_ho_001,5
2024,다사03b48b,to_ho_001,33
2024,다사03b49a,to_ho_001,8
2024,다사03b55b,to_ho_001,13
2024,다사03b56a,to_ho_001,28
2024,다사03b56b,to_ho_001,13
2024,다사03b58a,to_ho_001,5
2024,다사03b58b,to_ho_001,5
2024,다사03b59a,to_ho_001,5
2024,다사03b59b,to_ho_001,28
2024,다사03b60a,to_ho_001,18
2024,다사03b60b,to_ho_001,8
2024,다사03b61a,to_ho_001,18
2024,다사03b63a,to_ho_001,8
2024,다사03b63b,to_ho_001,0
2024,다사03b64a,to_ho_001,13
2024,다사03b64b,to_ho_001,23
2024,다사03b65a,to_ho_001,18
2024,다사03b65b,to_ho_001,5
2024,다사03b66a,to_ho_001,0
2024,다사03b66b,to_ho_001,5
2024,다사03b67a,to_ho_001,38
2024,다사03b67b,to_ho_001,5
2024,다사03b68a,to_ho_001,5
2024,다사03b68b,to_ho_001,8
2024,다사03b69a,to_ho_001,23
2024,다사03b69b,to_ho_001,23
2024,다사03b70a,to_ho_001,5
2024,다사03b70b,to_ho_001,5
2024,다사03b73a,to_ho_001,18
2024,다사03b73b,to_ho_001,28
2024,다사03b75a,to_ho_001,8
2024,다사03b75b,to_ho_001,28
2024,다사03b76a,to_ho_001,18
2024,다사03b76b,to_ho_001,18
2024,다사03b77b,to_ho_001,5
2024,다사03b78a,to_ho_001,13
2024,다사03b78b,to_ho_001,8
2024,다사03b79a,to_ho_001,13
2024,다사03b79b,to_ho_001,19
2024,다사03b80a,to_ho_001,43
2024,다사04a32a,to_ho_001,5
2024,다사04a33b,to_ho_001,5
2024,다사04a36b,to_ho_001,0
2024,다사04a37a,to_ho_001,5
2024,다사04a37b,to_ho_001,13
2024,다사04a38a,to_ho_001,23
2024,다사04a39a,to_ho_001,40
2024,다사04a39b,to_ho_001,18
2024,다사04a40a,to_ho_001,0
2024,다사04a55b,to_ho_001,5
2024,다사04a56b,to_ho_001,13
2024,다사04a57a,to_ho_001,28
2024,다사04a59a,to_ho_001,8
2024,다사04a59b,to_ho_001,33
2024,다사04a60a,to_ho_001,8
2024,다사04a60b,to_ho_001,5
2024,다사04a62a,to_ho_001,8
2024,다사04a62b,to_ho_001,8
2024,다사04a63a,to_ho_001,33
2024,다사04a63b,to_ho_001,21
2024,다사04a64a,to_ho_001,5
2024,다사04a64b,to_ho_001,33
2024,다사04a65a,to_ho_001,33
2024,다사04a65b,to_ho_001,8
2024,다사04a66a,to_ho_001,23
2024,다사04a66b,to_ho_001,39
2024,다사04a67a,to_ho_001,28
2024,다사04a67b,to_ho_001,8
2024,다사04a68b,to_ho_001,0
2024,다사04a69a,to_ho_001,8
2024,다사04a69b,to_ho_001,8
2024,다사04a70a,to_ho_001,13
2024,다사04a70b,to_ho_001,13
2024,다사04a73b,to_ho_001,33
2024,다사04a74a,to_ho_001,5
2024,다사04a75a,to_ho_001,23
2024,다사04a75b,to_ho_001,18
2024,다사04a77a,to_ho_001,5
2024,다사04a77b,to_ho_001,8
2024,다사04a78a,to_ho_001,13
2024,다사04a79a,to_ho_001,0
2024,다사04a79b,to_ho_001,5
2024,다사04a80a,to_ho_001,5
2024,다사04b32a,to_ho_001,13
2024,다사04b32b,to_ho_001,28
2024,다사04b33a,to_ho_001,8
2024,다사04b33b,to_ho_001,5
2024,다사04b36a,to_ho_001,5
2024,다사04b36b,to_ho_001,37
2024,다사04b37a,to_ho_001,44
2024,다사04b37b,to_ho_001,23
2024,다사04b39b,to_ho_001,0
2024,다사04b47b,to_ho_001,5
2024,다사04b48b,to_ho_001,8
2024,다사04b49a,to_ho_001,5
2024,다사04b55b,to_ho_001,0
2024,다사04b56b,to_ho_001,18
2024,다사04b57a,to_ho_001,13
2024,다사04b59a,to_ho_001,13
2024,다사04b59b,to_ho_001,85
2024,다사04b60a,to_ho_001,23
2024,다사04b60b,to_ho_001,5
2024,다사04b61b,to_ho_001,5
2024,다사04b62a,to_ho_001,28
2024,다사04b62b,to_ho_001,33
2024,다사04b63a,to_ho_001,28
2024,다사04b63b,to_ho_001,8
2024,다사04b64b,to_ho_001,13
2024,다사04b65a,to_ho_001,18
2024,다사04b65b,to_ho_001,28
2024,다사04b66a,to_ho_001,38
2024,다사04b66b,to_ho_001,28
2024,다사04b67a,to_ho_001,13
2024,다사04b69a,to_ho_001,5
2024,다사04b69b,to_ho_001,5
2024,다사04b70a,to_ho_001,13
2024,다사04b70b,to_ho_001,18
2024,다사04b71a,to_ho_001,5
2024,다사04b73a,to_ho_001,5
2024,다사04b73b,to_ho_001,33
2024,다사04b74a,to_ho_001,18
2024,다사04b74b,to_ho_001,5
2024,다사04b75a,to_ho_001,23
2024,다사04b75b,to_ho_001,13
2024,다사04b77a,to_ho_001,5
2024,다사04b77b,to_ho_001,18
2024,다사04b78a,to_ho_001,28
2024,다사04b78b,to_ho_001,13
2024,다사04b80a,to_ho_001,28
2024,다사04b80b,to_ho_001,8
2024,다사05a31a,to_ho_001,8
2024,다사05a31b,to_ho_001,5
2024,다사05a32a,to_ho_001,8
2024,다사05a32b,to_ho_001,8
2024,다사05a37b,to_ho_001,5
2024,다사05a38a,to_ho_001,0
2024,다사05a38b,to_ho_001,5
2024,다사05a47b,to_ho_001,5
2024,다사05a48a,to_ho_001,8
2024,다사05a48b,to_ho_001,70
2024,다사05a49a,to_ho_001,23
2024,다사05a49b,to_ho_001,8
2024,다사05a50a,to_ho_001,5
2024,다사05a56a,to_ho_001,8
2024,다사05a56b,to_ho_001,53
2024,다사05a57a,to_ho_001,0
2024,다사05a58b,to_ho_001,5
2024,다사05a59b,to_ho_001,28
2024,다사05a60a,to_ho_001,23
2024,다사05a61b,to_ho_001,8
2024,다사05a62a,to_ho_001,28
2024,다사05a62b,to_ho_001,48
2024,다사05a63a,to_ho_001,5
2024,다사05a65a,to_ho_001,8
2024,다사05a65b,to_ho_001,23
2024,다사05a66a,to_ho_001,5
2024,다사05a66b,to_ho_001,13
2024,다사05a67a,to_ho_001,23
2024,다사05a70a,to_ho_001,5
2024,다사05a70b,to_ho_001,18
2024,다사05a71a,to_ho_001,8
2024,다사05a73a,to_ho_001,8
2024,다사05a73b,to_ho_001,8
2024,다사05a74a,to_ho_001,38
2024,다사05a74b,to_ho_001,23
2024,다사05a75a,to_ho_001,43
2024,다사05a75b,to_ho_001,58
2024,다사05a76a,to_ho_001,0
2024,다사05a78a,to_ho_001,8
2024,다사05a78b,to_ho_001,23
2024,다사05a79a,to_ho_001,23
2024,다사05a80a,to_ho_001,18
2024,다사05a80b,to_ho_001,13
2024,다사05a81a,to_ho_001,5
2024,다사05b30b,to_ho_001,5
2024,다사05b31a,to_ho_001,18
2024,다사05b47a,to_ho_001,5
2024,다사05b47b,to_ho_001,38
2024,다사05b48b,to_ho_001,0
2024,다사05b49a,to_ho_001,5
2024,다사05b49b,to_ho_001,8
2024,다사05b50a,to_ho_001,0
2024,다사05b55a,to_ho_001,5
2024,다사05b55b,to_ho_001,8
2024,다사05b56a,to_ho_001,18
2024,다사05b56b,to_ho_001,8
2024,다사05b59a,to_ho_001,13
2024,다사05b59b,to_ho_001,63
2024,다사05b60a,to_ho_001,18
2024,다사05b61a,to_ho_001,0
2024,다사05b61b,to_ho_001,8
2024,다사05b62a,to_ho_001,23
2024,다사05b62b,to_ho_001,13
2024,다사05b64b,to_ho_001,0
2024,다사05b65a,to_ho_001,43
2024,다사05b65b,to_ho_001,8
2024,다사05b66b,to_ho_001,13
2024,다사05b67a,to_ho_001,38
2024,다사05b67b,to_ho_001,8
2024,다사05b70b,to_ho_001,8
2024,다사05b71a,to_ho_001,13
2024,다사05b71b,to_ho_001,0
2024,다사05b74a,to_ho_001,5
2024,다사05b74b,to_ho_001,23
2024,다사05b75a,to_ho_001,8
2024,다사05b75b,to_ho_001,38
2024,다사05b76a,to_ho_001,38
2024,다사05b78a,to_ho_001,5
2024,다사05b78b,to_ho_001,13
2024,다사05b79a,to_ho_001,8
2024,다사05b79b,to_ho_001,23
2024,다사06a30b,to_ho_001,18
2024,다사06a31a,to_ho_001,11
2024,다사06a46b,to_ho_001,5
2024,다사06a47a,to_ho_001,46
2024,다사06a48a,to_ho_001,23
2024,다사06a50a,to_ho_001,5
2024,다사06a55a,to_ho_001,5
2024,다사06a55b,to_ho_001,18
2024,다사06a56a,to_ho_001,0
2024,다사06a59a,to_ho_001,13
2024,다사06a59b,to_ho_001,38
2024,다사06a60a,to_ho_001,28
2024,다사06a60b,to_ho_001,5
2024,다사06a61a,to_ho_001,28
2024,다사06a61b,to_ho_001,48
2024,다사06a62a,to_ho_001,38
2024,다사06a64b,to_ho_001,5
2024,다사06a65a,to_ho_001,5
2024,다사06a66b,to_ho_001,23
2024,다사06a67a,to_ho_001,23
2024,다사06a67b,to_ho_001,8
2024,다사06a74a,to_ho_001,5
2024,다사06a74b,to_ho_001,18
2024,다사06a75a,to_ho_001,23
2024,다사06a75b,to_ho_001,18
2024,다사06a76a,to_ho_001,48
2024,다사06a76b,to_ho_001,38
2024,다사06a77b,to_ho_001,8
2024,다사06a78a,to_ho_001,5
2024,다사06a78b,to_ho_001,13
2024,다사06a79a,to_ho_001,28
2024,다사06a79b,to_ho_001,13
2024,다사06a80b,to_ho_001,13
2024,다사06b00a,to_ho_001,8
2024,다사06b00b,to_ho_001,8
2024,다사06b16b,to_ho_001,5
2024,다사06b17b,to_ho_001,8
2024,다사06b18a,to_ho_001,13
2024,다사06b18b,to_ho_001,8
2024,다사06b19a,to_ho_001,18
2024,다사06b19b,to_ho_001,8
2024,다사06b30b,to_ho_001,13
2024,다사06b31a,to_ho_001,8
2024,다사06b47a,to_ho_001,13
2024,다사06b48a,to_ho_001,0
2024,다사06b55b,to_ho_001,23
2024,다사06b58b,to_ho_001,8
2024,다사06b59a,to_ho_001,23
2024,다사06b59b,to_ho_001,8
2024,다사06b60a,to_ho_001,28
2024,다사06b60b,to_ho_001,0
2024,다사06b61a,to_ho_001,48
2024,다사06b61b,to_ho_001,58
2024,다사06b62a,to_ho_001,38
2024,다사06b66b,to_ho_001,0
2024,다사06b67a,to_ho_001,8
2024,다사06b67b,to_ho_001,53
2024,다사06b68a,to_ho_001,8
2024,다사06b73b,to_ho_001,5
2024,다사06b74a,to_ho_001,13
2024,다사06b74b,to_ho_001,50
2024,다사06b75a,to_ho_001,8
2024,다사06b75b,to_ho_001,13
2024,다사06b76a,to_ho_001,18
2024,다사06b76b,to_ho_001,8
2024,다사06b77a,to_ho_001,18
2024,다사06b77b,to_ho_001,18
2024,다사06b78a,to_ho_001,23
2024,다사06b79a,to_ho_001,0
2024,다사06b79b,to_ho_001,0
2024,다사06b80a,to_ho_001,18
2024,다사06b80b,to_ho_001,5
2024,다사07a16a,to_ho_001,20
2024,다사07a16b,to_ho_001,39
2024,다사07a17a,to_ho_001,121
2024,다사07a17b,to_ho_001,13
2024,다사07a18a,to_ho_001,18
2024,다사07a18b,to_ho_001,33
2024,다사07a19a,to_ho_001,18
2024,다사07a19b,to_ho_001,23
2024,다사07a20a,to_ho_001,8
2024,다사07a20b,to_ho_001,8
2024,다사07a47a,to_ho_001,14
2024,다사07a48b,to_ho_001,5
2024,다사07a55a,to_ho_001,8
2024,다사07a55b,to_ho_001,5
2024,다사07a58b,to_ho_001,13
2024,다사07a59a,to_ho_001,43
2024,다사07a59b,to_ho_001,18
2024,다사07a60a,to_ho_001,5
2024,다사07a60b,to_ho_001,5
2024,다사07a61a,to_ho_001,18
2024,다사07a61b,to_ho_001,33
2024,다사07a62a,to_ho_001,18
2024,다사07a66b,to_ho_001,5
2024,다사07a67a,to_ho_001,23
2024,다사07a67b,to_ho_001,30
2024,다사07a68a,to_ho_001,8
2024,다사07a69b,to_ho_001,0
2024,다사07a70a,to_ho_001,8
2024,다사07a70b,to_ho_001,48
2024,다사07a71a,to_ho_001,33
2024,다사07a71b,to_ho_001,5
2024,다사07a73a,to_ho_001,5
2024,다사07a73b,to_ho_001,38
2024,다사07a74a,to_ho_001,18
2024,다사07a74b,to_ho_001,5
2024,다사07a75a,to_ho_001,8
2024,다사07a75b,to_ho_001,23
2024,다사07a76a,to_ho_001,18
2024,다사07a76b,to_ho_001,18
2024,다사07a77a,to_ho_001,18
2024,다사07a77b,to_ho_001,23
2024,다사07a78a,to_ho_001,23
2024,다사07a78b,to_ho_001,8
2024,다사07a79a,to_ho_001,5
2024,다사07a79b,to_ho_001,0
2024,다사07a80a,to_ho_001,0
2024,다사07b14b,to_ho_001,0
2024,다사07b15b,to_ho_001,5
2024,다사07b16a,to_ho_001,53
2024,다사07b16b,to_ho_001,0
2024,다사07b17a,to_ho_001,13
2024,다사07b17b,to_ho_001,43
2024,다사07b18a,to_ho_001,28
2024,다사07b18b,to_ho_001,30
2024,다사07b19a,to_ho_001,8
2024,다사07b19b,to_ho_001,38
2024,다사07b20a,to_ho_001,13
2024,다사07b20b,to_ho_001,23
2024,다사07b47a,to_ho_001,8
2024,다사07b47b,to_ho_001,8
2024,다사07b48a,to_ho_001,18
2024,다사07b48b,to_ho_001,23
2024,다사07b55a,to_ho_001,8
2024,다사07b55b,to_ho_001,13
2024,다사07b56a,to_ho_001,13
2024,다사07b56b,to_ho_001,5
2024,다사07b57a,to_ho_001,33
2024,다사07b57b,to_ho_001,23
2024,다사07b58a,to_ho_001,0
2024,다사07b58b,to_ho_001,18
2024,다사07b59a,to_ho_001,13
2024,다사07b61a,to_ho_001,23
2024,다사07b61b,to_ho_001,5
2024,다사07b62a,to_ho_001,13
2024,다사07b62b,to_ho_001,43
2024,다사07b63a,to_ho_001,0
2024,다사07b65b,to_ho_001,5
2024,다사07b66a,to_ho_001,23
2024,다사07b66b,to_ho_001,28
2024,다사07b67a,to_ho_001,43
2024,다사07b67b,to_ho_001,23
2024,다사07b68a,to_ho_001,28
2024,다사07b68b,to_ho_001,18
2024,다사07b69b,to_ho_001,18
2024,다사07b70a,to_ho_001,33
2024,다사07b70b,to_ho_001,35
2024,다사07b71a,to_ho_001,23
2024,다사07b71b,to_ho_001,8
2024,다사07b72a,to_ho_001,13
2024,다사07b73a,to_ho_001,13
2024,다사07b73b,to_ho_001,18
2024,다사07b74a,to_ho_001,48
2024,다사07b74b,to_ho_001,8
2024,다사07b75b,to_ho_001,28
2024,다사07b76a,to_ho_001,23
2024,다사07b76b,to_ho_001,8
2024,다사07b77a,to_ho_001,13
2024,다사07b77b,to_ho_001,35
2024,다사07b78a,to_ho_001,18
2024,다사07b78b,to_ho_001,28
2024,다사07b79a,to_ho_001,8
2024,다사08a16a,to_ho_001,24
2024,다사08a16b,to_ho_001,33
2024,다사08a17a,to_ho_001,5
2024,다사08a17b,to_ho_001,18
2024,다사08a18a,to_ho_001,8
2024,다사08a18b,to_ho_001,8
2024,다사08a19a,to_ho_001,13
2024,다사08a20b,to_ho_001,18
2024,다사08a21a,to_ho_001,5
2024,다사08a46b,to_ho_001,5
2024,다사08a47a,to_ho_001,23
2024,다사08a47b,to_ho_001,5
2024,다사08a48b,to_ho_001,8
2024,다사08a49a,to_ho_001,8
2024,다사08a55a,to_ho_001,18
2024,다사08a55b,to_ho_001,18
2024,다사08a56a,to_ho_001,5
2024,다사08a56b,to_ho_001,8
2024,다사08a57a,to_ho_001,5
2024,다사08a57b,to_ho_001,8
2024,다사08a58a,to_ho_001,8
2024,다사08a58b,to_ho_001,43
2024,다사08a59a,to_ho_001,13
2024,다사08a61b,to_ho_001,5
2024,다사08a62a,to_ho_001,8
2024,다사08a62b,to_ho_001,28
2024,다사08a63a,to_ho_001,23
2024,다사08a63b,to_ho_001,0
2024,다사08a65b,to_ho_001,5
2024,다사08a66a,to_ho_001,28
2024,다사08a66b,to_ho_001,38
2024,다사08a67a,to_ho_001,18
2024,다사08a67b,to_ho_001,8
2024,다사08a68a,to_ho_001,28
2024,다사08a68b,to_ho_001,38
2024,다사08a69a,to_ho_001,13
2024,다사08a69b,to_ho_001,28
2024,다사08a70a,to_ho_001,61
2024,다사08a71a,to_ho_001,0
2024,다사08a71b,to_ho_001,33
2024,다사08a72a,to_ho_001,13
2024,다사08a73a,to_ho_001,18
2024,다사08a73b,to_ho_001,5
2024,다사08a74a,to_ho_001,23
2024,다사08a74b,to_ho_001,33
2024,다사08a75a,to_ho_001,28
2024,다사08a76a,to_ho_001,38
2024,다사08a76b,to_ho_001,5
2024,다사08a77a,to_ho_001,5
2024,다사08a77b,to_ho_001,13
2024,다사08a78a,to_ho_001,24
2024,다사08a78b,to_ho_001,28
2024,다사08b15a,to_ho_001,0
2024,다사08b15b,to_ho_001,5
2024,다사08b16a,to_ho_001,13
2024,다사08b16b,to_ho_001,9
2024,다사08b17a,to_ho_001,20
2024,다사08b17b,to_ho_001,39
2024,다사08b18a,to_ho_001,5
2024,다사08b18b,to_ho_001,23
2024,다사08b19a,to_ho_001,14
2024,다사08b19b,to_ho_001,8
2024,다사08b20a,to_ho_001,16
2024,다사08b20b,to_ho_001,8
2024,다사08b46b,to_ho_001,5
2024,다사08b48b,to_ho_001,0
2024,다사08b49a,to_ho_001,0
2024,다사08b58a,to_ho_001,8
2024,다사08b58b,to_ho_001,5
2024,다사08b59a,to_ho_001,0
2024,다사08b59b,to_ho_001,5
2024,다사08b60a,to_ho_001,8
2024,다사08b61b,to_ho_001,18
2024,다사08b62a,to_ho_001,28
2024,다사08b62b,to_ho_001,18
2024,다사08b63a,to_ho_001,13
2024,다사08b63b,to_ho_001,5
2024,다사08b65b,to_ho_001,13
2024,다사08b66a,to_ho_001,23
2024,다사08b66b,to_ho_001,18
2024,다사08b67a,to_ho_001,8
2024,다사08b67b,to_ho_001,8
2024,다사08b68a,to_ho_001,8
2024,다사08b68b,to_ho_001,43
2024,다사08b69a,to_ho_001,8
2024,다사08b69b,to_ho_001,23
2024,다사08b70a,to_ho_001,63
2024,다사08b70b,to_ho_001,23
2024,다사08b71b,to_ho_001,23
2024,다사08b72a,to_ho_001,8
2024,다사08b72b,to_ho_001,8
2024,다사08b73a,to_ho_001,38
2024,다사08b73b,to_ho_001,48
2024,다사08b74a,to_ho_001,43
2024,다사08b74b,to_ho_001,33
2024,다사08b75a,to_ho_001,18
2024,다사08b75b,to_ho_001,0
2024,다사08b76a,to_ho_001,48
2024,다사08b76b,to_ho_001,38
2024,다사08b77a,to_ho_001,5
2024,다사09a16a,to_ho_001,5
2024,다사09a16b,to_ho_001,28
2024,다사09a17a,to_ho_001,40
2024,다사09a17b,to_ho_001,18
2024,다사09a18a,to_ho_001,28
2024,다사09a18b,to_ho_001,28
2024,다사09a19a,to_ho_001,53
2024,다사09a19b,to_ho_001,23
2024,다사09a20a,to_ho_001,28
2024,다사09a20b,to_ho_001,5
2024,다사09a48b,to_ho_001,5
2024,다사09a58a,to_ho_001,8
2024,다사09a58b,to_ho_001,5
2024,다사09a59a,to_ho_001,5
2024,다사09a59b,to_ho_001,48
2024,다사09a60a,to_ho_001,13
2024,다사09a60b,to_ho_001,23
2024,다사09a61a,to_ho_001,8
2024,다사09a61b,to_ho_001,8
2024,다사09a62a,to_ho_001,8
2024,다사09a62b,to_ho_001,5
2024,다사09a63a,to_ho_001,8
2024,다사09a63b,to_ho_001,5
2024,다사09a65a,to_ho_001,8
2024,다사09a65b,to_ho_001,18
2024,다사09a66a,to_ho_001,23
2024,다사09a66b,to_ho_001,28
2024,다사09a67a,to_ho_001,8
2024,다사09a67b,to_ho_001,5
2024,다사09a68a,to_ho_001,23
2024,다사09a68b,to_ho_001,43
2024,다사09a69a,to_ho_001,8
2024,다사09a69b,to_ho_001,18
2024,다사09a70a,to_ho_001,23
2024,다사09a70b,to_ho_001,13
2024,다사09a71b,to_ho_001,8
2024,다사09a72a,to_ho_001,43
2024,다사09a72b,to_ho_001,23
2024,다사09a73a,to_ho_001,35
2024,다사09a73b,to_ho_001,18
2024,다사09a74a,to_ho_001,23
2024,다사09a74b,to_ho_001,23
2024,다사09a76a,to_ho_001,23
2024,다사09a76b,to_ho_001,5
2024,다사09a77a,to_ho_001,18
2024,다사09b16b,to_ho_001,25
2024,다사09b17a,to_ho_001,12
2024,다사09b17b,to_ho_001,5
2024,다사09b18a,to_ho_001,51
2024,다사09b18b,to_ho_001,8
2024,다사09b19a,to_ho_001,8
2024,다사09b19b,to_ho_001,18
2024,다사09b20a,to_ho_001,43
2024,다사09b20b,to_ho_001,13
2024,다사09b44a,to_ho_001,152
2024,다사09b44b,to_ho_001,351
2024,다사09b45a,to_ho_001,10
2024,다사09b56b,to_ho_001,13
2024,다사09b57a,to_ho_001,8
2024,다사09b57b,to_ho_001,13
2024,다사09b58a,to_ho_001,23
2024,다사09b58b,to_ho_001,8
2024,다사09b59a,to_ho_001,43
2024,다사09b59b,to_ho_001,0
2024,다사09b60a,to_ho_001,13
2024,다사09b60b,to_ho_001,23
2024,다사09b61a,to_ho_001,19
2024,다사09b61b,to_ho_001,23
2024,다사09b62a,to_ho_001,18
2024,다사09b62b,to_ho_001,23
2024,다사09b63a,to_ho_001,23
2024,다사09b63b,to_ho_001,28
2024,다사09b64a,to_ho_001,8
2024,다사09b64b,to_ho_001,5
2024,다사09b65a,to_ho_001,13
2024,다사09b65b,to_ho_001,23
2024,다사09b66a,to_ho_001,5
2024,다사09b66b,to_ho_001,21
2024,다사09b67a,to_ho_001,5
2024,다사09b67b,to_ho_001,18
2024,다사09b68a,to_ho_001,13
2024,다사09b68b,to_ho_001,46
2024,다사09b69a,to_ho_001,8
2024,다사09b69b,to_ho_001,210
2024,다사09b70a,to_ho_001,13
2024,다사09b70b,to_ho_001,135
2024,다사09b71a,to_ho_001,27
2024,다사09b71b,to_ho_001,8
2024,다사09b72a,to_ho_001,229
2024,다사09b72b,to_ho_001,258
2024,다사09b73a,to_ho_001,21
2024,다사09b73b,to_ho_001,48
2024,다사09b74a,to_ho_001,13
2024,다사09b76a,to_ho_001,18
2024,다사09b76b,to_ho_001,23
2024,다사09b77a,to_ho_001,28
2024,다사10a17b,to_ho_001,8
2024,다사10a18a,to_ho_001,5
2024,다사10a18b,to_ho_001,8
2024,다사10a19a,to_ho_001,18
2024,다사10a19b,to_ho_001,23
2024,다사10a20a,to_ho_001,43
2024,다사10a20b,to_ho_001,13
2024,다사10a43b,to_ho_001,450
2024,다사10a44a,to_ho_001,952
2024,다사10a44b,to_ho_001,1599
2024,다사10a45a,to_ho_001,674
2024,다사10a56a,to_ho_001,5
2024,다사10a56b,to_ho_001,28
2024,다사10a57a,to_ho_001,5
2024,다사10a58a,to_ho_001,5
2024,다사10a58b,to_ho_001,18
2024,다사10a60a,to_ho_001,142
2024,다사10a60b,to_ho_001,61
2024,다사10a61a,to_ho_001,19
2024,다사10a61b,to_ho_001,28
2024,다사10a62a,to_ho_001,13
2024,다사10a62b,to_ho_001,18
2024,다사10a63a,to_ho_001,23
2024,다사10a63b,to_ho_001,13
2024,다사10a64a,to_ho_001,8
2024,다사10a64b,to_ho_001,13
2024,다사10a65a,to_ho_001,8
2024,다사10a65b,to_ho_001,33
2024,다사10a66a,to_ho_001,13
2024,다사10a66b,to_ho_001,43
2024,다사10a67a,to_ho_001,5
2024,다사10a67b,to_ho_001,33
2024,다사10a68a,to_ho_001,18
2024,다사10a68b,to_ho_001,65
2024,다사10a69a,to_ho_001,13
2024,다사10a69b,to_ho_001,796
2024,다사10a70a,to_ho_001,139
2024,다사10a70b,to_ho_001,91
2024,다사10a71a,to_ho_001,106
2024,다사10a71b,to_ho_001,148
2024,다사10a72a,to_ho_001,643
2024,다사10a72b,to_ho_001,660
2024,다사10a73a,to_ho_001,67
2024,다사10a73b,to_ho_001,8
2024,다사10a74a,to_ho_001,43
2024,다사10a74b,to_ho_001,0
2024,다사10a76b,to_ho_001,13
2024,다사10a77a,to_ho_001,8
2024,다사10b18a,to_ho_001,143
2024,다사10b18b,to_ho_001,33
2024,다사10b19a,to_ho_001,43
2024,다사10b19b,to_ho_001,23
2024,다사10b20a,to_ho_001,23
2024,다사10b43b,to_ho_001,413
2024,다사10b44a,to_ho_001,452
2024,다사10b44b,to_ho_001,201
2024,다사10b45a,to_ho_001,194
2024,다사10b56a,to_ho_001,33
2024,다사10b56b,to_ho_001,8
2024,다사10b58b,to_ho_001,5
2024,다사10b59a,to_ho_001,5
2024,다사10b59b,to_ho_001,5
2024,다사10b60a,to_ho_001,135
2024,다사10b60b,to_ho_001,45
2024,다사10b61a,to_ho_001,43
2024,다사10b61b,to_ho_001,33
2024,다사10b62a,to_ho_001,18
2024,다사10b62b,to_ho_001,33
2024,다사10b63a,to_ho_001,18
2024,다사10b63b,to_ho_001,8
2024,다사10b64a,to_ho_001,14
2024,다사10b64b,to_ho_001,18
2024,다사10b65a,to_ho_001,43
2024,다사10b65b,to_ho_001,23
2024,다사10b66a,to_ho_001,5
2024,다사10b66b,to_ho_001,5
2024,다사10b67a,to_ho_001,18
2024,다사10b67b,to_ho_001,23
2024,다사10b68a,to_ho_001,33
2024,다사10b68b,to_ho_001,53
2024,다사10b69a,to_ho_001,23
2024,다사10b69b,to_ho_001,30
2024,다사10b70a,to_ho_001,299
2024,다사10b70b,to_ho_001,52
2024,다사10b71a,to_ho_001,42
2024,다사10b71b,to_ho_001,342
2024,다사10b72a,to_ho_001,306
2024,다사10b72b,to_ho_001,329
2024,다사10b73a,to_ho_001,5
2024,다사10b73b,to_ho_001,38
2024,다사10b74a,to_ho_001,38
2024,다사10b74b,to_ho_001,38
2024,다사11a17b,to_ho_001,8
2024,다사11a18a,to_ho_001,234
2024,다사11a18b,to_ho_001,8
2024,다사11a43b,to_ho_001,258
2024,다사11a44a,to_ho_001,23
2024,다사11a44b,to_ho_001,18
2024,다사11a47b,to_ho_001,0
2024,다사11a55b,to_ho_001,5
2024,다사11a56a,to_ho_001,38
2024,다사11a57b,to_ho_001,5
2024,다사11a58a,to_ho_001,8
2024,다사11a58b,to_ho_001,13
2024,다사11a59a,to_ho_001,8
2024,다사11a59b,to_ho_001,8
2024,다사11a60a,to_ho_001,117
2024,다사11a60b,to_ho_001,28
2024,다사11a61a,to_ho_001,18
2024,다사11a61b,to_ho_001,40
2024,다사11a62a,to_ho_001,51
2024,다사11a62b,to_ho_001,13
2024,다사11a63a,to_ho_001,5
2024,다사11a64a,to_ho_001,5
2024,다사11a64b,to_ho_001,13
2024,다사11a65a,to_ho_001,38
2024,다사11a65b,to_ho_001,18
2024,다사11a66a,to_ho_001,23
2024,다사11a66b,to_ho_001,0
2024,다사11a67a,to_ho_001,24
2024,다사11a67b,to_ho_001,33
2024,다사11a68a,to_ho_001,13
2024,다사11a68b,to_ho_001,43
2024,다사11a69a,to_ho_001,53
2024,다사11a69b,to_ho_001,8
2024,다사11a70a,to_ho_001,23
2024,다사11a70b,to_ho_001,47
2024,다사11a71a,to_ho_001,5
2024,다사11a71b,to_ho_001,18
2024,다사11a72a,to_ho_001,142
2024,다사11a72b,to_ho_001,366
2024,다사11a73a,to_ho_001,51
2024,다사11a73b,to_ho_001,23
2024,다사11a74a,to_ho_001,8
2024,다사11a74b,to_ho_001,33
2024,다사11a75a,to_ho_001,18
2024,다사11a75b,to_ho_001,8
2024,다사11b42b,to_ho_001,1121
2024,다사11b43a,to_ho_001,1617
2024,다사11b43b,to_ho_001,1993
2024,다사11b44a,to_ho_001,49
2024,다사11b44b,to_ho_001,88
2024,다사11b46a,to_ho_001,5
2024,다사11b46b,to_ho_001,0
2024,다사11b47a,to_ho_001,8
2024,다사11b47b,to_ho_001,18
2024,다사11b48a,to_ho_001,8
2024,다사11b55b,to_ho_001,8
2024,다사11b56a,to_ho_001,13
2024,다사11b56b,to_ho_001,0
2024,다사11b57b,to_ho_001,0
2024,다사11b58a,to_ho_001,23
2024,다사11b58b,to_ho_001,13
2024,다사11b59b,to_ho_001,13
2024,다사11b60a,to_ho_001,38
2024,다사11b60b,to_ho_001,86
2024,다사11b61a,to_ho_001,58
2024,다사11b61b,to_ho_001,43
2024,다사11b62a,to_ho_001,20
2024,다사11b62b,to_ho_001,13
2024,다사11b63a,to_ho_001,5
2024,다사11b63b,to_ho_001,23
2024,다사11b64a,to_ho_001,5
2024,다사11b64b,to_ho_001,13
2024,다사11b65a,to_ho_001,23
2024,다사11b65b,to_ho_001,13
2024,다사11b66a,to_ho_001,23
2024,다사11b66b,to_ho_001,8
2024,다사11b67a,to_ho_001,8
2024,다사11b67b,to_ho_001,33
2024,다사11b68a,to_ho_001,18
2024,다사11b68b,to_ho_001,43
2024,다사11b69a,to_ho_001,28
2024,다사11b69b,to_ho_001,48
2024,다사11b70a,to_ho_001,0
2024,다사11b70b,to_ho_001,44
2024,다사11b71b,to_ho_001,527
2024,다사11b72a,to_ho_001,343
2024,다사11b72b,to_ho_001,87
2024,다사11b73a,to_ho_001,193
2024,다사11b73b,to_ho_001,8
2024,다사11b74a,to_ho_001,5
2024,다사11b74b,to_ho_001,48
2024,다사11b75a,to_ho_001,33
2024,다사11b75b,to_ho_001,8
2024,다사11b76a,to_ho_001,33
2024,다사11b76b,to_ho_001,5
2024,다사12a15a,to_ho_001,5
2024,다사12a42b,to_ho_001,1752
2024,다사12a43a,to_ho_001,376
2024,다사12a43b,to_ho_001,198
2024,다사12a44a,to_ho_001,5
2024,다사12a45b,to_ho_001,13
2024,다사12a46a,to_ho_001,39
2024,다사12a46b,to_ho_001,55
2024,다사12a47a,to_ho_001,5
2024,다사12a47b,to_ho_001,5
2024,다사12a48a,to_ho_001,8
2024,다사12a54b,to_ho_001,39
2024,다사12a55a,to_ho_001,5
2024,다사12a55b,to_ho_001,18
2024,다사12a56a,to_ho_001,18
2024,다사12a57a,to_ho_001,0
2024,다사12a57b,to_ho_001,5
2024,다사12a58a,to_ho_001,28
2024,다사12a58b,to_ho_001,13
2024,다사12a59a,to_ho_001,38
2024,다사12a59b,to_ho_001,18
2024,다사12a60a,to_ho_001,13
2024,다사12a60b,to_ho_001,18
2024,다사12a61a,to_ho_001,18
2024,다사12a61b,to_ho_001,38
2024,다사12a62a,to_ho_001,38
2024,다사12a62b,to_ho_001,28
2024,다사12a63a,to_ho_001,18
2024,다사12a63b,to_ho_001,28
2024,다사12a64a,to_ho_001,38
2024,다사12a64b,to_ho_001,8
2024,다사12a65a,to_ho_001,23
2024,다사12a65b,to_ho_001,43
2024,다사12a66a,to_ho_001,8
2024,다사12a66b,to_ho_001,0
2024,다사12a67a,to_ho_001,0
2024,다사12a67b,to_ho_001,43
2024,다사12a68a,to_ho_001,33
2024,다사12a68b,to_ho_001,43
2024,다사12a69b,to_ho_001,18
2024,다사12a70a,to_ho_001,28
2024,다사12a70b,to_ho_001,8
2024,다사12a71a,to_ho_001,8
2024,다사12a71b,to_ho_001,708
2024,다사12a72a,to_ho_001,526
2024,다사12a72b,to_ho_001,60
2024,다사12a73a,to_ho_001,95
2024,다사12a73b,to_ho_001,38
2024,다사12a74a,to_ho_001,13
2024,다사12a74b,to_ho_001,13
2024,다사12a75a,to_ho_001,23
2024,다사12a75b,to_ho_001,13
2024,다사12a76a,to_ho_001,8
2024,다사12b14b,to_ho_001,0
2024,다사12b15a,to_ho_001,18
2024,다사12b17a,to_ho_001,13
2024,다사12b17b,to_ho_001,43
2024,다사12b18a,to_ho_001,8
2024,다사12b41b,to_ho_001,5
2024,다사12b42a,to_ho_001,272
2024,다사12b42b,to_ho_001,763
2024,다사12b43a,to_ho_001,83
2024,다사12b45a,to_ho_001,28
2024,다사12b45b,to_ho_001,54
2024,다사12b46a,to_ho_001,104
2024,다사12b46b,to_ho_001,42
2024,다사12b47a,to_ho_001,5
2024,다사12b47b,to_ho_001,23
2024,다사12b48a,to_ho_001,8
2024,다사12b54a,to_ho_001,0
2024,다사12b54b,to_ho_001,8
2024,다사12b55a,to_ho_001,8
2024,다사12b55b,to_ho_001,13
2024,다사12b56a,to_ho_001,8
2024,다사12b56b,to_ho_001,18
2024,다사12b57a,to_ho_001,8
2024,다사12b57b,to_ho_001,18
2024,다사12b58a,to_ho_001,5
2024,다사12b58b,to_ho_001,23
2024,다사12b59a,to_ho_001,38
2024,다사12b59b,to_ho_001,13
2024,다사12b60a,to_ho_001,13
2024,다사12b61a,to_ho_001,18
2024,다사12b61b,to_ho_001,33
2024,다사12b62a,to_ho_001,33
2024,다사12b62b,to_ho_001,8
2024,다사12b63a,to_ho_001,23
2024,다사12b63b,to_ho_001,68
2024,다사12b64a,to_ho_001,48
2024,다사12b64b,to_ho_001,43
2024,다사12b65a,to_ho_001,8
2024,다사12b65b,to_ho_001,18
2024,다사12b66a,to_ho_001,38
2024,다사12b66b,to_ho_001,0
2024,다사12b67a,to_ho_001,8
2024,다사12b67b,to_ho_001,23
2024,다사12b68a,to_ho_001,18
2024,다사12b68b,to_ho_001,13
2024,다사12b69a,to_ho_001,8
2024,다사12b69b,to_ho_001,48
2024,다사12b70a,to_ho_001,13
2024,다사12b70b,to_ho_001,18
2024,다사12b71a,to_ho_001,341
2024,다사12b71b,to_ho_001,93
2024,다사12b72a,to_ho_001,115
2024,다사12b72b,to_ho_001,48
2024,다사12b73b,to_ho_001,28
2024,다사12b74a,to_ho_001,13
2024,다사12b74b,to_ho_001,8
2024,다사12b75a,to_ho_001,8
2024,다사12b75b,to_ho_001,8
2024,다사13a15b,to_ho_001,0
2024,다사13a17a,to_ho_001,21
2024,다사13a17b,to_ho_001,8
2024,다사13a18a,to_ho_001,8
2024,다사13a41b,to_ho_001,18
2024,다사13a42a,to_ho_001,8
2024,다사13a42b,to_ho_001,5
2024,다사13a45a,to_ho_001,8
2024,다사13a45b,to_ho_001,37
2024,다사13a46a,to_ho_001,66
2024,다사13a46b,to_ho_001,5
2024,다사13a48a,to_ho_001,23
2024,다사13a53b,to_ho_001,0
2024,다사13a54a,to_ho_001,8
2024,다사13a54b,to_ho_001,13
2024,다사13a55a,to_ho_001,28
2024,다사13a55b,to_ho_001,5
2024,다사13a56b,to_ho_001,8
2024,다사13a57a,to_ho_001,13
2024,다사13a57b,to_ho_001,8
2024,다사13a58b,to_ho_001,43
2024,다사13a59a,to_ho_001,48
2024,다사13a59b,to_ho_001,63
2024,다사13a60a,to_ho_001,8
2024,다사13a60b,to_ho_001,5
2024,다사13a61a,to_ho_001,18
2024,다사13a61b,to_ho_001,33
2024,다사13a62a,to_ho_001,18
2024,다사13a62b,to_ho_001,8
2024,다사13a63b,to_ho_001,5
2024,다사13a64a,to_ho_001,0
2024,다사13a64b,to_ho_001,18
2024,다사13a65a,to_ho_001,13
2024,다사13a65b,to_ho_001,5
2024,다사13a66a,to_ho_001,0
2024,다사13a67b,to_ho_001,65
2024,다사13a68a,to_ho_001,13
2024,다사13a69b,to_ho_001,0
2024,다사13a70b,to_ho_001,5
2024,다사13a71a,to_ho_001,44
2024,다사13a71b,to_ho_001,44
2024,다사13a72a,to_ho_001,72
2024,다사13a72b,to_ho_001,43
2024,다사13a73a,to_ho_001,8
2024,다사13b15b,to_ho_001,8
2024,다사13b16a,to_ho_001,33
2024,다사13b16b,to_ho_001,43
2024,다사13b17a,to_ho_001,5
2024,다사13b41b,to_ho_001,5
2024,다사13b42a,to_ho_001,0
2024,다사13b42b,to_ho_001,5
2024,다사13b44a,to_ho_001,5
2024,다사13b44b,to_ho_001,0
2024,다사13b45a,to_ho_001,5
2024,다사13b45b,to_ho_001,58
2024,다사13b46a,to_ho_001,158
2024,다사13b54b,to_ho_001,18
2024,다사13b56b,to_ho_001,0
2024,다사13b57a,to_ho_001,5
2024,다사13b58b,to_ho_001,13
2024,다사13b59a,to_ho_001,33
2024,다사13b59b,to_ho_001,8
2024,다사13b60a,to_ho_001,8
2024,다사13b61a,to_ho_001,13
2024,다사13b61b,to_ho_001,23
2024,다사13b62a,to_ho_001,5
2024,다사13b62b,to_ho_001,8
2024,다사13b66a,to_ho_001,5
2024,다사13b67b,to_ho_001,0
2024,다사13b68b,to_ho_001,5
2024,다사13b71a,to_ho_001,18
2024,다사13b71b,to_ho_001,5
2024,다사13b72a,to_ho_001,13
2024,다사13b72b,to_ho_001,5
2024,다사14a15a,to_ho_001,8
2024,다사14a15b,to_ho_001,63
2024,다사14a16a,to_ho_001,43
2024,다사14a16b,to_ho_001,5
2024,다사14a42a,to_ho_001,8
2024,다사14a43b,to_ho_001,969
2024,다사14a44a,to_ho_001,154
2024,다사14a44b,to_ho_001,0
2024,다사14a45a,to_ho_001,34
2024,다사14a45b,to_ho_001,188
2024,다사14a46a,to_ho_001,21
2024,다사14a46b,to_ho_001,5
2024,다사14a59a,to_ho_001,8
2024,다사14a59b,to_ho_001,23
2024,다사14a60a,to_ho_001,8
2024,다사14a63a,to_ho_001,18
2024,다사14a68b,to_ho_001,5
2024,다사14a69a,to_ho_001,28
2024,다사14a69b,to_ho_001,43
2024,다사14a70a,to_ho_001,5
2024,다사14a70b,to_ho_001,5
2024,다사14a71a,to_ho_001,24
2024,다사14a73b,to_ho_001,0
2024,다사14b01a,to_ho_001,5
2024,다사14b15a,to_ho_001,23
2024,다사14b15b,to_ho_001,45
2024,다사14b42b,to_ho_001,23
2024,다사14b43a,to_ho_001,13
2024,다사14b43b,to_ho_001,107
2024,다사14b44a,to_ho_001,236
2024,다사14b44b,to_ho_001,76
2024,다사14b45a,to_ho_001,47
2024,다사14b45b,to_ho_001,64
2024,다사14b46a,to_ho_001,109
2024,다사14b46b,to_ho_001,34
2024,다사14b57b,to_ho_001,5
2024,다사14b58a,to_ho_001,17
2024,다사14b58b,to_ho_001,8
2024,다사14b59a,to_ho_001,5
2024,다사14b59b,to_ho_001,0
2024,다사14b64a,to_ho_001,5
2024,다사14b64b,to_ho_001,8
2024,다사14b65a,to_ho_001,8
2024,다사14b66a,to_ho_001,5
2024,다사14b66b,to_ho_001,8
2024,다사14b69a,to_ho_001,5
2024,다사14b69b,to_ho_001,12
2024,다사14b70a,to_ho_001,34
2024,다사14b71a,to_ho_001,8
2024,다사14b71b,to_ho_001,8
2024,다사14b72a,to_ho_001,8
2024,다사14b72b,to_ho_001,8
2024,다사14b73b,to_ho_001,48
2024,다사14b74a,to_ho_001,18
2024,다사15a12a,to_ho_001,5
2024,다사15a12b,to_ho_001,5
2024,다사15a13a,to_ho_001,8
2024,다사15a14a,to_ho_001,5
2024,다사15a14b,to_ho_001,18
2024,다사15a15a,to_ho_001,5
2024,다사15a42b,to_ho_001,5
2024,다사15a43a,to_ho_001,18
2024,다사15a43b,to_ho_001,18
2024,다사15a44a,to_ho_001,198
2024,다사15a44b,to_ho_001,70
2024,다사15a45a,to_ho_001,37
2024,다사15a45b,to_ho_001,0
2024,다사15a46a,to_ho_001,86
2024,다사15a46b,to_ho_001,74
2024,다사15a47a,to_ho_001,8
2024,다사15a58a,to_ho_001,18
2024,다사15a58b,to_ho_001,8
2024,다사15a60a,to_ho_001,0
2024,다사15a60b,to_ho_001,5
2024,다사15a61a,to_ho_001,5
2024,다사15a61b,to_ho_001,13
2024,다사15a62a,to_ho_001,8
2024,다사15a63b,to_ho_001,0
2024,다사15a64a,to_ho_001,5
2024,다사15a64b,to_ho_001,13
2024,다사15a65a,to_ho_001,13
2024,다사15a66a,to_ho_001,13
2024,다사15a66b,to_ho_001,5
2024,다사15a68b,to_ho_001,5
2024,다사15a69a,to_ho_001,5
2024,다사15a69b,to_ho_001,111
2024,다사15a70a,to_ho_001,32
2024,다사15a71b,to_ho_001,0
2024,다사15a72b,to_ho_001,38
2024,다사15b12a,to_ho_001,8
2024,다사15b12b,to_ho_001,33
2024,다사15b13a,to_ho_001,18
2024,다사15b14a,to_ho_001,13
2024,다사15b14b,to_ho_001,23
2024,다사15b20a,to_ho_001,19
2024,다사15b20b,to_ho_001,0
2024,다사15b42b,to_ho_001,5
2024,다사15b43a,to_ho_001,161
2024,다사15b43b,to_ho_001,1777
2024,다사15b44a,to_ho_001,205
2024,다사15b44b,to_ho_001,159
2024,다사15b45a,to_ho_001,38
2024,다사15b45b,to_ho_001,40
2024,다사15b46a,to_ho_001,33
2024,다사15b60a,to_ho_001,5
2024,다사15b60b,to_ho_001,24
2024,다사15b61a,to_ho_001,5
2024,다사15b61b,to_ho_001,5
2024,다사15b62a,to_ho_001,38
2024,다사15b62b,to_ho_001,28
2024,다사15b63b,to_ho_001,8
2024,다사15b64a,to_ho_001,8
2024,다사15b64b,to_ho_001,28
2024,다사15b65b,to_ho_001,5
2024,다사15b66a,to_ho_001,8
2024,다사15b66b,to_ho_001,23
2024,다사15b68a,to_ho_001,5
2024,다사15b68b,to_ho_001,43
2024,다사15b69b,to_ho_001,5
2024,다사15b70a,to_ho_001,13
2024,다사16a11b,to_ho_001,5
2024,다사16a12a,to_ho_001,13
2024,다사16a12b,to_ho_001,18
2024,다사16a13a,to_ho_001,28
2024,다사16a13b,to_ho_001,8
2024,다사16a14a,to_ho_001,23
2024,다사16a14b,to_ho_001,18
2024,다사16a15a,to_ho_001,0
2024,다사16a19b,to_ho_001,5
2024,다사16a20a,to_ho_001,13
2024,다사16a20b,to_ho_001,5
2024,다사16a43a,to_ho_001,2134
2024,다사16a43b,to_ho_001,2453
2024,다사16a44a,to_ho_001,1294
2024,다사16a44b,to_ho_001,312
2024,다사16a45a,to_ho_001,22
2024,다사16a45b,to_ho_001,43
2024,다사16a46a,to_ho_001,18
2024,다사16a59a,to_ho_001,0
2024,다사16a59b,to_ho_001,8
2024,다사16a60a,to_ho_001,23
2024,다사16a60b,to_ho_001,0
2024,다사16a61a,to_ho_001,73
2024,다사16a61b,to_ho_001,47
2024,다사16a62a,to_ho_001,8
2024,다사16a62b,to_ho_001,8
2024,다사16a63a,to_ho_001,8
2024,다사16a63b,to_ho_001,0
2024,다사16a64a,to_ho_001,18
2024,다사16a64b,to_ho_001,0
2024,다사16a65a,to_ho_001,5
2024,다사16a65b,to_ho_001,5
2024,다사16a66a,to_ho_001,8
2024,다사16a66b,to_ho_001,5
2024,다사16a67b,to_ho_001,0
2024,다사16a68a,to_ho_001,0
2024,다사16a68b,to_ho_001,50
2024,다사16a69a,to_ho_001,8
2024,다사16a69b,to_ho_001,0
2024,다사16a70a,to_ho_001,5
2024,다사16a70b,to_ho_001,5
2024,다사16a73a,to_ho_001,5
2024,다사16a73b,to_ho_001,5
2024,다사16b11a,to_ho_001,0
2024,다사16b11b,to_ho_001,28
2024,다사16b12a,to_ho_001,0
2024,다사16b12b,to_ho_001,23
2024,다사16b13a,to_ho_001,8
2024,다사16b13b,to_ho_001,8
2024,다사16b14a,to_ho_001,24
2024,다사16b16a,to_ho_001,5
2024,다사16b16b,to_ho_001,5
2024,다사16b17a,to_ho_001,5
2024,다사16b17b,to_ho_001,5
2024,다사16b18a,to_ho_001,5
2024,다사16b18b,to_ho_001,18
2024,다사16b19a,to_ho_001,13
2024,다사16b19b,to_ho_001,0
2024,다사16b20a,to_ho_001,5
2024,다사16b43a,to_ho_001,1490
2024,다사16b43b,to_ho_001,1048
2024,다사16b44a,to_ho_001,2751
2024,다사16b44b,to_ho_001,750
2024,다사16b45a,to_ho_001,116
2024,다사16b45b,to_ho_001,45
2024,다사16b46a,to_ho_001,13
2024,다사16b58b,to_ho_001,8
2024,다사16b59a,to_ho_001,5
2024,다사16b59b,to_ho_001,8
2024,다사16b60a,to_ho_001,18
2024,다사16b60b,to_ho_001,18
2024,다사16b61a,to_ho_001,70
2024,다사16b61b,to_ho_001,8
2024,다사16b62a,to_ho_001,5
2024,다사16b62b,to_ho_001,13
2024,다사16b63a,to_ho_001,13
2024,다사16b63b,to_ho_001,0
2024,다사16b64a,to_ho_001,49
2024,다사16b64b,to_ho_001,8
2024,다사16b65a,to_ho_001,8
2024,다사16b65b,to_ho_001,18
2024,다사16b66b,to_ho_001,8
2024,다사16b67a,to_ho_001,8
2024,다사16b67b,to_ho_001,8
2024,다사16b68a,to_ho_001,26
2024,다사16b68b,to_ho_001,96
2024,다사16b69a,to_ho_001,106
2024,다사16b69b,to_ho_001,94
2024,다사16b70a,to_ho_001,48
2024,다사16b70b,to_ho_001,83
2024,다사16b71a,to_ho_001,8
2024,다사16b73a,to_ho_001,41
2024,다사16b73b,to_ho_001,8
2024,다사17a11b,to_ho_001,54
2024,다사17a12a,to_ho_001,53
2024,다사17a12b,to_ho_001,38
2024,다사17a13a,to_ho_001,13
2024,다사17a13b,to_ho_001,18
2024,다사17a14a,to_ho_001,5
2024,다사17a14b,to_ho_001,5
2024,다사17a15a,to_ho_001,8
2024,다사17a15b,to_ho_001,5
2024,다사17a16a,to_ho_001,8
2024,다사17a16b,to_ho_001,5
2024,다사17a17b,to_ho_001,23
2024,다사17a18a,to_ho_001,33
2024,다사17a18b,to_ho_001,28
2024,다사17a19a,to_ho_001,8
2024,다사17a19b,to_ho_001,8
2024,다사17a20a,to_ho_001,33
2024,다사17a20b,to_ho_001,8
2024,다사17a43b,to_ho_001,1810
2024,다사17a44a,to_ho_001,1431
2024,다사17a44b,to_ho_001,169
2024,다사17a45a,to_ho_001,410
2024,다사17a45b,to_ho_001,18
2024,다사17a58b,to_ho_001,8
2024,다사17a60b,to_ho_001,8
2024,다사17a61a,to_ho_001,5
2024,다사17a61b,to_ho_001,5
2024,다사17a62a,to_ho_001,13
2024,다사17a62b,to_ho_001,5
2024,다사17a63a,to_ho_001,13
2024,다사17a64a,to_ho_001,8
2024,다사17a64b,to_ho_001,5
2024,다사17a65a,to_ho_001,5
2024,다사17a65b,to_ho_001,0
2024,다사17a66a,to_ho_001,13
2024,다사17a66b,to_ho_001,18
2024,다사17a67a,to_ho_001,64
2024,다사17a67b,to_ho_001,28
2024,다사17a68a,to_ho_001,28
2024,다사17a68b,to_ho_001,5
2024,다사17a69a,to_ho_001,8
2024,다사17a69b,to_ho_001,13
2024,다사17a70a,to_ho_001,28
2024,다사17a70b,to_ho_001,18
2024,다사17a71a,to_ho_001,8
2024,다사17a71b,to_ho_001,18
2024,다사17a72a,to_ho_001,18
2024,다사17a72b,to_ho_001,23
2024,다사17a73a,to_ho_001,8
2024,다사17b12b,to_ho_001,8
2024,다사17b13a,to_ho_001,23
2024,다사17b13b,to_ho_001,13
2024,다사17b14a,to_ho_001,13
2024,다사17b14b,to_ho_001,18
2024,다사17b15a,to_ho_001,8
2024,다사17b15b,to_ho_001,13
2024,다사17b16a,to_ho_001,18
2024,다사17b16b,to_ho_001,8
2024,다사17b17a,to_ho_001,8
2024,다사17b17b,to_ho_001,18
2024,다사17b18a,to_ho_001,60
2024,다사17b18b,to_ho_001,38
2024,다사17b19a,to_ho_001,53
2024,다사17b19b,to_ho_001,8
2024,다사17b20b,to_ho_001,5
2024,다사17b21a,to_ho_001,26
2024,다사17b43b,to_ho_001,241
2024,다사17b44a,to_ho_001,2028
2024,다사17b44b,to_ho_001,8
2024,다사17b45a,to_ho_001,408
2024,다사17b45b,to_ho_001,0
2024,다사17b52b,to_ho_001,8
2024,다사17b53a,to_ho_001,5
2024,다사17b57b,to_ho_001,5
2024,다사17b58a,to_ho_001,5
2024,다사17b58b,to_ho_001,28
2024,다사17b59a,to_ho_001,23
2024,다사17b59b,to_ho_001,5
2024,다사17b60a,to_ho_001,0
2024,다사17b60b,to_ho_001,0
2024,다사17b61a,to_ho_001,8
2024,다사17b61b,to_ho_001,8
2024,다사17b62a,to_ho_001,8
2024,다사17b62b,to_ho_001,5
2024,다사17b63a,to_ho_001,5
2024,다사17b63b,to_ho_001,5
2024,다사17b64a,to_ho_001,0
2024,다사17b64b,to_ho_001,5
2024,다사17b65a,to_ho_001,5
2024,다사17b65b,to_ho_001,13
2024,다사17b66a,to_ho_001,8
2024,다사17b66b,to_ho_001,5
2024,다사17b67a,to_ho_001,8
2024,다사17b67b,to_ho_001,17
2024,다사17b68a,to_ho_001,5
2024,다사17b68b,to_ho_001,28
2024,다사17b69a,to_ho_001,5
2024,다사17b69b,to_ho_001,5
2024,다사17b70a,to_ho_001,0
2024,다사17b71a,to_ho_001,5
2024,다사17b71b,to_ho_001,38
2024,다사17b72a,to_ho_001,5
2024,다사18a13b,to_ho_001,5
2024,다사18a14a,to_ho_001,38
2024,다사18a14b,to_ho_001,38
2024,다사18a15a,to_ho_001,28
2024,다사18a15b,to_ho_001,28
2024,다사18a16a,to_ho_001,33
2024,다사18a16b,to_ho_001,28
2024,다사18a17a,to_ho_001,33
2024,다사18a17b,to_ho_001,8
2024,다사18a18a,to_ho_001,0
2024,다사18a18b,to_ho_001,13
2024,다사18a19a,to_ho_001,18
2024,다사18a21a,to_ho_001,8
2024,다사18a44a,to_ho_001,8
2024,다사18a44b,to_ho_001,8
2024,다사18a49a,to_ho_001,8
2024,다사18a49b,to_ho_001,5
2024,다사18a56a,to_ho_001,5
2024,다사18a56b,to_ho_001,8
2024,다사18a57a,to_ho_001,5
2024,다사18a57b,to_ho_001,5
2024,다사18a58b,to_ho_001,5
2024,다사18a59b,to_ho_001,8
2024,다사18a60a,to_ho_001,0
2024,다사18a60b,to_ho_001,8
2024,다사18a61a,to_ho_001,5
2024,다사18a61b,to_ho_001,27
2024,다사18a62a,to_ho_001,5
2024,다사18a62b,to_ho_001,0
2024,다사18a63a,to_ho_001,5
2024,다사18a63b,to_ho_001,0
2024,다사18a64a,to_ho_001,5
2024,다사18a64b,to_ho_001,8
2024,다사18a65a,to_ho_001,5
2024,다사18a65b,to_ho_001,13
2024,다사18a66a,to_ho_001,13
2024,다사18a66b,to_ho_001,18
2024,다사18a67a,to_ho_001,33
2024,다사18a67b,to_ho_001,13
2024,다사18a68a,to_ho_001,5
2024,다사18a68b,to_ho_001,5
2024,다사18a69a,to_ho_001,5
2024,다사18a70a,to_ho_001,5
2024,다사18a70b,to_ho_001,0
2024,다사18a71a,to_ho_001,8
2024,다사18b13b,to_ho_001,5
2024,다사18b14a,to_ho_001,48
2024,다사18b14b,to_ho_001,43
2024,다사18b15a,to_ho_001,90
2024,다사18b15b,to_ho_001,50
2024,다사18b16a,to_ho_001,82
2024,다사18b16b,to_ho_001,33
2024,다사18b17a,to_ho_001,8
2024,다사18b17b,to_ho_001,8
2024,다사18b18a,to_ho_001,36
2024,다사18b18b,to_ho_001,8
2024,다사18b19a,to_ho_001,5
2024,다사18b56a,to_ho_001,5
2024,다사18b56b,to_ho_001,18
2024,다사18b57a,to_ho_001,19
2024,다사18b57b,to_ho_001,18
2024,다사18b58a,to_ho_001,8
2024,다사18b58b,to_ho_001,5
2024,다사18b59a,to_ho_001,37
2024,다사18b59b,to_ho_001,8
2024,다사18b60a,to_ho_001,26
2024,다사18b60b,to_ho_001,23
2024,다사18b61a,to_ho_001,39
2024,다사18b61b,to_ho_001,205
2024,다사18b62a,to_ho_001,8
2024,다사18b62b,to_ho_001,0
2024,다사18b63a,to_ho_001,18
2024,다사18b63b,to_ho_001,8
2024,다사18b64a,to_ho_001,8
2024,다사18b64b,to_ho_001,5
2024,다사18b65a,to_ho_001,8
2024,다사18b65b,to_ho_001,8
2024,다사18b66a,to_ho_001,8
2024,다사18b66b,to_ho_001,8
2024,다사18b67a,to_ho_001,5
2024,다사18b67b,to_ho_001,5
2024,다사18b68b,to_ho_001,5
2024,다사18b69a,to_ho_001,5
2024,다사18b70a,to_ho_001,0
2024,다사18b70b,to_ho_001,18
2024,다사18b71a,to_ho_001,5
2024,다사19a13a,to_ho_001,8
2024,다사19a13b,to_ho_001,33
2024,다사19a14a,to_ho_001,38
2024,다사19a14b,to_ho_001,28
2024,다사19a15a,to_ho_001,23
2024,다사19a15b,to_ho_001,49
2024,다사19a16a,to_ho_001,106
2024,다사19a16b,to_ho_001,48
2024,다사19a17a,to_ho_001,5
2024,다사19a17b,to_ho_001,0
2024,다사19a18a,to_ho_001,13
2024,다사19a18b,to_ho_001,5
2024,다사19a56b,to_ho_001,5
2024,다사19a57a,to_ho_001,5
2024,다사19a57b,to_ho_001,13
2024,다사19a58a,to_ho_001,5
2024,다사19a58b,to_ho_001,18
2024,다사19a59a,to_ho_001,13
2024,다사19a59b,to_ho_001,78
2024,다사19a60a,to_ho_001,27
2024,다사19a60b,to_ho_001,8
2024,다사19a61a,to_ho_001,76
2024,다사19a61b,to_ho_001,373
2024,다사19a62a,to_ho_001,58
2024,다사19a62b,to_ho_001,8
2024,다사19a63a,to_ho_001,0
2024,다사19a63b,to_ho_001,8
2024,다사19a64a,to_ho_001,53
2024,다사19a64b,to_ho_001,5
2024,다사19a65a,to_ho_001,0
2024,다사19a65b,to_ho_001,19
2024,다사19a66a,to_ho_001,0
2024,다사19a66b,to_ho_001,5
2024,다사19a67a,to_ho_001,8
2024,다사19a68a,to_ho_001,5
2024,다사19a68b,to_ho_001,0
2024,다사19a69a,to_ho_001,5
2024,다사19a69b,to_ho_001,0
2024,다사19a70a,to_ho_001,19
2024,다사19a70b,to_ho_001,8
2024,다사19a71a,to_ho_001,5
2024,다사19a71b,to_ho_001,18
2024,다사19a72a,to_ho_001,18
2024,다사19b13a,to_ho_001,13
2024,다사19b13b,to_ho_001,110
2024,다사19b14a,to_ho_001,33
2024,다사19b14b,to_ho_001,13
2024,다사19b15a,to_ho_001,8
2024,다사19b15b,to_ho_001,57
2024,다사19b16a,to_ho_001,38
2024,다사19b16b,to_ho_001,28
2024,다사19b17a,to_ho_001,13
2024,다사19b17b,to_ho_001,5
2024,다사19b55a,to_ho_001,0
2024,다사19b55b,to_ho_001,18
2024,다사19b56b,to_ho_001,20
2024,다사19b57b,to_ho_001,5
2024,다사19b58a,to_ho_001,13
2024,다사19b58b,to_ho_001,28
2024,다사19b59a,to_ho_001,65
2024,다사19b59b,to_ho_001,55
2024,다사19b60a,to_ho_001,5
2024,다사19b60b,to_ho_001,5
2024,다사19b61a,to_ho_001,97
2024,다사19b61b,to_ho_001,73
2024,다사19b62a,to_ho_001,8
2024,다사19b62b,to_ho_001,8
2024,다사19b63a,to_ho_001,5
2024,다사19b63b,to_ho_001,0
2024,다사19b64a,to_ho_001,29
2024,다사19b64b,to_ho_001,5
2024,다사19b65a,to_ho_001,35
2024,다사19b65b,to_ho_001,47
2024,다사19b66a,to_ho_001,389
2024,다사19b66b,to_ho_001,233
2024,다사19b67b,to_ho_001,0
2024,다사19b68a,to_ho_001,13
2024,다사19b68b,to_ho_001,13
2024,다사19b69a,to_ho_001,23
2024,다사19b69b,to_ho_001,5
2024,다사19b70a,to_ho_001,8
2024,다사19b70b,to_ho_001,18
2024,다사19b71a,to_ho_001,0
2024,다사20a13a,to_ho_001,8
2024,다사20a13b,to_ho_001,24
2024,다사20a14a,to_ho_001,81
2024,다사20a14b,to_ho_001,13
2024,다사20a15a,to_ho_001,0
2024,다사20a15b,to_ho_001,28
2024,다사20a16a,to_ho_001,38
2024,다사20a16b,to_ho_001,13
2024,다사20a17a,to_ho_001,14
2024,다사20a17b,to_ho_001,24
2024,다사20a18a,to_ho_001,5
2024,다사20a39a,to_ho_001,8
2024,다사20a39b,to_ho_001,5
2024,다사20a41b,to_ho_001,24
2024,다사20a42a,to_ho_001,89
2024,다사20a55b,to_ho_001,13
2024,다사20a56a,to_ho_001,5
2024,다사20a56b,to_ho_001,38
2024,다사20a57b,to_ho_001,14
2024,다사20a58a,to_ho_001,14
2024,다사20a59a,to_ho_001,33
2024,다사20a59b,to_ho_001,109
2024,다사20a60a,to_ho_001,8
2024,다사20a60b,to_ho_001,23
2024,다사20a61a,to_ho_001,88
2024,다사20a61b,to_ho_001,22
2024,다사20a62a,to_ho_001,53
2024,다사20a62b,to_ho_001,33
2024,다사20a63a,to_ho_001,18
2024,다사20a63b,to_ho_001,28
2024,다사20a64a,to_ho_001,5
2024,다사20a64b,to_ho_001,32
2024,다사20a65a,to_ho_001,284
2024,다사20a65b,to_ho_001,1668
2024,다사20a66a,to_ho_001,2508
2024,다사20a66b,to_ho_001,551
2024,다사20a67a,to_ho_001,13
2024,다사20a67b,to_ho_001,18
2024,다사20a68a,to_ho_001,13
2024,다사20a68b,to_ho_001,24
2024,다사20a69a,to_ho_001,27
2024,다사20a69b,to_ho_001,8
2024,다사20a70a,to_ho_001,13
2024,다사20a70b,to_ho_001,8
2024,다사20a71a,to_ho_001,38
2024,다사20a71b,to_ho_001,8
2024,다사20b12b,to_ho_001,13
2024,다사20b13a,to_ho_001,38
2024,다사20b13b,to_ho_001,74
2024,다사20b14a,to_ho_001,64
2024,다사20b14b,to_ho_001,5
2024,다사20b15a,to_ho_001,5
2024,다사20b15b,to_ho_001,28
2024,다사20b16a,to_ho_001,18
2024,다사20b17a,to_ho_001,13
2024,다사20b17b,to_ho_001,38
2024,다사20b18a,to_ho_001,8
2024,다사20b39a,to_ho_001,542
2024,다사20b39b,to_ho_001,987
2024,다사20b40a,to_ho_001,13
2024,다사20b42a,to_ho_001,94
2024,다사20b57b,to_ho_001,21
2024,다사20b58a,to_ho_001,33
2024,다사20b58b,to_ho_001,18
2024,다사20b59a,to_ho_001,0
2024,다사20b59b,to_ho_001,45
2024,다사20b60a,to_ho_001,18
2024,다사20b60b,to_ho_001,18
2024,다사20b61a,to_ho_001,13
2024,다사20b62a,to_ho_001,28
2024,다사20b62b,to_ho_001,8
2024,다사20b63a,to_ho_001,23
2024,다사20b63b,to_ho_001,28
2024,다사20b64a,to_ho_001,63
2024,다사20b64b,to_ho_001,18
2024,다사20b65a,to_ho_001,900
2024,다사20b65b,to_ho_001,1120
2024,다사20b66a,to_ho_001,1271
2024,다사20b66b,to_ho_001,354
2024,다사20b67a,to_ho_001,8
2024,다사20b67b,to_ho_001,23
2024,다사20b68a,to_ho_001,18
2024,다사20b68b,to_ho_001,5
2024,다사20b69a,to_ho_001,18
2024,다사20b69b,to_ho_001,5
2024,다사20b70a,to_ho_001,8
2024,다사20b70b,to_ho_001,5
2024,다사20b71a,to_ho_001,8
2024,다사21a12b,to_ho_001,23
2024,다사21a13a,to_ho_001,5
2024,다사21a13b,to_ho_001,0
2024,다사21a15a,to_ho_001,5
2024,다사21a15b,to_ho_001,53
2024,다사21a16a,to_ho_001,0
2024,다사21a16b,to_ho_001,24
2024,다사21a17a,to_ho_001,23
2024,다사21a17b,to_ho_001,8
2024,다사21a32a,to_ho_001,490
2024,다사21a32b,to_ho_001,759
2024,다사21a34b,to_ho_001,553
2024,다사21a35a,to_ho_001,1622
2024,다사21a35b,to_ho_001,485
2024,다사21a39b,to_ho_001,413
2024,다사21a57b,to_ho_001,13
2024,다사21a58a,to_ho_001,5
2024,다사21a58b,to_ho_001,49
2024,다사21a59a,to_ho_001,0
2024,다사21a59b,to_ho_001,8
2024,다사21a60a,to_ho_001,13
2024,다사21a60b,to_ho_001,36
2024,다사21a61a,to_ho_001,23
2024,다사21a61b,to_ho_001,5
2024,다사21a62a,to_ho_001,8
2024,다사21a62b,to_ho_001,0
2024,다사21a63a,to_ho_001,18
2024,다사21a63b,to_ho_001,5
2024,다사21a64a,to_ho_001,8
2024,다사21a64b,to_ho_001,5
2024,다사21a65a,to_ho_001,629
2024,다사21a65b,to_ho_001,1764
2024,다사21a66a,to_ho_001,293
2024,다사21a66b,to_ho_001,129
2024,다사21a67a,to_ho_001,67
2024,다사21a67b,to_ho_001,8
2024,다사21a68b,to_ho_001,8
2024,다사21a69a,to_ho_001,13
2024,다사21a69b,to_ho_001,8
2024,다사21a70a,to_ho_001,5
2024,다사21a70b,to_ho_001,5
2024,다사21a71a,to_ho_001,0
2024,다사21a71b,to_ho_001,5
2024,다사21a72a,to_ho_001,23
2024,다사21b07a,to_ho_001,8
2024,다사21b07b,to_ho_001,18
2024,다사21b08a,to_ho_001,13
2024,다사21b08b,to_ho_001,5
2024,다사21b15a,to_ho_001,8
2024,다사21b15b,to_ho_001,18
2024,다사21b16a,to_ho_001,33
2024,다사21b16b,to_ho_001,18
2024,다사21b32b,to_ho_001,240
2024,다사21b33a,to_ho_001,713
2024,다사21b34b,to_ho_001,494
2024,다사21b35a,to_ho_001,3102
2024,다사21b35b,to_ho_001,794
2024,다사21b41b,to_ho_001,15
2024,다사21b42a,to_ho_001,342
2024,다사21b43a,to_ho_001,65
2024,다사21b57b,to_ho_001,31
2024,다사21b58a,to_ho_001,5
2024,다사21b58b,to_ho_001,13
2024,다사21b59b,to_ho_001,5
2024,다사21b60a,to_ho_001,18
2024,다사21b60b,to_ho_001,38
2024,다사21b61a,to_ho_001,18
2024,다사21b61b,to_ho_001,8
2024,다사21b62a,to_ho_001,5
2024,다사21b62b,to_ho_001,8
2024,다사21b63a,to_ho_001,58
2024,다사21b63b,to_ho_001,8
2024,다사21b64a,to_ho_001,13
2024,다사21b64b,to_ho_001,472
2024,다사21b65a,to_ho_001,117
2024,다사21b65b,to_ho_001,73
2024,다사21b66a,to_ho_001,18
2024,다사21b66b,to_ho_001,8
2024,다사21b67a,to_ho_001,8
2024,다사21b67b,to_ho_001,8
2024,다사21b68a,to_ho_001,23
2024,다사21b68b,to_ho_001,28
2024,다사21b69a,to_ho_001,28
2024,다사21b69b,to_ho_001,8
2024,다사21b71b,to_ho_001,5
2024,다사21b72a,to_ho_001,18
2024,다사21b72b,to_ho_001,5
2024,다사22a07b,to_ho_001,18
2024,다사22a08a,to_ho_001,40
2024,다사22a08b,to_ho_001,5
2024,다사22a14b,to_ho_001,8
2024,다사22a15a,to_ho_001,75
2024,다사22a15b,to_ho_001,5
2024,다사22a16a,to_ho_001,18
2024,다사22a31b,to_ho_001,8
2024,다사22a33a,to_ho_001,654
2024,다사22a33b,to_ho_001,1148
2024,다사22a34b,to_ho_001,181
2024,다사22a35a,to_ho_001,1143
2024,다사22a35b,to_ho_001,800
2024,다사22a39a,to_ho_001,176
2024,다사22a41b,to_ho_001,204
2024,다사22a42a,to_ho_001,751
2024,다사22a42b,to_ho_001,1159
2024,다사22a43a,to_ho_001,1414
2024,다사22a43b,to_ho_001,51
2024,다사22a47a,to_ho_001,121
2024,다사22a47b,to_ho_001,1241
2024,다사22a49a,to_ho_001,677
2024,다사22a54b,to_ho_001,5
2024,다사22a55a,to_ho_001,76
2024,다사22a58a,to_ho_001,26
2024,다사22a59a,to_ho_001,0
2024,다사22a59b,to_ho_001,8
2024,다사22a60a,to_ho_001,5
2024,다사22a60b,to_ho_001,5
2024,다사22a61a,to_ho_001,589
2024,다사22a61b,to_ho_001,8
2024,다사22a62a,to_ho_001,102
2024,다사22a62b,to_ho_001,5
2024,다사22a63a,to_ho_001,8
2024,다사22a63b,to_ho_001,13
2024,다사22a64a,to_ho_001,28
2024,다사22a64b,to_ho_001,118
2024,다사22a65a,to_ho_001,53
2024,다사22a65b,to_ho_001,13
2024,다사22a66a,to_ho_001,0
2024,다사22a66b,to_ho_001,5
2024,다사22a67a,to_ho_001,13
2024,다사22a67b,to_ho_001,8
2024,다사22a68a,to_ho_001,13
2024,다사22a68b,to_ho_001,8
2024,다사22a69a,to_ho_001,18
2024,다사22a69b,to_ho_001,8
2024,다사22a70a,to_ho_001,0
2024,다사22a71b,to_ho_001,26
2024,다사22a72a,to_ho_001,8
2024,다사22b08a,to_ho_001,8
2024,다사22b08b,to_ho_001,5
2024,다사22b13b,to_ho_001,5
2024,다사22b14a,to_ho_001,28
2024,다사22b14b,to_ho_001,5
2024,다사22b15a,to_ho_001,5
2024,다사22b31b,to_ho_001,324
2024,다사22b32a,to_ho_001,952
2024,다사22b33b,to_ho_001,742
2024,다사22b34a,to_ho_001,803
2024,다사22b35a,to_ho_001,2530
2024,다사22b35b,to_ho_001,1318
2024,다사22b38b,to_ho_001,47
2024,다사22b39a,to_ho_001,205
2024,다사22b39b,to_ho_001,340
2024,다사22b41a,to_ho_001,211
2024,다사22b41b,to_ho_001,534
2024,다사22b42a,to_ho_001,802
2024,다사22b42b,to_ho_001,1853
2024,다사22b43a,to_ho_001,885
2024,다사22b43b,to_ho_001,11
2024,다사22b47a,to_ho_001,563
2024,다사22b47b,to_ho_001,1525
2024,다사22b48a,to_ho_001,635
2024,다사22b48b,to_ho_001,306
2024,다사22b49a,to_ho_001,897
2024,다사22b49b,to_ho_001,23
2024,다사22b50a,to_ho_001,0
2024,다사22b54b,to_ho_001,5
2024,다사22b55a,to_ho_001,16
2024,다사22b55b,to_ho_001,42
2024,다사22b56a,to_ho_001,8
2024,다사22b56b,to_ho_001,5
2024,다사22b57b,to_ho_001,486
2024,다사22b58a,to_ho_001,556
2024,다사22b58b,to_ho_001,0
2024,다사22b59a,to_ho_001,0
2024,다사22b59b,to_ho_001,0
2024,다사22b60a,to_ho_001,2273
2024,다사22b60b,to_ho_001,1893
2024,다사22b61a,to_ho_001,1899
2024,다사22b61b,to_ho_001,775
2024,다사22b62a,to_ho_001,2074
2024,다사22b62b,to_ho_001,207
2024,다사22b63b,to_ho_001,5
2024,다사22b64a,to_ho_001,5
2024,다사22b64b,to_ho_001,352
2024,다사22b65a,to_ho_001,13
2024,다사22b66a,to_ho_001,5
2024,다사22b66b,to_ho_001,13
2024,다사22b67a,to_ho_001,108
2024,다사22b67b,to_ho_001,8
2024,다사22b68a,to_ho_001,0
2024,다사22b68b,to_ho_001,13
2024,다사22b69a,to_ho_001,18
2024,다사22b70b,to_ho_001,0
2024,다사22b71a,to_ho_001,13
2024,다사22b71b,to_ho_001,8
2024,다사22b72b,to_ho_001,13
2024,다사22b73a,to_ho_001,13
2024,다사23a13a,to_ho_001,0
2024,다사23a13b,to_ho_001,33
2024,다사23a14a,to_ho_001,33
2024,다사23a14b,to_ho_001,8
2024,다사23a31b,to_ho_001,1229
2024,다사23a32a,to_ho_001,2187
2024,다사23a32b,to_ho_001,1480
2024,다사23a39a,to_ho_001,1603
2024,다사23a39b,to_ho_001,1836
2024,다사23a40a,to_ho_001,749
2024,다사23a40b,to_ho_001,571
2024,다사23a41a,to_ho_001,2547
2024,다사23a41b,to_ho_001,1353
2024,다사23a42a,to_ho_001,548
2024,다사23a42b,to_ho_001,2316
2024,다사23a43a,to_ho_001,1223
2024,다사23a43b,to_ho_001,36
2024,다사23a47a,to_ho_001,228
2024,다사23a47b,to_ho_001,1169
2024,다사23a48a,to_ho_001,792
2024,다사23a48b,to_ho_001,350
2024,다사23a49a,to_ho_001,1107
2024,다사23a49b,to_ho_001,23
2024,다사23a50a,to_ho_001,28
2024,다사23a54b,to_ho_001,5
2024,다사23a55a,to_ho_001,8
2024,다사23a55b,to_ho_001,107
2024,다사23a56a,to_ho_001,33
2024,다사23a57b,to_ho_001,8
2024,다사23a58a,to_ho_001,68
2024,다사23a58b,to_ho_001,5
2024,다사23a59a,to_ho_001,5
2024,다사23a59b,to_ho_001,971
2024,다사23a60a,to_ho_001,2464
2024,다사23a60b,to_ho_001,2896
2024,다사23a61a,to_ho_001,2781
2024,다사23a61b,to_ho_001,1721
2024,다사23a62a,to_ho_001,1429
2024,다사23a62b,to_ho_001,2428
2024,다사23a63a,to_ho_001,5
2024,다사23a64a,to_ho_001,8
2024,다사23a64b,to_ho_001,66
2024,다사23a65a,to_ho_001,64
2024,다사23a66a,to_ho_001,5
2024,다사23a66b,to_ho_001,8
2024,다사23a67a,to_ho_001,28
2024,다사23a67b,to_ho_001,23
2024,다사23a68a,to_ho_001,18
2024,다사23a68b,to_ho_001,50
2024,다사23a69a,to_ho_001,322
2024,다사23a69b,to_ho_001,5
2024,다사23a70a,to_ho_001,8
2024,다사23a70b,to_ho_001,48
2024,다사23a71a,to_ho_001,5
2024,다사23a71b,to_ho_001,18
2024,다사23a72a,to_ho_001,28
2024,다사23a72b,to_ho_001,13
2024,다사23a73a,to_ho_001,13
2024,다사23a73b,to_ho_001,8
2024,다사23b11b,to_ho_001,0
2024,다사23b13a,to_ho_001,8
2024,다사23b13b,to_ho_001,8
2024,다사23b14a,to_ho_001,8
2024,다사23b31b,to_ho_001,299
2024,다사23b32a,to_ho_001,846
2024,다사23b32b,to_ho_001,335
2024,다사23b33a,to_ho_001,1701
2024,다사23b33b,to_ho_001,1738
2024,다사23b38b,to_ho_001,630
2024,다사23b39a,to_ho_001,3253
2024,다사23b39b,to_ho_001,2129
2024,다사23b40a,to_ho_001,2519
2024,다사23b40b,to_ho_001,541
2024,다사23b41a,to_ho_001,2132
2024,다사23b41b,to_ho_001,562
2024,다사23b42a,to_ho_001,4036
2024,다사23b42b,to_ho_001,2714
2024,다사23b47b,to_ho_001,1127
2024,다사23b48a,to_ho_001,930
2024,다사23b48b,to_ho_001,942
2024,다사23b49a,to_ho_001,1582
2024,다사23b49b,to_ho_001,33
2024,다사23b50a,to_ho_001,5
2024,다사23b50b,to_ho_001,5
2024,다사23b54a,to_ho_001,19
2024,다사23b54b,to_ho_001,63
2024,다사23b55a,to_ho_001,485
2024,다사23b55b,to_ho_001,781
2024,다사23b56a,to_ho_001,83
2024,다사23b57a,to_ho_001,38
2024,다사23b57b,to_ho_001,13
2024,다사23b58a,to_ho_001,85
2024,다사23b58b,to_ho_001,8
2024,다사23b59a,to_ho_001,22
2024,다사23b59b,to_ho_001,301
2024,다사23b60a,to_ho_001,2659
2024,다사23b60b,to_ho_001,2433
2024,다사23b61a,to_ho_001,598
2024,다사23b61b,to_ho_001,939
2024,다사23b62a,to_ho_001,944
2024,다사23b62b,to_ho_001,1096
2024,다사23b63a,to_ho_001,75
2024,다사23b63b,to_ho_001,0
2024,다사23b64b,to_ho_001,15
2024,다사23b65a,to_ho_001,13
2024,다사23b65b,to_ho_001,13
2024,다사23b66a,to_ho_001,8
2024,다사23b66b,to_ho_001,33
2024,다사23b67a,to_ho_001,23
2024,다사23b67b,to_ho_001,8
2024,다사23b68a,to_ho_001,18
2024,다사23b68b,to_ho_001,78
2024,다사23b69a,to_ho_001,481
2024,다사23b69b,to_ho_001,8
2024,다사23b70a,to_ho_001,18
2024,다사23b70b,to_ho_001,13
2024,다사23b71a,to_ho_001,46
2024,다사23b71b,to_ho_001,39
2024,다사23b72a,to_ho_001,20
2024,다사23b72b,to_ho_001,28
2024,다사23b73a,to_ho_001,18
2024,다사23b73b,to_ho_001,5
2024,다사23b74a,to_ho_001,13
2024,다사23b74b,to_ho_001,5
2024,다사24a10b,to_ho_001,5
2024,다사24a11a,to_ho_001,13
2024,다사24a11b,to_ho_001,5
2024,다사24a12a,to_ho_001,5
2024,다사24a31a,to_ho_001,188
2024,다사24a31b,to_ho_001,674
2024,다사24a32b,to_ho_001,758
2024,다사24a33a,to_ho_001,2036
2024,다사24a33b,to_ho_001,2301
2024,다사24a34a,to_ho_001,1174
2024,다사24a36a,to_ho_001,2065
2024,다사24a36b,to_ho_001,3078
2024,다사24a37a,to_ho_001,20
2024,다사24a38a,to_ho_001,773
2024,다사24a38b,to_ho_001,1148
2024,다사24a39a,to_ho_001,2858
2024,다사24a39b,to_ho_001,3169
2024,다사24a40a,to_ho_001,3453
2024,다사24a40b,to_ho_001,1060
2024,다사24a41a,to_ho_001,1243
2024,다사24a41b,to_ho_001,744
2024,다사24a42a,to_ho_001,709
2024,다사24a42b,to_ho_001,1372
2024,다사24a43a,to_ho_001,34
2024,다사24a47b,to_ho_001,391
2024,다사24a48a,to_ho_001,1384
2024,다사24a48b,to_ho_001,749
2024,다사24a49a,to_ho_001,799
2024,다사24a49b,to_ho_001,48
2024,다사24a50a,to_ho_001,5
2024,다사24a50b,to_ho_001,5
2024,다사24a55a,to_ho_001,583
2024,다사24a55b,to_ho_001,890
2024,다사24a56a,to_ho_001,158
2024,다사24a56b,to_ho_001,5
2024,다사24a57a,to_ho_001,8
2024,다사24a57b,to_ho_001,5
2024,다사24a58a,to_ho_001,13
2024,다사24a58b,to_ho_001,5
2024,다사24a59a,to_ho_001,0
2024,다사24a59b,to_ho_001,1378
2024,다사24a60a,to_ho_001,1483
2024,다사24a60b,to_ho_001,485
2024,다사24a61a,to_ho_001,33
2024,다사24a61b,to_ho_001,27
2024,다사24a62a,to_ho_001,8
2024,다사24a62b,to_ho_001,8
2024,다사24a63a,to_ho_001,8
2024,다사24a63b,to_ho_001,18
2024,다사24a64a,to_ho_001,14
2024,다사24a64b,to_ho_001,0
2024,다사24a65b,to_ho_001,5
2024,다사24a66a,to_ho_001,5
2024,다사24a66b,to_ho_001,18
2024,다사24a67a,to_ho_001,34
2024,다사24a67b,to_ho_001,8
2024,다사24a68a,to_ho_001,38
2024,다사24a68b,to_ho_001,38
2024,다사24a69a,to_ho_001,23
2024,다사24a69b,to_ho_001,8
2024,다사24a70a,to_ho_001,8
2024,다사24a70b,to_ho_001,0
2024,다사24a71a,to_ho_001,13
2024,다사24a71b,to_ho_001,33
2024,다사24a72a,to_ho_001,8
2024,다사24a72b,to_ho_001,8
2024,다사24a73a,to_ho_001,5
2024,다사24a73b,to_ho_001,18
2024,다사24a74a,to_ho_001,18
2024,다사24a74b,to_ho_001,18
2024,다사24b06b,to_ho_001,8
2024,다사24b09b,to_ho_001,13
2024,다사24b10a,to_ho_001,30
2024,다사24b12b,to_ho_001,28
2024,다사24b13b,to_ho_001,0
2024,다사24b16a,to_ho_001,8
2024,다사24b16b,to_ho_001,38
2024,다사24b30a,to_ho_001,153
2024,다사24b30b,to_ho_001,2770
2024,다사24b31a,to_ho_001,1862
2024,다사24b31b,to_ho_001,500
2024,다사24b32b,to_ho_001,1654
2024,다사24b33a,to_ho_001,902
2024,다사24b33b,to_ho_001,1249
2024,다사24b35b,to_ho_001,67
2024,다사24b36a,to_ho_001,2273
2024,다사24b36b,to_ho_001,2958
2024,다사24b37a,to_ho_001,63
2024,다사24b37b,to_ho_001,5
2024,다사24b38b,to_ho_001,629
2024,다사24b39a,to_ho_001,1225
2024,다사24b39b,to_ho_001,2358
2024,다사24b40a,to_ho_001,1359
2024,다사24b40b,to_ho_001,1823
2024,다사24b41a,to_ho_001,2020
2024,다사24b41b,to_ho_001,1160
2024,다사24b42a,to_ho_001,1202
2024,다사24b42b,to_ho_001,2641
2024,다사24b43a,to_ho_001,5
2024,다사24b43b,to_ho_001,0
2024,다사24b44b,to_ho_001,0
2024,다사24b45a,to_ho_001,0
2024,다사24b46a,to_ho_001,8
2024,다사24b46b,to_ho_001,5
2024,다사24b47b,to_ho_001,672
2024,다사24b48a,to_ho_001,1980
2024,다사24b48b,to_ho_001,2162
2024,다사24b49a,to_ho_001,1678
2024,다사24b50a,to_ho_001,0
2024,다사24b50b,to_ho_001,0
2024,다사24b51a,to_ho_001,63
2024,다사24b55a,to_ho_001,38
2024,다사24b55b,to_ho_001,552
2024,다사24b56a,to_ho_001,1356
2024,다사24b56b,to_ho_001,5
2024,다사24b57a,to_ho_001,38
2024,다사24b57b,to_ho_001,0
2024,다사24b59b,to_ho_001,90
2024,다사24b60a,to_ho_001,57
2024,다사24b60b,to_ho_001,145
2024,다사24b61a,to_ho_001,82
2024,다사24b61b,to_ho_001,23
2024,다사24b62a,to_ho_001,33
2024,다사24b62b,to_ho_001,38
2024,다사24b63a,to_ho_001,8
2024,다사24b63b,to_ho_001,102
2024,다사24b64a,to_ho_001,18
2024,다사24b64b,to_ho_001,8
2024,다사24b65a,to_ho_001,5
2024,다사24b65b,to_ho_001,8
2024,다사24b66a,to_ho_001,13
2024,다사24b66b,to_ho_001,13
2024,다사24b67a,to_ho_001,13
2024,다사24b67b,to_ho_001,5
2024,다사24b68a,to_ho_001,5
2024,다사24b68b,to_ho_001,33
2024,다사24b69a,to_ho_001,18
2024,다사24b69b,to_ho_001,18
2024,다사24b70a,to_ho_001,5
2024,다사24b71a,to_ho_001,18
2024,다사24b71b,to_ho_001,28
2024,다사24b72a,to_ho_001,13
2024,다사24b72b,to_ho_001,5
2024,다사24b73a,to_ho_001,5
2024,다사24b73b,to_ho_001,18
2024,다사24b74a,to_ho_001,13
2024,다사24b74b,to_ho_001,13
2024,다사25a06b,to_ho_001,53
2024,다사25a07a,to_ho_001,5
2024,다사25a07b,to_ho_001,0
2024,다사25a08a,to_ho_001,8
2024,다사25a08b,to_ho_001,15
2024,다사25a09a,to_ho_001,0
2024,다사25a10a,to_ho_001,13
2024,다사25a16b,to_ho_001,5
2024,다사25a30a,to_ho_001,1206
2024,다사25a30b,to_ho_001,1792
2024,다사25a31a,to_ho_001,2297
2024,다사25a32a,to_ho_001,164
2024,다사25a32b,to_ho_001,1378
2024,다사25a33a,to_ho_001,1611
2024,다사25a34a,to_ho_001,116
2024,다사25a34b,to_ho_001,1230
2024,다사25a35a,to_ho_001,554
2024,다사25a35b,to_ho_001,201
2024,다사25a36a,to_ho_001,1190
2024,다사25a36b,to_ho_001,1596
2024,다사25a37a,to_ho_001,5
2024,다사25a37b,to_ho_001,566
2024,다사25a38a,to_ho_001,1442
2024,다사25a38b,to_ho_001,729
2024,다사25a39a,to_ho_001,13
2024,다사25a39b,to_ho_001,1109
2024,다사25a40a,to_ho_001,2658
2024,다사25a40b,to_ho_001,1116
2024,다사25a41a,to_ho_001,981
2024,다사25a41b,to_ho_001,98
2024,다사25a42a,to_ho_001,1752
2024,다사25a42b,to_ho_001,472
2024,다사25a43b,to_ho_001,0
2024,다사25a44b,to_ho_001,0
2024,다사25a45a,to_ho_001,0
2024,다사25a46b,to_ho_001,8
2024,다사25a47b,to_ho_001,342
2024,다사25a48a,to_ho_001,1562
2024,다사25a48b,to_ho_001,1096
2024,다사25a49a,to_ho_001,633
2024,다사25a50b,to_ho_001,608
2024,다사25a51a,to_ho_001,2173
2024,다사25a51b,to_ho_001,548
2024,다사25a54a,to_ho_001,28
2024,다사25a54b,to_ho_001,8
2024,다사25a55a,to_ho_001,89
2024,다사25a55b,to_ho_001,768
2024,다사25a56a,to_ho_001,1928
2024,다사25a56b,to_ho_001,225
2024,다사25a57a,to_ho_001,23
2024,다사25a57b,to_ho_001,14
2024,다사25a59a,to_ho_001,5
2024,다사25a59b,to_ho_001,40
2024,다사25a60a,to_ho_001,0
2024,다사25a60b,to_ho_001,0
2024,다사25a61a,to_ho_001,88
2024,다사25a61b,to_ho_001,38
2024,다사25a62a,to_ho_001,18
2024,다사25a62b,to_ho_001,5
2024,다사25a63a,to_ho_001,8
2024,다사25a63b,to_ho_001,5
2024,다사25a64b,to_ho_001,5
2024,다사25a65b,to_ho_001,8
2024,다사25a66a,to_ho_001,33
2024,다사25a66b,to_ho_001,28
2024,다사25a67a,to_ho_001,5
2024,다사25a67b,to_ho_001,23
2024,다사25a68a,to_ho_001,5
2024,다사25a68b,to_ho_001,8
2024,다사25a69a,to_ho_001,8
2024,다사25a69b,to_ho_001,73
2024,다사25a70a,to_ho_001,28
2024,다사25a70b,to_ho_001,13
2024,다사25a71a,to_ho_001,28
2024,다사25a71b,to_ho_001,43
2024,다사25a72a,to_ho_001,48
2024,다사25a72b,to_ho_001,23
2024,다사25a73a,to_ho_001,8
2024,다사25a73b,to_ho_001,0
2024,다사25a74a,to_ho_001,5
2024,다사25b06b,to_ho_001,23
2024,다사25b07a,to_ho_001,18
2024,다사25b07b,to_ho_001,33
2024,다사25b08a,to_ho_001,43
2024,다사25b08b,to_ho_001,5
2024,다사25b09a,to_ho_001,8
2024,다사25b09b,to_ho_001,0
2024,다사25b15a,to_ho_001,0
2024,다사25b15b,to_ho_001,13
2024,다사25b16a,to_ho_001,8
2024,다사25b30b,to_ho_001,1162
2024,다사25b31b,to_ho_001,139
2024,다사25b32a,to_ho_001,1211
2024,다사25b32b,to_ho_001,1216
2024,다사25b33a,to_ho_001,19
2024,다사25b33b,to_ho_001,18
2024,다사25b34a,to_ho_001,8
2024,다사25b34b,to_ho_001,822
2024,다사25b35a,to_ho_001,352
2024,다사25b35b,to_ho_001,5
2024,다사25b36a,to_ho_001,72
2024,다사25b36b,to_ho_001,850
2024,다사25b37a,to_ho_001,862
2024,다사25b37b,to_ho_001,92
2024,다사25b38a,to_ho_001,2837
2024,다사25b38b,to_ho_001,1479
2024,다사25b39a,to_ho_001,1123
2024,다사25b39b,to_ho_001,1862
2024,다사25b40a,to_ho_001,725
2024,다사25b40b,to_ho_001,2424
2024,다사25b41a,to_ho_001,1381
2024,다사25b41b,to_ho_001,745
2024,다사25b42a,to_ho_001,628
2024,다사25b43a,to_ho_001,5
2024,다사25b43b,to_ho_001,0
2024,다사25b46b,to_ho_001,10
2024,다사25b47a,to_ho_001,5
2024,다사25b47b,to_ho_001,369
2024,다사25b48a,to_ho_001,1122
2024,다사25b48b,to_ho_001,964
2024,다사25b49a,to_ho_001,1243
2024,다사25b50b,to_ho_001,99
2024,다사25b51a,to_ho_001,17
2024,다사25b52a,to_ho_001,0
2024,다사25b54a,to_ho_001,5
2024,다사25b54b,to_ho_001,5
2024,다사25b55a,to_ho_001,13
2024,다사25b55b,to_ho_001,917
2024,다사25b56a,to_ho_001,1216
2024,다사25b56b,to_ho_001,1164
2024,다사25b57a,to_ho_001,1248
2024,다사25b57b,to_ho_001,915
2024,다사25b58a,to_ho_001,8
2024,다사25b58b,to_ho_001,5
2024,다사25b59a,to_ho_001,13
2024,다사25b59b,to_ho_001,8
2024,다사25b60a,to_ho_001,40
2024,다사25b60b,to_ho_001,1837
2024,다사25b61a,to_ho_001,1122
2024,다사25b61b,to_ho_001,82
2024,다사25b62a,to_ho_001,0
2024,다사25b62b,to_ho_001,33
2024,다사25b63a,to_ho_001,206
2024,다사25b63b,to_ho_001,8
2024,다사25b66a,to_ho_001,8
2024,다사25b67a,to_ho_001,53
2024,다사25b67b,to_ho_001,18
2024,다사25b68a,to_ho_001,0
2024,다사25b69a,to_ho_001,13
2024,다사25b69b,to_ho_001,23
2024,다사25b70a,to_ho_001,43
2024,다사25b70b,to_ho_001,18
2024,다사26a07a,to_ho_001,5
2024,다사26a07b,to_ho_001,23
2024,다사26a08a,to_ho_001,28
2024,다사26a08b,to_ho_001,18
2024,다사26a09a,to_ho_001,13
2024,다사26a09b,to_ho_001,0
2024,다사26a10b,to_ho_001,0
2024,다사26a15a,to_ho_001,18
2024,다사26a15b,to_ho_001,24
2024,다사26a16a,to_ho_001,48
2024,다사26a31b,to_ho_001,334
2024,다사26a32a,to_ho_001,1452
2024,다사26a32b,to_ho_001,486
2024,다사26a33b,to_ho_001,1498
2024,다사26a34a,to_ho_001,1154
2024,다사26a34b,to_ho_001,2303
2024,다사26a35a,to_ho_001,836
2024,다사26a35b,to_ho_001,413
2024,다사26a36a,to_ho_001,1176
2024,다사26a36b,to_ho_001,2188
2024,다사26a37a,to_ho_001,141
2024,다사26a37b,to_ho_001,70
2024,다사26a38a,to_ho_001,1918
2024,다사26a38b,to_ho_001,1267
2024,다사26a39a,to_ho_001,2122
2024,다사26a39b,to_ho_001,1892
2024,다사26a40a,to_ho_001,1328
2024,다사26a40b,to_ho_001,844
2024,다사26a41a,to_ho_001,2711
2024,다사26a41b,to_ho_001,3221
2024,다사26a42a,to_ho_001,730
2024,다사26a43b,to_ho_001,0
2024,다사26a44a,to_ho_001,88
2024,다사26a44b,to_ho_001,211
2024,다사26a45a,to_ho_001,193
2024,다사26a45b,to_ho_001,149
2024,다사26a46a,to_ho_001,2483
2024,다사26a46b,to_ho_001,2328
2024,다사26a47a,to_ho_001,2030
2024,다사26a47b,to_ho_001,2252
2024,다사26a48a,to_ho_001,2719
2024,다사26a48b,to_ho_001,1486
2024,다사26a49a,to_ho_001,507
2024,다사26a50b,to_ho_001,115
2024,다사26a51a,to_ho_001,605
2024,다사26a52a,to_ho_001,8
2024,다사26a53b,to_ho_001,2006
2024,다사26a54a,to_ho_001,0
2024,다사26a54b,to_ho_001,5
2024,다사26a55a,to_ho_001,489
2024,다사26a55b,to_ho_001,1708
2024,다사26a56a,to_ho_001,1775
2024,다사26a56b,to_ho_001,429
2024,다사26a57a,to_ho_001,992
2024,다사26a57b,to_ho_001,5
2024,다사26a58a,to_ho_001,8
2024,다사26a58b,to_ho_001,0
2024,다사26a59a,to_ho_001,18
2024,다사26a59b,to_ho_001,38
2024,다사26a60a,to_ho_001,1214
2024,다사26a60b,to_ho_001,2444
2024,다사26a61a,to_ho_001,2116
2024,다사26a61b,to_ho_001,647
2024,다사26a62a,to_ho_001,15
2024,다사26a62b,to_ho_001,8
2024,다사26a63a,to_ho_001,13
2024,다사26a63b,to_ho_001,0
2024,다사26a64a,to_ho_001,5
2024,다사26a66b,to_ho_001,39
2024,다사26a67a,to_ho_001,5
2024,다사26a69b,to_ho_001,8
2024,다사26b07b,to_ho_001,23
2024,다사26b08a,to_ho_001,28
2024,다사26b08b,to_ho_001,18
2024,다사26b10a,to_ho_001,5
2024,다사26b10b,to_ho_001,5
2024,다사26b12b,to_ho_001,33
2024,다사26b13a,to_ho_001,8
2024,다사26b13b,to_ho_001,8
2024,다사26b15a,to_ho_001,8
2024,다사26b15b,to_ho_001,5
2024,다사26b16a,to_ho_001,8
2024,다사26b19b,to_ho_001,0
2024,다사26b31b,to_ho_001,254
2024,다사26b32a,to_ho_001,540
2024,다사26b33b,to_ho_001,1909
2024,다사26b34a,to_ho_001,1866
2024,다사26b34b,to_ho_001,1336
2024,다사26b35a,to_ho_001,1386
2024,다사26b35b,to_ho_001,580
2024,다사26b36a,to_ho_001,2321
2024,다사26b36b,to_ho_001,463
2024,다사26b37a,to_ho_001,86
2024,다사26b37b,to_ho_001,419
2024,다사26b38a,to_ho_001,2480
2024,다사26b38b,to_ho_001,2940
2024,다사26b39a,to_ho_001,2698
2024,다사26b39b,to_ho_001,2046
2024,다사26b40a,to_ho_001,1694
2024,다사26b40b,to_ho_001,1970
2024,다사26b41a,to_ho_001,2480
2024,다사26b41b,to_ho_001,299
2024,다사26b42a,to_ho_001,8
2024,다사26b43b,to_ho_001,416
2024,다사26b44a,to_ho_001,1835
2024,다사26b44b,to_ho_001,1710
2024,다사26b45a,to_ho_001,2172
2024,다사26b45b,to_ho_001,2254
2024,다사26b46a,to_ho_001,1836
2024,다사26b46b,to_ho_001,2373
2024,다사26b47a,to_ho_001,4433
2024,다사26b47b,to_ho_001,1238
2024,다사26b48a,to_ho_001,340
2024,다사26b48b,to_ho_001,575
2024,다사26b49a,to_ho_001,787
2024,다사26b49b,to_ho_001,2284
2024,다사26b50a,to_ho_001,1781
2024,다사26b50b,to_ho_001,171
2024,다사26b51a,to_ho_001,1013
2024,다사26b51b,to_ho_001,851
2024,다사26b52a,to_ho_001,466
2024,다사26b53a,to_ho_001,838
2024,다사26b53b,to_ho_001,1961
2024,다사26b54a,to_ho_001,336
2024,다사26b54b,to_ho_001,1915
2024,다사26b55a,to_ho_001,1851
2024,다사26b55b,to_ho_001,2642
2024,다사26b56b,to_ho_001,349
2024,다사26b57a,to_ho_001,1031
2024,다사26b57b,to_ho_001,8
2024,다사26b58a,to_ho_001,38
2024,다사26b58b,to_ho_001,5
2024,다사26b59a,to_ho_001,8
2024,다사26b59b,to_ho_001,279
2024,다사26b60a,to_ho_001,2342
2024,다사26b60b,to_ho_001,1365
2024,다사26b61a,to_ho_001,1724
2024,다사26b61b,to_ho_001,1996
2024,다사26b62a,to_ho_001,8
2024,다사26b62b,to_ho_001,63
2024,다사26b63a,to_ho_001,5
2024,다사27a04a,to_ho_001,5
2024,다사27a04b,to_ho_001,23
2024,다사27a05a,to_ho_001,28
2024,다사27a07b,to_ho_001,8
2024,다사27a08a,to_ho_001,13
2024,다사27a08b,to_ho_001,23
2024,다사27a09a,to_ho_001,5
2024,다사27a10a,to_ho_001,5
2024,다사27a10b,to_ho_001,5
2024,다사27a11b,to_ho_001,0
2024,다사27a12b,to_ho_001,8
2024,다사27a13a,to_ho_001,8
2024,다사27a14a,to_ho_001,5
2024,다사27a14b,to_ho_001,8
2024,다사27a15a,to_ho_001,8
2024,다사27a15b,to_ho_001,28
2024,다사27a16a,to_ho_001,5
2024,다사27a16b,to_ho_001,5
2024,다사27a31b,to_ho_001,236
2024,다사27a32a,to_ho_001,368
2024,다사27a33b,to_ho_001,143
2024,다사27a34a,to_ho_001,2417
2024,다사27a34b,to_ho_001,2220
2024,다사27a35a,to_ho_001,447
2024,다사27a35b,to_ho_001,756
2024,다사27a36a,to_ho_001,1334
2024,다사27a36b,to_ho_001,184
2024,다사27a37b,to_ho_001,1101
2024,다사27a38a,to_ho_001,3102
2024,다사27a38b,to_ho_001,2926
2024,다사27a39a,to_ho_001,1771
2024,다사27a39b,to_ho_001,3589
2024,다사27a40a,to_ho_001,2004
2024,다사27a40b,to_ho_001,2142
2024,다사27a41a,to_ho_001,3081
2024,다사27a41b,to_ho_001,154
2024,다사27a42b,to_ho_001,8
2024,다사27a43a,to_ho_001,12
2024,다사27a43b,to_ho_001,2681
2024,다사27a44a,to_ho_001,2241
2024,다사27a44b,to_ho_001,1820
2024,다사27a45a,to_ho_001,1694
2024,다사27a45b,to_ho_001,2556
2024,다사27a46a,to_ho_001,2940
2024,다사27a46b,to_ho_001,3274
2024,다사27a47a,to_ho_001,2810
2024,다사27a47b,to_ho_001,1194
2024,다사27a48a,to_ho_001,946
2024,다사27a48b,to_ho_001,0
2024,다사27a49a,to_ho_001,911
2024,다사27a49b,to_ho_001,863
2024,다사27a50a,to_ho_001,2422
2024,다사27a50b,to_ho_001,561
2024,다사27a51a,to_ho_001,1731
2024,다사27a51b,to_ho_001,1629
2024,다사27a52a,to_ho_001,1164
2024,다사27a52b,to_ho_001,5
2024,다사27a53a,to_ho_001,5
2024,다사27a53b,to_ho_001,8
2024,다사27a54a,to_ho_001,1104
2024,다사27a54b,to_ho_001,3190
2024,다사27a55a,to_ho_001,1510
2024,다사27a55b,to_ho_001,1037
2024,다사27a56b,to_ho_001,240
2024,다사27a57a,to_ho_001,122
2024,다사27a58a,to_ho_001,5
2024,다사27a58b,to_ho_001,5
2024,다사27a59a,to_ho_001,108
2024,다사27a59b,to_ho_001,2598
2024,다사27a60a,to_ho_001,1412
2024,다사27a60b,to_ho_001,740
2024,다사27a61a,to_ho_001,1019
2024,다사27a61b,to_ho_001,2493
2024,다사27a62a,to_ho_001,722
2024,다사27a62b,to_ho_001,70
2024,다사27a63a,to_ho_001,5
2024,다사27b02a,to_ho_001,0
2024,다사27b02b,to_ho_001,47
2024,다사27b03a,to_ho_001,53
2024,다사27b03b,to_ho_001,8
2024,다사27b04a,to_ho_001,8
2024,다사27b04b,to_ho_001,5
2024,다사27b05a,to_ho_001,0
2024,다사27b07b,to_ho_001,5
2024,다사27b08a,to_ho_001,8
2024,다사27b08b,to_ho_001,13
2024,다사27b09a,to_ho_001,18
2024,다사27b10a,to_ho_001,8
2024,다사27b10b,to_ho_001,0
2024,다사27b11a,to_ho_001,5
2024,다사27b11b,to_ho_001,8
2024,다사27b12b,to_ho_001,5
2024,다사27b13a,to_ho_001,5
2024,다사27b13b,to_ho_001,8
2024,다사27b14a,to_ho_001,8
2024,다사27b14b,to_ho_001,5
2024,다사27b15a,to_ho_001,13
2024,다사27b15b,to_ho_001,23
2024,다사27b16a,to_ho_001,18
2024,다사27b16b,to_ho_001,13
2024,다사27b17a,to_ho_001,0
2024,다사27b17b,to_ho_001,5
2024,다사27b25a,to_ho_001,1105
2024,다사27b27a,to_ho_001,42
2024,다사27b32a,to_ho_001,0
2024,다사27b32b,to_ho_001,0
2024,다사27b33a,to_ho_001,5
2024,다사27b34b,to_ho_001,2035
2024,다사27b35a,to_ho_001,2984
2024,다사27b35b,to_ho_001,1742
2024,다사27b36a,to_ho_001,1456
2024,다사27b36b,to_ho_001,326
2024,다사27b37a,to_ho_001,20
2024,다사27b37b,to_ho_001,2150
2024,다사27b38a,to_ho_001,979
2024,다사27b38b,to_ho_001,2878
2024,다사27b39a,to_ho_001,2342
2024,다사27b39b,to_ho_001,2216
2024,다사27b40a,to_ho_001,2570
2024,다사27b40b,to_ho_001,2119
2024,다사27b41a,to_ho_001,2756
2024,다사27b41b,to_ho_001,37
2024,다사27b43a,to_ho_001,707
2024,다사27b43b,to_ho_001,2536
2024,다사27b44a,to_ho_001,3104
2024,다사27b44b,to_ho_001,340
2024,다사27b45b,to_ho_001,339
2024,다사27b46a,to_ho_001,512
2024,다사27b46b,to_ho_001,456
2024,다사27b47a,to_ho_001,2610
2024,다사27b47b,to_ho_001,1544
2024,다사27b48a,to_ho_001,73
2024,다사27b49a,to_ho_001,24
2024,다사27b49b,to_ho_001,1855
2024,다사27b50a,to_ho_001,1631
2024,다사27b50b,to_ho_001,583
2024,다사27b51a,to_ho_001,5
2024,다사27b51b,to_ho_001,180
2024,다사27b52a,to_ho_001,2379
2024,다사27b52b,to_ho_001,8
2024,다사27b53a,to_ho_001,0
2024,다사27b54a,to_ho_001,291
2024,다사27b54b,to_ho_001,2146
2024,다사27b55a,to_ho_001,142
2024,다사27b57a,to_ho_001,28
2024,다사27b57b,to_ho_001,215
2024,다사27b58b,to_ho_001,36
2024,다사27b59a,to_ho_001,426
2024,다사27b59b,to_ho_001,1082
2024,다사27b60a,to_ho_001,241
2024,다사27b60b,to_ho_001,2264
2024,다사27b61a,to_ho_001,755
2024,다사27b61b,to_ho_001,1562
2024,다사27b62a,to_ho_001,2451
2024,다사27b62b,to_ho_001,380
2024,다사27b64b,to_ho_001,0
2024,다사27b65a,to_ho_001,32
2024,다사27b65b,to_ho_001,5
2024,다사27b76a,to_ho_001,5
2024,다사27b77a,to_ho_001,5
2024,다사27b93b,to_ho_001,5
2024,다사27b94a,to_ho_001,5
2024,다사28a02b,to_ho_001,41
2024,다사28a03a,to_ho_001,38
2024,다사28a03b,to_ho_001,46
2024,다사28a04a,to_ho_001,28
2024,다사28a04b,to_ho_001,5
2024,다사28a05a,to_ho_001,8
2024,다사28a05b,to_ho_001,18
2024,다사28a06b,to_ho_001,0
2024,다사28a07a,to_ho_001,13
2024,다사28a07b,to_ho_001,5
2024,다사28a08b,to_ho_001,43
2024,다사28a09a,to_ho_001,42
2024,다사28a09b,to_ho_001,13
2024,다사28a10a,to_ho_001,18
2024,다사28a10b,to_ho_001,28
2024,다사28a11a,to_ho_001,8
2024,다사28a11b,to_ho_001,0
2024,다사28a13b,to_ho_001,17
2024,다사28a14a,to_ho_001,18
2024,다사28a14b,to_ho_001,5
2024,다사28a15a,to_ho_001,8
2024,다사28a15b,to_ho_001,18
2024,다사28a16a,to_ho_001,13
2024,다사28a16b,to_ho_001,5
2024,다사28a17a,to_ho_001,30
2024,다사28a17b,to_ho_001,33
2024,다사28a24b,to_ho_001,984
2024,다사28a25a,to_ho_001,816
2024,다사28a27a,to_ho_001,950
2024,다사28a27b,to_ho_001,1124
2024,다사28a32a,to_ho_001,5
2024,다사28a33a,to_ho_001,5
2024,다사28a33b,to_ho_001,0
2024,다사28a34a,to_ho_001,5
2024,다사28a34b,to_ho_001,0
2024,다사28a35a,to_ho_001,2980
2024,다사28a35b,to_ho_001,1213
2024,다사28a36a,to_ho_001,1404
2024,다사28a36b,to_ho_001,37
2024,다사28a37a,to_ho_001,5
2024,다사28a37b,to_ho_001,354
2024,다사28a38b,to_ho_001,2310
2024,다사28a39a,to_ho_001,1319
2024,다사28a39b,to_ho_001,907
2024,다사28a40a,to_ho_001,1750
2024,다사28a40b,to_ho_001,2921
2024,다사28a41a,to_ho_001,2983
2024,다사28a41b,to_ho_001,0
2024,다사28a42a,to_ho_001,0
2024,다사28a42b,to_ho_001,5
2024,다사28a43a,to_ho_001,1752
2024,다사28a43b,to_ho_001,1262
2024,다사28a44a,to_ho_001,2880
2024,다사28a44b,to_ho_001,189
2024,다사28a45a,to_ho_001,0
2024,다사28a46b,to_ho_001,22
2024,다사28a47a,to_ho_001,79
2024,다사28a47b,to_ho_001,307
2024,다사28a50a,to_ho_001,303
2024,다사28a50b,to_ho_001,265
2024,다사28a51a,to_ho_001,0
2024,다사28a51b,to_ho_001,36
2024,다사28a52a,to_ho_001,928
2024,다사28a52b,to_ho_001,8
2024,다사28a53a,to_ho_001,0
2024,다사28a53b,to_ho_001,5
2024,다사28a56b,to_ho_001,258
2024,다사28a57a,to_ho_001,2033
2024,다사28a57b,to_ho_001,1306
2024,다사28a58a,to_ho_001,144
2024,다사28a58b,to_ho_001,5
2024,다사28a59a,to_ho_001,20
2024,다사28a59b,to_ho_001,62
2024,다사28a60a,to_ho_001,33
2024,다사28a60b,to_ho_001,1459
2024,다사28a61a,to_ho_001,1027
2024,다사28a61b,to_ho_001,547
2024,다사28a64a,to_ho_001,5
2024,다사28a64b,to_ho_001,13
2024,다사28a65a,to_ho_001,29
2024,다사28a65b,to_ho_001,8
2024,다사28a66a,to_ho_001,0
2024,다사28a66b,to_ho_001,5
2024,다사28a68a,to_ho_001,5
2024,다사28a68b,to_ho_001,8
2024,다사28a72a,to_ho_001,8
2024,다사28a72b,to_ho_001,8
2024,다사28a73a,to_ho_001,8
2024,다사28a76a,to_ho_001,34
2024,다사28a76b,to_ho_001,18
2024,다사28a77a,to_ho_001,28
2024,다사28a77b,to_ho_001,13
2024,다사28a78a,to_ho_001,50
2024,다사28a78b,to_ho_001,0
2024,다사28a79a,to_ho_001,0
2024,다사28b03a,to_ho_001,8
2024,다사28b03b,to_ho_001,8
2024,다사28b04a,to_ho_001,28
2024,다사28b04b,to_ho_001,18
2024,다사28b05a,to_ho_001,8
2024,다사28b05b,to_ho_001,5
2024,다사28b06a,to_ho_001,8
2024,다사28b06b,to_ho_001,5
2024,다사28b07a,to_ho_001,52
2024,다사28b07b,to_ho_001,37
2024,다사28b08a,to_ho_001,8
2024,다사28b08b,to_ho_001,43
2024,다사28b09a,to_ho_001,13
2024,다사28b09b,to_ho_001,13
2024,다사28b10a,to_ho_001,5
2024,다사28b10b,to_ho_001,8
2024,다사28b11a,to_ho_001,13
2024,다사28b11b,to_ho_001,5
2024,다사28b13a,to_ho_001,0
2024,다사28b14a,to_ho_001,5
2024,다사28b14b,to_ho_001,23
2024,다사28b15a,to_ho_001,18
2024,다사28b15b,to_ho_001,5
2024,다사28b16a,to_ho_001,5
2024,다사28b16b,to_ho_001,13
2024,다사28b17a,to_ho_001,73
2024,다사28b17b,to_ho_001,13
2024,다사28b24a,to_ho_001,5
2024,다사28b24b,to_ho_001,1118
2024,다사28b25a,to_ho_001,10
2024,다사28b27b,to_ho_001,35
2024,다사28b32b,to_ho_001,0
2024,다사28b33a,to_ho_001,5
2024,다사28b35a,to_ho_001,0
2024,다사28b35b,to_ho_001,1712
2024,다사28b36a,to_ho_001,1563
2024,다사28b36b,to_ho_001,773
2024,다사28b37a,to_ho_001,1292
2024,다사28b37b,to_ho_001,29
2024,다사28b38a,to_ho_001,1413
2024,다사28b38b,to_ho_001,1330
2024,다사28b39a,to_ho_001,1686
2024,다사28b39b,to_ho_001,2591
2024,다사28b40a,to_ho_001,1987
2024,다사28b40b,to_ho_001,3454
2024,다사28b41a,to_ho_001,2134
2024,다사28b41b,to_ho_001,1446
2024,다사28b42a,to_ho_001,2516
2024,다사28b42b,to_ho_001,228
2024,다사28b43a,to_ho_001,25
2024,다사28b44b,to_ho_001,0
2024,다사28b45a,to_ho_001,1306
2024,다사28b45b,to_ho_001,196
2024,다사28b46a,to_ho_001,5
2024,다사28b46b,to_ho_001,168
2024,다사28b47a,to_ho_001,467
2024,다사28b47b,to_ho_001,262
2024,다사28b50b,to_ho_001,5
2024,다사28b51b,to_ho_001,0
2024,다사28b52a,to_ho_001,5
2024,다사28b52b,to_ho_001,0
2024,다사28b53b,to_ho_001,8
2024,다사28b54b,to_ho_001,571
2024,다사28b55a,to_ho_001,1463
2024,다사28b55b,to_ho_001,111
2024,다사28b57a,to_ho_001,217
2024,다사28b57b,to_ho_001,2331
2024,다사28b58a,to_ho_001,1360
2024,다사28b58b,to_ho_001,51
2024,다사28b59a,to_ho_001,8
2024,다사28b59b,to_ho_001,8
2024,다사28b60a,to_ho_001,31
2024,다사28b60b,to_ho_001,1508
2024,다사28b61a,to_ho_001,28
2024,다사28b61b,to_ho_001,643
2024,다사28b63b,to_ho_001,5
2024,다사28b64a,to_ho_001,8
2024,다사28b64b,to_ho_001,5
2024,다사28b65a,to_ho_001,0
2024,다사28b65b,to_ho_001,5
2024,다사28b66b,to_ho_001,5
2024,다사28b67a,to_ho_001,38
2024,다사28b67b,to_ho_001,8
2024,다사28b68a,to_ho_001,29
2024,다사28b68b,to_ho_001,148
2024,다사28b69b,to_ho_001,0
2024,다사28b70a,to_ho_001,104
2024,다사28b70b,to_ho_001,99
2024,다사28b71a,to_ho_001,13
2024,다사28b71b,to_ho_001,24
2024,다사28b72a,to_ho_001,33
2024,다사28b72b,to_ho_001,23
2024,다사28b73a,to_ho_001,13
2024,다사28b76b,to_ho_001,12
2024,다사28b77a,to_ho_001,13
2024,다사28b77b,to_ho_001,5
2024,다사28b78a,to_ho_001,5
2024,다사28b78b,to_ho_001,8
2024,다사28b79a,to_ho_001,72
2024,다사28b79b,to_ho_001,44
2024,다사28b80a,to_ho_001,23
2024,다사29a03b,to_ho_001,5
2024,다사29a04a,to_ho_001,23
2024,다사29a04b,to_ho_001,42
2024,다사29a05a,to_ho_001,8
2024,다사29a05b,to_ho_001,28
2024,다사29a06a,to_ho_001,13
2024,다사29a06b,to_ho_001,13
2024,다사29a07a,to_ho_001,18
2024,다사29a07b,to_ho_001,33
2024,다사29a08a,to_ho_001,174
2024,다사29a08b,to_ho_001,0
2024,다사29a09a,to_ho_001,18
2024,다사29a09b,to_ho_001,13
2024,다사29a10a,to_ho_001,8
2024,다사29a10b,to_ho_001,13
2024,다사29a11a,to_ho_001,13
2024,다사29a11b,to_ho_001,8
2024,다사29a12a,to_ho_001,5
2024,다사29a13a,to_ho_001,8
2024,다사29a13b,to_ho_001,33
2024,다사29a14a,to_ho_001,5
2024,다사29a14b,to_ho_001,18
2024,다사29a15a,to_ho_001,8
2024,다사29a15b,to_ho_001,8
2024,다사29a16a,to_ho_001,23
2024,다사29a16b,to_ho_001,13
2024,다사29a17a,to_ho_001,33
2024,다사29a17b,to_ho_001,18
2024,다사29a18a,to_ho_001,0
2024,다사29a24a,to_ho_001,696
2024,다사29a24b,to_ho_001,1026
2024,다사29a26a,to_ho_001,8
2024,다사29a26b,to_ho_001,5
2024,다사29a33a,to_ho_001,5
2024,다사29a33b,to_ho_001,8
2024,다사29a34a,to_ho_001,0
2024,다사29a34b,to_ho_001,5
2024,다사29a35b,to_ho_001,124
2024,다사29a36a,to_ho_001,1681
2024,다사29a36b,to_ho_001,1348
2024,다사29a37a,to_ho_001,24
2024,다사29a37b,to_ho_001,178
2024,다사29a38a,to_ho_001,688
2024,다사29a38b,to_ho_001,281
2024,다사29a39a,to_ho_001,744
2024,다사29a39b,to_ho_001,1665
2024,다사29a40a,to_ho_001,2375
2024,다사29a40b,to_ho_001,1443
2024,다사29a41a,to_ho_001,1334
2024,다사29a41b,to_ho_001,1615
2024,다사29a42a,to_ho_001,4573
2024,다사29a42b,to_ho_001,1265
2024,다사29a43b,to_ho_001,406
2024,다사29a44a,to_ho_001,37
2024,다사29a44b,to_ho_001,8
2024,다사29a45a,to_ho_001,1691
2024,다사29a45b,to_ho_001,1508
2024,다사29a46a,to_ho_001,1772
2024,다사29a46b,to_ho_001,78
2024,다사29a47a,to_ho_001,800
2024,다사29a47b,to_ho_001,1474
2024,다사29a48a,to_ho_001,1914
2024,다사29a48b,to_ho_001,5
2024,다사29a50b,to_ho_001,5
2024,다사29a51b,to_ho_001,0
2024,다사29a52a,to_ho_001,0
2024,다사29a53a,to_ho_001,8
2024,다사29a53b,to_ho_001,8
2024,다사29a54b,to_ho_001,1363
2024,다사29a55a,to_ho_001,2074
2024,다사29a55b,to_ho_001,407
2024,다사29a56a,to_ho_001,49
2024,다사29a57b,to_ho_001,445
2024,다사29a58a,to_ho_001,1875
2024,다사29a58b,to_ho_001,2485
2024,다사29a59a,to_ho_001,124
2024,다사29a59b,to_ho_001,2355
2024,다사29a60a,to_ho_001,129
2024,다사29a60b,to_ho_001,31
2024,다사29a61a,to_ho_001,167
2024,다사29a61b,to_ho_001,362
2024,다사29a63b,to_ho_001,51
2024,다사29a64a,to_ho_001,5
2024,다사29a64b,to_ho_001,8
2024,다사29a65a,to_ho_001,13
2024,다사29a65b,to_ho_001,0
2024,다사29a66a,to_ho_001,5
2024,다사29a66b,to_ho_001,53
2024,다사29a67a,to_ho_001,143
2024,다사29a68a,to_ho_001,0
2024,다사29a68b,to_ho_001,68
2024,다사29a69b,to_ho_001,18
2024,다사29a70a,to_ho_001,13
2024,다사29a70b,to_ho_001,13
2024,다사29a71a,to_ho_001,13
2024,다사29a71b,to_ho_001,5
2024,다사29a72a,to_ho_001,5
2024,다사29a74b,to_ho_001,5
2024,다사29a75a,to_ho_001,453
2024,다사29a75b,to_ho_001,53
2024,다사29a76b,to_ho_001,53
2024,다사29a77a,to_ho_001,27
2024,다사29a77b,to_ho_001,14
2024,다사29a78b,to_ho_001,5
2024,다사29a79a,to_ho_001,5
2024,다사29a79b,to_ho_001,29
2024,다사29a80a,to_ho_001,23
2024,다사29b05a,to_ho_001,27
2024,다사29b05b,to_ho_001,23
2024,다사29b06a,to_ho_001,5
2024,다사29b06b,to_ho_001,18
2024,다사29b07a,to_ho_001,47
2024,다사29b07b,to_ho_001,33
2024,다사29b08a,to_ho_001,148
2024,다사29b08b,to_ho_001,8
2024,다사29b09a,to_ho_001,8
2024,다사29b09b,to_ho_001,28
2024,다사29b10a,to_ho_001,8
2024,다사29b11a,to_ho_001,5
2024,다사29b11b,to_ho_001,28
2024,다사29b12a,to_ho_001,13
2024,다사29b12b,to_ho_001,5
2024,다사29b13b,to_ho_001,8
2024,다사29b14a,to_ho_001,33
2024,다사29b14b,to_ho_001,18
2024,다사29b15a,to_ho_001,18
2024,다사29b15b,to_ho_001,5
2024,다사29b16a,to_ho_001,18
2024,다사29b16b,to_ho_001,5
2024,다사29b17a,to_ho_001,5
2024,다사29b24a,to_ho_001,45
2024,다사29b25a,to_ho_001,0
2024,다사29b25b,to_ho_001,5
2024,다사29b26a,to_ho_001,5
2024,다사29b26b,to_ho_001,8
2024,다사29b27a,to_ho_001,0
2024,다사29b27b,to_ho_001,0
2024,다사29b33a,to_ho_001,0
2024,다사29b33b,to_ho_001,0
2024,다사29b34a,to_ho_001,509
2024,다사29b34b,to_ho_001,5
2024,다사29b37b,to_ho_001,11
2024,다사29b38b,to_ho_001,1972
2024,다사29b39a,to_ho_001,1468
2024,다사29b39b,to_ho_001,1288
2024,다사29b40a,to_ho_001,3283
2024,다사29b40b,to_ho_001,754
2024,다사29b41a,to_ho_001,2369
2024,다사29b41b,to_ho_001,1525
2024,다사29b42a,to_ho_001,1957
2024,다사29b42b,to_ho_001,1455
2024,다사29b43a,to_ho_001,1782
2024,다사29b43b,to_ho_001,2772
2024,다사29b44a,to_ho_001,1917
2024,다사29b44b,to_ho_001,3431
2024,다사29b45a,to_ho_001,4412
2024,다사29b45b,to_ho_001,1325
2024,다사29b46a,to_ho_001,2534
2024,다사29b46b,to_ho_001,2149
2024,다사29b47a,to_ho_001,1024
2024,다사29b47b,to_ho_001,1444
2024,다사29b48a,to_ho_001,553
2024,다사29b48b,to_ho_001,404
2024,다사29b51a,to_ho_001,0
2024,다사29b52a,to_ho_001,17
2024,다사29b52b,to_ho_001,8
2024,다사29b53a,to_ho_001,5
2024,다사29b53b,to_ho_001,957
2024,다사29b54a,to_ho_001,1711
2024,다사29b54b,to_ho_001,2500
2024,다사29b55a,to_ho_001,365
2024,다사29b55b,to_ho_001,772
2024,다사29b56a,to_ho_001,56
2024,다사29b57a,to_ho_001,74
2024,다사29b57b,to_ho_001,1470
2024,다사29b58a,to_ho_001,33
2024,다사29b58b,to_ho_001,1106
2024,다사29b59a,to_ho_001,1819
2024,다사29b59b,to_ho_001,2324
2024,다사29b60a,to_ho_001,279
2024,다사29b60b,to_ho_001,26
2024,다사29b61a,to_ho_001,35
2024,다사29b61b,to_ho_001,0
2024,다사29b63a,to_ho_001,5
2024,다사29b63b,to_ho_001,5
2024,다사29b64a,to_ho_001,5
2024,다사29b64b,to_ho_001,18
2024,다사29b65a,to_ho_001,88
2024,다사29b65b,to_ho_001,21
2024,다사29b66a,to_ho_001,68
2024,다사29b66b,to_ho_001,101
2024,다사29b67a,to_ho_001,118
2024,다사29b67b,to_ho_001,8
2024,다사29b68a,to_ho_001,5
2024,다사29b68b,to_ho_001,5
2024,다사29b69a,to_ho_001,66
2024,다사29b69b,to_ho_001,33
2024,다사29b70a,to_ho_001,34
2024,다사29b70b,to_ho_001,5
2024,다사29b71a,to_ho_001,8
2024,다사29b71b,to_ho_001,8
2024,다사29b74b,to_ho_001,478
2024,다사29b75a,to_ho_001,533
2024,다사29b75b,to_ho_001,290
2024,다사29b76b,to_ho_001,38
2024,다사29b77a,to_ho_001,5
2024,다사29b79a,to_ho_001,0
2024,다사29b79b,to_ho_001,8
2024,다사29b80a,to_ho_001,5
2024,다사29b81a,to_ho_001,0
2024,다사30a05a,to_ho_001,23
2024,다사30a06a,to_ho_001,8
2024,다사30a06b,to_ho_001,13
2024,다사30a07a,to_ho_001,23
2024,다사30a07b,to_ho_001,8
2024,다사30a08a,to_ho_001,23
2024,다사30a08b,to_ho_001,13
2024,다사30a09a,to_ho_001,8
2024,다사30a09b,to_ho_001,5
2024,다사30a10a,to_ho_001,13
2024,다사30a10b,to_ho_001,5
2024,다사30a11b,to_ho_001,8
2024,다사30a12a,to_ho_001,18
2024,다사30a12b,to_ho_001,8
2024,다사30a13a,to_ho_001,5
2024,다사30a13b,to_ho_001,5
2024,다사30a14a,to_ho_001,23
2024,다사30a14b,to_ho_001,8
2024,다사30a15a,to_ho_001,5
2024,다사30a15b,to_ho_001,8
2024,다사30a16a,to_ho_001,18
2024,다사30a16b,to_ho_001,13
2024,다사30a17a,to_ho_001,23
2024,다사30a25a,to_ho_001,0
2024,다사30a25b,to_ho_001,5
2024,다사30a26a,to_ho_001,5
2024,다사30a27a,to_ho_001,5
2024,다사30a29a,to_ho_001,1438
2024,다사30a29b,to_ho_001,3041
2024,다사30a32a,to_ho_001,13
2024,다사30a32b,to_ho_001,26
2024,다사30a33a,to_ho_001,5
2024,다사30a33b,to_ho_001,366
2024,다사30a34a,to_ho_001,2750
2024,다사30a34b,to_ho_001,2348
2024,다사30a35a,to_ho_001,686
2024,다사30a35b,to_ho_001,23
2024,다사30a36b,to_ho_001,306
2024,다사30a37a,to_ho_001,685
2024,다사30a38a,to_ho_001,1643
2024,다사30a38b,to_ho_001,2054
2024,다사30a39a,to_ho_001,3172
2024,다사30a39b,to_ho_001,4889
2024,다사30a40a,to_ho_001,3845
2024,다사30a40b,to_ho_001,2122
2024,다사30a41a,to_ho_001,2069
2024,다사30a41b,to_ho_001,599
2024,다사30a42a,to_ho_001,870
2024,다사30a42b,to_ho_001,916
2024,다사30a43a,to_ho_001,1409
2024,다사30a43b,to_ho_001,1868
2024,다사30a44a,to_ho_001,548
2024,다사30a44b,to_ho_001,1182
2024,다사30a45a,to_ho_001,3980
2024,다사30a45b,to_ho_001,2146
2024,다사30a46a,to_ho_001,1117
2024,다사30a46b,to_ho_001,800
2024,다사30a47a,to_ho_001,464
2024,다사30a47b,to_ho_001,2411
2024,다사30a48a,to_ho_001,2565
2024,다사30a48b,to_ho_001,2851
2024,다사30a49b,to_ho_001,5
2024,다사30a52a,to_ho_001,8
2024,다사30a52b,to_ho_001,8
2024,다사30a53a,to_ho_001,13
2024,다사30a53b,to_ho_001,1697
2024,다사30a54a,to_ho_001,3085
2024,다사30a54b,to_ho_001,1176
2024,다사30a55a,to_ho_001,1931
2024,다사30a55b,to_ho_001,2252
2024,다사30a56a,to_ho_001,2405
2024,다사30a56b,to_ho_001,698
2024,다사30a57b,to_ho_001,252
2024,다사30a58a,to_ho_001,1163
2024,다사30a58b,to_ho_001,419
2024,다사30a59a,to_ho_001,205
2024,다사30a59b,to_ho_001,768
2024,다사30a60a,to_ho_001,8
2024,다사30a63a,to_ho_001,5
2024,다사30a63b,to_ho_001,8
2024,다사30a64a,to_ho_001,5
2024,다사30a64b,to_ho_001,0
2024,다사30a65a,to_ho_001,8
2024,다사30a65b,to_ho_001,8
2024,다사30a66a,to_ho_001,8
2024,다사30a66b,to_ho_001,64
2024,다사30a67a,to_ho_001,43
2024,다사30a67b,to_ho_001,18
2024,다사30a68a,to_ho_001,149
2024,다사30a68b,to_ho_001,1294
2024,다사30a69a,to_ho_001,329
2024,다사30a69b,to_ho_001,1869
2024,다사30a70a,to_ho_001,322
2024,다사30a70b,to_ho_001,0
2024,다사30a71a,to_ho_001,23
2024,다사30a71b,to_ho_001,8
2024,다사30a72a,to_ho_001,8
2024,다사30a74a,to_ho_001,13
2024,다사30a74b,to_ho_001,89
2024,다사30a75a,to_ho_001,39
2024,다사30a75b,to_ho_001,86
2024,다사30a76a,to_ho_001,28
2024,다사30a76b,to_ho_001,5
2024,다사30a77a,to_ho_001,0
2024,다사30a77b,to_ho_001,5
2024,다사30a78b,to_ho_001,13
2024,다사30a79a,to_ho_001,43
2024,다사30a79b,to_ho_001,5
2024,다사30a80b,to_ho_001,64
2024,다사30a81a,to_ho_001,8
2024,다사30b04b,to_ho_001,13
2024,다사30b05a,to_ho_001,5
2024,다사30b05b,to_ho_001,5
2024,다사30b06a,to_ho_001,5
2024,다사30b06b,to_ho_001,8
2024,다사30b07a,to_ho_001,5
2024,다사30b07b,to_ho_001,8
2024,다사30b08a,to_ho_001,8
2024,다사30b08b,to_ho_001,8
2024,다사30b09a,to_ho_001,5
2024,다사30b09b,to_ho_001,18
2024,다사30b10a,to_ho_001,8
2024,다사30b10b,to_ho_001,5
2024,다사30b11a,to_ho_001,23
2024,다사30b11b,to_ho_001,28
2024,다사30b12a,to_ho_001,18
2024,다사30b12b,to_ho_001,38
2024,다사30b13a,to_ho_001,5
2024,다사30b13b,to_ho_001,18
2024,다사30b14a,to_ho_001,18
2024,다사30b14b,to_ho_001,8
2024,다사30b15a,to_ho_001,8
2024,다사30b16a,to_ho_001,5
2024,다사30b16b,to_ho_001,18
2024,다사30b17a,to_ho_001,23
2024,다사30b17b,to_ho_001,5
2024,다사30b25a,to_ho_001,8
2024,다사30b25b,to_ho_001,0
2024,다사30b26a,to_ho_001,5
2024,다사30b28a,to_ho_001,240
2024,다사30b28b,to_ho_001,1773
2024,다사30b29a,to_ho_001,1638
2024,다사30b29b,to_ho_001,1495
2024,다사30b31b,to_ho_001,22
2024,다사30b32a,to_ho_001,505
2024,다사30b32b,to_ho_001,8
2024,다사30b33a,to_ho_001,28
2024,다사30b33b,to_ho_001,1476
2024,다사30b34a,to_ho_001,1458
2024,다사30b34b,to_ho_001,230
2024,다사30b35a,to_ho_001,8
2024,다사30b36b,to_ho_001,1093
2024,다사30b37a,to_ho_001,2165
2024,다사30b37b,to_ho_001,5
2024,다사30b38a,to_ho_001,949
2024,다사30b38b,to_ho_001,1615
2024,다사30b39a,to_ho_001,1728
2024,다사30b39b,to_ho_001,3674
2024,다사30b40a,to_ho_001,2195
2024,다사30b40b,to_ho_001,2970
2024,다사30b41a,to_ho_001,1791
2024,다사30b41b,to_ho_001,13
2024,다사30b42a,to_ho_001,0
2024,다사30b42b,to_ho_001,969
2024,다사30b43a,to_ho_001,2162
2024,다사30b43b,to_ho_001,1036
2024,다사30b44a,to_ho_001,2207
2024,다사30b44b,to_ho_001,4051
2024,다사30b45a,to_ho_001,3704
2024,다사30b45b,to_ho_001,1823
2024,다사30b47a,to_ho_001,265
2024,다사30b47b,to_ho_001,3464
2024,다사30b48a,to_ho_001,3233
2024,다사30b48b,to_ho_001,1191
2024,다사30b49a,to_ho_001,532
2024,다사30b49b,to_ho_001,350
2024,다사30b52a,to_ho_001,5
2024,다사30b53a,to_ho_001,5
2024,다사30b53b,to_ho_001,1149
2024,다사30b54a,to_ho_001,826
2024,다사30b54b,to_ho_001,1933
2024,다사30b55a,to_ho_001,878
2024,다사30b55b,to_ho_001,2321
2024,다사30b56a,to_ho_001,1380
2024,다사30b57a,to_ho_001,5
2024,다사30b57b,to_ho_001,964
2024,다사30b58a,to_ho_001,1209
2024,다사30b58b,to_ho_001,1166
2024,다사30b59a,to_ho_001,5
2024,다사30b59b,to_ho_001,8
2024,다사30b60a,to_ho_001,0
2024,다사30b60b,to_ho_001,5
2024,다사30b62b,to_ho_001,5
2024,다사30b63a,to_ho_001,5
2024,다사30b63b,to_ho_001,40
2024,다사30b64a,to_ho_001,5
2024,다사30b64b,to_ho_001,8
2024,다사30b65a,to_ho_001,420
2024,다사30b65b,to_ho_001,386
2024,다사30b66a,to_ho_001,65
2024,다사30b66b,to_ho_001,18
2024,다사30b67a,to_ho_001,8
2024,다사30b67b,to_ho_001,13
2024,다사30b68a,to_ho_001,336
2024,다사30b68b,to_ho_001,1253
2024,다사30b69a,to_ho_001,196
2024,다사30b69b,to_ho_001,1164
2024,다사30b70a,to_ho_001,78
2024,다사30b71a,to_ho_001,0
2024,다사30b71b,to_ho_001,37
2024,다사30b72a,to_ho_001,63
2024,다사30b72b,to_ho_001,18
2024,다사30b74a,to_ho_001,28
2024,다사30b74b,to_ho_001,13
2024,다사30b75a,to_ho_001,5
2024,다사30b75b,to_ho_001,23
2024,다사30b76a,to_ho_001,33
2024,다사30b76b,to_ho_001,8
2024,다사30b77a,to_ho_001,8
2024,다사30b77b,to_ho_001,5
2024,다사30b78a,to_ho_001,23
2024,다사30b78b,to_ho_001,8
2024,다사30b79a,to_ho_001,8
2024,다사30b80a,to_ho_001,13
2024,다사30b80b,to_ho_001,48
2024,다사30b81a,to_ho_001,13
2024,다사31a04b,to_ho_001,18
2024,다사31a05a,to_ho_001,5
2024,다사31a06a,to_ho_001,8
2024,다사31a06b,to_ho_001,23
2024,다사31a07a,to_ho_001,8
2024,다사31a07b,to_ho_001,18
2024,다사31a08a,to_ho_001,13
2024,다사31a08b,to_ho_001,0
2024,다사31a09a,to_ho_001,0
2024,다사31a09b,to_ho_001,8
2024,다사31a10a,to_ho_001,13
2024,다사31a10b,to_ho_001,13
2024,다사31a11a,to_ho_001,306
2024,다사31a11b,to_ho_001,5
2024,다사31a12a,to_ho_001,24
2024,다사31a12b,to_ho_001,34
2024,다사31a13a,to_ho_001,38
2024,다사31a13b,to_ho_001,13
2024,다사31a14a,to_ho_001,8
2024,다사31a14b,to_ho_001,13
2024,다사31a15a,to_ho_001,28
2024,다사31a15b,to_ho_001,8
2024,다사31a17a,to_ho_001,5
2024,다사31a24b,to_ho_001,0
2024,다사31a25a,to_ho_001,5
2024,다사31a25b,to_ho_001,8
2024,다사31a26a,to_ho_001,8
2024,다사31a27a,to_ho_001,0
2024,다사31a28a,to_ho_001,841
2024,다사31a28b,to_ho_001,1559
2024,다사31a29a,to_ho_001,1799
2024,다사31a30a,to_ho_001,904
2024,다사31a30b,to_ho_001,865
2024,다사31a31a,to_ho_001,846
2024,다사31a31b,to_ho_001,47
2024,다사31a32a,to_ho_001,875
2024,다사31a32b,to_ho_001,528
2024,다사31a33a,to_ho_001,2494
2024,다사31a33b,to_ho_001,367
2024,다사31a34a,to_ho_001,1220
2024,다사31a34b,to_ho_001,143
2024,다사31a35a,to_ho_001,8
2024,다사31a35b,to_ho_001,8
2024,다사31a36a,to_ho_001,8
2024,다사31a36b,to_ho_001,13
2024,다사31a37a,to_ho_001,13
2024,다사31a37b,to_ho_001,28
2024,다사31a38a,to_ho_001,13
2024,다사31a38b,to_ho_001,36
2024,다사31a39a,to_ho_001,2313
2024,다사31a39b,to_ho_001,2993
2024,다사31a40a,to_ho_001,3075
2024,다사31a40b,to_ho_001,4667
2024,다사31a41a,to_ho_001,8
2024,다사31a41b,to_ho_001,5
2024,다사31a42b,to_ho_001,77
2024,다사31a43a,to_ho_001,1726
2024,다사31a43b,to_ho_001,860
2024,다사31a44a,to_ho_001,1292
2024,다사31a44b,to_ho_001,2033
2024,다사31a45a,to_ho_001,2795
2024,다사31a45b,to_ho_001,1020
2024,다사31a46a,to_ho_001,2275
2024,다사31a46b,to_ho_001,1039
2024,다사31a47a,to_ho_001,0
2024,다사31a47b,to_ho_001,1225
2024,다사31a48a,to_ho_001,1887
2024,다사31a48b,to_ho_001,2357
2024,다사31a49a,to_ho_001,1186
2024,다사31a49b,to_ho_001,3029
2024,다사31a50a,to_ho_001,514
2024,다사31a51a,to_ho_001,5
2024,다사31a51b,to_ho_001,5
2024,다사31a52a,to_ho_001,25
2024,다사31a52b,to_ho_001,45
2024,다사31a53a,to_ho_001,13
2024,다사31a53b,to_ho_001,8
2024,다사31a54a,to_ho_001,8
2024,다사31a54b,to_ho_001,786
2024,다사31a55a,to_ho_001,931
2024,다사31a55b,to_ho_001,2206
2024,다사31a56a,to_ho_001,2566
2024,다사31a56b,to_ho_001,951
2024,다사31a57a,to_ho_001,733
2024,다사31a57b,to_ho_001,256
2024,다사31a58a,to_ho_001,2353
2024,다사31a58b,to_ho_001,465
2024,다사31a59a,to_ho_001,5
2024,다사31a59b,to_ho_001,0
2024,다사31a60a,to_ho_001,8
2024,다사31a62b,to_ho_001,49
2024,다사31a63a,to_ho_001,28
2024,다사31a63b,to_ho_001,8
2024,다사31a64a,to_ho_001,5
2024,다사31a64b,to_ho_001,8
2024,다사31a65a,to_ho_001,1000
2024,다사31a65b,to_ho_001,2344
2024,다사31a66a,to_ho_001,610
2024,다사31a66b,to_ho_001,69
2024,다사31a67a,to_ho_001,33
2024,다사31a67b,to_ho_001,1705
2024,다사31a68a,to_ho_001,987
2024,다사31a68b,to_ho_001,991
2024,다사31a69a,to_ho_001,1751
2024,다사31a69b,to_ho_001,2014
2024,다사31a70a,to_ho_001,1308
2024,다사31a70b,to_ho_001,870
2024,다사31a71a,to_ho_001,0
2024,다사31a72a,to_ho_001,13
2024,다사31a72b,to_ho_001,28
2024,다사31a74a,to_ho_001,5
2024,다사31a74b,to_ho_001,103
2024,다사31a75a,to_ho_001,48
2024,다사31a75b,to_ho_001,23
2024,다사31a76a,to_ho_001,13
2024,다사31a76b,to_ho_001,8
2024,다사31a77a,to_ho_001,18
2024,다사31a77b,to_ho_001,8
2024,다사31a78a,to_ho_001,39
2024,다사31a78b,to_ho_001,18
2024,다사31a79a,to_ho_001,8
2024,다사31a80a,to_ho_001,8
2024,다사31a80b,to_ho_001,23
2024,다사31b06a,to_ho_001,5
2024,다사31b06b,to_ho_001,13
2024,다사31b07a,to_ho_001,5
2024,다사31b07b,to_ho_001,23
2024,다사31b08a,to_ho_001,18
2024,다사31b08b,to_ho_001,8
2024,다사31b09a,to_ho_001,5
2024,다사31b09b,to_ho_001,13
2024,다사31b10a,to_ho_001,8
2024,다사31b10b,to_ho_001,5
2024,다사31b11b,to_ho_001,8
2024,다사31b12a,to_ho_001,28
2024,다사31b12b,to_ho_001,40
2024,다사31b13a,to_ho_001,415
2024,다사31b13b,to_ho_001,5
2024,다사31b14a,to_ho_001,8
2024,다사31b14b,to_ho_001,13
2024,다사31b15a,to_ho_001,28
2024,다사31b15b,to_ho_001,28
2024,다사31b16a,to_ho_001,5
2024,다사31b24b,to_ho_001,5
2024,다사31b25a,to_ho_001,5
2024,다사31b25b,to_ho_001,8
2024,다사31b26a,to_ho_001,8
2024,다사31b27b,to_ho_001,1237
2024,다사31b28a,to_ho_001,1692
2024,다사31b28b,to_ho_001,2453
2024,다사31b29a,to_ho_001,2649
2024,다사31b29b,to_ho_001,466
2024,다사31b30a,to_ho_001,893
2024,다사31b30b,to_ho_001,3215
2024,다사31b31a,to_ho_001,374
2024,다사31b31b,to_ho_001,1171
2024,다사31b32a,to_ho_001,55
2024,다사31b32b,to_ho_001,1532
2024,다사31b33a,to_ho_001,2324
2024,다사31b33b,to_ho_001,1877
2024,다사31b34a,to_ho_001,2036
2024,다사31b34b,to_ho_001,186
2024,다사31b35a,to_ho_001,8
2024,다사31b35b,to_ho_001,1803
2024,다사31b36a,to_ho_001,704
2024,다사31b36b,to_ho_001,5
2024,다사31b37a,to_ho_001,23
2024,다사31b37b,to_ho_001,5
2024,다사31b38a,to_ho_001,13
2024,다사31b38b,to_ho_001,8
2024,다사31b39a,to_ho_001,2653
2024,다사31b39b,to_ho_001,3030
2024,다사31b40a,to_ho_001,2418
2024,다사31b40b,to_ho_001,3334
2024,다사31b41a,to_ho_001,0
2024,다사31b42b,to_ho_001,409
2024,다사31b43a,to_ho_001,2253
2024,다사31b43b,to_ho_001,2383
2024,다사31b44a,to_ho_001,2379
2024,다사31b44b,to_ho_001,3186
2024,다사31b45a,to_ho_001,2271
2024,다사31b45b,to_ho_001,777
2024,다사31b46a,to_ho_001,3038
2024,다사31b46b,to_ho_001,1442
2024,다사31b47a,to_ho_001,645
2024,다사31b47b,to_ho_001,2708
2024,다사31b48a,to_ho_001,2530
2024,다사31b48b,to_ho_001,2882
2024,다사31b49a,to_ho_001,4282
2024,다사31b49b,to_ho_001,1596
2024,다사31b50a,to_ho_001,516
2024,다사31b50b,to_ho_001,5
2024,다사31b51a,to_ho_001,5
2024,다사31b51b,to_ho_001,5
2024,다사31b52a,to_ho_001,47
2024,다사31b52b,to_ho_001,25
2024,다사31b53a,to_ho_001,5
2024,다사31b53b,to_ho_001,13
2024,다사31b54a,to_ho_001,51
2024,다사31b54b,to_ho_001,0
2024,다사31b55a,to_ho_001,8
2024,다사31b55b,to_ho_001,2170
2024,다사31b56a,to_ho_001,2175
2024,다사31b56b,to_ho_001,2092
2024,다사31b57a,to_ho_001,1252
2024,다사31b57b,to_ho_001,452
2024,다사31b58a,to_ho_001,1509
2024,다사31b58b,to_ho_001,1025
2024,다사31b59a,to_ho_001,0
2024,다사31b62a,to_ho_001,12
2024,다사31b62b,to_ho_001,18
2024,다사31b63a,to_ho_001,51
2024,다사31b63b,to_ho_001,247
2024,다사31b64a,to_ho_001,8
2024,다사31b64b,to_ho_001,8
2024,다사31b65a,to_ho_001,14
2024,다사31b65b,to_ho_001,478
2024,다사31b66a,to_ho_001,39
2024,다사31b66b,to_ho_001,28
2024,다사31b67a,to_ho_001,39
2024,다사31b67b,to_ho_001,656
2024,다사31b68a,to_ho_001,99
2024,다사31b69b,to_ho_001,810
2024,다사31b70a,to_ho_001,1626
2024,다사31b70b,to_ho_001,936
2024,다사31b71a,to_ho_001,910
2024,다사31b71b,to_ho_001,422
2024,다사31b72a,to_ho_001,28
2024,다사31b72b,to_ho_001,37
2024,다사31b75a,to_ho_001,28
2024,다사31b75b,to_ho_001,8
2024,다사31b76a,to_ho_001,28
2024,다사31b76b,to_ho_001,13
2024,다사31b77a,to_ho_001,0
2024,다사31b77b,to_ho_001,8
2024,다사31b78a,to_ho_001,8
2024,다사31b78b,to_ho_001,28
2024,다사31b79a,to_ho_001,8
2024,다사31b79b,to_ho_001,8
2024,다사31b80a,to_ho_001,0
2024,다사31b80b,to_ho_001,18
2024,다사31b81a,to_ho_001,23
2024,다사31b81b,to_ho_001,8
2024,다사32a05b,to_ho_001,0
2024,다사32a06a,to_ho_001,13
2024,다사32a06b,to_ho_001,5
2024,다사32a07a,to_ho_001,5
2024,다사32a07b,to_ho_001,18
2024,다사32a08a,to_ho_001,8
2024,다사32a08b,to_ho_001,18
2024,다사32a09a,to_ho_001,13
2024,다사32a09b,to_ho_001,8
2024,다사32a10a,to_ho_001,5
2024,다사32a10b,to_ho_001,13
2024,다사32a11a,to_ho_001,5
2024,다사32a11b,to_ho_001,23
2024,다사32a12a,to_ho_001,28
2024,다사32a12b,to_ho_001,121
2024,다사32a13a,to_ho_001,678
2024,다사32a13b,to_ho_001,64
2024,다사32a14a,to_ho_001,0
2024,다사32a14b,to_ho_001,5
2024,다사32a15a,to_ho_001,18
2024,다사32a15b,to_ho_001,18
2024,다사32a16a,to_ho_001,13
2024,다사32a24a,to_ho_001,0
2024,다사32a26a,to_ho_001,5
2024,다사32a27a,to_ho_001,385
2024,다사32a27b,to_ho_001,76
2024,다사32a28a,to_ho_001,1771
2024,다사32a28b,to_ho_001,2086
2024,다사32a29a,to_ho_001,1579
2024,다사32a29b,to_ho_001,2163
2024,다사32a30a,to_ho_001,1476
2024,다사32a30b,to_ho_001,1885
2024,다사32a31a,to_ho_001,861
2024,다사32a31b,to_ho_001,1119
2024,다사32a32a,to_ho_001,619
2024,다사32a32b,to_ho_001,1935
2024,다사32a33a,to_ho_001,1456
2024,다사32a33b,to_ho_001,778
2024,다사32a34a,to_ho_001,1729
2024,다사32a34b,to_ho_001,2646
2024,다사32a35a,to_ho_001,13
2024,다사32a35b,to_ho_001,368
2024,다사32a36a,to_ho_001,215
2024,다사32a36b,to_ho_001,21
2024,다사32a37a,to_ho_001,0
2024,다사32a37b,to_ho_001,189
2024,다사32a38a,to_ho_001,3028
2024,다사32a38b,to_ho_001,1785
2024,다사32a39a,to_ho_001,2043
2024,다사32a39b,to_ho_001,1709
2024,다사32a40a,to_ho_001,2931
2024,다사32a40b,to_ho_001,3083
2024,다사32a41a,to_ho_001,152
2024,다사32a42b,to_ho_001,661
2024,다사32a43a,to_ho_001,2662
2024,다사32a43b,to_ho_001,3993
2024,다사32a44a,to_ho_001,4044
2024,다사32a44b,to_ho_001,2764
2024,다사32a45a,to_ho_001,2640
2024,다사32a45b,to_ho_001,1944
2024,다사32a46a,to_ho_001,3250
2024,다사32a46b,to_ho_001,1731
2024,다사32a47a,to_ho_001,1875
2024,다사32a47b,to_ho_001,2576
2024,다사32a48a,to_ho_001,2641
2024,다사32a48b,to_ho_001,2647
2024,다사32a49a,to_ho_001,4138
2024,다사32a49b,to_ho_001,2564
2024,다사32a50a,to_ho_001,1052
2024,다사32a50b,to_ho_001,5
2024,다사32a52a,to_ho_001,65
2024,다사32a52b,to_ho_001,23
2024,다사32a53a,to_ho_001,340
2024,다사32a53b,to_ho_001,1444
2024,다사32a54a,to_ho_001,5
2024,다사32a54b,to_ho_001,0
2024,다사32a55b,to_ho_001,400
2024,다사32a56a,to_ho_001,8
2024,다사32a56b,to_ho_001,2490
2024,다사32a57a,to_ho_001,79
2024,다사32a57b,to_ho_001,13
2024,다사32a58a,to_ho_001,28
2024,다사32a58b,to_ho_001,8
2024,다사32a59a,to_ho_001,5
2024,다사32a62a,to_ho_001,48
2024,다사32a62b,to_ho_001,5
2024,다사32a63a,to_ho_001,394
2024,다사32a63b,to_ho_001,2182
2024,다사32a64a,to_ho_001,107
2024,다사32a64b,to_ho_001,8
2024,다사32a65a,to_ho_001,8
2024,다사32a65b,to_ho_001,13
2024,다사32a66a,to_ho_001,235
2024,다사32a66b,to_ho_001,122
2024,다사32a67a,to_ho_001,313
2024,다사32a67b,to_ho_001,61
2024,다사32a68a,to_ho_001,637
2024,다사32a68b,to_ho_001,1302
2024,다사32a69a,to_ho_001,1176
2024,다사32a69b,to_ho_001,2131
2024,다사32a70a,to_ho_001,1765
2024,다사32a70b,to_ho_001,2580
2024,다사32a71a,to_ho_001,1643
2024,다사32a71b,to_ho_001,1230
2024,다사32a72a,to_ho_001,18
2024,다사32a72b,to_ho_001,13
2024,다사32a74a,to_ho_001,8
2024,다사32a74b,to_ho_001,23
2024,다사32a75a,to_ho_001,13
2024,다사32a75b,to_ho_001,18
2024,다사32a76a,to_ho_001,16
2024,다사32a76b,to_ho_001,8
2024,다사32a77a,to_ho_001,0
2024,다사32a78a,to_ho_001,14
2024,다사32a78b,to_ho_001,8
2024,다사32a79a,to_ho_001,13
2024,다사32a79b,to_ho_001,38
2024,다사32a80a,to_ho_001,8
2024,다사32a80b,to_ho_001,28
2024,다사32a81a,to_ho_001,13
2024,다사32a81b,to_ho_001,5
2024,다사32a82a,to_ho_001,5
2024,다사32a89b,to_ho_001,34
2024,다사32a90a,to_ho_001,45
2024,다사32b06a,to_ho_001,5
2024,다사32b06b,to_ho_001,0
2024,다사32b07b,to_ho_001,8
2024,다사32b08a,to_ho_001,13
2024,다사32b08b,to_ho_001,13
2024,다사32b09b,to_ho_001,18
2024,다사32b10a,to_ho_001,13
2024,다사32b10b,to_ho_001,38
2024,다사32b11a,to_ho_001,8
2024,다사32b11b,to_ho_001,18
2024,다사32b12a,to_ho_001,28
2024,다사32b12b,to_ho_001,13
2024,다사32b13a,to_ho_001,105
2024,다사32b13b,to_ho_001,71
2024,다사32b14a,to_ho_001,13
2024,다사32b14b,to_ho_001,5
2024,다사32b15a,to_ho_001,23
2024,다사32b15b,to_ho_001,28
2024,다사32b16a,to_ho_001,33
2024,다사32b16b,to_ho_001,18
2024,다사32b20b,to_ho_001,5
2024,다사32b23b,to_ho_001,5
2024,다사32b24a,to_ho_001,0
2024,다사32b24b,to_ho_001,0
2024,다사32b25a,to_ho_001,5
2024,다사32b25b,to_ho_001,5
2024,다사32b26a,to_ho_001,0
2024,다사32b26b,to_ho_001,283
2024,다사32b27a,to_ho_001,1900
2024,다사32b27b,to_ho_001,388
2024,다사32b28a,to_ho_001,604
2024,다사32b28b,to_ho_001,592
2024,다사32b29a,to_ho_001,5
2024,다사32b32a,to_ho_001,775
2024,다사32b32b,to_ho_001,2988
2024,다사32b33a,to_ho_001,203
2024,다사32b33b,to_ho_001,1097
2024,다사32b34a,to_ho_001,2301
2024,다사32b34b,to_ho_001,421
2024,다사32b35a,to_ho_001,0
2024,다사32b36a,to_ho_001,1025
2024,다사32b36b,to_ho_001,319
2024,다사32b37a,to_ho_001,1037
2024,다사32b37b,to_ho_001,207
2024,다사32b38a,to_ho_001,2354
2024,다사32b38b,to_ho_001,1108
2024,다사32b39a,to_ho_001,2665
2024,다사32b39b,to_ho_001,490
2024,다사32b40a,to_ho_001,2514
2024,다사32b40b,to_ho_001,2479
2024,다사32b41a,to_ho_001,1001
2024,다사32b42b,to_ho_001,1413
2024,다사32b43a,to_ho_001,2477
2024,다사32b43b,to_ho_001,2636
2024,다사32b44a,to_ho_001,2333
2024,다사32b44b,to_ho_001,3128
2024,다사32b45a,to_ho_001,3632
2024,다사32b45b,to_ho_001,1188
2024,다사32b46a,to_ho_001,1861
2024,다사32b46b,to_ho_001,3246
2024,다사32b47a,to_ho_001,2966
2024,다사32b47b,to_ho_001,1750
2024,다사32b48a,to_ho_001,4610
2024,다사32b48b,to_ho_001,1174
2024,다사32b49a,to_ho_001,2531
2024,다사32b49b,to_ho_001,3452
2024,다사32b50a,to_ho_001,2217
2024,다사32b50b,to_ho_001,646
2024,다사32b51a,to_ho_001,241
2024,다사32b52a,to_ho_001,8
2024,다사32b52b,to_ho_001,0
2024,다사32b53a,to_ho_001,327
2024,다사32b53b,to_ho_001,734
2024,다사32b54b,to_ho_001,28
2024,다사32b55a,to_ho_001,33
2024,다사32b56a,to_ho_001,5
2024,다사32b56b,to_ho_001,132
2024,다사32b57a,to_ho_001,23
2024,다사32b57b,to_ho_001,8
2024,다사32b58a,to_ho_001,18
2024,다사32b58b,to_ho_001,0
2024,다사32b59a,to_ho_001,5
2024,다사32b62b,to_ho_001,5
2024,다사32b63a,to_ho_001,122
2024,다사32b63b,to_ho_001,932
2024,다사32b64a,to_ho_001,815
2024,다사32b64b,to_ho_001,8
2024,다사32b65a,to_ho_001,5
2024,다사32b65b,to_ho_001,95
2024,다사32b66a,to_ho_001,754
2024,다사32b66b,to_ho_001,381
2024,다사32b67a,to_ho_001,127
2024,다사32b67b,to_ho_001,376
2024,다사32b68a,to_ho_001,1383
2024,다사32b68b,to_ho_001,1666
2024,다사32b69a,to_ho_001,1396
2024,다사32b69b,to_ho_001,1315
2024,다사32b70a,to_ho_001,948
2024,다사32b70b,to_ho_001,2434
2024,다사32b71a,to_ho_001,577
2024,다사32b71b,to_ho_001,5
2024,다사32b72a,to_ho_001,13
2024,다사32b73a,to_ho_001,5
2024,다사32b74b,to_ho_001,8
2024,다사32b75a,to_ho_001,23
2024,다사32b75b,to_ho_001,5
2024,다사32b76b,to_ho_001,0
2024,다사32b77a,to_ho_001,5
2024,다사32b78b,to_ho_001,13
2024,다사32b79b,to_ho_001,12
2024,다사32b80a,to_ho_001,8
2024,다사32b80b,to_ho_001,13
2024,다사32b81a,to_ho_001,13
2024,다사32b81b,to_ho_001,5
2024,다사32b82a,to_ho_001,18
2024,다사32b82b,to_ho_001,5
2024,다사32b89b,to_ho_001,28
2024,다사32b90a,to_ho_001,8
2024,다사33a07a,to_ho_001,0
2024,다사33a08a,to_ho_001,8
2024,다사33a08b,to_ho_001,23
2024,다사33a09a,to_ho_001,0
2024,다사33a09b,to_ho_001,38
2024,다사33a10a,to_ho_001,5
2024,다사33a10b,to_ho_001,13
2024,다사33a11a,to_ho_001,38
2024,다사33a11b,to_ho_001,13
2024,다사33a12a,to_ho_001,8
2024,다사33a12b,to_ho_001,47
2024,다사33a13a,to_ho_001,38
2024,다사33a13b,to_ho_001,0
2024,다사33a14a,to_ho_001,8
2024,다사33a14b,to_ho_001,8
2024,다사33a15a,to_ho_001,18
2024,다사33a15b,to_ho_001,0
2024,다사33a16a,to_ho_001,38
2024,다사33a16b,to_ho_001,18
2024,다사33a17a,to_ho_001,8
2024,다사33a23b,to_ho_001,0
2024,다사33a24a,to_ho_001,5
2024,다사33a25a,to_ho_001,5
2024,다사33a26a,to_ho_001,151
2024,다사33a26b,to_ho_001,956
2024,다사33a27a,to_ho_001,985
2024,다사33a27b,to_ho_001,668
2024,다사33a28a,to_ho_001,322
2024,다사33a28b,to_ho_001,81
2024,다사33a29a,to_ho_001,5
2024,다사33a29b,to_ho_001,8
2024,다사33a30a,to_ho_001,0
2024,다사33a32a,to_ho_001,623
2024,다사33a32b,to_ho_001,175
2024,다사33a36a,to_ho_001,1843
2024,다사33a36b,to_ho_001,1650
2024,다사33a37a,to_ho_001,2102
2024,다사33a37b,to_ho_001,929
2024,다사33a38a,to_ho_001,688
2024,다사33a38b,to_ho_001,5
2024,다사33a39b,to_ho_001,0
2024,다사33a40a,to_ho_001,5
2024,다사33a40b,to_ho_001,5
2024,다사33a41b,to_ho_001,73
2024,다사33a42a,to_ho_001,62
2024,다사33a42b,to_ho_001,1653
2024,다사33a43a,to_ho_001,750
2024,다사33a43b,to_ho_001,511
2024,다사33a44a,to_ho_001,1293
2024,다사33a44b,to_ho_001,373
2024,다사33a45a,to_ho_001,232
2024,다사33a45b,to_ho_001,1018
2024,다사33a46a,to_ho_001,768
2024,다사33a46b,to_ho_001,2709
2024,다사33a47a,to_ho_001,2544
2024,다사33a47b,to_ho_001,1308
2024,다사33a48a,to_ho_001,1972
2024,다사33a48b,to_ho_001,1802
2024,다사33a49a,to_ho_001,1081
2024,다사33a49b,to_ho_001,2659
2024,다사33a50a,to_ho_001,1673
2024,다사33a50b,to_ho_001,1360
2024,다사33a51a,to_ho_001,1416
2024,다사33a51b,to_ho_001,30
2024,다사33a52a,to_ho_001,768
2024,다사33a52b,to_ho_001,115
2024,다사33a53b,to_ho_001,23
2024,다사33a54a,to_ho_001,8
2024,다사33a54b,to_ho_001,0
2024,다사33a57a,to_ho_001,0
2024,다사33a57b,to_ho_001,174
2024,다사33a58a,to_ho_001,1814
2024,다사33a58b,to_ho_001,8
2024,다사33a62a,to_ho_001,8
2024,다사33a63b,to_ho_001,247
2024,다사33a64a,to_ho_001,319
2024,다사33a65a,to_ho_001,5
2024,다사33a65b,to_ho_001,5
2024,다사33a66a,to_ho_001,98
2024,다사33a66b,to_ho_001,736
2024,다사33a67a,to_ho_001,647
2024,다사33a67b,to_ho_001,1479
2024,다사33a68a,to_ho_001,2322
2024,다사33a68b,to_ho_001,205
2024,다사33a69a,to_ho_001,797
2024,다사33a69b,to_ho_001,1832
2024,다사33a70a,to_ho_001,1470
2024,다사33a70b,to_ho_001,157
2024,다사33a71a,to_ho_001,8
2024,다사33a71b,to_ho_001,18
2024,다사33a72a,to_ho_001,5
2024,다사33a72b,to_ho_001,53
2024,다사33a73a,to_ho_001,28
2024,다사33a73b,to_ho_001,39
2024,다사33a75a,to_ho_001,198
2024,다사33a75b,to_ho_001,24
2024,다사33a76b,to_ho_001,18
2024,다사33a77a,to_ho_001,5
2024,다사33a77b,to_ho_001,8
2024,다사33a78a,to_ho_001,5
2024,다사33a78b,to_ho_001,5
2024,다사33a80a,to_ho_001,5
2024,다사33a80b,to_ho_001,5
2024,다사33a81a,to_ho_001,5
2024,다사33a81b,to_ho_001,8
2024,다사33a82a,to_ho_001,13
2024,다사33b08b,to_ho_001,5
2024,다사33b09a,to_ho_001,0
2024,다사33b09b,to_ho_001,8
2024,다사33b10a,to_ho_001,8
2024,다사33b10b,to_ho_001,8
2024,다사33b11a,to_ho_001,5
2024,다사33b11b,to_ho_001,18
2024,다사33b12b,to_ho_001,13
2024,다사33b13a,to_ho_001,38
2024,다사33b13b,to_ho_001,5
2024,다사33b14a,to_ho_001,5
2024,다사33b14b,to_ho_001,13
2024,다사33b15a,to_ho_001,5
2024,다사33b15b,to_ho_001,5
2024,다사33b16a,to_ho_001,13
2024,다사33b16b,to_ho_001,5
2024,다사33b17a,to_ho_001,8
2024,다사33b24b,to_ho_001,5
2024,다사33b25a,to_ho_001,0
2024,다사33b25b,to_ho_001,5
2024,다사33b26a,to_ho_001,125
2024,다사33b26b,to_ho_001,831
2024,다사33b27a,to_ho_001,476
2024,다사33b27b,to_ho_001,1254
2024,다사33b28a,to_ho_001,5
2024,다사33b28b,to_ho_001,37
2024,다사33b29a,to_ho_001,40
2024,다사33b29b,to_ho_001,0
2024,다사33b30a,to_ho_001,5
2024,다사33b30b,to_ho_001,5
2024,다사33b31b,to_ho_001,8
2024,다사33b32a,to_ho_001,13
2024,다사33b32b,to_ho_001,8
2024,다사33b35b,to_ho_001,1928
2024,다사33b36a,to_ho_001,510
2024,다사33b36b,to_ho_001,1667
2024,다사33b37a,to_ho_001,1068
2024,다사33b37b,to_ho_001,1854
2024,다사33b38a,to_ho_001,81
2024,다사33b38b,to_ho_001,5
2024,다사33b39a,to_ho_001,1103
2024,다사33b39b,to_ho_001,225
2024,다사33b40b,to_ho_001,174
2024,다사33b42a,to_ho_001,751
2024,다사33b42b,to_ho_001,176
2024,다사33b43a,to_ho_001,119
2024,다사33b43b,to_ho_001,3333
2024,다사33b44a,to_ho_001,3986
2024,다사33b44b,to_ho_001,2899
2024,다사33b45a,to_ho_001,1989
2024,다사33b45b,to_ho_001,1495
2024,다사33b46a,to_ho_001,1103
2024,다사33b46b,to_ho_001,855
2024,다사33b47b,to_ho_001,70
2024,다사33b48b,to_ho_001,96
2024,다사33b50b,to_ho_001,747
2024,다사33b51a,to_ho_001,161
2024,다사33b52a,to_ho_001,1904
2024,다사33b52b,to_ho_001,517
2024,다사33b53b,to_ho_001,13
2024,다사33b54a,to_ho_001,8
2024,다사33b55a,to_ho_001,23
2024,다사33b55b,to_ho_001,8
2024,다사33b56a,to_ho_001,18
2024,다사33b56b,to_ho_001,33
2024,다사33b57a,to_ho_001,13
2024,다사33b57b,to_ho_001,173
2024,다사33b58a,to_ho_001,1284
2024,다사33b58b,to_ho_001,8
2024,다사33b61a,to_ho_001,437
2024,다사33b61b,to_ho_001,1846
2024,다사33b62a,to_ho_001,5
2024,다사33b62b,to_ho_001,1983
2024,다사33b63a,to_ho_001,1099
2024,다사33b63b,to_ho_001,546
2024,다사33b64a,to_ho_001,1096
2024,다사33b64b,to_ho_001,1745
2024,다사33b65a,to_ho_001,190
2024,다사33b65b,to_ho_001,5
2024,다사33b66a,to_ho_001,93
2024,다사33b66b,to_ho_001,1294
2024,다사33b67a,to_ho_001,666
2024,다사33b67b,to_ho_001,1387
2024,다사33b68a,to_ho_001,1446
2024,다사33b68b,to_ho_001,1044
2024,다사33b69a,to_ho_001,1762
2024,다사33b69b,to_ho_001,2078
2024,다사33b70a,to_ho_001,1833
2024,다사33b70b,to_ho_001,479
2024,다사33b71a,to_ho_001,173
2024,다사33b71b,to_ho_001,56
2024,다사33b72a,to_ho_001,202
2024,다사33b72b,to_ho_001,197
2024,다사33b73a,to_ho_001,42
2024,다사33b73b,to_ho_001,53
2024,다사33b74b,to_ho_001,5
2024,다사33b75a,to_ho_001,1605
2024,다사33b75b,to_ho_001,8
2024,다사33b76a,to_ho_001,5
2024,다사33b76b,to_ho_001,13
2024,다사33b79a,to_ho_001,5
2024,다사33b79b,to_ho_001,13
2024,다사33b80a,to_ho_001,8
2024,다사33b80b,to_ho_001,8
2024,다사33b81a,to_ho_001,5
2024,다사33b81b,to_ho_001,0
2024,다사33b82a,to_ho_001,0
2024,다사33b82b,to_ho_001,8
2024,다사34a01b,to_ho_001,0
2024,다사34a02a,to_ho_001,14
2024,다사34a08b,to_ho_001,8
2024,다사34a09a,to_ho_001,13
2024,다사34a09b,to_ho_001,23
2024,다사34a10a,to_ho_001,33
2024,다사34a10b,to_ho_001,38
2024,다사34a11a,to_ho_001,5
2024,다사34a11b,to_ho_001,28
2024,다사34a13a,to_ho_001,8
2024,다사34a13b,to_ho_001,0
2024,다사34a14a,to_ho_001,5
2024,다사34a14b,to_ho_001,23
2024,다사34a15a,to_ho_001,18
2024,다사34a15b,to_ho_001,5
2024,다사34a16a,to_ho_001,5
2024,다사34a25a,to_ho_001,0
2024,다사34a25b,to_ho_001,5
2024,다사34a26b,to_ho_001,82
2024,다사34a27a,to_ho_001,235
2024,다사34a27b,to_ho_001,328
2024,다사34a28a,to_ho_001,216
2024,다사34a28b,to_ho_001,12
2024,다사34a29a,to_ho_001,87
2024,다사34a29b,to_ho_001,5
2024,다사34a30a,to_ho_001,0
2024,다사34a31a,to_ho_001,13
2024,다사34a31b,to_ho_001,5
2024,다사34a35b,to_ho_001,76
2024,다사34a36b,to_ho_001,1279
2024,다사34a37a,to_ho_001,662
2024,다사34a37b,to_ho_001,5
2024,다사34a38a,to_ho_001,0
2024,다사34a39a,to_ho_001,446
2024,다사34a39b,to_ho_001,120
2024,다사34a41a,to_ho_001,5
2024,다사34a41b,to_ho_001,5
2024,다사34a42a,to_ho_001,5
2024,다사34a42b,to_ho_001,1097
2024,다사34a43a,to_ho_001,2719
2024,다사34a43b,to_ho_001,515
2024,다사34a44a,to_ho_001,2899
2024,다사34a44b,to_ho_001,3032
2024,다사34a45a,to_ho_001,878
2024,다사34a45b,to_ho_001,2374
2024,다사34a46a,to_ho_001,2829
2024,다사34a46b,to_ho_001,5
2024,다사34a48a,to_ho_001,5
2024,다사34a51a,to_ho_001,2167
2024,다사34a51b,to_ho_001,1855
2024,다사34a52a,to_ho_001,0
2024,다사34a53b,to_ho_001,5
2024,다사34a54a,to_ho_001,40
2024,다사34a54b,to_ho_001,5
2024,다사34a55a,to_ho_001,2033
2024,다사34a55b,to_ho_001,13
2024,다사34a56a,to_ho_001,5
2024,다사34a56b,to_ho_001,35
2024,다사34a57a,to_ho_001,13
2024,다사34a57b,to_ho_001,5
2024,다사34a58a,to_ho_001,8
2024,다사34a60b,to_ho_001,0
2024,다사34a61a,to_ho_001,8
2024,다사34a62b,to_ho_001,98
2024,다사34a63a,to_ho_001,433
2024,다사34a63b,to_ho_001,2733
2024,다사34a64a,to_ho_001,1570
2024,다사34a64b,to_ho_001,390
2024,다사34a65a,to_ho_001,624
2024,다사34a65b,to_ho_001,21
2024,다사34a66a,to_ho_001,592
2024,다사34a66b,to_ho_001,1738
2024,다사34a67a,to_ho_001,1509
2024,다사34a67b,to_ho_001,1627
2024,다사34a68a,to_ho_001,1881
2024,다사34a68b,to_ho_001,1952
2024,다사34a69a,to_ho_001,1149
2024,다사34a69b,to_ho_001,1567
2024,다사34a70a,to_ho_001,2829
2024,다사34a70b,to_ho_001,1410
2024,다사34a71a,to_ho_001,376
2024,다사34a71b,to_ho_001,1052
2024,다사34a72a,to_ho_001,5
2024,다사34a73a,to_ho_001,22
2024,다사34a73b,to_ho_001,18
2024,다사34a75a,to_ho_001,999
2024,다사34a79a,to_ho_001,5
2024,다사34a79b,to_ho_001,8
2024,다사34a80b,to_ho_001,13
2024,다사34a81a,to_ho_001,8
2024,다사34a82a,to_ho_001,5
2024,다사34a82b,to_ho_001,13
2024,다사34a83a,to_ho_001,5
2024,다사34a85b,to_ho_001,13
2024,다사34a86a,to_ho_001,8
2024,다사34a86b,to_ho_001,38
2024,다사34a87a,to_ho_001,18
2024,다사34b02a,to_ho_001,13
2024,다사34b02b,to_ho_001,8
2024,다사34b08a,to_ho_001,44
2024,다사34b08b,to_ho_001,13
2024,다사34b09a,to_ho_001,38
2024,다사34b09b,to_ho_001,33
2024,다사34b10a,to_ho_001,8
2024,다사34b10b,to_ho_001,8
2024,다사34b11a,to_ho_001,5
2024,다사34b11b,to_ho_001,0
2024,다사34b12a,to_ho_001,8
2024,다사34b12b,to_ho_001,52
2024,다사34b13b,to_ho_001,5
2024,다사34b14a,to_ho_001,0
2024,다사34b23a,to_ho_001,5
2024,다사34b23b,to_ho_001,5
2024,다사34b25b,to_ho_001,5
2024,다사34b26a,to_ho_001,28
2024,다사34b26b,to_ho_001,224
2024,다사34b27a,to_ho_001,0
2024,다사34b27b,to_ho_001,618
2024,다사34b28a,to_ho_001,924
2024,다사34b28b,to_ho_001,18
2024,다사34b29b,to_ho_001,0
2024,다사34b30a,to_ho_001,5
2024,다사34b30b,to_ho_001,5
2024,다사34b31a,to_ho_001,37
2024,다사34b31b,to_ho_001,13
2024,다사34b34a,to_ho_001,8
2024,다사34b34b,to_ho_001,18
2024,다사34b35b,to_ho_001,8
2024,다사34b36a,to_ho_001,5
2024,다사34b36b,to_ho_001,34
2024,다사34b37b,to_ho_001,8
2024,다사34b38a,to_ho_001,0
2024,다사34b38b,to_ho_001,18
2024,다사34b42a,to_ho_001,328
2024,다사34b42b,to_ho_001,1826
2024,다사34b43a,to_ho_001,2613
2024,다사34b43b,to_ho_001,1780
2024,다사34b44a,to_ho_001,1559
2024,다사34b44b,to_ho_001,1568
2024,다사34b45a,to_ho_001,578
2024,다사34b45b,to_ho_001,5426
2024,다사34b46a,to_ho_001,595
2024,다사34b46b,to_ho_001,0
2024,다사34b47b,to_ho_001,0
2024,다사34b49a,to_ho_001,13
2024,다사34b49b,to_ho_001,0
2024,다사34b51a,to_ho_001,546
2024,다사34b51b,to_ho_001,940
2024,다사34b54a,to_ho_001,5
2024,다사34b54b,to_ho_001,807
2024,다사34b55a,to_ho_001,1760
2024,다사34b55b,to_ho_001,0
2024,다사34b56b,to_ho_001,8
2024,다사34b57a,to_ho_001,23
2024,다사34b57b,to_ho_001,13
2024,다사34b58a,to_ho_001,5
2024,다사34b60a,to_ho_001,23
2024,다사34b60b,to_ho_001,5
2024,다사34b61b,to_ho_001,8
2024,다사34b62a,to_ho_001,38
2024,다사34b62b,to_ho_001,305
2024,다사34b63a,to_ho_001,1741
2024,다사34b63b,to_ho_001,2177
2024,다사34b64a,to_ho_001,2631
2024,다사34b64b,to_ho_001,2792
2024,다사34b65a,to_ho_001,1056
2024,다사34b65b,to_ho_001,800
2024,다사34b66a,to_ho_001,1640
2024,다사34b66b,to_ho_001,372
2024,다사34b67a,to_ho_001,824
2024,다사34b67b,to_ho_001,735
2024,다사34b68a,to_ho_001,1353
2024,다사34b68b,to_ho_001,1145
2024,다사34b70a,to_ho_001,714
2024,다사34b70b,to_ho_001,2541
2024,다사34b71a,to_ho_001,1791
2024,다사34b71b,to_ho_001,1416
2024,다사34b74b,to_ho_001,8
2024,다사34b75a,to_ho_001,40
2024,다사34b75b,to_ho_001,18
2024,다사34b76a,to_ho_001,5
2024,다사34b76b,to_ho_001,0
2024,다사34b77a,to_ho_001,0
2024,다사34b79a,to_ho_001,18
2024,다사34b79b,to_ho_001,5
2024,다사34b80a,to_ho_001,93
2024,다사34b80b,to_ho_001,0
2024,다사34b81b,to_ho_001,8
2024,다사34b82b,to_ho_001,5
2024,다사34b83a,to_ho_001,5
2024,다사34b85a,to_ho_001,0
2024,다사34b85b,to_ho_001,52
2024,다사34b86a,to_ho_001,18
2024,다사34b86b,to_ho_001,8
2024,다사34b87a,to_ho_001,23
2024,다사34b87b,to_ho_001,31
2024,다사34b88a,to_ho_001,96
2024,다사34b88b,to_ho_001,8
2024,다사35a00b,to_ho_001,47
2024,다사35a01a,to_ho_001,8
2024,다사35a01b,to_ho_001,8
2024,다사35a02a,to_ho_001,33
2024,다사35a02b,to_ho_001,18
2024,다사35a03a,to_ho_001,0
2024,다사35a08b,to_ho_001,0
2024,다사35a09b,to_ho_001,5
2024,다사35a10a,to_ho_001,8
2024,다사35a11a,to_ho_001,8
2024,다사35a11b,to_ho_001,79
2024,다사35a12a,to_ho_001,99
2024,다사35a23b,to_ho_001,0
2024,다사35a25a,to_ho_001,5
2024,다사35a25b,to_ho_001,5
2024,다사35a26a,to_ho_001,5
2024,다사35a26b,to_ho_001,205
2024,다사35a28b,to_ho_001,59
2024,다사35a29a,to_ho_001,21
2024,다사35a29b,to_ho_001,168
2024,다사35a30b,to_ho_001,0
2024,다사35a31a,to_ho_001,72
2024,다사35a31b,to_ho_001,451
2024,다사35a32a,to_ho_001,5
2024,다사35a34a,to_ho_001,18
2024,다사35a35a,to_ho_001,13
2024,다사35a35b,to_ho_001,8
2024,다사35a36a,to_ho_001,5
2024,다사35a36b,to_ho_001,0
2024,다사35a37a,to_ho_001,5
2024,다사35a37b,to_ho_001,33
2024,다사35a38a,to_ho_001,13
2024,다사35a38b,to_ho_001,34
2024,다사35a40a,to_ho_001,5
2024,다사35a42a,to_ho_001,1298
2024,다사35a42b,to_ho_001,2039
2024,다사35a43a,to_ho_001,2474
2024,다사35a43b,to_ho_001,3384
2024,다사35a44a,to_ho_001,2896
2024,다사35a44b,to_ho_001,2301
2024,다사35a45a,to_ho_001,3227
2024,다사35a45b,to_ho_001,4514
2024,다사35a46a,to_ho_001,2033
2024,다사35a46b,to_ho_001,2394
2024,다사35a51a,to_ho_001,0
2024,다사35a54b,to_ho_001,143
2024,다사35a55a,to_ho_001,1562
2024,다사35a55b,to_ho_001,960
2024,다사35a56a,to_ho_001,1210
2024,다사35a56b,to_ho_001,164
2024,다사35a57a,to_ho_001,5
2024,다사35a57b,to_ho_001,23
2024,다사35a60a,to_ho_001,28
2024,다사35a60b,to_ho_001,30
2024,다사35a61a,to_ho_001,13
2024,다사35a63a,to_ho_001,2559
2024,다사35a63b,to_ho_001,2704
2024,다사35a64a,to_ho_001,2290
2024,다사35a64b,to_ho_001,2257
2024,다사35a65a,to_ho_001,3298
2024,다사35a65b,to_ho_001,3392
2024,다사35a66a,to_ho_001,3678
2024,다사35a66b,to_ho_001,2365
2024,다사35a67a,to_ho_001,2604
2024,다사35a67b,to_ho_001,1149
2024,다사35a68a,to_ho_001,1327
2024,다사35a68b,to_ho_001,1349
2024,다사35a69a,to_ho_001,536
2024,다사35a69b,to_ho_001,35
2024,다사35a70a,to_ho_001,402
2024,다사35a70b,to_ho_001,1352
2024,다사35a71a,to_ho_001,286
2024,다사35a72b,to_ho_001,793
2024,다사35a73a,to_ho_001,1555
2024,다사35a73b,to_ho_001,324
2024,다사35a74a,to_ho_001,57
2024,다사35a74b,to_ho_001,63
2024,다사35a75a,to_ho_001,315
2024,다사35a75b,to_ho_001,38
2024,다사35a76a,to_ho_001,8
2024,다사35a76b,to_ho_001,8
2024,다사35a79b,to_ho_001,65
2024,다사35a80a,to_ho_001,45
2024,다사35a80b,to_ho_001,5
2024,다사35a81a,to_ho_001,13
2024,다사35a81b,to_ho_001,5
2024,다사35a82a,to_ho_001,13
2024,다사35a82b,to_ho_001,5
2024,다사35a83a,to_ho_001,15
2024,다사35a83b,to_ho_001,5
2024,다사35a85a,to_ho_001,0
2024,다사35a85b,to_ho_001,28
2024,다사35a86a,to_ho_001,5
2024,다사35a87a,to_ho_001,20
2024,다사35a87b,to_ho_001,8
2024,다사35a88a,to_ho_001,44
2024,다사35a88b,to_ho_001,35
2024,다사35b00a,to_ho_001,5
2024,다사35b00b,to_ho_001,82
2024,다사35b01a,to_ho_001,18
2024,다사35b01b,to_ho_001,5
2024,다사35b02a,to_ho_001,53
2024,다사35b02b,to_ho_001,85
2024,다사35b08a,to_ho_001,65
2024,다사35b08b,to_ho_001,8
2024,다사35b09a,to_ho_001,8
2024,다사35b09b,to_ho_001,5
2024,다사35b10a,to_ho_001,8
2024,다사35b10b,to_ho_001,13
2024,다사35b11a,to_ho_001,33
2024,다사35b11b,to_ho_001,155
2024,다사35b12a,to_ho_001,288
2024,다사35b12b,to_ho_001,5
2024,다사35b22b,to_ho_001,5
2024,다사35b25a,to_ho_001,5
2024,다사35b26a,to_ho_001,16
2024,다사35b26b,to_ho_001,1542
2024,다사35b28a,to_ho_001,5
2024,다사35b28b,to_ho_001,597
2024,다사35b29a,to_ho_001,875
2024,다사35b29b,to_ho_001,788
2024,다사35b30a,to_ho_001,0
2024,다사35b31b,to_ho_001,5
2024,다사35b32a,to_ho_001,0
2024,다사35b33b,to_ho_001,8
2024,다사35b34a,to_ho_001,33
2024,다사35b35b,to_ho_001,13
2024,다사35b36a,to_ho_001,8
2024,다사35b36b,to_ho_001,5
2024,다사35b37a,to_ho_001,5
2024,다사35b37b,to_ho_001,341
2024,다사35b38a,to_ho_001,19
2024,다사35b38b,to_ho_001,25
2024,다사35b39b,to_ho_001,0
2024,다사35b40a,to_ho_001,13
2024,다사35b40b,to_ho_001,0
2024,다사35b41b,to_ho_001,49
2024,다사35b42a,to_ho_001,1628
2024,다사35b42b,to_ho_001,3311
2024,다사35b43a,to_ho_001,2238
2024,다사35b43b,to_ho_001,2101
2024,다사35b44a,to_ho_001,1325
2024,다사35b44b,to_ho_001,2793
2024,다사35b45a,to_ho_001,1200
2024,다사35b45b,to_ho_001,2702
2024,다사35b46a,to_ho_001,1985
2024,다사35b46b,to_ho_001,2070
2024,다사35b47a,to_ho_001,0
2024,다사35b47b,to_ho_001,5
2024,다사35b53a,to_ho_001,5
2024,다사35b53b,to_ho_001,5
2024,다사35b55a,to_ho_001,175
2024,다사35b55b,to_ho_001,691
2024,다사35b56a,to_ho_001,1723
2024,다사35b56b,to_ho_001,990
2024,다사35b57a,to_ho_001,5
2024,다사35b57b,to_ho_001,13
2024,다사35b59b,to_ho_001,13
2024,다사35b60a,to_ho_001,23
2024,다사35b60b,to_ho_001,18
2024,다사35b61a,to_ho_001,400
2024,다사35b62b,to_ho_001,61
2024,다사35b63a,to_ho_001,997
2024,다사35b63b,to_ho_001,1951
2024,다사35b64a,to_ho_001,2674
2024,다사35b64b,to_ho_001,1997
2024,다사35b65a,to_ho_001,2155
2024,다사35b65b,to_ho_001,3523
2024,다사35b66a,to_ho_001,1833
2024,다사35b66b,to_ho_001,1668
2024,다사35b67a,to_ho_001,763
2024,다사35b67b,to_ho_001,93
2024,다사35b68a,to_ho_001,604
2024,다사35b68b,to_ho_001,801
2024,다사35b69a,to_ho_001,641
2024,다사35b69b,to_ho_001,664
2024,다사35b70a,to_ho_001,337
2024,다사35b70b,to_ho_001,5
2024,다사35b71b,to_ho_001,0
2024,다사35b72a,to_ho_001,1288
2024,다사35b72b,to_ho_001,3030
2024,다사35b73a,to_ho_001,2672
2024,다사35b73b,to_ho_001,613
2024,다사35b74a,to_ho_001,92
2024,다사35b74b,to_ho_001,1614
2024,다사35b75a,to_ho_001,5
2024,다사35b76a,to_ho_001,5
2024,다사35b76b,to_ho_001,69
2024,다사35b77a,to_ho_001,28
2024,다사35b77b,to_ho_001,5
2024,다사35b79b,to_ho_001,20
2024,다사35b80a,to_ho_001,8
2024,다사35b80b,to_ho_001,5
2024,다사35b81a,to_ho_001,38
2024,다사35b82a,to_ho_001,8
2024,다사35b82b,to_ho_001,13
2024,다사35b83a,to_ho_001,39
2024,다사35b83b,to_ho_001,8
2024,다사35b85a,to_ho_001,266
2024,다사35b85b,to_ho_001,19
2024,다사35b86a,to_ho_001,5
2024,다사35b86b,to_ho_001,32
2024,다사35b87a,to_ho_001,41
2024,다사35b88b,to_ho_001,33
2024,다사35b89a,to_ho_001,0
2024,다사36a00a,to_ho_001,165
2024,다사36a00b,to_ho_001,23
2024,다사36a01a,to_ho_001,13
2024,다사36a01b,to_ho_001,48
2024,다사36a02a,to_ho_001,38
2024,다사36a02b,to_ho_001,39
2024,다사36a03a,to_ho_001,39
2024,다사36a03b,to_ho_001,0
2024,다사36a06a,to_ho_001,18
2024,다사36a08a,to_ho_001,8
2024,다사36a08b,to_ho_001,8
2024,다사36a09a,to_ho_001,18
2024,다사36a09b,to_ho_001,38
2024,다사36a10a,to_ho_001,5
2024,다사36a10b,to_ho_001,5
2024,다사36a11a,to_ho_001,0
2024,다사36a11b,to_ho_001,23
2024,다사36a12a,to_ho_001,211
2024,다사36a12b,to_ho_001,23
2024,다사36a13a,to_ho_001,5
2024,다사36a13b,to_ho_001,8
2024,다사36a14a,to_ho_001,0
2024,다사36a14b,to_ho_001,5
2024,다사36a22a,to_ho_001,5
2024,다사36a22b,to_ho_001,0
2024,다사36a25b,to_ho_001,0
2024,다사36a26a,to_ho_001,878
2024,다사36a26b,to_ho_001,1019
2024,다사36a27a,to_ho_001,684
2024,다사36a27b,to_ho_001,1235
2024,다사36a28b,to_ho_001,8
2024,다사36a30b,to_ho_001,0
2024,다사36a31a,to_ho_001,3186
2024,다사36a31b,to_ho_001,170
2024,다사36a34a,to_ho_001,5
2024,다사36a34b,to_ho_001,364
2024,다사36a35a,to_ho_001,0
2024,다사36a35b,to_ho_001,5
2024,다사36a36a,to_ho_001,5
2024,다사36a36b,to_ho_001,8
2024,다사36a37b,to_ho_001,2500
2024,다사36a38a,to_ho_001,1210
2024,다사36a38b,to_ho_001,340
2024,다사36a40b,to_ho_001,5
2024,다사36a41a,to_ho_001,0
2024,다사36a41b,to_ho_001,13
2024,다사36a42a,to_ho_001,2775
2024,다사36a42b,to_ho_001,2242
2024,다사36a43a,to_ho_001,2344
2024,다사36a43b,to_ho_001,1931
2024,다사36a44a,to_ho_001,1837
2024,다사36a44b,to_ho_001,1815
2024,다사36a45a,to_ho_001,762
2024,다사36a45b,to_ho_001,1405
2024,다사36a46b,to_ho_001,5
2024,다사36a47b,to_ho_001,0
2024,다사36a48a,to_ho_001,155
2024,다사36a49a,to_ho_001,6
2024,다사36a49b,to_ho_001,13
2024,다사36a51a,to_ho_001,0
2024,다사36a53a,to_ho_001,8
2024,다사36a53b,to_ho_001,80
2024,다사36a54a,to_ho_001,13
2024,다사36a56a,to_ho_001,172
2024,다사36a56b,to_ho_001,221
2024,다사36a59a,to_ho_001,8
2024,다사36a59b,to_ho_001,58
2024,다사36a60a,to_ho_001,8
2024,다사36a60b,to_ho_001,353
2024,다사36a61a,to_ho_001,3221
2024,다사36a61b,to_ho_001,947
2024,다사36a62a,to_ho_001,375
2024,다사36a63a,to_ho_001,293
2024,다사36a63b,to_ho_001,487
2024,다사36a64a,to_ho_001,916
2024,다사36a64b,to_ho_001,2495
2024,다사36a65a,to_ho_001,1745
2024,다사36a65b,to_ho_001,2458
2024,다사36a66a,to_ho_001,753
2024,다사36a66b,to_ho_001,286
2024,다사36a67a,to_ho_001,5
2024,다사36a67b,to_ho_001,291
2024,다사36a68a,to_ho_001,28
2024,다사36a68b,to_ho_001,137
2024,다사36a69a,to_ho_001,338
2024,다사36a69b,to_ho_001,177
2024,다사36a70a,to_ho_001,13
2024,다사36a70b,to_ho_001,278
2024,다사36a71a,to_ho_001,57
2024,다사36a71b,to_ho_001,0
2024,다사36a72a,to_ho_001,45
2024,다사36a72b,to_ho_001,1977
2024,다사36a73a,to_ho_001,1073
2024,다사36a73b,to_ho_001,1387
2024,다사36a74a,to_ho_001,631
2024,다사36a74b,to_ho_001,1746
2024,다사36a75a,to_ho_001,2289
2024,다사36a76a,to_ho_001,5
2024,다사36a76b,to_ho_001,0
2024,다사36a77a,to_ho_001,0
2024,다사36a77b,to_ho_001,89
2024,다사36a78a,to_ho_001,8
2024,다사36a79a,to_ho_001,64
2024,다사36a79b,to_ho_001,23
2024,다사36a80a,to_ho_001,23
2024,다사36a80b,to_ho_001,5
2024,다사36a82a,to_ho_001,33
2024,다사36a82b,to_ho_001,18
2024,다사36a83a,to_ho_001,13
2024,다사36a84b,to_ho_001,555
2024,다사36a85a,to_ho_001,1386
2024,다사36a85b,to_ho_001,8
2024,다사36a86a,to_ho_001,18
2024,다사36a86b,to_ho_001,30
2024,다사36a87a,to_ho_001,84
2024,다사36a87b,to_ho_001,20
2024,다사36a88b,to_ho_001,8
2024,다사36a89a,to_ho_001,58
2024,다사36a89b,to_ho_001,0
2024,다사36b00a,to_ho_001,18
2024,다사36b00b,to_ho_001,13
2024,다사36b01a,to_ho_001,50
2024,다사36b01b,to_ho_001,18
2024,다사36b02a,to_ho_001,115
2024,다사36b02b,to_ho_001,28
2024,다사36b03a,to_ho_001,13
2024,다사36b06a,to_ho_001,23
2024,다사36b09b,to_ho_001,34
2024,다사36b10a,to_ho_001,23
2024,다사36b10b,to_ho_001,13
2024,다사36b11b,to_ho_001,8
2024,다사36b12a,to_ho_001,18
2024,다사36b12b,to_ho_001,18
2024,다사36b13a,to_ho_001,8
2024,다사36b13b,to_ho_001,48
2024,다사36b14a,to_ho_001,13
2024,다사36b14b,to_ho_001,5
2024,다사36b15a,to_ho_001,5
2024,다사36b16b,to_ho_001,5
2024,다사36b22a,to_ho_001,0
2024,다사36b23a,to_ho_001,200
2024,다사36b25b,to_ho_001,25
2024,다사36b26a,to_ho_001,1119
2024,다사36b26b,to_ho_001,1058
2024,다사36b27a,to_ho_001,2362
2024,다사36b27b,to_ho_001,1737
2024,다사36b28a,to_ho_001,159
2024,다사36b28b,to_ho_001,13
2024,다사36b29a,to_ho_001,18
2024,다사36b29b,to_ho_001,13
2024,다사36b30a,to_ho_001,0
2024,다사36b30b,to_ho_001,578
2024,다사36b31a,to_ho_001,2098
2024,다사36b31b,to_ho_001,2023
2024,다사36b32a,to_ho_001,8
2024,다사36b34a,to_ho_001,622
2024,다사36b34b,to_ho_001,1228
2024,다사36b35a,to_ho_001,8
2024,다사36b35b,to_ho_001,13
2024,다사36b36a,to_ho_001,19
2024,다사36b36b,to_ho_001,8
2024,다사36b37a,to_ho_001,5
2024,다사36b37b,to_ho_001,1838
2024,다사36b38a,to_ho_001,1316
2024,다사36b38b,to_ho_001,1486
2024,다사36b39a,to_ho_001,511
2024,다사36b39b,to_ho_001,148
2024,다사36b40a,to_ho_001,8
2024,다사36b40b,to_ho_001,48
2024,다사36b41a,to_ho_001,52
2024,다사36b41b,to_ho_001,83
2024,다사36b42a,to_ho_001,734
2024,다사36b42b,to_ho_001,1805
2024,다사36b43a,to_ho_001,2010
2024,다사36b43b,to_ho_001,2109
2024,다사36b44a,to_ho_001,2204
2024,다사36b44b,to_ho_001,1472
2024,다사36b45a,to_ho_001,2468
2024,다사36b45b,to_ho_001,665
2024,다사36b46a,to_ho_001,0
2024,다사36b46b,to_ho_001,962
2024,다사36b47a,to_ho_001,1291
2024,다사36b47b,to_ho_001,2013
2024,다사36b48a,to_ho_001,1385
2024,다사36b49a,to_ho_001,69
2024,다사36b49b,to_ho_001,35
2024,다사36b53b,to_ho_001,8
2024,다사36b54a,to_ho_001,5
2024,다사36b54b,to_ho_001,5
2024,다사36b56a,to_ho_001,0
2024,다사36b56b,to_ho_001,13
2024,다사36b58b,to_ho_001,0
2024,다사36b59a,to_ho_001,5
2024,다사36b59b,to_ho_001,18
2024,다사36b60a,to_ho_001,798
2024,다사36b60b,to_ho_001,1701
2024,다사36b61a,to_ho_001,1705
2024,다사36b61b,to_ho_001,1873
2024,다사36b62a,to_ho_001,1336
2024,다사36b62b,to_ho_001,132
2024,다사36b63a,to_ho_001,274
2024,다사36b63b,to_ho_001,704
2024,다사36b64a,to_ho_001,1161
2024,다사36b64b,to_ho_001,2515
2024,다사36b65a,to_ho_001,930
2024,다사36b65b,to_ho_001,1743
2024,다사36b66a,to_ho_001,1619
2024,다사36b66b,to_ho_001,940
2024,다사36b67a,to_ho_001,11
2024,다사36b67b,to_ho_001,186
2024,다사36b68a,to_ho_001,86
2024,다사36b68b,to_ho_001,184
2024,다사36b69a,to_ho_001,5
2024,다사36b70a,to_ho_001,33
2024,다사36b70b,to_ho_001,8
2024,다사36b71a,to_ho_001,5
2024,다사36b72b,to_ho_001,185
2024,다사36b73a,to_ho_001,1847
2024,다사36b73b,to_ho_001,308
2024,다사36b74a,to_ho_001,734
2024,다사36b74b,to_ho_001,43
2024,다사36b75a,to_ho_001,0
2024,다사36b77a,to_ho_001,8
2024,다사36b77b,to_ho_001,23
2024,다사36b78a,to_ho_001,48
2024,다사36b78b,to_ho_001,33
2024,다사36b79a,to_ho_001,41
2024,다사36b80a,to_ho_001,13
2024,다사36b80b,to_ho_001,5
2024,다사36b82a,to_ho_001,20
2024,다사36b84a,to_ho_001,741
2024,다사36b84b,to_ho_001,2378
2024,다사36b85a,to_ho_001,178
2024,다사36b85b,to_ho_001,0
2024,다사36b86a,to_ho_001,23
2024,다사36b86b,to_ho_001,55
2024,다사36b87a,to_ho_001,84
2024,다사36b87b,to_ho_001,54
2024,다사36b88a,to_ho_001,5
2024,다사36b88b,to_ho_001,8
2024,다사36b89a,to_ho_001,8
2024,다사37a00a,to_ho_001,8
2024,다사37a00b,to_ho_001,13
2024,다사37a01a,to_ho_001,33
2024,다사37a01b,to_ho_001,13
2024,다사37a02a,to_ho_001,30
2024,다사37a02b,to_ho_001,102
2024,다사37a03a,to_ho_001,94
2024,다사37a03b,to_ho_001,18
2024,다사37a06a,to_ho_001,23
2024,다사37a06b,to_ho_001,5
2024,다사37a08b,to_ho_001,8
2024,다사37a10a,to_ho_001,5
2024,다사37a10b,to_ho_001,23
2024,다사37a11a,to_ho_001,50
2024,다사37a12b,to_ho_001,18
2024,다사37a13a,to_ho_001,18
2024,다사37a13b,to_ho_001,5
2024,다사37a14a,to_ho_001,28
2024,다사37a14b,to_ho_001,5
2024,다사37a15a,to_ho_001,5
2024,다사37a15b,to_ho_001,18
2024,다사37a16a,to_ho_001,0
2024,다사37a16b,to_ho_001,8
2024,다사37a22a,to_ho_001,5
2024,다사37a22b,to_ho_001,0
2024,다사37a24a,to_ho_001,0
2024,다사37a25a,to_ho_001,34
2024,다사37a25b,to_ho_001,2430
2024,다사37a26a,to_ho_001,1260
2024,다사37a26b,to_ho_001,1711
2024,다사37a27a,to_ho_001,55
2024,다사37a28a,to_ho_001,5
2024,다사37a29a,to_ho_001,8
2024,다사37a30b,to_ho_001,1607
2024,다사37a31a,to_ho_001,1722
2024,다사37a31b,to_ho_001,1747
2024,다사37a34a,to_ho_001,5
2024,다사37a34b,to_ho_001,5
2024,다사37a35a,to_ho_001,47
2024,다사37a35b,to_ho_001,470
2024,다사37a36a,to_ho_001,8
2024,다사37a36b,to_ho_001,209
2024,다사37a37a,to_ho_001,2131
2024,다사37a37b,to_ho_001,2629
2024,다사37a38a,to_ho_001,2462
2024,다사37a38b,to_ho_001,2096
2024,다사37a39a,to_ho_001,1854
2024,다사37a39b,to_ho_001,142
2024,다사37a40a,to_ho_001,0
2024,다사37a40b,to_ho_001,5
2024,다사37a41a,to_ho_001,14
2024,다사37a41b,to_ho_001,968
2024,다사37a42a,to_ho_001,830
2024,다사37a42b,to_ho_001,1142
2024,다사37a43a,to_ho_001,1613
2024,다사37a43b,to_ho_001,3091
2024,다사37a44a,to_ho_001,2589
2024,다사37a44b,to_ho_001,56
2024,다사37a45b,to_ho_001,5
2024,다사37a46b,to_ho_001,2618
2024,다사37a47a,to_ho_001,2188
2024,다사37a47b,to_ho_001,1167
2024,다사37a48a,to_ho_001,1301
2024,다사37a49a,to_ho_001,8
2024,다사37a49b,to_ho_001,0
2024,다사37a58a,to_ho_001,5
2024,다사37a58b,to_ho_001,18
2024,다사37a59a,to_ho_001,23
2024,다사37a59b,to_ho_001,5
2024,다사37a60b,to_ho_001,266
2024,다사37a61a,to_ho_001,1855
2024,다사37a61b,to_ho_001,2302
2024,다사37a62a,to_ho_001,2157
2024,다사37a62b,to_ho_001,830
2024,다사37a63a,to_ho_001,607
2024,다사37a63b,to_ho_001,689
2024,다사37a64a,to_ho_001,1820
2024,다사37a64b,to_ho_001,1435
2024,다사37a65a,to_ho_001,352
2024,다사37a66b,to_ho_001,8
2024,다사37a67b,to_ho_001,258
2024,다사37a68a,to_ho_001,182
2024,다사37a68b,to_ho_001,227
2024,다사37a69a,to_ho_001,8
2024,다사37a69b,to_ho_001,129
2024,다사37a70a,to_ho_001,48
2024,다사37a70b,to_ho_001,18
2024,다사37a71a,to_ho_001,128
2024,다사37a71b,to_ho_001,5
2024,다사37a73a,to_ho_001,0
2024,다사37a73b,to_ho_001,50
2024,다사37a74a,to_ho_001,38
2024,다사37a74b,to_ho_001,5
2024,다사37a75a,to_ho_001,51
2024,다사37a75b,to_ho_001,44
2024,다사37a76a,to_ho_001,52
2024,다사37a76b,to_ho_001,5
2024,다사37a77a,to_ho_001,58
2024,다사37a77b,to_ho_001,43
2024,다사37a78a,to_ho_001,0
2024,다사37a80a,to_ho_001,5
2024,다사37a83b,to_ho_001,660
2024,다사37a84a,to_ho_001,523
2024,다사37a84b,to_ho_001,598
2024,다사37a85a,to_ho_001,2353
2024,다사37a85b,to_ho_001,762
2024,다사37a86a,to_ho_001,5
2024,다사37a86b,to_ho_001,18
2024,다사37a87a,to_ho_001,0
2024,다사37a87b,to_ho_001,5
2024,다사37a88a,to_ho_001,5
2024,다사37a88b,to_ho_001,5
2024,다사37a91b,to_ho_001,8
2024,다사37a92a,to_ho_001,45
2024,다사37b00a,to_ho_001,18
2024,다사37b00b,to_ho_001,5
2024,다사37b01a,to_ho_001,13
2024,다사37b01b,to_ho_001,23
2024,다사37b02a,to_ho_001,13
2024,다사37b02b,to_ho_001,8
2024,다사37b03a,to_ho_001,0
2024,다사37b03b,to_ho_001,13
2024,다사37b04b,to_ho_001,0
2024,다사37b06a,to_ho_001,0
2024,다사37b07b,to_ho_001,8
2024,다사37b08a,to_ho_001,5
2024,다사37b08b,to_ho_001,62
2024,다사37b09a,to_ho_001,5
2024,다사37b09b,to_ho_001,5
2024,다사37b10a,to_ho_001,5
2024,다사37b10b,to_ho_001,8
2024,다사37b11a,to_ho_001,42
2024,다사37b11b,to_ho_001,25
2024,다사37b12a,to_ho_001,138
2024,다사37b12b,to_ho_001,80
2024,다사37b13a,to_ho_001,5
2024,다사37b13b,to_ho_001,5
2024,다사37b14a,to_ho_001,5
2024,다사37b14b,to_ho_001,8
2024,다사37b15a,to_ho_001,8
2024,다사37b15b,to_ho_001,13
2024,다사37b16a,to_ho_001,8
2024,다사37b16b,to_ho_001,13
2024,다사37b17a,to_ho_001,5
2024,다사37b17b,to_ho_001,5
2024,다사37b18a,to_ho_001,8
2024,다사37b18b,to_ho_001,0
2024,다사37b22b,to_ho_001,5
2024,다사37b24a,to_ho_001,58
2024,다사37b24b,to_ho_001,26
2024,다사37b25a,to_ho_001,1780
2024,다사37b25b,to_ho_001,3612
2024,다사37b26a,to_ho_001,1111
2024,다사37b26b,to_ho_001,1077
2024,다사37b27a,to_ho_001,114
2024,다사37b27b,to_ho_001,5
2024,다사37b28a,to_ho_001,8
2024,다사37b30a,to_ho_001,1167
2024,다사37b30b,to_ho_001,1681
2024,다사37b31a,to_ho_001,954
2024,다사37b31b,to_ho_001,1757
2024,다사37b33b,to_ho_001,41
2024,다사37b34a,to_ho_001,5
2024,다사37b35a,to_ho_001,36
2024,다사37b35b,to_ho_001,482
2024,다사37b36a,to_ho_001,255
2024,다사37b36b,to_ho_001,269
2024,다사37b37a,to_ho_001,2317
2024,다사37b37b,to_ho_001,1316
2024,다사37b38a,to_ho_001,3787
2024,다사37b38b,to_ho_001,2599
2024,다사37b39a,to_ho_001,1936
2024,다사37b39b,to_ho_001,8
2024,다사37b40a,to_ho_001,0
2024,다사37b40b,to_ho_001,5
2024,다사37b41a,to_ho_001,749
2024,다사37b41b,to_ho_001,2262
2024,다사37b42a,to_ho_001,1875
2024,다사37b42b,to_ho_001,2190
2024,다사37b43a,to_ho_001,1000
2024,다사37b43b,to_ho_001,382
2024,다사37b44a,to_ho_001,1372
2024,다사37b44b,to_ho_001,1195
2024,다사37b45a,to_ho_001,255
2024,다사37b45b,to_ho_001,14
2024,다사37b46a,to_ho_001,8
2024,다사37b46b,to_ho_001,1820
2024,다사37b47a,to_ho_001,2415
2024,다사37b47b,to_ho_001,255
2024,다사37b48a,to_ho_001,112
2024,다사37b49a,to_ho_001,0
2024,다사37b55b,to_ho_001,5
2024,다사37b56a,to_ho_001,43
2024,다사37b58a,to_ho_001,5
2024,다사37b59a,to_ho_001,18
2024,다사37b60a,to_ho_001,649
2024,다사37b60b,to_ho_001,1708
2024,다사37b61a,to_ho_001,340
2024,다사37b61b,to_ho_001,2406
2024,다사37b62a,to_ho_001,1096
2024,다사37b62b,to_ho_001,871
2024,다사37b63a,to_ho_001,1822
2024,다사37b63b,to_ho_001,601
2024,다사37b64a,to_ho_001,565
2024,다사37b64b,to_ho_001,456
2024,다사37b65a,to_ho_001,338
2024,다사37b65b,to_ho_001,18
2024,다사37b66a,to_ho_001,8
2024,다사37b66b,to_ho_001,8
2024,다사37b67a,to_ho_001,111
2024,다사37b67b,to_ho_001,49
2024,다사37b68a,to_ho_001,762
2024,다사37b68b,to_ho_001,219
2024,다사37b69a,to_ho_001,61
2024,다사37b69b,to_ho_001,170
2024,다사37b70a,to_ho_001,8
2024,다사37b70b,to_ho_001,5
2024,다사37b71a,to_ho_001,37
2024,다사37b71b,to_ho_001,14
2024,다사37b72a,to_ho_001,0
2024,다사37b72b,to_ho_001,8
2024,다사37b73a,to_ho_001,117
2024,다사37b73b,to_ho_001,18
2024,다사37b74a,to_ho_001,12
2024,다사37b74b,to_ho_001,37
2024,다사37b75a,to_ho_001,13
2024,다사37b75b,to_ho_001,198
2024,다사37b76a,to_ho_001,104
2024,다사37b76b,to_ho_001,38
2024,다사37b77a,to_ho_001,18
2024,다사37b77b,to_ho_001,46
2024,다사37b78a,to_ho_001,5
2024,다사37b79b,to_ho_001,33
2024,다사37b80a,to_ho_001,44
2024,다사37b80b,to_ho_001,5
2024,다사37b81a,to_ho_001,23
2024,다사37b81b,to_ho_001,39
2024,다사37b82a,to_ho_001,28
2024,다사37b82b,to_ho_001,23
2024,다사37b83a,to_ho_001,469
2024,다사37b83b,to_ho_001,5
2024,다사37b84a,to_ho_001,196
2024,다사37b84b,to_ho_001,931
2024,다사37b85a,to_ho_001,630
2024,다사37b85b,to_ho_001,0
2024,다사37b86b,to_ho_001,8
2024,다사37b87a,to_ho_001,5
2024,다사37b87b,to_ho_001,14
2024,다사37b91b,to_ho_001,5
2024,다사37b92a,to_ho_001,8
2024,다사38a00a,to_ho_001,5
2024,다사38a00b,to_ho_001,8
2024,다사38a01a,to_ho_001,23
2024,다사38a01b,to_ho_001,13
2024,다사38a02a,to_ho_001,23
2024,다사38a02b,to_ho_001,8
2024,다사38a03a,to_ho_001,5
2024,다사38a03b,to_ho_001,5
2024,다사38a06a,to_ho_001,0
2024,다사38a06b,to_ho_001,13
2024,다사38a07a,to_ho_001,23
2024,다사38a07b,to_ho_001,23
2024,다사38a08a,to_ho_001,5
2024,다사38a08b,to_ho_001,29
2024,다사38a09a,to_ho_001,5
2024,다사38a09b,to_ho_001,33
2024,다사38a10a,to_ho_001,13
2024,다사38a10b,to_ho_001,13
2024,다사38a11a,to_ho_001,23
2024,다사38a11b,to_ho_001,726
2024,다사38a12a,to_ho_001,291
2024,다사38a12b,to_ho_001,287
2024,다사38a13a,to_ho_001,5
2024,다사38a13b,to_ho_001,5
2024,다사38a14a,to_ho_001,8
2024,다사38a14b,to_ho_001,8
2024,다사38a15a,to_ho_001,8
2024,다사38a15b,to_ho_001,18
2024,다사38a16a,to_ho_001,23
2024,다사38a16b,to_ho_001,8
2024,다사38a18a,to_ho_001,18
2024,다사38a18b,to_ho_001,13
2024,다사38a20b,to_ho_001,5
2024,다사38a21a,to_ho_001,8
2024,다사38a23a,to_ho_001,0
2024,다사38a25a,to_ho_001,2889
2024,다사38a25b,to_ho_001,4292
2024,다사38a26a,to_ho_001,1907
2024,다사38a26b,to_ho_001,1363
2024,다사38a27a,to_ho_001,1710
2024,다사38a27b,to_ho_001,833
2024,다사38a28a,to_ho_001,5
2024,다사38a28b,to_ho_001,5
2024,다사38a29a,to_ho_001,5
2024,다사38a29b,to_ho_001,896
2024,다사38a30a,to_ho_001,1901
2024,다사38a30b,to_ho_001,83
2024,다사38a31a,to_ho_001,769
2024,다사38a31b,to_ho_001,666
2024,다사38a32b,to_ho_001,500
2024,다사38a33a,to_ho_001,299
2024,다사38a33b,to_ho_001,749
2024,다사38a37a,to_ho_001,2905
2024,다사38a37b,to_ho_001,2742
2024,다사38a38a,to_ho_001,2191
2024,다사38a38b,to_ho_001,1444
2024,다사38a39a,to_ho_001,534
2024,다사38a39b,to_ho_001,8
2024,다사38a40a,to_ho_001,5
2024,다사38a40b,to_ho_001,710
2024,다사38a41a,to_ho_001,2420
2024,다사38a41b,to_ho_001,2961
2024,다사38a42a,to_ho_001,3143
2024,다사38a42b,to_ho_001,2737
2024,다사38a43a,to_ho_001,981
2024,다사38a43b,to_ho_001,5
2024,다사38a45a,to_ho_001,5
2024,다사38a45b,to_ho_001,351
2024,다사38a46a,to_ho_001,1036
2024,다사38a46b,to_ho_001,2832
2024,다사38a47a,to_ho_001,3849
2024,다사38a47b,to_ho_001,3221
2024,다사38a48a,to_ho_001,560
2024,다사38a49a,to_ho_001,0
2024,다사38a53a,to_ho_001,90
2024,다사38a53b,to_ho_001,163
2024,다사38a54a,to_ho_001,118
2024,다사38a54b,to_ho_001,35
2024,다사38a58b,to_ho_001,5
2024,다사38a59a,to_ho_001,8
2024,다사38a61a,to_ho_001,24
2024,다사38a61b,to_ho_001,23
2024,다사38a62a,to_ho_001,332
2024,다사38a62b,to_ho_001,1036
2024,다사38a63a,to_ho_001,1597
2024,다사38a63b,to_ho_001,2837
2024,다사38a64a,to_ho_001,742
2024,다사38a64b,to_ho_001,224
2024,다사38a65a,to_ho_001,61
2024,다사38a65b,to_ho_001,50
2024,다사38a66a,to_ho_001,18
2024,다사38a66b,to_ho_001,33
2024,다사38a67a,to_ho_001,35
2024,다사38a67b,to_ho_001,28
2024,다사38a68a,to_ho_001,18
2024,다사38a68b,to_ho_001,5
2024,다사38a69a,to_ho_001,5
2024,다사38a69b,to_ho_001,13
2024,다사38a70a,to_ho_001,18
2024,다사38a70b,to_ho_001,8
2024,다사38a71a,to_ho_001,58
2024,다사38a71b,to_ho_001,1023
2024,다사38a72a,to_ho_001,5
2024,다사38a72b,to_ho_001,43
2024,다사38a73a,to_ho_001,59
2024,다사38a73b,to_ho_001,97
2024,다사38a74a,to_ho_001,36
2024,다사38a74b,to_ho_001,5
2024,다사38a75b,to_ho_001,13
2024,다사38a76b,to_ho_001,8
2024,다사38a77a,to_ho_001,5
2024,다사38a77b,to_ho_001,5
2024,다사38a78a,to_ho_001,8
2024,다사38a78b,to_ho_001,8
2024,다사38a79a,to_ho_001,5
2024,다사38a79b,to_ho_001,186
2024,다사38a80a,to_ho_001,5
2024,다사38a80b,to_ho_001,23
2024,다사38a81a,to_ho_001,13
2024,다사38a81b,to_ho_001,53
2024,다사38a82a,to_ho_001,38
2024,다사38a82b,to_ho_001,175
2024,다사38a83a,to_ho_001,182
2024,다사38a83b,to_ho_001,8
2024,다사38a84a,to_ho_001,5
2024,다사38a84b,to_ho_001,567
2024,다사38a85a,to_ho_001,1018
2024,다사38a85b,to_ho_001,76
2024,다사38a86b,to_ho_001,0
2024,다사38a87a,to_ho_001,8
2024,다사38a87b,to_ho_001,44
2024,다사38b00a,to_ho_001,23
2024,다사38b00b,to_ho_001,8
2024,다사38b01a,to_ho_001,8
2024,다사38b01b,to_ho_001,5
2024,다사38b02a,to_ho_001,5
2024,다사38b02b,to_ho_001,8
2024,다사38b03a,to_ho_001,8
2024,다사38b03b,to_ho_001,0
2024,다사38b04a,to_ho_001,5
2024,다사38b05b,to_ho_001,5
2024,다사38b07a,to_ho_001,28
2024,다사38b07b,to_ho_001,23
2024,다사38b08a,to_ho_001,5
2024,다사38b08b,to_ho_001,8
2024,다사38b09a,to_ho_001,5
2024,다사38b09b,to_ho_001,38
2024,다사38b11a,to_ho_001,5
2024,다사38b11b,to_ho_001,72
2024,다사38b12a,to_ho_001,55
2024,다사38b12b,to_ho_001,87
2024,다사38b13a,to_ho_001,65
2024,다사38b13b,to_ho_001,13
2024,다사38b14b,to_ho_001,33
2024,다사38b15a,to_ho_001,13
2024,다사38b15b,to_ho_001,5
2024,다사38b16a,to_ho_001,8
2024,다사38b16b,to_ho_001,8
2024,다사38b17b,to_ho_001,0
2024,다사38b18b,to_ho_001,5
2024,다사38b19a,to_ho_001,5
2024,다사38b19b,to_ho_001,18
2024,다사38b20a,to_ho_001,8
2024,다사38b20b,to_ho_001,8
2024,다사38b21a,to_ho_001,23
2024,다사38b22b,to_ho_001,0
2024,다사38b23a,to_ho_001,2022
2024,다사38b23b,to_ho_001,0
2024,다사38b24b,to_ho_001,417
2024,다사38b25a,to_ho_001,2022
2024,다사38b25b,to_ho_001,1080
2024,다사38b26a,to_ho_001,1127
2024,다사38b26b,to_ho_001,1465
2024,다사38b27a,to_ho_001,1249
2024,다사38b27b,to_ho_001,1759
2024,다사38b28a,to_ho_001,457
2024,다사38b28b,to_ho_001,5
2024,다사38b29a,to_ho_001,0
2024,다사38b29b,to_ho_001,863
2024,다사38b30a,to_ho_001,828
2024,다사38b30b,to_ho_001,1469
2024,다사38b31a,to_ho_001,418
2024,다사38b31b,to_ho_001,23
2024,다사38b32a,to_ho_001,8
2024,다사38b32b,to_ho_001,326
2024,다사38b33a,to_ho_001,686
2024,다사38b35a,to_ho_001,585
2024,다사38b35b,to_ho_001,618
2024,다사38b36a,to_ho_001,8
2024,다사38b36b,to_ho_001,28
2024,다사38b37a,to_ho_001,13
2024,다사38b37b,to_ho_001,1485
2024,다사38b38a,to_ho_001,516
2024,다사38b38b,to_ho_001,0
2024,다사38b39a,to_ho_001,8
2024,다사38b40a,to_ho_001,18
2024,다사38b40b,to_ho_001,2283
2024,다사38b41a,to_ho_001,2274
2024,다사38b41b,to_ho_001,2799
2024,다사38b42a,to_ho_001,2596
2024,다사38b42b,to_ho_001,2662
2024,다사38b43a,to_ho_001,3474
2024,다사38b43b,to_ho_001,997
2024,다사38b44a,to_ho_001,8
2024,다사38b44b,to_ho_001,0
2024,다사38b45a,to_ho_001,5
2024,다사38b45b,to_ho_001,1028
2024,다사38b46a,to_ho_001,1153
2024,다사38b46b,to_ho_001,2376
2024,다사38b47a,to_ho_001,3002
2024,다사38b47b,to_ho_001,2541
2024,다사38b48a,to_ho_001,1909
2024,다사38b51a,to_ho_001,323
2024,다사38b51b,to_ho_001,638
2024,다사38b52a,to_ho_001,1817
2024,다사38b52b,to_ho_001,3050
2024,다사38b53a,to_ho_001,496
2024,다사38b58a,to_ho_001,47
2024,다사38b58b,to_ho_001,29
2024,다사38b60a,to_ho_001,38
2024,다사38b60b,to_ho_001,18
2024,다사38b61a,to_ho_001,23
2024,다사38b61b,to_ho_001,13
2024,다사38b62a,to_ho_001,16
2024,다사38b62b,to_ho_001,218
2024,다사38b63a,to_ho_001,1347
2024,다사38b63b,to_ho_001,809
2024,다사38b64a,to_ho_001,333
2024,다사38b64b,to_ho_001,236
2024,다사38b65a,to_ho_001,283
2024,다사38b65b,to_ho_001,367
2024,다사38b66a,to_ho_001,33
2024,다사38b66b,to_ho_001,68
2024,다사38b67a,to_ho_001,13
2024,다사38b67b,to_ho_001,64
2024,다사38b68a,to_ho_001,8
2024,다사38b68b,to_ho_001,8
2024,다사38b69b,to_ho_001,5
2024,다사38b70a,to_ho_001,30
2024,다사38b70b,to_ho_001,103
2024,다사38b71a,to_ho_001,5
2024,다사38b71b,to_ho_001,895
2024,다사38b72a,to_ho_001,170
2024,다사38b72b,to_ho_001,18
2024,다사38b73a,to_ho_001,47
2024,다사38b73b,to_ho_001,18
2024,다사38b74a,to_ho_001,38
2024,다사38b76a,to_ho_001,48
2024,다사38b76b,to_ho_001,38
2024,다사38b77a,to_ho_001,5
2024,다사38b77b,to_ho_001,5
2024,다사38b78a,to_ho_001,39
2024,다사38b78b,to_ho_001,28
2024,다사38b79a,to_ho_001,8
2024,다사38b79b,to_ho_001,0
2024,다사38b80b,to_ho_001,13
2024,다사38b81a,to_ho_001,5
2024,다사38b81b,to_ho_001,18
2024,다사38b82b,to_ho_001,5
2024,다사38b83a,to_ho_001,13
2024,다사38b83b,to_ho_001,50
2024,다사38b84b,to_ho_001,34
2024,다사38b85a,to_ho_001,1594
2024,다사38b85b,to_ho_001,1003
2024,다사38b86a,to_ho_001,18
2024,다사38b86b,to_ho_001,13
2024,다사38b87a,to_ho_001,8
2024,다사38b87b,to_ho_001,13
2024,다사39a00a,to_ho_001,5
2024,다사39a00b,to_ho_001,8
2024,다사39a01a,to_ho_001,8
2024,다사39a01b,to_ho_001,23
2024,다사39a02a,to_ho_001,5
2024,다사39a03a,to_ho_001,28
2024,다사39a03b,to_ho_001,5
2024,다사39a04a,to_ho_001,5
2024,다사39a04b,to_ho_001,5
2024,다사39a05a,to_ho_001,8
2024,다사39a07a,to_ho_001,8
2024,다사39a07b,to_ho_001,23
2024,다사39a08b,to_ho_001,49
2024,다사39a09a,to_ho_001,18
2024,다사39a09b,to_ho_001,23
2024,다사39a10a,to_ho_001,0
2024,다사39a10b,to_ho_001,1254
2024,다사39a11a,to_ho_001,583
2024,다사39a12a,to_ho_001,217
2024,다사39a12b,to_ho_001,376
2024,다사39a13a,to_ho_001,33
2024,다사39a13b,to_ho_001,8
2024,다사39a14b,to_ho_001,5
2024,다사39a15a,to_ho_001,5
2024,다사39a17a,to_ho_001,8
2024,다사39a17b,to_ho_001,8
2024,다사39a18a,to_ho_001,8
2024,다사39a18b,to_ho_001,5
2024,다사39a19a,to_ho_001,48
2024,다사39a19b,to_ho_001,13
2024,다사39a20a,to_ho_001,8
2024,다사39a20b,to_ho_001,117
2024,다사39a21a,to_ho_001,1226
2024,다사39a21b,to_ho_001,685
2024,다사39a22a,to_ho_001,446
2024,다사39a22b,to_ho_001,1408
2024,다사39a23a,to_ho_001,1868
2024,다사39a23b,to_ho_001,1805
2024,다사39a24a,to_ho_001,305
2024,다사39a25b,to_ho_001,1355
2024,다사39a26a,to_ho_001,2836
2024,다사39a26b,to_ho_001,4156
2024,다사39a27a,to_ho_001,1756
2024,다사39a27b,to_ho_001,1344
2024,다사39a28b,to_ho_001,0
2024,다사39a29a,to_ho_001,28
2024,다사39a29b,to_ho_001,1831
2024,다사39a30a,to_ho_001,896
2024,다사39a30b,to_ho_001,445
2024,다사39a32a,to_ho_001,0
2024,다사39a32b,to_ho_001,999
2024,다사39a33a,to_ho_001,1391
2024,다사39a34b,to_ho_001,316
2024,다사39a35a,to_ho_001,1258
2024,다사39a35b,to_ho_001,609
2024,다사39a36a,to_ho_001,18
2024,다사39a36b,to_ho_001,8
2024,다사39a37a,to_ho_001,8
2024,다사39a37b,to_ho_001,13
2024,다사39a38a,to_ho_001,8
2024,다사39a38b,to_ho_001,18
2024,다사39a39a,to_ho_001,5
2024,다사39a39b,to_ho_001,8
2024,다사39a40a,to_ho_001,443
2024,다사39a40b,to_ho_001,1047
2024,다사39a41a,to_ho_001,1278
2024,다사39a41b,to_ho_001,1702
2024,다사39a42a,to_ho_001,2473
2024,다사39a42b,to_ho_001,2755
2024,다사39a43a,to_ho_001,2006
2024,다사39a43b,to_ho_001,3316
2024,다사39a44a,to_ho_001,5
2024,다사39a45a,to_ho_001,5
2024,다사39a45b,to_ho_001,250
2024,다사39a46a,to_ho_001,118
2024,다사39a46b,to_ho_001,537
2024,다사39a47a,to_ho_001,2732
2024,다사39a47b,to_ho_001,3200
2024,다사39a48a,to_ho_001,555
2024,다사39a50b,to_ho_001,667
2024,다사39a51a,to_ho_001,2082
2024,다사39a51b,to_ho_001,1387
2024,다사39a52a,to_ho_001,2427
2024,다사39a52b,to_ho_001,2556
2024,다사39a53a,to_ho_001,3785
2024,다사39a53b,to_ho_001,1228
2024,다사39a56a,to_ho_001,0
2024,다사39a58a,to_ho_001,13
2024,다사39a58b,to_ho_001,8
2024,다사39a59a,to_ho_001,0
2024,다사39a59b,to_ho_001,285
2024,다사39a60a,to_ho_001,87
2024,다사39a60b,to_ho_001,109
2024,다사39a61a,to_ho_001,28
2024,다사39a61b,to_ho_001,8
2024,다사39a62a,to_ho_001,8
2024,다사39a62b,to_ho_001,18
2024,다사39a63a,to_ho_001,53
2024,다사39a63b,to_ho_001,1777
2024,다사39a64a,to_ho_001,1553
2024,다사39a64b,to_ho_001,2419
2024,다사39a65a,to_ho_001,1203
2024,다사39a65b,to_ho_001,207
2024,다사39a66a,to_ho_001,28
2024,다사39a66b,to_ho_001,8
2024,다사39a67a,to_ho_001,5
2024,다사39a67b,to_ho_001,8
2024,다사39a68a,to_ho_001,8
2024,다사39a68b,to_ho_001,54
2024,다사39a69a,to_ho_001,40
2024,다사39a69b,to_ho_001,103
2024,다사39a70a,to_ho_001,394
2024,다사39a70b,to_ho_001,5
2024,다사39a71b,to_ho_001,702
2024,다사39a72a,to_ho_001,1480
2024,다사39a72b,to_ho_001,31
2024,다사39a73b,to_ho_001,64
2024,다사39a74a,to_ho_001,71
2024,다사39a74b,to_ho_001,0
2024,다사39a75b,to_ho_001,5
2024,다사39a76a,to_ho_001,8
2024,다사39a76b,to_ho_001,33
2024,다사39a77a,to_ho_001,0
2024,다사39a78a,to_ho_001,13
2024,다사39a78b,to_ho_001,23
2024,다사39a79a,to_ho_001,18
2024,다사39a79b,to_ho_001,0
2024,다사39a80a,to_ho_001,8
2024,다사39a80b,to_ho_001,126
2024,다사39a81a,to_ho_001,15
2024,다사39a83a,to_ho_001,5
2024,다사39a83b,to_ho_001,70
2024,다사39a84a,to_ho_001,34
2024,다사39a84b,to_ho_001,18
2024,다사39a85a,to_ho_001,67
2024,다사39a85b,to_ho_001,119
2024,다사39a86a,to_ho_001,18
2024,다사39a86b,to_ho_001,5
2024,다사39a87a,to_ho_001,5
2024,다사39a87b,to_ho_001,13
2024,다사39b00a,to_ho_001,19
2024,다사39b00b,to_ho_001,18
2024,다사39b01a,to_ho_001,23
2024,다사39b01b,to_ho_001,8
2024,다사39b02a,to_ho_001,13
2024,다사39b02b,to_ho_001,8
2024,다사39b03a,to_ho_001,18
2024,다사39b03b,to_ho_001,5
2024,다사39b04a,to_ho_001,8
2024,다사39b04b,to_ho_001,5
2024,다사39b05a,to_ho_001,5
2024,다사39b07a,to_ho_001,8
2024,다사39b07b,to_ho_001,5
2024,다사39b08a,to_ho_001,18
2024,다사39b08b,to_ho_001,18
2024,다사39b09a,to_ho_001,13
2024,다사39b09b,to_ho_001,8
2024,다사39b10a,to_ho_001,56
2024,다사39b10b,to_ho_001,1547
2024,다사39b11a,to_ho_001,1450
2024,다사39b11b,to_ho_001,871
2024,다사39b12a,to_ho_001,296
2024,다사39b12b,to_ho_001,823
2024,다사39b13a,to_ho_001,8
2024,다사39b13b,to_ho_001,50
2024,다사39b14a,to_ho_001,13
2024,다사39b15a,to_ho_001,8
2024,다사39b16a,to_ho_001,5
2024,다사39b16b,to_ho_001,8
2024,다사39b17a,to_ho_001,38
2024,다사39b17b,to_ho_001,18
2024,다사39b18a,to_ho_001,5
2024,다사39b18b,to_ho_001,18
2024,다사39b19a,to_ho_001,8
2024,다사39b19b,to_ho_001,8
2024,다사39b20a,to_ho_001,1012
2024,다사39b20b,to_ho_001,1573
2024,다사39b21a,to_ho_001,1416
2024,다사39b21b,to_ho_001,701
2024,다사39b22a,to_ho_001,1463
2024,다사39b22b,to_ho_001,513
2024,다사39b23a,to_ho_001,2306
2024,다사39b23b,to_ho_001,1859
2024,다사39b24a,to_ho_001,299
2024,다사39b24b,to_ho_001,44
2024,다사39b25a,to_ho_001,1556
2024,다사39b25b,to_ho_001,773
2024,다사39b26a,to_ho_001,1532
2024,다사39b26b,to_ho_001,969
2024,다사39b27a,to_ho_001,1699
2024,다사39b27b,to_ho_001,1463
2024,다사39b28a,to_ho_001,5
2024,다사39b28b,to_ho_001,8
2024,다사39b29a,to_ho_001,18
2024,다사39b29b,to_ho_001,204
2024,다사39b30a,to_ho_001,23
2024,다사39b31a,to_ho_001,0
2024,다사39b31b,to_ho_001,8
2024,다사39b32a,to_ho_001,8
2024,다사39b33b,to_ho_001,8
2024,다사39b34a,to_ho_001,8
2024,다사39b34b,to_ho_001,861
2024,다사39b35a,to_ho_001,86
2024,다사39b35b,to_ho_001,8
2024,다사39b36b,to_ho_001,0
2024,다사39b38a,to_ho_001,8
2024,다사39b38b,to_ho_001,13
2024,다사39b39a,to_ho_001,13
2024,다사39b39b,to_ho_001,18
2024,다사39b40a,to_ho_001,205
2024,다사39b40b,to_ho_001,2149
2024,다사39b41a,to_ho_001,1171
2024,다사39b41b,to_ho_001,1012
2024,다사39b42a,to_ho_001,587
2024,다사39b42b,to_ho_001,2041
2024,다사39b43a,to_ho_001,2161
2024,다사39b43b,to_ho_001,1608
2024,다사39b44a,to_ho_001,1097
2024,다사39b44b,to_ho_001,126
2024,다사39b45a,to_ho_001,0
2024,다사39b46a,to_ho_001,59
2024,다사39b46b,to_ho_001,368
2024,다사39b47a,to_ho_001,622
2024,다사39b47b,to_ho_001,2896
2024,다사39b48a,to_ho_001,1584
2024,다사39b48b,to_ho_001,8
2024,다사39b49b,to_ho_001,0
2024,다사39b50b,to_ho_001,482
2024,다사39b51a,to_ho_001,2130
2024,다사39b51b,to_ho_001,3193
2024,다사39b52a,to_ho_001,1985
2024,다사39b52b,to_ho_001,3398
2024,다사39b53a,to_ho_001,2686
2024,다사39b53b,to_ho_001,584
2024,다사39b55b,to_ho_001,52
2024,다사39b56a,to_ho_001,70
2024,다사39b56b,to_ho_001,5
2024,다사39b58a,to_ho_001,716
2024,다사39b58b,to_ho_001,2829
2024,다사39b59b,to_ho_001,144
2024,다사39b60a,to_ho_001,174
2024,다사39b60b,to_ho_001,23
2024,다사39b61a,to_ho_001,5
2024,다사39b61b,to_ho_001,5
2024,다사39b62a,to_ho_001,8
2024,다사39b62b,to_ho_001,8
2024,다사39b63a,to_ho_001,42
2024,다사39b63b,to_ho_001,5
2024,다사39b64a,to_ho_001,23
2024,다사39b64b,to_ho_001,1772
2024,다사39b65a,to_ho_001,915
2024,다사39b65b,to_ho_001,0
2024,다사39b66a,to_ho_001,0
2024,다사39b66b,to_ho_001,18
2024,다사39b67a,to_ho_001,82
2024,다사39b67b,to_ho_001,261
2024,다사39b68a,to_ho_001,50
2024,다사39b68b,to_ho_001,23
2024,다사39b69a,to_ho_001,23
2024,다사39b69b,to_ho_001,1391
2024,다사39b70a,to_ho_001,590
2024,다사39b71b,to_ho_001,539
2024,다사39b72a,to_ho_001,15
2024,다사39b72b,to_ho_001,5
2024,다사39b74a,to_ho_001,18
2024,다사39b74b,to_ho_001,8
2024,다사39b76a,to_ho_001,19
2024,다사39b76b,to_ho_001,28
2024,다사39b77b,to_ho_001,11
2024,다사39b78a,to_ho_001,5
2024,다사39b78b,to_ho_001,8
2024,다사39b80b,to_ho_001,5
2024,다사39b81a,to_ho_001,362
2024,다사39b81b,to_ho_001,201
2024,다사39b82a,to_ho_001,18
2024,다사39b82b,to_ho_001,0
2024,다사39b83a,to_ho_001,5
2024,다사39b83b,to_ho_001,65
2024,다사39b84a,to_ho_001,41
2024,다사39b85a,to_ho_001,72
2024,다사39b85b,to_ho_001,13
2024,다사39b86a,to_ho_001,0
2024,다사39b86b,to_ho_001,18
2024,다사39b87a,to_ho_001,8
2024,다사39b87b,to_ho_001,8
2024,다사39b88a,to_ho_001,14
2024,다사40a00a,to_ho_001,0
2024,다사40a00b,to_ho_001,5
2024,다사40a01a,to_ho_001,8
2024,다사40a02a,to_ho_001,18
2024,다사40a02b,to_ho_001,0
2024,다사40a03b,to_ho_001,18
2024,다사40a04a,to_ho_001,5
2024,다사40a04b,to_ho_001,8
2024,다사40a05a,to_ho_001,8
2024,다사40a06b,to_ho_001,5
2024,다사40a07a,to_ho_001,5
2024,다사40a07b,to_ho_001,0
2024,다사40a08a,to_ho_001,43
2024,다사40a08b,to_ho_001,23
2024,다사40a09a,to_ho_001,38
2024,다사40a09b,to_ho_001,5
2024,다사40a10a,to_ho_001,53
2024,다사40a10b,to_ho_001,258
2024,다사40a11a,to_ho_001,428
2024,다사40a11b,to_ho_001,397
2024,다사40a12a,to_ho_001,593
2024,다사40a12b,to_ho_001,362
2024,다사40a13a,to_ho_001,5
2024,다사40a13b,to_ho_001,18
2024,다사40a14a,to_ho_001,8
2024,다사40a14b,to_ho_001,0
2024,다사40a15a,to_ho_001,0
2024,다사40a16a,to_ho_001,0
2024,다사40a16b,to_ho_001,5
2024,다사40a17a,to_ho_001,5
2024,다사40a18a,to_ho_001,18
2024,다사40a18b,to_ho_001,8
2024,다사40a19a,to_ho_001,38
2024,다사40a19b,to_ho_001,747
2024,다사40a20a,to_ho_001,1051
2024,다사40a20b,to_ho_001,872
2024,다사40a21b,to_ho_001,379
2024,다사40a22a,to_ho_001,818
2024,다사40a23a,to_ho_001,1361
2024,다사40a23b,to_ho_001,1224
2024,다사40a24a,to_ho_001,586
2024,다사40a24b,to_ho_001,279
2024,다사40a25a,to_ho_001,1295
2024,다사40a25b,to_ho_001,1145
2024,다사40a26a,to_ho_001,1589
2024,다사40a26b,to_ho_001,628
2024,다사40a27a,to_ho_001,1159
2024,다사40a27b,to_ho_001,500
2024,다사40a28a,to_ho_001,5
2024,다사40a28b,to_ho_001,5
2024,다사40a29a,to_ho_001,8
2024,다사40a30a,to_ho_001,8
2024,다사40a31b,to_ho_001,8
2024,다사40a32a,to_ho_001,13
2024,다사40a32b,to_ho_001,5
2024,다사40a33a,to_ho_001,5
2024,다사40a33b,to_ho_001,13
2024,다사40a34a,to_ho_001,18
2024,다사40a34b,to_ho_001,5
2024,다사40a35a,to_ho_001,0
2024,다사40a35b,to_ho_001,5
2024,다사40a36a,to_ho_001,0
2024,다사40a36b,to_ho_001,0
2024,다사40a37b,to_ho_001,5
2024,다사40a38a,to_ho_001,8
2024,다사40a38b,to_ho_001,5
2024,다사40a39a,to_ho_001,5
2024,다사40a39b,to_ho_001,8
2024,다사40a40a,to_ho_001,211
2024,다사40a40b,to_ho_001,2474
2024,다사40a41a,to_ho_001,252
2024,다사40a41b,to_ho_001,28
2024,다사40a42a,to_ho_001,1989
2024,다사40a42b,to_ho_001,1557
2024,다사40a43a,to_ho_001,599
2024,다사40a43b,to_ho_001,1747
2024,다사40a44a,to_ho_001,1063
2024,다사40a44b,to_ho_001,189
2024,다사40a45a,to_ho_001,0
2024,다사40a46a,to_ho_001,148
2024,다사40a46b,to_ho_001,20
2024,다사40a47a,to_ho_001,1980
2024,다사40a47b,to_ho_001,3453
2024,다사40a48a,to_ho_001,1737
2024,다사40a48b,to_ho_001,866
2024,다사40a49a,to_ho_001,577
2024,다사40a49b,to_ho_001,337
2024,다사40a50a,to_ho_001,2032
2024,다사40a50b,to_ho_001,956
2024,다사40a51a,to_ho_001,1490
2024,다사40a51b,to_ho_001,1089
2024,다사40a52a,to_ho_001,2280
2024,다사40a52b,to_ho_001,1581
2024,다사40a55b,to_ho_001,13
2024,다사40a56a,to_ho_001,18
2024,다사40a56b,to_ho_001,69
2024,다사40a57b,to_ho_001,397
2024,다사40a58a,to_ho_001,2121
2024,다사40a58b,to_ho_001,2613
2024,다사40a59a,to_ho_001,1153
2024,다사40a59b,to_ho_001,0
2024,다사40a60a,to_ho_001,71
2024,다사40a60b,to_ho_001,28
2024,다사40a61a,to_ho_001,13
2024,다사40a61b,to_ho_001,23
2024,다사40a62a,to_ho_001,8
2024,다사40a63b,to_ho_001,0
2024,다사40a64a,to_ho_001,5
2024,다사40a64b,to_ho_001,8
2024,다사40a65a,to_ho_001,105
2024,다사40a65b,to_ho_001,74
2024,다사40a66b,to_ho_001,8
2024,다사40a67a,to_ho_001,183
2024,다사40a67b,to_ho_001,64
2024,다사40a68a,to_ho_001,8
2024,다사40a68b,to_ho_001,18
2024,다사40a69a,to_ho_001,35
2024,다사40a69b,to_ho_001,119
2024,다사40a70b,to_ho_001,140
2024,다사40a71a,to_ho_001,181
2024,다사40a71b,to_ho_001,47
2024,다사40a72b,to_ho_001,8
2024,다사40a73a,to_ho_001,25
2024,다사40a74a,to_ho_001,78
2024,다사40a74b,to_ho_001,13
2024,다사40a76a,to_ho_001,18
2024,다사40a76b,to_ho_001,63
2024,다사40a77a,to_ho_001,8
2024,다사40a77b,to_ho_001,5
2024,다사40a78a,to_ho_001,8
2024,다사40a78b,to_ho_001,29
2024,다사40a79a,to_ho_001,5
2024,다사40a79b,to_ho_001,18
2024,다사40a80a,to_ho_001,23
2024,다사40a81a,to_ho_001,13
2024,다사40a81b,to_ho_001,716
2024,다사40a82a,to_ho_001,8
2024,다사40a83a,to_ho_001,13
2024,다사40a83b,to_ho_001,13
2024,다사40a84a,to_ho_001,5
2024,다사40a84b,to_ho_001,5
2024,다사40a85a,to_ho_001,25
2024,다사40a85b,to_ho_001,5
2024,다사40a87a,to_ho_001,23
2024,다사40a87b,to_ho_001,38
2024,다사40a88a,to_ho_001,38
2024,다사40a88b,to_ho_001,23
2024,다사40b00a,to_ho_001,5
2024,다사40b00b,to_ho_001,5
2024,다사40b01a,to_ho_001,5
2024,다사40b01b,to_ho_001,5
2024,다사40b02a,to_ho_001,13
2024,다사40b02b,to_ho_001,13
2024,다사40b03a,to_ho_001,8
2024,다사40b03b,to_ho_001,38
2024,다사40b04a,to_ho_001,5
2024,다사40b04b,to_ho_001,23
2024,다사40b05a,to_ho_001,5
2024,다사40b07a,to_ho_001,0
2024,다사40b07b,to_ho_001,18
2024,다사40b08a,to_ho_001,23
2024,다사40b08b,to_ho_001,33
2024,다사40b09a,to_ho_001,28
2024,다사40b09b,to_ho_001,34
2024,다사40b10a,to_ho_001,1845
2024,다사40b10b,to_ho_001,173
2024,다사40b11a,to_ho_001,18
2024,다사40b11b,to_ho_001,88
2024,다사40b12a,to_ho_001,1856
2024,다사40b12b,to_ho_001,1019
2024,다사40b13a,to_ho_001,532
2024,다사40b13b,to_ho_001,57
2024,다사40b14b,to_ho_001,0
2024,다사40b16a,to_ho_001,33
2024,다사40b16b,to_ho_001,13
2024,다사40b18b,to_ho_001,5
2024,다사40b19b,to_ho_001,524
2024,다사40b20a,to_ho_001,3695
2024,다사40b20b,to_ho_001,2066
2024,다사40b23a,to_ho_001,2426
2024,다사40b23b,to_ho_001,966
2024,다사40b24a,to_ho_001,221
2024,다사40b24b,to_ho_001,0
2024,다사40b25a,to_ho_001,210
2024,다사40b25b,to_ho_001,998
2024,다사40b26a,to_ho_001,1308
2024,다사40b26b,to_ho_001,983
2024,다사40b27a,to_ho_001,572
2024,다사40b27b,to_ho_001,5
2024,다사40b28a,to_ho_001,0
2024,다사40b28b,to_ho_001,5
2024,다사40b29a,to_ho_001,41
2024,다사40b29b,to_ho_001,5
2024,다사40b30a,to_ho_001,8
2024,다사40b30b,to_ho_001,8
2024,다사40b31a,to_ho_001,13
2024,다사40b31b,to_ho_001,5
2024,다사40b32a,to_ho_001,8
2024,다사40b32b,to_ho_001,0
2024,다사40b33a,to_ho_001,0
2024,다사40b33b,to_ho_001,8
2024,다사40b34a,to_ho_001,5
2024,다사40b36a,to_ho_001,0
2024,다사40b36b,to_ho_001,8
2024,다사40b37a,to_ho_001,37
2024,다사40b37b,to_ho_001,5
2024,다사40b38a,to_ho_001,13
2024,다사40b38b,to_ho_001,40
2024,다사40b39a,to_ho_001,8
2024,다사40b39b,to_ho_001,23
2024,다사40b40a,to_ho_001,31
2024,다사40b40b,to_ho_001,367
2024,다사40b41a,to_ho_001,8
2024,다사40b41b,to_ho_001,5
2024,다사40b42a,to_ho_001,54
2024,다사40b42b,to_ho_001,0
2024,다사40b43a,to_ho_001,855
2024,다사40b43b,to_ho_001,921
2024,다사40b44a,to_ho_001,2224
2024,다사40b44b,to_ho_001,1523
2024,다사40b45a,to_ho_001,5
2024,다사40b45b,to_ho_001,623
2024,다사40b46a,to_ho_001,1717
2024,다사40b46b,to_ho_001,741
2024,다사40b47a,to_ho_001,2329
2024,다사40b47b,to_ho_001,29
2024,다사40b48a,to_ho_001,1777
2024,다사40b48b,to_ho_001,2345
2024,다사40b49a,to_ho_001,1958
2024,다사40b49b,to_ho_001,1764
2024,다사40b50a,to_ho_001,749
2024,다사40b50b,to_ho_001,3426
2024,다사40b51a,to_ho_001,661
2024,다사40b55b,to_ho_001,77
2024,다사40b56a,to_ho_001,13
2024,다사40b57a,to_ho_001,689
2024,다사40b57b,to_ho_001,1242
2024,다사40b58a,to_ho_001,1777
2024,다사40b58b,to_ho_001,876
2024,다사40b59a,to_ho_001,3064
2024,다사40b59b,to_ho_001,1990
2024,다사40b60a,to_ho_001,583
2024,다사40b60b,to_ho_001,238
2024,다사40b61a,to_ho_001,254
2024,다사40b61b,to_ho_001,5
2024,다사40b62a,to_ho_001,254
2024,다사40b62b,to_ho_001,287
2024,다사40b63b,to_ho_001,5
2024,다사40b66a,to_ho_001,5
2024,다사40b66b,to_ho_001,5
2024,다사40b67a,to_ho_001,68
2024,다사40b67b,to_ho_001,8
2024,다사40b68a,to_ho_001,13
2024,다사40b68b,to_ho_001,43
2024,다사40b69a,to_ho_001,23
2024,다사40b70b,to_ho_001,398
2024,다사40b71a,to_ho_001,47
2024,다사40b73a,to_ho_001,35
2024,다사40b73b,to_ho_001,13
2024,다사40b74a,to_ho_001,13
2024,다사40b74b,to_ho_001,54
2024,다사40b75a,to_ho_001,60
2024,다사40b76a,to_ho_001,0
2024,다사40b76b,to_ho_001,8
2024,다사40b78a,to_ho_001,0
2024,다사40b79a,to_ho_001,0
2024,다사40b80a,to_ho_001,8
2024,다사40b80b,to_ho_001,13
2024,다사40b81a,to_ho_001,0
2024,다사40b81b,to_ho_001,12
2024,다사40b82a,to_ho_001,8
2024,다사40b82b,to_ho_001,5
2024,다사40b83a,to_ho_001,5
2024,다사40b83b,to_ho_001,8
2024,다사40b84a,to_ho_001,5
2024,다사40b84b,to_ho_001,18
2024,다사40b85a,to_ho_001,62
2024,다사40b85b,to_ho_001,8
2024,다사40b86a,to_ho_001,5
2024,다사40b89b,to_ho_001,28
2024,다사40b90a,to_ho_001,8
2024,다사41a00a,to_ho_001,99
2024,다사41a01a,to_ho_001,0
2024,다사41a01b,to_ho_001,5
2024,다사41a02a,to_ho_001,13
2024,다사41a02b,to_ho_001,5
2024,다사41a03a,to_ho_001,8
2024,다사41a03b,to_ho_001,54
2024,다사41a04a,to_ho_001,18
2024,다사41a04b,to_ho_001,8
2024,다사41a05a,to_ho_001,30
2024,다사41a05b,to_ho_001,8
2024,다사41a07a,to_ho_001,0
2024,다사41a07b,to_ho_001,5
2024,다사41a08a,to_ho_001,5
2024,다사41a08b,to_ho_001,39
2024,다사41a09a,to_ho_001,23
2024,다사41a09b,to_ho_001,13
2024,다사41a10a,to_ho_001,28
2024,다사41a10b,to_ho_001,902
2024,다사41a11b,to_ho_001,260
2024,다사41a12a,to_ho_001,607
2024,다사41a12b,to_ho_001,605
2024,다사41a13a,to_ho_001,8
2024,다사41a13b,to_ho_001,8
2024,다사41a14a,to_ho_001,8
2024,다사41a16a,to_ho_001,0
2024,다사41a16b,to_ho_001,38
2024,다사41a17a,to_ho_001,8
2024,다사41a17b,to_ho_001,5
2024,다사41a19a,to_ho_001,7
2024,다사41a19b,to_ho_001,196
2024,다사41a22a,to_ho_001,146
2024,다사41a22b,to_ho_001,326
2024,다사41a23a,to_ho_001,1312
2024,다사41a23b,to_ho_001,2032
2024,다사41a24a,to_ho_001,503
2024,다사41a24b,to_ho_001,2026
2024,다사41a25a,to_ho_001,2390
2024,다사41a25b,to_ho_001,1415
2024,다사41a26a,to_ho_001,45
2024,다사41a27a,to_ho_001,0
2024,다사41a27b,to_ho_001,5
2024,다사41a29b,to_ho_001,0
2024,다사41a30a,to_ho_001,5
2024,다사41a31b,to_ho_001,0
2024,다사41a32a,to_ho_001,8
2024,다사41a33a,to_ho_001,8
2024,다사41a33b,to_ho_001,8
2024,다사41a34a,to_ho_001,5
2024,다사41a34b,to_ho_001,5
2024,다사41a35a,to_ho_001,8
2024,다사41a35b,to_ho_001,13
2024,다사41a36a,to_ho_001,18
2024,다사41a36b,to_ho_001,23
2024,다사41a37a,to_ho_001,33
2024,다사41a37b,to_ho_001,23
2024,다사41a38a,to_ho_001,5
2024,다사41a38b,to_ho_001,13
2024,다사41a39a,to_ho_001,8
2024,다사41a39b,to_ho_001,8
2024,다사41a40a,to_ho_001,28
2024,다사41a40b,to_ho_001,5
2024,다사41a41a,to_ho_001,8
2024,다사41a41b,to_ho_001,20
2024,다사41a42b,to_ho_001,383
2024,다사41a43a,to_ho_001,1242
2024,다사41a43b,to_ho_001,598
2024,다사41a44a,to_ho_001,1677
2024,다사41a44b,to_ho_001,370
2024,다사41a45a,to_ho_001,533
2024,다사41a45b,to_ho_001,385
2024,다사41a46a,to_ho_001,1843
2024,다사41a46b,to_ho_001,2714
2024,다사41a47a,to_ho_001,2773
2024,다사41a47b,to_ho_001,2076
2024,다사41a48a,to_ho_001,2634
2024,다사41a48b,to_ho_001,2712
2024,다사41a49a,to_ho_001,3101
2024,다사41a49b,to_ho_001,3712
2024,다사41a50a,to_ho_001,2948
2024,다사41a50b,to_ho_001,1152
2024,다사41a51a,to_ho_001,50
2024,다사41a53a,to_ho_001,133
2024,다사41a57a,to_ho_001,904
2024,다사41a57b,to_ho_001,874
2024,다사41a58a,to_ho_001,2874
2024,다사41a58b,to_ho_001,3097
2024,다사41a59a,to_ho_001,2928
2024,다사41a59b,to_ho_001,1809
2024,다사41a60a,to_ho_001,1047
2024,다사41a60b,to_ho_001,3041
2024,다사41a61a,to_ho_001,1479
2024,다사41a61b,to_ho_001,2379
2024,다사41a62a,to_ho_001,1764
2024,다사41a62b,to_ho_001,1526
2024,다사41a63a,to_ho_001,422
2024,다사41a63b,to_ho_001,5
2024,다사41a65b,to_ho_001,5
2024,다사41a66a,to_ho_001,125
2024,다사41a66b,to_ho_001,51
2024,다사41a67a,to_ho_001,13
2024,다사41a68a,to_ho_001,18
2024,다사41a68b,to_ho_001,38
2024,다사41a69a,to_ho_001,8
2024,다사41a69b,to_ho_001,13
2024,다사41a70a,to_ho_001,8
2024,다사41a70b,to_ho_001,42
2024,다사41a71a,to_ho_001,8
2024,다사41a72b,to_ho_001,5
2024,다사41a73b,to_ho_001,5
2024,다사41a74b,to_ho_001,8
2024,다사41a75a,to_ho_001,149
2024,다사41a75b,to_ho_001,0
2024,다사41a76a,to_ho_001,18
2024,다사41a76b,to_ho_001,0
2024,다사41a78a,to_ho_001,8
2024,다사41a78b,to_ho_001,33
2024,다사41a79a,to_ho_001,0
2024,다사41a79b,to_ho_001,18
2024,다사41a80a,to_ho_001,8
2024,다사41a80b,to_ho_001,18
2024,다사41a81a,to_ho_001,258
2024,다사41a81b,to_ho_001,462
2024,다사41a82a,to_ho_001,8
2024,다사41a83a,to_ho_001,5
2024,다사41a83b,to_ho_001,8
2024,다사41a84a,to_ho_001,5
2024,다사41a84b,to_ho_001,8
2024,다사41a85a,to_ho_001,0
2024,다사41a88a,to_ho_001,5
2024,다사41a90a,to_ho_001,5
2024,다사41a90b,to_ho_001,8
2024,다사41a92a,to_ho_001,18
2024,다사41a92b,to_ho_001,29
2024,다사41a93a,to_ho_001,0
2024,다사41b00a,to_ho_001,8
2024,다사41b00b,to_ho_001,18
2024,다사41b01b,to_ho_001,0
2024,다사41b02a,to_ho_001,0
2024,다사41b03a,to_ho_001,5
2024,다사41b03b,to_ho_001,39
2024,다사41b04a,to_ho_001,49
2024,다사41b04b,to_ho_001,8
2024,다사41b05a,to_ho_001,13
2024,다사41b07a,to_ho_001,0
2024,다사41b07b,to_ho_001,13
2024,다사41b08a,to_ho_001,8
2024,다사41b08b,to_ho_001,13
2024,다사41b09a,to_ho_001,13
2024,다사41b09b,to_ho_001,21
2024,다사41b10a,to_ho_001,8
2024,다사41b10b,to_ho_001,5
2024,다사41b11a,to_ho_001,5
2024,다사41b11b,to_ho_001,1428
2024,다사41b12a,to_ho_001,232
2024,다사41b12b,to_ho_001,8
2024,다사41b13a,to_ho_001,13
2024,다사41b13b,to_ho_001,5
2024,다사41b14a,to_ho_001,8
2024,다사41b15b,to_ho_001,8
2024,다사41b16a,to_ho_001,5
2024,다사41b16b,to_ho_001,5
2024,다사41b17a,to_ho_001,5
2024,다사41b17b,to_ho_001,13
2024,다사41b18a,to_ho_001,51
2024,다사41b20b,to_ho_001,146
2024,다사41b21a,to_ho_001,621
2024,다사41b21b,to_ho_001,445
2024,다사41b22a,to_ho_001,527
2024,다사41b22b,to_ho_001,977
2024,다사41b23a,to_ho_001,998
2024,다사41b23b,to_ho_001,1338
2024,다사41b24a,to_ho_001,133
2024,다사41b24b,to_ho_001,1854
2024,다사41b25a,to_ho_001,3245
2024,다사41b25b,to_ho_001,1894
2024,다사41b26a,to_ho_001,1010
2024,다사41b26b,to_ho_001,723
2024,다사41b27b,to_ho_001,0
2024,다사41b28b,to_ho_001,23
2024,다사41b30b,to_ho_001,1865
2024,다사41b31a,to_ho_001,154
2024,다사41b31b,to_ho_001,28
2024,다사41b32a,to_ho_001,5
2024,다사41b32b,to_ho_001,18
2024,다사41b34a,to_ho_001,5
2024,다사41b35a,to_ho_001,38
2024,다사41b35b,to_ho_001,18
2024,다사41b36a,to_ho_001,8
2024,다사41b36b,to_ho_001,5
2024,다사41b37a,to_ho_001,0
2024,다사41b37b,to_ho_001,18
2024,다사41b38a,to_ho_001,5
2024,다사41b38b,to_ho_001,0
2024,다사41b39a,to_ho_001,0
2024,다사41b39b,to_ho_001,5
2024,다사41b40a,to_ho_001,0
2024,다사41b41a,to_ho_001,24
2024,다사41b41b,to_ho_001,32
2024,다사41b42a,to_ho_001,1433
2024,다사41b42b,to_ho_001,2000
2024,다사41b43a,to_ho_001,1191
2024,다사41b43b,to_ho_001,2682
2024,다사41b44a,to_ho_001,1804
2024,다사41b44b,to_ho_001,2996
2024,다사41b45a,to_ho_001,741
2024,다사41b45b,to_ho_001,1142
2024,다사41b46a,to_ho_001,3200
2024,다사41b46b,to_ho_001,3265
2024,다사41b47a,to_ho_001,3303
2024,다사41b47b,to_ho_001,3105
2024,다사41b48a,to_ho_001,4591
2024,다사41b48b,to_ho_001,3962
2024,다사41b49a,to_ho_001,2866
2024,다사41b49b,to_ho_001,3724
2024,다사41b50a,to_ho_001,2990
2024,다사41b50b,to_ho_001,3814
2024,다사41b51a,to_ho_001,1625
2024,다사41b51b,to_ho_001,3338
2024,다사41b52a,to_ho_001,702
2024,다사41b52b,to_ho_001,990
2024,다사41b53a,to_ho_001,428
2024,다사41b56a,to_ho_001,5
2024,다사41b56b,to_ho_001,0
2024,다사41b57a,to_ho_001,2370
2024,다사41b57b,to_ho_001,3174
2024,다사41b58a,to_ho_001,4102
2024,다사41b58b,to_ho_001,3849
2024,다사41b59a,to_ho_001,556
2024,다사41b59b,to_ho_001,72
2024,다사41b60a,to_ho_001,346
2024,다사41b60b,to_ho_001,814
2024,다사41b61a,to_ho_001,706
2024,다사41b61b,to_ho_001,2233
2024,다사41b62a,to_ho_001,3223
2024,다사41b62b,to_ho_001,1904
2024,다사41b63a,to_ho_001,8
2024,다사41b64a,to_ho_001,8
2024,다사41b64b,to_ho_001,0
2024,다사41b65a,to_ho_001,0
2024,다사41b65b,to_ho_001,5
2024,다사41b66a,to_ho_001,233
2024,다사41b66b,to_ho_001,561
2024,다사41b67a,to_ho_001,23
2024,다사41b67b,to_ho_001,39
2024,다사41b68a,to_ho_001,5
2024,다사41b68b,to_ho_001,8
2024,다사41b69a,to_ho_001,8
2024,다사41b69b,to_ho_001,90
2024,다사41b70a,to_ho_001,349
2024,다사41b70b,to_ho_001,13
2024,다사41b72a,to_ho_001,5
2024,다사41b72b,to_ho_001,111
2024,다사41b73a,to_ho_001,18
2024,다사41b73b,to_ho_001,23
2024,다사41b74b,to_ho_001,15
2024,다사41b75a,to_ho_001,0
2024,다사41b75b,to_ho_001,5
2024,다사41b76a,to_ho_001,18
2024,다사41b76b,to_ho_001,33
2024,다사41b77a,to_ho_001,8
2024,다사41b77b,to_ho_001,13
2024,다사41b78a,to_ho_001,0
2024,다사41b80a,to_ho_001,5
2024,다사41b80b,to_ho_001,166
2024,다사41b81a,to_ho_001,397
2024,다사41b81b,to_ho_001,13
2024,다사41b82a,to_ho_001,5
2024,다사41b83b,to_ho_001,8
2024,다사41b84a,to_ho_001,0
2024,다사41b84b,to_ho_001,30
2024,다사41b85a,to_ho_001,8
2024,다사41b85b,to_ho_001,0
2024,다사41b86a,to_ho_001,8
2024,다사41b86b,to_ho_001,13
2024,다사41b87a,to_ho_001,5
2024,다사41b88a,to_ho_001,8
2024,다사41b88b,to_ho_001,8
2024,다사41b89a,to_ho_001,43
2024,다사41b89b,to_ho_001,40
2024,다사41b90b,to_ho_001,5
2024,다사41b91a,to_ho_001,8
2024,다사41b91b,to_ho_001,5
2024,다사41b92a,to_ho_001,24
2024,다사41b92b,to_ho_001,28
2024,다사41b93a,to_ho_001,44
2024,다사41b93b,to_ho_001,169
2024,다사41b94a,to_ho_001,128
2024,다사41b94b,to_ho_001,8
2024,다사41b95a,to_ho_001,5
2024,다사42a00a,to_ho_001,5
2024,다사42a00b,to_ho_001,38
2024,다사42a01a,to_ho_001,8
2024,다사42a02b,to_ho_001,0
2024,다사42a03a,to_ho_001,0
2024,다사42a03b,to_ho_001,8
2024,다사42a04a,to_ho_001,5
2024,다사42a06a,to_ho_001,8
2024,다사42a06b,to_ho_001,8
2024,다사42a07b,to_ho_001,5
2024,다사42a08a,to_ho_001,13
2024,다사42a08b,to_ho_001,8
2024,다사42a09a,to_ho_001,13
2024,다사42a09b,to_ho_001,24
2024,다사42a10a,to_ho_001,5
2024,다사42a10b,to_ho_001,5
2024,다사42a11a,to_ho_001,5
2024,다사42a13a,to_ho_001,5
2024,다사42a15a,to_ho_001,23
2024,다사42a15b,to_ho_001,23
2024,다사42a16b,to_ho_001,5
2024,다사42a17a,to_ho_001,5
2024,다사42a20a,to_ho_001,529
2024,다사42a20b,to_ho_001,2235
2024,다사42a21a,to_ho_001,1058
2024,다사42a21b,to_ho_001,956
2024,다사42a22a,to_ho_001,1651
2024,다사42a22b,to_ho_001,936
2024,다사42a23a,to_ho_001,639
2024,다사42a23b,to_ho_001,361
2024,다사42a24a,to_ho_001,102
2024,다사42a24b,to_ho_001,2379
2024,다사42a25a,to_ho_001,1916
2024,다사42a25b,to_ho_001,2298
2024,다사42a26a,to_ho_001,2228
2024,다사42a26b,to_ho_001,281
2024,다사42a27b,to_ho_001,8
2024,다사42a28a,to_ho_001,8
2024,다사42a28b,to_ho_001,13
2024,다사42a30a,to_ho_001,870
2024,다사42a30b,to_ho_001,974
2024,다사42a31a,to_ho_001,571
2024,다사42a33b,to_ho_001,0
2024,다사42a34a,to_ho_001,5
2024,다사42a34b,to_ho_001,0
2024,다사42a35b,to_ho_001,18
2024,다사42a36a,to_ho_001,0
2024,다사42a36b,to_ho_001,23
2024,다사42a37a,to_ho_001,8
2024,다사42a37b,to_ho_001,8
2024,다사42a38a,to_ho_001,53
2024,다사42a38b,to_ho_001,18
2024,다사42a39a,to_ho_001,58
2024,다사42a39b,to_ho_001,5
2024,다사42a40a,to_ho_001,5
2024,다사42a40b,to_ho_001,5
2024,다사42a41a,to_ho_001,763
2024,다사42a41b,to_ho_001,1883
2024,다사42a42a,to_ho_001,1636
2024,다사42a42b,to_ho_001,1385
2024,다사42a43a,to_ho_001,9
2024,다사42a43b,to_ho_001,479
2024,다사42a44a,to_ho_001,2525
2024,다사42a44b,to_ho_001,2327
2024,다사42a45a,to_ho_001,2274
2024,다사42a45b,to_ho_001,1487
2024,다사42a46a,to_ho_001,264
2024,다사42a46b,to_ho_001,3945
2024,다사42a47a,to_ho_001,3308
2024,다사42a47b,to_ho_001,2652
2024,다사42a48a,to_ho_001,3989
2024,다사42a48b,to_ho_001,4244
2024,다사42a49a,to_ho_001,4148
2024,다사42a49b,to_ho_001,3556
2024,다사42a50a,to_ho_001,2051
2024,다사42a50b,to_ho_001,1677
2024,다사42a51a,to_ho_001,2587
2024,다사42a51b,to_ho_001,3245
2024,다사42a52a,to_ho_001,868
2024,다사42a52b,to_ho_001,2667
2024,다사42a55b,to_ho_001,13
2024,다사42a56a,to_ho_001,5
2024,다사42a56b,to_ho_001,106
2024,다사42a57a,to_ho_001,525
2024,다사42a57b,to_ho_001,3211
2024,다사42a58a,to_ho_001,2132
2024,다사42a58b,to_ho_001,681
2024,다사42a59b,to_ho_001,5
2024,다사42a60a,to_ho_001,28
2024,다사42a60b,to_ho_001,8
2024,다사42a61a,to_ho_001,56
2024,다사42a61b,to_ho_001,422
2024,다사42a62a,to_ho_001,1372
2024,다사42a62b,to_ho_001,139
2024,다사42a63a,to_ho_001,5
2024,다사42a64a,to_ho_001,20
2024,다사42a64b,to_ho_001,0
2024,다사42a65a,to_ho_001,18
2024,다사42a65b,to_ho_001,13
2024,다사42a66a,to_ho_001,46
2024,다사42a66b,to_ho_001,867
2024,다사42a67a,to_ho_001,23
2024,다사42a67b,to_ho_001,8
2024,다사42a68a,to_ho_001,5
2024,다사42a68b,to_ho_001,5
2024,다사42a69a,to_ho_001,5
2024,다사42a69b,to_ho_001,919
2024,다사42a70a,to_ho_001,1036
2024,다사42a70b,to_ho_001,44
2024,다사42a71a,to_ho_001,70
2024,다사42a71b,to_ho_001,5
2024,다사42a72a,to_ho_001,8
2024,다사42a72b,to_ho_001,5
2024,다사42a73a,to_ho_001,8
2024,다사42a73b,to_ho_001,5
2024,다사42a74a,to_ho_001,5
2024,다사42a75b,to_ho_001,96
2024,다사42a76a,to_ho_001,208
2024,다사42a76b,to_ho_001,37
2024,다사42a77a,to_ho_001,28
2024,다사42a77b,to_ho_001,23
2024,다사42a78a,to_ho_001,5
2024,다사42a78b,to_ho_001,8
2024,다사42a79a,to_ho_001,18
2024,다사42a79b,to_ho_001,0
2024,다사42a80b,to_ho_001,114
2024,다사42a81a,to_ho_001,485
2024,다사42a83b,to_ho_001,13
2024,다사42a84a,to_ho_001,8
2024,다사42a84b,to_ho_001,5
2024,다사42a86a,to_ho_001,8
2024,다사42a86b,to_ho_001,8
2024,다사42a87a,to_ho_001,5
2024,다사42a88a,to_ho_001,39
2024,다사42a88b,to_ho_001,5
2024,다사42a89a,to_ho_001,13
2024,다사42a91a,to_ho_001,13
2024,다사42a91b,to_ho_001,18
2024,다사42a92a,to_ho_001,5
2024,다사42a93a,to_ho_001,8
2024,다사42a93b,to_ho_001,5
2024,다사42a94a,to_ho_001,23
2024,다사42a94b,to_ho_001,0
2024,다사42a95a,to_ho_001,5
2024,다사42b00a,to_ho_001,8
2024,다사42b00b,to_ho_001,33
2024,다사42b03a,to_ho_001,8
2024,다사42b04a,to_ho_001,0
2024,다사42b06a,to_ho_001,5
2024,다사42b06b,to_ho_001,18
2024,다사42b07a,to_ho_001,5
2024,다사42b07b,to_ho_001,5
2024,다사42b08a,to_ho_001,5
2024,다사42b08b,to_ho_001,8
2024,다사42b09a,to_ho_001,8
2024,다사42b09b,to_ho_001,133
2024,다사42b10a,to_ho_001,138
2024,다사42b10b,to_ho_001,8
2024,다사42b11a,to_ho_001,8
2024,다사42b11b,to_ho_001,0
2024,다사42b12a,to_ho_001,13
2024,다사42b12b,to_ho_001,5
2024,다사42b13a,to_ho_001,5
2024,다사42b14a,to_ho_001,8
2024,다사42b14b,to_ho_001,18
2024,다사42b15a,to_ho_001,5
2024,다사42b16a,to_ho_001,29
2024,다사42b16b,to_ho_001,30
2024,다사42b17a,to_ho_001,38
2024,다사42b17b,to_ho_001,0
2024,다사42b18b,to_ho_001,0
2024,다사42b20a,to_ho_001,1520
2024,다사42b20b,to_ho_001,1579
2024,다사42b21a,to_ho_001,1610
2024,다사42b21b,to_ho_001,1392
2024,다사42b22a,to_ho_001,783
2024,다사42b22b,to_ho_001,2264
2024,다사42b23a,to_ho_001,883
2024,다사42b23b,to_ho_001,13
2024,다사42b24a,to_ho_001,0
2024,다사42b25b,to_ho_001,668
2024,다사42b26a,to_ho_001,932
2024,다사42b26b,to_ho_001,814
2024,다사42b27a,to_ho_001,8
2024,다사42b27b,to_ho_001,13
2024,다사42b28b,to_ho_001,5
2024,다사42b30a,to_ho_001,434
2024,다사42b30b,to_ho_001,2194
2024,다사42b31a,to_ho_001,413
2024,다사42b31b,to_ho_001,0
2024,다사42b32a,to_ho_001,0
2024,다사42b32b,to_ho_001,250
2024,다사42b33a,to_ho_001,326
2024,다사42b33b,to_ho_001,5
2024,다사42b34a,to_ho_001,5
2024,다사42b34b,to_ho_001,8
2024,다사42b35a,to_ho_001,8
2024,다사42b35b,to_ho_001,43
2024,다사42b36a,to_ho_001,8
2024,다사42b36b,to_ho_001,8
2024,다사42b37a,to_ho_001,13
2024,다사42b38a,to_ho_001,5
2024,다사42b38b,to_ho_001,5
2024,다사42b39a,to_ho_001,8
2024,다사42b39b,to_ho_001,5
2024,다사42b40a,to_ho_001,18
2024,다사42b40b,to_ho_001,83
2024,다사42b41a,to_ho_001,4872
2024,다사42b41b,to_ho_001,2935
2024,다사42b42a,to_ho_001,3426
2024,다사42b42b,to_ho_001,2947
2024,다사42b43a,to_ho_001,3294
2024,다사42b43b,to_ho_001,3724
2024,다사42b44a,to_ho_001,2892
2024,다사42b44b,to_ho_001,1772
2024,다사42b45a,to_ho_001,1270
2024,다사42b45b,to_ho_001,1972
2024,다사42b46a,to_ho_001,2527
2024,다사42b46b,to_ho_001,2873
2024,다사42b47a,to_ho_001,2163
2024,다사42b47b,to_ho_001,2531
2024,다사42b48a,to_ho_001,3657
2024,다사42b48b,to_ho_001,3995
2024,다사42b49a,to_ho_001,2254
2024,다사42b49b,to_ho_001,1629
2024,다사42b50a,to_ho_001,2425
2024,다사42b50b,to_ho_001,2123
2024,다사42b51a,to_ho_001,1506
2024,다사42b51b,to_ho_001,4520
2024,다사42b52a,to_ho_001,1578
2024,다사42b52b,to_ho_001,46
2024,다사42b54b,to_ho_001,18
2024,다사42b55a,to_ho_001,8
2024,다사42b57a,to_ho_001,618
2024,다사42b57b,to_ho_001,1110
2024,다사42b58a,to_ho_001,818
2024,다사42b58b,to_ho_001,5
2024,다사42b59b,to_ho_001,5
2024,다사42b60a,to_ho_001,23
2024,다사42b60b,to_ho_001,58
2024,다사42b61a,to_ho_001,5
2024,다사42b62a,to_ho_001,5
2024,다사42b62b,to_ho_001,22
2024,다사42b63a,to_ho_001,5
2024,다사42b63b,to_ho_001,5
2024,다사42b64a,to_ho_001,18
2024,다사42b64b,to_ho_001,28
2024,다사42b65a,to_ho_001,8
2024,다사42b65b,to_ho_001,13
2024,다사42b66a,to_ho_001,8
2024,다사42b66b,to_ho_001,381
2024,다사42b67a,to_ho_001,5
2024,다사42b67b,to_ho_001,5
2024,다사42b68a,to_ho_001,90
2024,다사42b68b,to_ho_001,603
2024,다사42b69a,to_ho_001,796
2024,다사42b69b,to_ho_001,593
2024,다사42b70a,to_ho_001,208
2024,다사42b70b,to_ho_001,8
2024,다사42b71b,to_ho_001,8
2024,다사42b72a,to_ho_001,8
2024,다사42b72b,to_ho_001,5
2024,다사42b74b,to_ho_001,0
2024,다사42b75a,to_ho_001,69
2024,다사42b75b,to_ho_001,676
2024,다사42b76a,to_ho_001,61
2024,다사42b76b,to_ho_001,8
2024,다사42b77b,to_ho_001,0
2024,다사42b78a,to_ho_001,64
2024,다사42b78b,to_ho_001,42
2024,다사42b79a,to_ho_001,33
2024,다사42b80a,to_ho_001,5
2024,다사42b81a,to_ho_001,106
2024,다사42b81b,to_ho_001,13
2024,다사42b83b,to_ho_001,5
2024,다사42b84a,to_ho_001,5
2024,다사42b84b,to_ho_001,5
2024,다사42b85a,to_ho_001,8
2024,다사42b85b,to_ho_001,5
2024,다사42b86a,to_ho_001,8
2024,다사42b86b,to_ho_001,5
2024,다사42b87a,to_ho_001,5
2024,다사42b87b,to_ho_001,13
2024,다사42b88a,to_ho_001,23
2024,다사42b88b,to_ho_001,5
2024,다사42b91a,to_ho_001,5
2024,다사42b91b,to_ho_001,18
2024,다사42b92a,to_ho_001,0
2024,다사42b93a,to_ho_001,0
2024,다사42b93b,to_ho_001,5
2024,다사42b94b,to_ho_001,5
2024,다사43a00a,to_ho_001,8
2024,다사43a00b,to_ho_001,8
2024,다사43a01a,to_ho_001,5
2024,다사43a02a,to_ho_001,5
2024,다사43a02b,to_ho_001,13
2024,다사43a03a,to_ho_001,8
2024,다사43a03b,to_ho_001,5
2024,다사43a04a,to_ho_001,21
2024,다사43a04b,to_ho_001,8
2024,다사43a05a,to_ho_001,8
2024,다사43a05b,to_ho_001,8
2024,다사43a06a,to_ho_001,28
2024,다사43a06b,to_ho_001,49
2024,다사43a07a,to_ho_001,8
2024,다사43a08a,to_ho_001,8
2024,다사43a08b,to_ho_001,28
2024,다사43a09a,to_ho_001,0
2024,다사43a09b,to_ho_001,5
2024,다사43a11a,to_ho_001,0
2024,다사43a12a,to_ho_001,18
2024,다사43a12b,to_ho_001,5
2024,다사43a13a,to_ho_001,0
2024,다사43a13b,to_ho_001,5
2024,다사43a14a,to_ho_001,40
2024,다사43a14b,to_ho_001,0
2024,다사43a15a,to_ho_001,5
2024,다사43a15b,to_ho_001,13
2024,다사43a16a,to_ho_001,5
2024,다사43a16b,to_ho_001,0
2024,다사43a17a,to_ho_001,13
2024,다사43a17b,to_ho_001,5
2024,다사43a20b,to_ho_001,1556
2024,다사43a21a,to_ho_001,1408
2024,다사43a21b,to_ho_001,2245
2024,다사43a22a,to_ho_001,2855
2024,다사43a22b,to_ho_001,1153
2024,다사43a23a,to_ho_001,1737
2024,다사43a23b,to_ho_001,1668
2024,다사43a24a,to_ho_001,1023
2024,다사43a24b,to_ho_001,877
2024,다사43a25a,to_ho_001,1488
2024,다사43a25b,to_ho_001,1175
2024,다사43a26a,to_ho_001,1375
2024,다사43a26b,to_ho_001,559
2024,다사43a27a,to_ho_001,5
2024,다사43a27b,to_ho_001,5
2024,다사43a28a,to_ho_001,23
2024,다사43a29b,to_ho_001,5
2024,다사43a30a,to_ho_001,121
2024,다사43a30b,to_ho_001,365
2024,다사43a31a,to_ho_001,1670
2024,다사43a31b,to_ho_001,1973
2024,다사43a32a,to_ho_001,1416
2024,다사43a32b,to_ho_001,8
2024,다사43a33a,to_ho_001,5
2024,다사43a34a,to_ho_001,12
2024,다사43a34b,to_ho_001,5
2024,다사43a35a,to_ho_001,13
2024,다사43a35b,to_ho_001,38
2024,다사43a36a,to_ho_001,14
2024,다사43a37a,to_ho_001,5
2024,다사43a39a,to_ho_001,5
2024,다사43a39b,to_ho_001,48
2024,다사43a41a,to_ho_001,525
2024,다사43a41b,to_ho_001,2689
2024,다사43a42a,to_ho_001,1034
2024,다사43a42b,to_ho_001,794
2024,다사43a43a,to_ho_001,1168
2024,다사43a43b,to_ho_001,3703
2024,다사43a44a,to_ho_001,2971
2024,다사43a44b,to_ho_001,3367
2024,다사43a45a,to_ho_001,2952
2024,다사43a45b,to_ho_001,1158
2024,다사43a46a,to_ho_001,1743
2024,다사43a46b,to_ho_001,2707
2024,다사43a47a,to_ho_001,2671
2024,다사43a47b,to_ho_001,2453
2024,다사43a48a,to_ho_001,2838
2024,다사43a48b,to_ho_001,3462
2024,다사43a49a,to_ho_001,298
2024,다사43a49b,to_ho_001,1826
2024,다사43a50a,to_ho_001,1028
2024,다사43a50b,to_ho_001,1829
2024,다사43a51a,to_ho_001,2116
2024,다사43a51b,to_ho_001,5002
2024,다사43a52a,to_ho_001,570
2024,다사43a53b,to_ho_001,163
2024,다사43a54a,to_ho_001,8
2024,다사43a54b,to_ho_001,73
2024,다사43a55a,to_ho_001,8
2024,다사43a57a,to_ho_001,5
2024,다사43a57b,to_ho_001,33
2024,다사43a58a,to_ho_001,8
2024,다사43a58b,to_ho_001,13
2024,다사43a59a,to_ho_001,5
2024,다사43a59b,to_ho_001,0
2024,다사43a60b,to_ho_001,13
2024,다사43a61a,to_ho_001,8
2024,다사43a62b,to_ho_001,5
2024,다사43a63a,to_ho_001,18
2024,다사43a63b,to_ho_001,8
2024,다사43a64a,to_ho_001,13
2024,다사43a64b,to_ho_001,5
2024,다사43a65a,to_ho_001,8
2024,다사43a65b,to_ho_001,5
2024,다사43a66a,to_ho_001,5
2024,다사43a66b,to_ho_001,8
2024,다사43a67a,to_ho_001,38
2024,다사43a67b,to_ho_001,526
2024,다사43a68a,to_ho_001,346
2024,다사43a68b,to_ho_001,808
2024,다사43a69a,to_ho_001,456
2024,다사43a69b,to_ho_001,35
2024,다사43a70a,to_ho_001,5
2024,다사43a72b,to_ho_001,18
2024,다사43a73b,to_ho_001,28
2024,다사43a74a,to_ho_001,43
2024,다사43a74b,to_ho_001,0
2024,다사43a75a,to_ho_001,26
2024,다사43a75b,to_ho_001,231
2024,다사43a76a,to_ho_001,23
2024,다사43a76b,to_ho_001,8
2024,다사43a77a,to_ho_001,8
2024,다사43a77b,to_ho_001,8
2024,다사43a78a,to_ho_001,5
2024,다사43a78b,to_ho_001,5
2024,다사43a79a,to_ho_001,8
2024,다사43a80a,to_ho_001,0
2024,다사43a81a,to_ho_001,18
2024,다사43a81b,to_ho_001,18
2024,다사43a82a,to_ho_001,18
2024,다사43a82b,to_ho_001,13
2024,다사43a83a,to_ho_001,23
2024,다사43a83b,to_ho_001,0
2024,다사43a84b,to_ho_001,5
2024,다사43a85a,to_ho_001,0
2024,다사43a85b,to_ho_001,13
2024,다사43a86a,to_ho_001,13
2024,다사43a86b,to_ho_001,5
2024,다사43a87a,to_ho_001,8
2024,다사43a87b,to_ho_001,0
2024,다사43a88a,to_ho_001,0
2024,다사43a88b,to_ho_001,5
2024,다사43a89a,to_ho_001,0
2024,다사43a91b,to_ho_001,5
2024,다사43a92a,to_ho_001,18
2024,다사43a92b,to_ho_001,8
2024,다사43a93b,to_ho_001,0
2024,다사43a94b,to_ho_001,5
2024,다사43a95b,to_ho_001,5
2024,다사43a96a,to_ho_001,5
2024,다사43a98b,to_ho_001,5
2024,다사43b00a,to_ho_001,8
2024,다사43b00b,to_ho_001,8
2024,다사43b01a,to_ho_001,5
2024,다사43b02a,to_ho_001,8
2024,다사43b02b,to_ho_001,5
2024,다사43b03a,to_ho_001,5
2024,다사43b04a,to_ho_001,28
2024,다사43b04b,to_ho_001,38
2024,다사43b05a,to_ho_001,13
2024,다사43b06a,to_ho_001,5
2024,다사43b06b,to_ho_001,13
2024,다사43b07a,to_ho_001,13
2024,다사43b07b,to_ho_001,5
2024,다사43b08a,to_ho_001,8
2024,다사43b08b,to_ho_001,0
2024,다사43b09a,to_ho_001,18
2024,다사43b09b,to_ho_001,23
2024,다사43b10a,to_ho_001,23
2024,다사43b10b,to_ho_001,13
2024,다사43b13b,to_ho_001,5
2024,다사43b14a,to_ho_001,5
2024,다사43b14b,to_ho_001,13
2024,다사43b15a,to_ho_001,211
2024,다사43b15b,to_ho_001,183
2024,다사43b16a,to_ho_001,5
2024,다사43b16b,to_ho_001,409
2024,다사43b17a,to_ho_001,28
2024,다사43b17b,to_ho_001,0
2024,다사43b19a,to_ho_001,46
2024,다사43b20b,to_ho_001,486
2024,다사43b21a,to_ho_001,1765
2024,다사43b21b,to_ho_001,2407
2024,다사43b22a,to_ho_001,2945
2024,다사43b22b,to_ho_001,1026
2024,다사43b23a,to_ho_001,1323
2024,다사43b23b,to_ho_001,931
2024,다사43b24a,to_ho_001,1731
2024,다사43b24b,to_ho_001,211
2024,다사43b25b,to_ho_001,268
2024,다사43b26a,to_ho_001,2318
2024,다사43b26b,to_ho_001,537
2024,다사43b27a,to_ho_001,8
2024,다사43b27b,to_ho_001,13
2024,다사43b28a,to_ho_001,5
2024,다사43b29a,to_ho_001,13
2024,다사43b29b,to_ho_001,5
2024,다사43b30a,to_ho_001,0
2024,다사43b30b,to_ho_001,8
2024,다사43b31a,to_ho_001,985
2024,다사43b31b,to_ho_001,417
2024,다사43b32a,to_ho_001,159
2024,다사43b32b,to_ho_001,5
2024,다사43b33a,to_ho_001,5
2024,다사43b33b,to_ho_001,5
2024,다사43b34a,to_ho_001,18
2024,다사43b34b,to_ho_001,5
2024,다사43b35a,to_ho_001,13
2024,다사43b35b,to_ho_001,8
2024,다사43b36a,to_ho_001,8
2024,다사43b38b,to_ho_001,5
2024,다사43b39a,to_ho_001,8
2024,다사43b39b,to_ho_001,28
2024,다사43b40a,to_ho_001,5
2024,다사43b40b,to_ho_001,1990
2024,다사43b41a,to_ho_001,3137
2024,다사43b41b,to_ho_001,1610
2024,다사43b42a,to_ho_001,994
2024,다사43b42b,to_ho_001,838
2024,다사43b43a,to_ho_001,673
2024,다사43b43b,to_ho_001,1348
2024,다사43b44a,to_ho_001,3024
2024,다사43b44b,to_ho_001,1970
2024,다사43b45a,to_ho_001,3706
2024,다사43b45b,to_ho_001,4039
2024,다사43b46a,to_ho_001,2802
2024,다사43b46b,to_ho_001,1794
2024,다사43b47a,to_ho_001,1677
2024,다사43b47b,to_ho_001,1833
2024,다사43b48a,to_ho_001,1981
2024,다사43b48b,to_ho_001,3154
2024,다사43b49a,to_ho_001,2339
2024,다사43b49b,to_ho_001,3193
2024,다사43b50a,to_ho_001,2573
2024,다사43b50b,to_ho_001,2825
2024,다사43b51a,to_ho_001,2179
2024,다사43b51b,to_ho_001,1919
2024,다사43b53a,to_ho_001,393
2024,다사43b53b,to_ho_001,1738
2024,다사43b54a,to_ho_001,8
2024,다사43b54b,to_ho_001,5
2024,다사43b55a,to_ho_001,18
2024,다사43b55b,to_ho_001,8
2024,다사43b56b,to_ho_001,5
2024,다사43b57a,to_ho_001,0
2024,다사43b57b,to_ho_001,8
2024,다사43b58a,to_ho_001,18
2024,다사43b58b,to_ho_001,265
2024,다사43b59a,to_ho_001,5
2024,다사43b60a,to_ho_001,8
2024,다사43b60b,to_ho_001,5
2024,다사43b61a,to_ho_001,587
2024,다사43b61b,to_ho_001,253
2024,다사43b62b,to_ho_001,5
2024,다사43b63b,to_ho_001,46
2024,다사43b64a,to_ho_001,13
2024,다사43b64b,to_ho_001,8
2024,다사43b65a,to_ho_001,548
2024,다사43b65b,to_ho_001,833
2024,다사43b66a,to_ho_001,285
2024,다사43b66b,to_ho_001,23
2024,다사43b67a,to_ho_001,171
2024,다사43b67b,to_ho_001,649
2024,다사43b68a,to_ho_001,444
2024,다사43b68b,to_ho_001,343
2024,다사43b69a,to_ho_001,105
2024,다사43b69b,to_ho_001,92
2024,다사43b71b,to_ho_001,13
2024,다사43b72a,to_ho_001,33
2024,다사43b72b,to_ho_001,43
2024,다사43b73b,to_ho_001,38
2024,다사43b74a,to_ho_001,13
2024,다사43b75a,to_ho_001,0
2024,다사43b75b,to_ho_001,13
2024,다사43b76b,to_ho_001,39
2024,다사43b77a,to_ho_001,23
2024,다사43b77b,to_ho_001,5
2024,다사43b78a,to_ho_001,5
2024,다사43b78b,to_ho_001,8
2024,다사43b79a,to_ho_001,28
2024,다사43b79b,to_ho_001,8
2024,다사43b81a,to_ho_001,5
2024,다사43b81b,to_ho_001,5
2024,다사43b82a,to_ho_001,71
2024,다사43b82b,to_ho_001,5
2024,다사43b83a,to_ho_001,8
2024,다사43b83b,to_ho_001,28
2024,다사43b84a,to_ho_001,0
2024,다사43b84b,to_ho_001,23
2024,다사43b85a,to_ho_001,8
2024,다사43b85b,to_ho_001,5
2024,다사43b86a,to_ho_001,13
2024,다사43b86b,to_ho_001,8
2024,다사43b87a,to_ho_001,13
2024,다사43b88a,to_ho_001,5
2024,다사43b88b,to_ho_001,8
2024,다사43b91b,to_ho_001,5
2024,다사43b92a,to_ho_001,79
2024,다사43b92b,to_ho_001,18
2024,다사43b93a,to_ho_001,0
2024,다사43b94b,to_ho_001,0
2024,다사43b95a,to_ho_001,0
2024,다사43b95b,to_ho_001,8
2024,다사43b96a,to_ho_001,5
2024,다사43b96b,to_ho_001,5
2024,다사43b98b,to_ho_001,8
2024,다사43b99a,to_ho_001,5
2024,다사44a00a,to_ho_001,5
2024,다사44a00b,to_ho_001,13
2024,다사44a01a,to_ho_001,8
2024,다사44a01b,to_ho_001,5
2024,다사44a02a,to_ho_001,8
2024,다사44a02b,to_ho_001,58
2024,다사44a04b,to_ho_001,8
2024,다사44a05a,to_ho_001,48
2024,다사44a05b,to_ho_001,8
2024,다사44a06a,to_ho_001,8
2024,다사44a06b,to_ho_001,33
2024,다사44a07a,to_ho_001,5
2024,다사44a07b,to_ho_001,5
2024,다사44a08a,to_ho_001,23
2024,다사44a08b,to_ho_001,8
2024,다사44a09b,to_ho_001,13
2024,다사44a10a,to_ho_001,13
2024,다사44a11a,to_ho_001,8
2024,다사44a11b,to_ho_001,35
2024,다사44a12a,to_ho_001,13
2024,다사44a13a,to_ho_001,0
2024,다사44a14a,to_ho_001,5
2024,다사44a14b,to_ho_001,18
2024,다사44a15a,to_ho_001,351
2024,다사44a15b,to_ho_001,21
2024,다사44a16a,to_ho_001,363
2024,다사44a16b,to_ho_001,13
2024,다사44a17a,to_ho_001,23
2024,다사44a19a,to_ho_001,5
2024,다사44a20b,to_ho_001,5
2024,다사44a21a,to_ho_001,493
2024,다사44a21b,to_ho_001,1696
2024,다사44a22a,to_ho_001,1555
2024,다사44a22b,to_ho_001,567
2024,다사44a23a,to_ho_001,900
2024,다사44a23b,to_ho_001,1298
2024,다사44a24a,to_ho_001,878
2024,다사44a25b,to_ho_001,63
2024,다사44a26a,to_ho_001,127
2024,다사44a26b,to_ho_001,5
2024,다사44a27a,to_ho_001,14
2024,다사44a27b,to_ho_001,5
2024,다사44a28a,to_ho_001,13
2024,다사44a28b,to_ho_001,5
2024,다사44a29a,to_ho_001,570
2024,다사44a29b,to_ho_001,5
2024,다사44a30a,to_ho_001,5
2024,다사44a30b,to_ho_001,0
2024,다사44a31a,to_ho_001,5
2024,다사44a31b,to_ho_001,8
2024,다사44a32a,to_ho_001,13
2024,다사44a32b,to_ho_001,5
2024,다사44a33a,to_ho_001,8
2024,다사44a33b,to_ho_001,5
2024,다사44a38a,to_ho_001,0
2024,다사44a39b,to_ho_001,5
2024,다사44a40a,to_ho_001,157
2024,다사44a40b,to_ho_001,1047
2024,다사44a41a,to_ho_001,2395
2024,다사44a41b,to_ho_001,1974
2024,다사44a42a,to_ho_001,3103
2024,다사44a42b,to_ho_001,693
2024,다사44a43a,to_ho_001,589
2024,다사44a43b,to_ho_001,1796
2024,다사44a44a,to_ho_001,285
2024,다사44a44b,to_ho_001,208
2024,다사44a45a,to_ho_001,451
2024,다사44a45b,to_ho_001,1478
2024,다사44a46a,to_ho_001,1667
2024,다사44a46b,to_ho_001,1043
2024,다사44a47a,to_ho_001,2962
2024,다사44a47b,to_ho_001,2622
2024,다사44a48a,to_ho_001,2126
2024,다사44a48b,to_ho_001,3492
2024,다사44a49a,to_ho_001,3925
2024,다사44a49b,to_ho_001,3801
2024,다사44a50a,to_ho_001,3226
2024,다사44a50b,to_ho_001,3177
2024,다사44a51a,to_ho_001,473
2024,다사44a53a,to_ho_001,179
2024,다사44a53b,to_ho_001,1337
2024,다사44a54a,to_ho_001,901
2024,다사44a54b,to_ho_001,107
2024,다사44a55a,to_ho_001,113
2024,다사44a55b,to_ho_001,29
2024,다사44a56a,to_ho_001,172
2024,다사44a56b,to_ho_001,111
2024,다사44a57a,to_ho_001,34
2024,다사44a57b,to_ho_001,0
2024,다사44a58a,to_ho_001,5
2024,다사44a58b,to_ho_001,2233
2024,다사44a59a,to_ho_001,669
2024,다사44a59b,to_ho_001,1101
2024,다사44a60a,to_ho_001,69
2024,다사44a60b,to_ho_001,75
2024,다사44a61a,to_ho_001,1321
2024,다사44a61b,to_ho_001,1494
2024,다사44a62b,to_ho_001,0
2024,다사44a63b,to_ho_001,125
2024,다사44a64a,to_ho_001,5
2024,다사44a64b,to_ho_001,8
2024,다사44a65a,to_ho_001,608
2024,다사44a65b,to_ho_001,1599
2024,다사44a66a,to_ho_001,585
2024,다사44a67a,to_ho_001,8
2024,다사44a67b,to_ho_001,27
2024,다사44a68a,to_ho_001,140
2024,다사44a68b,to_ho_001,103
2024,다사44a69a,to_ho_001,8
2024,다사44a69b,to_ho_001,29
2024,다사44a71a,to_ho_001,8
2024,다사44a71b,to_ho_001,39
2024,다사44a72a,to_ho_001,18
2024,다사44a72b,to_ho_001,5
2024,다사44a73a,to_ho_001,5
2024,다사44a73b,to_ho_001,5
2024,다사44a75b,to_ho_001,13
2024,다사44a76a,to_ho_001,5
2024,다사44a76b,to_ho_001,8
2024,다사44a77a,to_ho_001,0
2024,다사44a77b,to_ho_001,5
2024,다사44a78a,to_ho_001,8
2024,다사44a78b,to_ho_001,8
2024,다사44a79a,to_ho_001,23
2024,다사44a79b,to_ho_001,0
2024,다사44a80a,to_ho_001,0
2024,다사44a80b,to_ho_001,5
2024,다사44a81a,to_ho_001,8
2024,다사44a81b,to_ho_001,8
2024,다사44a82a,to_ho_001,5
2024,다사44a82b,to_ho_001,13
2024,다사44a83a,to_ho_001,50
2024,다사44a83b,to_ho_001,194
2024,다사44a84a,to_ho_001,13
2024,다사44a84b,to_ho_001,0
2024,다사44a85a,to_ho_001,23
2024,다사44a85b,to_ho_001,13
2024,다사44a86a,to_ho_001,5
2024,다사44a91b,to_ho_001,0
2024,다사44a92a,to_ho_001,23
2024,다사44a92b,to_ho_001,19
2024,다사44a93a,to_ho_001,5
2024,다사44a93b,to_ho_001,5
2024,다사44a94b,to_ho_001,0
2024,다사44a95b,to_ho_001,5
2024,다사44a96a,to_ho_001,14
2024,다사44a96b,to_ho_001,33
2024,다사44a97a,to_ho_001,0
2024,다사44a97b,to_ho_001,0
2024,다사44a98a,to_ho_001,5
2024,다사44a98b,to_ho_001,13
2024,다사44a99a,to_ho_001,23
2024,다사44b00a,to_ho_001,8
2024,다사44b00b,to_ho_001,5
2024,다사44b01a,to_ho_001,5
2024,다사44b01b,to_ho_001,13
2024,다사44b04b,to_ho_001,5
2024,다사44b05a,to_ho_001,8
2024,다사44b05b,to_ho_001,5
2024,다사44b06a,to_ho_001,5
2024,다사44b06b,to_ho_001,5
2024,다사44b07a,to_ho_001,5
2024,다사44b07b,to_ho_001,8
2024,다사44b08a,to_ho_001,5
2024,다사44b08b,to_ho_001,5
2024,다사44b09a,to_ho_001,5
2024,다사44b09b,to_ho_001,8
2024,다사44b10b,to_ho_001,5
2024,다사44b11a,to_ho_001,18
2024,다사44b11b,to_ho_001,5
2024,다사44b12a,to_ho_001,13
2024,다사44b12b,to_ho_001,5
2024,다사44b13a,to_ho_001,0
2024,다사44b14a,to_ho_001,5
2024,다사44b14b,to_ho_001,29
2024,다사44b15b,to_ho_001,8
2024,다사44b16a,to_ho_001,849
2024,다사44b16b,to_ho_001,123
2024,다사44b17a,to_ho_001,8
2024,다사44b18b,to_ho_001,233
2024,다사44b19a,to_ho_001,18
2024,다사44b21b,to_ho_001,1060
2024,다사44b22a,to_ho_001,752
2024,다사44b22b,to_ho_001,618
2024,다사44b24a,to_ho_001,13
2024,다사44b24b,to_ho_001,0
2024,다사44b26b,to_ho_001,0
2024,다사44b27a,to_ho_001,5
2024,다사44b27b,to_ho_001,5
2024,다사44b28a,to_ho_001,18
2024,다사44b28b,to_ho_001,8
2024,다사44b29a,to_ho_001,643
2024,다사44b29b,to_ho_001,654
2024,다사44b30a,to_ho_001,25
2024,다사44b30b,to_ho_001,5
2024,다사44b31b,to_ho_001,5
2024,다사44b32a,to_ho_001,5
2024,다사44b33b,to_ho_001,8
2024,다사44b35a,to_ho_001,5
2024,다사44b35b,to_ho_001,15
2024,다사44b37a,to_ho_001,1505
2024,다사44b37b,to_ho_001,1266
2024,다사44b38a,to_ho_001,5
2024,다사44b38b,to_ho_001,0
2024,다사44b39b,to_ho_001,23
2024,다사44b40a,to_ho_001,1685
2024,다사44b40b,to_ho_001,4822
2024,다사44b41a,to_ho_001,2481
2024,다사44b41b,to_ho_001,3662
2024,다사44b42a,to_ho_001,535
2024,다사44b42b,to_ho_001,0
2024,다사44b43a,to_ho_001,676
2024,다사44b43b,to_ho_001,2888
2024,다사44b44a,to_ho_001,2731
2024,다사44b44b,to_ho_001,184
2024,다사44b45a,to_ho_001,553
2024,다사44b45b,to_ho_001,456
2024,다사44b46a,to_ho_001,1832
2024,다사44b46b,to_ho_001,3641
2024,다사44b47a,to_ho_001,2509
2024,다사44b47b,to_ho_001,1138
2024,다사44b48a,to_ho_001,1369
2024,다사44b48b,to_ho_001,2070
2024,다사44b49a,to_ho_001,2139
2024,다사44b49b,to_ho_001,3091
2024,다사44b50a,to_ho_001,3631
2024,다사44b50b,to_ho_001,2317
2024,다사44b54a,to_ho_001,97
2024,다사44b54b,to_ho_001,50
2024,다사44b55a,to_ho_001,56
2024,다사44b55b,to_ho_001,203
2024,다사44b56a,to_ho_001,324
2024,다사44b57a,to_ho_001,152
2024,다사44b57b,to_ho_001,24
2024,다사44b58a,to_ho_001,5
2024,다사44b58b,to_ho_001,791
2024,다사44b59a,to_ho_001,1753
2024,다사44b59b,to_ho_001,873
2024,다사44b60a,to_ho_001,771
2024,다사44b60b,to_ho_001,103
2024,다사44b61a,to_ho_001,446
2024,다사44b61b,to_ho_001,82
2024,다사44b64a,to_ho_001,13
2024,다사44b64b,to_ho_001,5
2024,다사44b65b,to_ho_001,5
2024,다사44b66b,to_ho_001,0
2024,다사44b67a,to_ho_001,0
2024,다사44b67b,to_ho_001,5
2024,다사44b68a,to_ho_001,20
2024,다사44b68b,to_ho_001,20
2024,다사44b69a,to_ho_001,13
2024,다사44b70b,to_ho_001,5
2024,다사44b71a,to_ho_001,23
2024,다사44b71b,to_ho_001,18
2024,다사44b72a,to_ho_001,8
2024,다사44b73a,to_ho_001,8
2024,다사44b73b,to_ho_001,23
2024,다사44b75b,to_ho_001,18
2024,다사44b76b,to_ho_001,13
2024,다사44b77a,to_ho_001,8
2024,다사44b77b,to_ho_001,18
2024,다사44b78a,to_ho_001,18
2024,다사44b78b,to_ho_001,5
2024,다사44b79a,to_ho_001,5
2024,다사44b81a,to_ho_001,5
2024,다사44b81b,to_ho_001,23
2024,다사44b82a,to_ho_001,5
2024,다사44b82b,to_ho_001,53
2024,다사44b83a,to_ho_001,249
2024,다사44b83b,to_ho_001,699
2024,다사44b84a,to_ho_001,49
2024,다사44b84b,to_ho_001,0
2024,다사44b85a,to_ho_001,0
2024,다사44b86a,to_ho_001,0
2024,다사44b87a,to_ho_001,5
2024,다사44b88a,to_ho_001,8
2024,다사44b93a,to_ho_001,33
2024,다사44b93b,to_ho_001,5
2024,다사44b94b,to_ho_001,5
2024,다사44b97a,to_ho_001,8
2024,다사44b97b,to_ho_001,5
2024,다사44b98b,to_ho_001,33
2024,다사44b99a,to_ho_001,8
2024,다사45a00a,to_ho_001,8
2024,다사45a00b,to_ho_001,5
2024,다사45a01a,to_ho_001,28
2024,다사45a01b,to_ho_001,18
2024,다사45a02a,to_ho_001,22
2024,다사45a02b,to_ho_001,0
2024,다사45a03a,to_ho_001,38
2024,다사45a03b,to_ho_001,28
2024,다사45a04a,to_ho_001,5
2024,다사45a04b,to_ho_001,5
2024,다사45a06a,to_ho_001,8
2024,다사45a06b,to_ho_001,18
2024,다사45a07a,to_ho_001,8
2024,다사45a07b,to_ho_001,8
2024,다사45a08a,to_ho_001,35
2024,다사45a09b,to_ho_001,5
2024,다사45a10a,to_ho_001,23
2024,다사45a10b,to_ho_001,0
2024,다사45a11a,to_ho_001,5
2024,다사45a11b,to_ho_001,13
2024,다사45a12a,to_ho_001,18
2024,다사45a12b,to_ho_001,0
2024,다사45a13a,to_ho_001,29
2024,다사45a15b,to_ho_001,0
2024,다사45a16a,to_ho_001,0
2024,다사45a16b,to_ho_001,8
2024,다사45a18a,to_ho_001,0
2024,다사45a18b,to_ho_001,416
2024,다사45a19a,to_ho_001,8
2024,다사45a19b,to_ho_001,8
2024,다사45a20a,to_ho_001,8
2024,다사45a21b,to_ho_001,387
2024,다사45a22a,to_ho_001,348
2024,다사45a23b,to_ho_001,0
2024,다사45a24a,to_ho_001,0
2024,다사45a24b,to_ho_001,5
2024,다사45a28a,to_ho_001,8
2024,다사45a29a,to_ho_001,622
2024,다사45a29b,to_ho_001,749
2024,다사45a30a,to_ho_001,5
2024,다사45a34a,to_ho_001,24
2024,다사45a34b,to_ho_001,18
2024,다사45a35a,to_ho_001,1833
2024,다사45a35b,to_ho_001,1776
2024,다사45a36b,to_ho_001,650
2024,다사45a37a,to_ho_001,2164
2024,다사45a37b,to_ho_001,1211
2024,다사45a38a,to_ho_001,5
2024,다사45a38b,to_ho_001,5
2024,다사45a39a,to_ho_001,833
2024,다사45a39b,to_ho_001,827
2024,다사45a40a,to_ho_001,3700
2024,다사45a40b,to_ho_001,3816
2024,다사45a41a,to_ho_001,961
2024,다사45a42b,to_ho_001,287
2024,다사45a43a,to_ho_001,1158
2024,다사45a43b,to_ho_001,1082
2024,다사45a44a,to_ho_001,1372
2024,다사45a44b,to_ho_001,939
2024,다사45a45a,to_ho_001,2952
2024,다사45a45b,to_ho_001,1857
2024,다사45a46a,to_ho_001,54
2024,다사45a46b,to_ho_001,1141
2024,다사45a47a,to_ho_001,1489
2024,다사45a47b,to_ho_001,5
2024,다사45a48a,to_ho_001,1096
2024,다사45a48b,to_ho_001,1713
2024,다사45a49a,to_ho_001,2790
2024,다사45a49b,to_ho_001,959
2024,다사45a50a,to_ho_001,436
2024,다사45a53a,to_ho_001,311
2024,다사45a53b,to_ho_001,1488
2024,다사45a54a,to_ho_001,1883
2024,다사45a54b,to_ho_001,8
2024,다사45a55a,to_ho_001,185
2024,다사45a55b,to_ho_001,320
2024,다사45a57b,to_ho_001,5
2024,다사45a58a,to_ho_001,5
2024,다사45a58b,to_ho_001,20
2024,다사45a60b,to_ho_001,101
2024,다사45a61a,to_ho_001,2912
2024,다사45a61b,to_ho_001,1292
2024,다사45a62a,to_ho_001,8
2024,다사45a62b,to_ho_001,0
2024,다사45a63a,to_ho_001,0
2024,다사45a63b,to_ho_001,18
2024,다사45a64a,to_ho_001,13
2024,다사45a64b,to_ho_001,8
2024,다사45a65a,to_ho_001,0
2024,다사45a66a,to_ho_001,5
2024,다사45a66b,to_ho_001,56
2024,다사45a67a,to_ho_001,8
2024,다사45a67b,to_ho_001,33
2024,다사45a68a,to_ho_001,23
2024,다사45a68b,to_ho_001,33
2024,다사45a69a,to_ho_001,29
2024,다사45a70b,to_ho_001,5
2024,다사45a71a,to_ho_001,26
2024,다사45a71b,to_ho_001,28
2024,다사45a72a,to_ho_001,5
2024,다사45a72b,to_ho_001,0
2024,다사45a73a,to_ho_001,18
2024,다사45a73b,to_ho_001,13
2024,다사45a75a,to_ho_001,13
2024,다사45a75b,to_ho_001,87
2024,다사45a76a,to_ho_001,5
2024,다사45a76b,to_ho_001,18
2024,다사45a77a,to_ho_001,0
2024,다사45a77b,to_ho_001,8
2024,다사45a78a,to_ho_001,28
2024,다사45a78b,to_ho_001,5
2024,다사45a81b,to_ho_001,23
2024,다사45a82a,to_ho_001,8
2024,다사45a82b,to_ho_001,39
2024,다사45a83a,to_ho_001,425
2024,다사45a83b,to_ho_001,183
2024,다사45a84a,to_ho_001,170
2024,다사45a84b,to_ho_001,41
2024,다사45a85a,to_ho_001,19
2024,다사45a85b,to_ho_001,5
2024,다사45a86b,to_ho_001,8
2024,다사45a87a,to_ho_001,58
2024,다사45a87b,to_ho_001,44
2024,다사45a88a,to_ho_001,8
2024,다사45a93a,to_ho_001,42
2024,다사45a93b,to_ho_001,101
2024,다사45a94a,to_ho_001,8
2024,다사45a97a,to_ho_001,5
2024,다사45a98a,to_ho_001,5
2024,다사45a98b,to_ho_001,18
2024,다사45a99b,to_ho_001,0
2024,다사45b00b,to_ho_001,24
2024,다사45b01a,to_ho_001,8
2024,다사45b01b,to_ho_001,0
2024,다사45b02a,to_ho_001,48
2024,다사45b02b,to_ho_001,28
2024,다사45b03a,to_ho_001,33
2024,다사45b03b,to_ho_001,28
2024,다사45b04a,to_ho_001,5
2024,다사45b04b,to_ho_001,5
2024,다사45b05a,to_ho_001,67
2024,다사45b05b,to_ho_001,5
2024,다사45b06a,to_ho_001,8
2024,다사45b06b,to_ho_001,18
2024,다사45b07a,to_ho_001,13
2024,다사45b08a,to_ho_001,0
2024,다사45b08b,to_ho_001,5
2024,다사45b09a,to_ho_001,5
2024,다사45b09b,to_ho_001,13
2024,다사45b10a,to_ho_001,8
2024,다사45b11a,to_ho_001,0
2024,다사45b11b,to_ho_001,5
2024,다사45b12b,to_ho_001,8
2024,다사45b15a,to_ho_001,8
2024,다사45b15b,to_ho_001,0
2024,다사45b16a,to_ho_001,5
2024,다사45b16b,to_ho_001,28
2024,다사45b17a,to_ho_001,5
2024,다사45b18b,to_ho_001,5
2024,다사45b19a,to_ho_001,5
2024,다사45b19b,to_ho_001,23
2024,다사45b20a,to_ho_001,63
2024,다사45b21a,to_ho_001,8
2024,다사45b21b,to_ho_001,23
2024,다사45b22a,to_ho_001,930
2024,다사45b22b,to_ho_001,13
2024,다사45b23a,to_ho_001,13
2024,다사45b23b,to_ho_001,5
2024,다사45b24a,to_ho_001,8
2024,다사45b24b,to_ho_001,0
2024,다사45b25a,to_ho_001,28
2024,다사45b25b,to_ho_001,0
2024,다사45b30a,to_ho_001,5
2024,다사45b32b,to_ho_001,0
2024,다사45b33b,to_ho_001,0
2024,다사45b34a,to_ho_001,25
2024,다사45b34b,to_ho_001,78
2024,다사45b35a,to_ho_001,1293
2024,다사45b35b,to_ho_001,570
2024,다사45b36b,to_ho_001,467
2024,다사45b37a,to_ho_001,1197
2024,다사45b37b,to_ho_001,624
2024,다사45b38b,to_ho_001,265
2024,다사45b39a,to_ho_001,2205
2024,다사45b39b,to_ho_001,2756
2024,다사45b40a,to_ho_001,3861
2024,다사45b40b,to_ho_001,721
2024,다사45b41a,to_ho_001,41
2024,다사45b41b,to_ho_001,630
2024,다사45b42a,to_ho_001,142
2024,다사45b42b,to_ho_001,955
2024,다사45b43a,to_ho_001,5768
2024,다사45b43b,to_ho_001,2024
2024,다사45b44a,to_ho_001,1521
2024,다사45b44b,to_ho_001,2217
2024,다사45b45a,to_ho_001,2646
2024,다사45b45b,to_ho_001,3538
2024,다사45b46a,to_ho_001,1455
2024,다사45b46b,to_ho_001,2691
2024,다사45b47a,to_ho_001,1869
2024,다사45b47b,to_ho_001,1037
2024,다사45b48a,to_ho_001,975
2024,다사45b48b,to_ho_001,583
2024,다사45b49a,to_ho_001,16
2024,다사45b49b,to_ho_001,326
2024,다사45b53a,to_ho_001,880
2024,다사45b53b,to_ho_001,828
2024,다사45b54a,to_ho_001,192
2024,다사45b54b,to_ho_001,67
2024,다사45b55a,to_ho_001,237
2024,다사45b57b,to_ho_001,13
2024,다사45b58a,to_ho_001,52
2024,다사45b58b,to_ho_001,89
2024,다사45b59a,to_ho_001,62
2024,다사45b59b,to_ho_001,184
2024,다사45b60b,to_ho_001,831
2024,다사45b61a,to_ho_001,1211
2024,다사45b61b,to_ho_001,1745
2024,다사45b62a,to_ho_001,638
2024,다사45b62b,to_ho_001,1092
2024,다사45b63a,to_ho_001,1532
2024,다사45b63b,to_ho_001,277
2024,다사45b64a,to_ho_001,0
2024,다사45b64b,to_ho_001,19
2024,다사45b65a,to_ho_001,5
2024,다사45b66b,to_ho_001,5
2024,다사45b67a,to_ho_001,0
2024,다사45b67b,to_ho_001,0
2024,다사45b68a,to_ho_001,22
2024,다사45b68b,to_ho_001,5
2024,다사45b69a,to_ho_001,8
2024,다사45b70b,to_ho_001,18
2024,다사45b71a,to_ho_001,30
2024,다사45b71b,to_ho_001,28
2024,다사45b72a,to_ho_001,13
2024,다사45b72b,to_ho_001,33
2024,다사45b75a,to_ho_001,28
2024,다사45b75b,to_ho_001,8
2024,다사45b76a,to_ho_001,18
2024,다사45b77b,to_ho_001,5
2024,다사45b78a,to_ho_001,5
2024,다사45b78b,to_ho_001,13
2024,다사45b79a,to_ho_001,5
2024,다사45b81b,to_ho_001,8
2024,다사45b82a,to_ho_001,5
2024,다사45b82b,to_ho_001,8
2024,다사45b83a,to_ho_001,249
2024,다사45b83b,to_ho_001,13
2024,다사45b84a,to_ho_001,18
2024,다사45b84b,to_ho_001,13
2024,다사45b85a,to_ho_001,5
2024,다사45b85b,to_ho_001,8
2024,다사45b86a,to_ho_001,5
2024,다사45b86b,to_ho_001,13
2024,다사45b87a,to_ho_001,13
2024,다사45b87b,to_ho_001,5
2024,다사45b88a,to_ho_001,18
2024,다사45b88b,to_ho_001,8
2024,다사45b89a,to_ho_001,5
2024,다사45b93b,to_ho_001,44
2024,다사45b94a,to_ho_001,75
2024,다사45b96b,to_ho_001,5
2024,다사45b97a,to_ho_001,16
2024,다사45b97b,to_ho_001,33
2024,다사45b98a,to_ho_001,8
2024,다사45b98b,to_ho_001,13
2024,다사45b99a,to_ho_001,38
2024,다사45b99b,to_ho_001,8
2024,다사46a00a,to_ho_001,1852
2024,다사46a00b,to_ho_001,38
2024,다사46a01a,to_ho_001,46
2024,다사46a01b,to_ho_001,8
2024,다사46a03a,to_ho_001,23
2024,다사46a03b,to_ho_001,5
2024,다사46a04a,to_ho_001,5
2024,다사46a04b,to_ho_001,0
2024,다사46a05a,to_ho_001,0
2024,다사46a05b,to_ho_001,0
2024,다사46a06a,to_ho_001,19
2024,다사46a07a,to_ho_001,5
2024,다사46a07b,to_ho_001,13
2024,다사46a08a,to_ho_001,25
2024,다사46a08b,to_ho_001,5
2024,다사46a09a,to_ho_001,18
2024,다사46a09b,to_ho_001,0
2024,다사46a10a,to_ho_001,5
2024,다사46a10b,to_ho_001,5
2024,다사46a11a,to_ho_001,18
2024,다사46a11b,to_ho_001,18
2024,다사46a12a,to_ho_001,13
2024,다사46a12b,to_ho_001,0
2024,다사46a15a,to_ho_001,8
2024,다사46a15b,to_ho_001,18
2024,다사46a16a,to_ho_001,28
2024,다사46a16b,to_ho_001,18
2024,다사46a17b,to_ho_001,18
2024,다사46a18a,to_ho_001,5
2024,다사46a19a,to_ho_001,8
2024,다사46a19b,to_ho_001,18
2024,다사46a20a,to_ho_001,8
2024,다사46a20b,to_ho_001,5
2024,다사46a22b,to_ho_001,5
2024,다사46a23a,to_ho_001,8
2024,다사46a23b,to_ho_001,8
2024,다사46a24a,to_ho_001,8
2024,다사46a25a,to_ho_001,5
2024,다사46a27a,to_ho_001,8
2024,다사46a27b,to_ho_001,5
2024,다사46a33b,to_ho_001,160
2024,다사46a34a,to_ho_001,576
2024,다사46a34b,to_ho_001,231
2024,다사46a35b,to_ho_001,40
2024,다사46a36a,to_ho_001,13
2024,다사46a36b,to_ho_001,8
2024,다사46a37b,to_ho_001,5
2024,다사46a38a,to_ho_001,290
2024,다사46a38b,to_ho_001,2273
2024,다사46a39a,to_ho_001,1253
2024,다사46a39b,to_ho_001,743
2024,다사46a40a,to_ho_001,2473
2024,다사46a40b,to_ho_001,2535
2024,다사46a41a,to_ho_001,1058
2024,다사46a41b,to_ho_001,2916
2024,다사46a42a,to_ho_001,2819
2024,다사46a42b,to_ho_001,903
2024,다사46a43a,to_ho_001,3614
2024,다사46a43b,to_ho_001,3049
2024,다사46a44a,to_ho_001,2850
2024,다사46a44b,to_ho_001,2250
2024,다사46a45a,to_ho_001,1459
2024,다사46a45b,to_ho_001,423
2024,다사46a46a,to_ho_001,1163
2024,다사46a46b,to_ho_001,1735
2024,다사46a47a,to_ho_001,1346
2024,다사46a47b,to_ho_001,674
2024,다사46a48a,to_ho_001,1558
2024,다사46a48b,to_ho_001,650
2024,다사46a49a,to_ho_001,2292
2024,다사46a49b,to_ho_001,172
2024,다사46a52b,to_ho_001,1182
2024,다사46a53a,to_ho_001,1569
2024,다사46a53b,to_ho_001,138
2024,다사46a54a,to_ho_001,2790
2024,다사46a54b,to_ho_001,559
2024,다사46a55a,to_ho_001,1948
2024,다사46a55b,to_ho_001,422
2024,다사46a56a,to_ho_001,550
2024,다사46a57a,to_ho_001,5
2024,다사46a57b,to_ho_001,8
2024,다사46a58a,to_ho_001,64
2024,다사46a58b,to_ho_001,39
2024,다사46a59b,to_ho_001,40
2024,다사46a60a,to_ho_001,70
2024,다사46a60b,to_ho_001,833
2024,다사46a61a,to_ho_001,1215
2024,다사46a61b,to_ho_001,372
2024,다사46a62a,to_ho_001,141
2024,다사46a62b,to_ho_001,871
2024,다사46a63a,to_ho_001,2685
2024,다사46a63b,to_ho_001,230
2024,다사46a64a,to_ho_001,0
2024,다사46a64b,to_ho_001,28
2024,다사46a65a,to_ho_001,127
2024,다사46a65b,to_ho_001,5
2024,다사46a66b,to_ho_001,0
2024,다사46a67b,to_ho_001,0
2024,다사46a68a,to_ho_001,33
2024,다사46a70a,to_ho_001,8
2024,다사46a70b,to_ho_001,8
2024,다사46a71a,to_ho_001,31
2024,다사46a71b,to_ho_001,37
2024,다사46a72a,to_ho_001,8
2024,다사46a74b,to_ho_001,8
2024,다사46a75a,to_ho_001,8
2024,다사46a77b,to_ho_001,0
2024,다사46a78a,to_ho_001,5
2024,다사46a78b,to_ho_001,13
2024,다사46a79a,to_ho_001,8
2024,다사46a79b,to_ho_001,0
2024,다사46a81b,to_ho_001,8
2024,다사46a82b,to_ho_001,5
2024,다사46a83a,to_ho_001,67
2024,다사46a83b,to_ho_001,13
2024,다사46a84b,to_ho_001,0
2024,다사46a87b,to_ho_001,5
2024,다사46a88a,to_ho_001,5
2024,다사46a88b,to_ho_001,5
2024,다사46a89a,to_ho_001,23
2024,다사46a89b,to_ho_001,0
2024,다사46a90b,to_ho_001,0
2024,다사46a93a,to_ho_001,5
2024,다사46a94a,to_ho_001,5
2024,다사46a94b,to_ho_001,8
2024,다사46a96a,to_ho_001,5
2024,다사46a96b,to_ho_001,5
2024,다사46a97a,to_ho_001,8
2024,다사46a97b,to_ho_001,13
2024,다사46a98a,to_ho_001,8
2024,다사46a98b,to_ho_001,8
2024,다사46a99a,to_ho_001,13
2024,다사46a99b,to_ho_001,5
2024,다사46b00a,to_ho_001,496
2024,다사46b00b,to_ho_001,441
2024,다사46b01a,to_ho_001,135
2024,다사46b01b,to_ho_001,298
2024,다사46b02a,to_ho_001,452
2024,다사46b03a,to_ho_001,245
2024,다사46b03b,to_ho_001,1489
2024,다사46b04a,to_ho_001,15
2024,다사46b04b,to_ho_001,8
2024,다사46b05a,to_ho_001,5
2024,다사46b05b,to_ho_001,8
2024,다사46b06a,to_ho_001,5
2024,다사46b06b,to_ho_001,8
2024,다사46b07a,to_ho_001,151
2024,다사46b07b,to_ho_001,18
2024,다사46b08a,to_ho_001,0
2024,다사46b09a,to_ho_001,13
2024,다사46b09b,to_ho_001,8
2024,다사46b10a,to_ho_001,13
2024,다사46b10b,to_ho_001,5
2024,다사46b11a,to_ho_001,13
2024,다사46b11b,to_ho_001,18
2024,다사46b12a,to_ho_001,8
2024,다사46b13b,to_ho_001,5
2024,다사46b14a,to_ho_001,8
2024,다사46b14b,to_ho_001,8
2024,다사46b15a,to_ho_001,38
2024,다사46b15b,to_ho_001,30
2024,다사46b16a,to_ho_001,13
2024,다사46b16b,to_ho_001,5
2024,다사46b17a,to_ho_001,8
2024,다사46b17b,to_ho_001,18
2024,다사46b20b,to_ho_001,0
2024,다사46b22b,to_ho_001,145
2024,다사46b23a,to_ho_001,275
2024,다사46b23b,to_ho_001,5
2024,다사46b24a,to_ho_001,28
2024,다사46b24b,to_ho_001,5
2024,다사46b27a,to_ho_001,23
2024,다사46b27b,to_ho_001,5
2024,다사46b28b,to_ho_001,0
2024,다사46b31a,to_ho_001,12
2024,다사46b31b,to_ho_001,232
2024,다사46b33a,to_ho_001,330
2024,다사46b33b,to_ho_001,1485
2024,다사46b34a,to_ho_001,2725
2024,다사46b34b,to_ho_001,887
2024,다사46b35a,to_ho_001,8
2024,다사46b36a,to_ho_001,8
2024,다사46b36b,to_ho_001,522
2024,다사46b37a,to_ho_001,176
2024,다사46b37b,to_ho_001,0
2024,다사46b38a,to_ho_001,5
2024,다사46b38b,to_ho_001,1662
2024,다사46b39a,to_ho_001,1229
2024,다사46b39b,to_ho_001,1611
2024,다사46b40a,to_ho_001,2590
2024,다사46b40b,to_ho_001,1833
2024,다사46b41a,to_ho_001,1125
2024,다사46b41b,to_ho_001,1305
2024,다사46b42a,to_ho_001,1571
2024,다사46b42b,to_ho_001,254
2024,다사46b43a,to_ho_001,1810
2024,다사46b43b,to_ho_001,1518
2024,다사46b44a,to_ho_001,1939
2024,다사46b44b,to_ho_001,1372
2024,다사46b45a,to_ho_001,2880
2024,다사46b45b,to_ho_001,2162
2024,다사46b46a,to_ho_001,758
2024,다사46b46b,to_ho_001,1267
2024,다사46b47a,to_ho_001,2873
2024,다사46b47b,to_ho_001,1461
2024,다사46b48a,to_ho_001,1932
2024,다사46b48b,to_ho_001,1682
2024,다사46b49a,to_ho_001,169
2024,다사46b50b,to_ho_001,748
2024,다사46b51a,to_ho_001,1933
2024,다사46b52b,to_ho_001,384
2024,다사46b53a,to_ho_001,896
2024,다사46b53b,to_ho_001,1153
2024,다사46b54a,to_ho_001,1717
2024,다사46b54b,to_ho_001,0
2024,다사46b55a,to_ho_001,33
2024,다사46b55b,to_ho_001,631
2024,다사46b56a,to_ho_001,1725
2024,다사46b56b,to_ho_001,2362
2024,다사46b57a,to_ho_001,5
2024,다사46b57b,to_ho_001,5
2024,다사46b58a,to_ho_001,18
2024,다사46b58b,to_ho_001,8
2024,다사46b60a,to_ho_001,0
2024,다사46b60b,to_ho_001,345
2024,다사46b61a,to_ho_001,0
2024,다사46b61b,to_ho_001,694
2024,다사46b62a,to_ho_001,208
2024,다사46b62b,to_ho_001,943
2024,다사46b63a,to_ho_001,0
2024,다사46b63b,to_ho_001,5
2024,다사46b64a,to_ho_001,5
2024,다사46b64b,to_ho_001,67
2024,다사46b65a,to_ho_001,30
2024,다사46b65b,to_ho_001,8
2024,다사46b66a,to_ho_001,101
2024,다사46b66b,to_ho_001,132
2024,다사46b67a,to_ho_001,719
2024,다사46b67b,to_ho_001,760
2024,다사46b69a,to_ho_001,8
2024,다사46b69b,to_ho_001,5
2024,다사46b71b,to_ho_001,5
2024,다사46b74b,to_ho_001,33
2024,다사46b75a,to_ho_001,5
2024,다사46b77a,to_ho_001,5
2024,다사46b77b,to_ho_001,28
2024,다사46b78a,to_ho_001,13
2024,다사46b78b,to_ho_001,8
2024,다사46b79a,to_ho_001,13
2024,다사46b81b,to_ho_001,0
2024,다사46b83a,to_ho_001,8
2024,다사46b83b,to_ho_001,5
2024,다사46b84a,to_ho_001,18
2024,다사46b84b,to_ho_001,13
2024,다사46b87b,to_ho_001,0
2024,다사46b88a,to_ho_001,0
2024,다사46b89a,to_ho_001,5
2024,다사46b89b,to_ho_001,30
2024,다사46b90a,to_ho_001,42
2024,다사46b90b,to_ho_001,13
2024,다사46b91a,to_ho_001,0
2024,다사46b93b,to_ho_001,0
2024,다사46b94a,to_ho_001,8
2024,다사46b94b,to_ho_001,58
2024,다사46b95b,to_ho_001,5
2024,다사46b96a,to_ho_001,8
2024,다사46b97b,to_ho_001,0
2024,다사46b99b,to_ho_001,18
2024,다사47a00a,to_ho_001,441
2024,다사47a00b,to_ho_001,1082
2024,다사47a01a,to_ho_001,18
2024,다사47a01b,to_ho_001,1160
2024,다사47a02a,to_ho_001,1364
2024,다사47a03a,to_ho_001,78
2024,다사47a03b,to_ho_001,541
2024,다사47a04a,to_ho_001,468
2024,다사47a04b,to_ho_001,126
2024,다사47a05a,to_ho_001,13
2024,다사47a06b,to_ho_001,5
2024,다사47a07a,to_ho_001,361
2024,다사47a07b,to_ho_001,18
2024,다사47a08a,to_ho_001,5
2024,다사47a08b,to_ho_001,13
2024,다사47a09a,to_ho_001,5
2024,다사47a09b,to_ho_001,23
2024,다사47a10a,to_ho_001,28
2024,다사47a10b,to_ho_001,5
2024,다사47a11a,to_ho_001,0
2024,다사47a15a,to_ho_001,5
2024,다사47a15b,to_ho_001,8
2024,다사47a17a,to_ho_001,8
2024,다사47a17b,to_ho_001,13
2024,다사47a18a,to_ho_001,5
2024,다사47a18b,to_ho_001,5
2024,다사47a20a,to_ho_001,8
2024,다사47a20b,to_ho_001,28
2024,다사47a21a,to_ho_001,8
2024,다사47a22a,to_ho_001,0
2024,다사47a22b,to_ho_001,459
2024,다사47a23a,to_ho_001,1923
2024,다사47a23b,to_ho_001,2206
2024,다사47a24a,to_ho_001,25
2024,다사47a24b,to_ho_001,8
2024,다사47a26a,to_ho_001,5
2024,다사47a27a,to_ho_001,23
2024,다사47a30a,to_ho_001,0
2024,다사47a30b,to_ho_001,8
2024,다사47a31a,to_ho_001,5
2024,다사47a31b,to_ho_001,1159
2024,다사47a32a,to_ho_001,174
2024,다사47a32b,to_ho_001,578
2024,다사47a33a,to_ho_001,314
2024,다사47a33b,to_ho_001,2719
2024,다사47a34a,to_ho_001,1512
2024,다사47a34b,to_ho_001,111
2024,다사47a35a,to_ho_001,449
2024,다사47a35b,to_ho_001,59
2024,다사47a36a,to_ho_001,75
2024,다사47a36b,to_ho_001,1797
2024,다사47a37a,to_ho_001,2541
2024,다사47a37b,to_ho_001,734
2024,다사47a38a,to_ho_001,1590
2024,다사47a38b,to_ho_001,1562
2024,다사47a39a,to_ho_001,1303
2024,다사47a39b,to_ho_001,2050
2024,다사47a40a,to_ho_001,2709
2024,다사47a40b,to_ho_001,2479
2024,다사47a41a,to_ho_001,2489
2024,다사47a41b,to_ho_001,2727
2024,다사47a42a,to_ho_001,2642
2024,다사47a42b,to_ho_001,2004
2024,다사47a43a,to_ho_001,1966
2024,다사47a43b,to_ho_001,1632
2024,다사47a44a,to_ho_001,2337
2024,다사47a44b,to_ho_001,1157
2024,다사47a45a,to_ho_001,2180
2024,다사47a45b,to_ho_001,2449
2024,다사47a46a,to_ho_001,1461
2024,다사47a46b,to_ho_001,572
2024,다사47a47a,to_ho_001,2256
2024,다사47a47b,to_ho_001,2522
2024,다사47a48a,to_ho_001,3736
2024,다사47a48b,to_ho_001,506
2024,다사47a50a,to_ho_001,645
2024,다사47a50b,to_ho_001,3817
2024,다사47a51a,to_ho_001,3191
2024,다사47a51b,to_ho_001,2469
2024,다사47a52a,to_ho_001,2532
2024,다사47a52b,to_ho_001,2386
2024,다사47a53a,to_ho_001,839
2024,다사47a53b,to_ho_001,2855
2024,다사47a54a,to_ho_001,1382
2024,다사47a54b,to_ho_001,1091
2024,다사47a55a,to_ho_001,247
2024,다사47a55b,to_ho_001,436
2024,다사47a56a,to_ho_001,600
2024,다사47a57a,to_ho_001,126
2024,다사47a57b,to_ho_001,417
2024,다사47a58a,to_ho_001,0
2024,다사47a58b,to_ho_001,24
2024,다사47a60a,to_ho_001,23
2024,다사47a60b,to_ho_001,445
2024,다사47a61b,to_ho_001,228
2024,다사47a62a,to_ho_001,276
2024,다사47a62b,to_ho_001,294
2024,다사47a63a,to_ho_001,13
2024,다사47a63b,to_ho_001,23
2024,다사47a64a,to_ho_001,8
2024,다사47a64b,to_ho_001,5
2024,다사47a65a,to_ho_001,8
2024,다사47a65b,to_ho_001,8
2024,다사47a66a,to_ho_001,5
2024,다사47a66b,to_ho_001,576
2024,다사47a67a,to_ho_001,1534
2024,다사47a67b,to_ho_001,1115
2024,다사47a68a,to_ho_001,963
2024,다사47a68b,to_ho_001,1495
2024,다사47a69a,to_ho_001,66
2024,다사47a73a,to_ho_001,0
2024,다사47a74a,to_ho_001,8
2024,다사47a74b,to_ho_001,43
2024,다사47a75a,to_ho_001,18
2024,다사47a75b,to_ho_001,5
2024,다사47a77b,to_ho_001,13
2024,다사47a78a,to_ho_001,23
2024,다사47a78b,to_ho_001,5
2024,다사47a79a,to_ho_001,8
2024,다사47a79b,to_ho_001,5
2024,다사47a81b,to_ho_001,28
2024,다사47a83a,to_ho_001,8
2024,다사47a83b,to_ho_001,8
2024,다사47a84a,to_ho_001,5
2024,다사47a84b,to_ho_001,8
2024,다사47a85a,to_ho_001,8
2024,다사47a89b,to_ho_001,13
2024,다사47a90a,to_ho_001,23
2024,다사47a90b,to_ho_001,55
2024,다사47a92b,to_ho_001,0
2024,다사47a93a,to_ho_001,5
2024,다사47a94a,to_ho_001,5
2024,다사47a94b,to_ho_001,40
2024,다사47a95a,to_ho_001,5
2024,다사47a95b,to_ho_001,0
2024,다사47a96a,to_ho_001,5
2024,다사47a98a,to_ho_001,8
2024,다사47a98b,to_ho_001,5
2024,다사47a99a,to_ho_001,0
2024,다사47b00a,to_ho_001,32
2024,다사47b00b,to_ho_001,8
2024,다사47b01a,to_ho_001,22
2024,다사47b01b,to_ho_001,1358
2024,다사47b02a,to_ho_001,1295
2024,다사47b02b,to_ho_001,434
2024,다사47b03a,to_ho_001,128
2024,다사47b03b,to_ho_001,319
2024,다사47b04a,to_ho_001,404
2024,다사47b04b,to_ho_001,548
2024,다사47b05a,to_ho_001,5
2024,다사47b05b,to_ho_001,5
2024,다사47b06b,to_ho_001,24
2024,다사47b07a,to_ho_001,70
2024,다사47b07b,to_ho_001,5
2024,다사47b08a,to_ho_001,5
2024,다사47b08b,to_ho_001,68
2024,다사47b09a,to_ho_001,63
2024,다사47b09b,to_ho_001,33
2024,다사47b10a,to_ho_001,48
2024,다사47b10b,to_ho_001,8
2024,다사47b11a,to_ho_001,8
2024,다사47b12b,to_ho_001,0
2024,다사47b16b,to_ho_001,36
2024,다사47b17a,to_ho_001,93
2024,다사47b17b,to_ho_001,8
2024,다사47b18a,to_ho_001,28
2024,다사47b18b,to_ho_001,5
2024,다사47b20a,to_ho_001,5
2024,다사47b20b,to_ho_001,5
2024,다사47b21a,to_ho_001,5
2024,다사47b22b,to_ho_001,5
2024,다사47b23a,to_ho_001,5
2024,다사47b23b,to_ho_001,150
2024,다사47b24a,to_ho_001,0
2024,다사47b24b,to_ho_001,5
2024,다사47b26a,to_ho_001,5
2024,다사47b26b,to_ho_001,18
2024,다사47b28b,to_ho_001,0
2024,다사47b31b,to_ho_001,8
2024,다사47b32a,to_ho_001,664
2024,다사47b32b,to_ho_001,1878
2024,다사47b33a,to_ho_001,549
2024,다사47b33b,to_ho_001,2782
2024,다사47b34a,to_ho_001,1951
2024,다사47b34b,to_ho_001,2302
2024,다사47b35a,to_ho_001,2750
2024,다사47b35b,to_ho_001,2207
2024,다사47b36a,to_ho_001,497
2024,다사47b36b,to_ho_001,0
2024,다사47b37a,to_ho_001,44
2024,다사47b37b,to_ho_001,46
2024,다사47b38a,to_ho_001,769
2024,다사47b38b,to_ho_001,983
2024,다사47b39a,to_ho_001,2959
2024,다사47b39b,to_ho_001,1964
2024,다사47b40a,to_ho_001,2116
2024,다사47b40b,to_ho_001,1782
2024,다사47b41a,to_ho_001,668
2024,다사47b41b,to_ho_001,377
2024,다사47b42a,to_ho_001,2964
2024,다사47b42b,to_ho_001,2184
2024,다사47b43a,to_ho_001,2024
2024,다사47b43b,to_ho_001,2090
2024,다사47b44a,to_ho_001,3160
2024,다사47b44b,to_ho_001,2324
2024,다사47b45a,to_ho_001,3033
2024,다사47b45b,to_ho_001,1513
2024,다사47b46a,to_ho_001,1269
2024,다사47b46b,to_ho_001,613
2024,다사47b47a,to_ho_001,2824
2024,다사47b47b,to_ho_001,2305
2024,다사47b48a,to_ho_001,1235
2024,다사47b49b,to_ho_001,56
2024,다사47b50a,to_ho_001,2542
2024,다사47b50b,to_ho_001,2847
2024,다사47b51a,to_ho_001,2684
2024,다사47b51b,to_ho_001,2205
2024,다사47b52a,to_ho_001,2838
2024,다사47b52b,to_ho_001,2864
2024,다사47b53a,to_ho_001,2588
2024,다사47b53b,to_ho_001,2692
2024,다사47b54a,to_ho_001,1897
2024,다사47b54b,to_ho_001,1484
2024,다사47b55a,to_ho_001,3376
2024,다사47b55b,to_ho_001,4109
2024,다사47b56a,to_ho_001,2943
2024,다사47b56b,to_ho_001,1870
2024,다사47b57a,to_ho_001,2795
2024,다사47b57b,to_ho_001,2332
2024,다사47b58a,to_ho_001,177
2024,다사47b60a,to_ho_001,0
2024,다사47b60b,to_ho_001,5
2024,다사47b61b,to_ho_001,594
2024,다사47b62a,to_ho_001,284
2024,다사47b62b,to_ho_001,202
2024,다사47b63a,to_ho_001,5
2024,다사47b63b,to_ho_001,5
2024,다사47b64a,to_ho_001,5
2024,다사47b64b,to_ho_001,28
2024,다사47b65b,to_ho_001,13
2024,다사47b66a,to_ho_001,5
2024,다사47b66b,to_ho_001,8
2024,다사47b67a,to_ho_001,8
2024,다사47b67b,to_ho_001,193
2024,다사47b68a,to_ho_001,1367
2024,다사47b68b,to_ho_001,8
2024,다사47b69a,to_ho_001,236
2024,다사47b69b,to_ho_001,13
2024,다사47b70a,to_ho_001,8
2024,다사47b72b,to_ho_001,8
2024,다사47b73a,to_ho_001,43
2024,다사47b73b,to_ho_001,97
2024,다사47b74a,to_ho_001,13
2024,다사47b74b,to_ho_001,8
2024,다사47b75a,to_ho_001,28
2024,다사47b75b,to_ho_001,5
2024,다사47b78b,to_ho_001,5
2024,다사47b79a,to_ho_001,5
2024,다사47b81a,to_ho_001,0
2024,다사47b81b,to_ho_001,5
2024,다사47b83a,to_ho_001,13
2024,다사47b83b,to_ho_001,35
2024,다사47b84a,to_ho_001,5
2024,다사47b85a,to_ho_001,5
2024,다사47b88b,to_ho_001,5
2024,다사47b89a,to_ho_001,5
2024,다사47b90a,to_ho_001,0
2024,다사47b90b,to_ho_001,13
2024,다사47b92b,to_ho_001,5
2024,다사47b93a,to_ho_001,0
2024,다사47b93b,to_ho_001,5
2024,다사47b94a,to_ho_001,28
2024,다사47b94b,to_ho_001,39
2024,다사47b95a,to_ho_001,5
2024,다사47b95b,to_ho_001,5
2024,다사47b98a,to_ho_001,34
2024,다사47b98b,to_ho_001,23
2024,다사48a00a,to_ho_001,8
2024,다사48a00b,to_ho_001,5
2024,다사48a01a,to_ho_001,705
2024,다사48a01b,to_ho_001,1025
2024,다사48a02a,to_ho_001,486
2024,다사48a02b,to_ho_001,1202
2024,다사48a03a,to_ho_001,2368
2024,다사48a03b,to_ho_001,622
2024,다사48a04a,to_ho_001,65
2024,다사48a04b,to_ho_001,26
2024,다사48a05a,to_ho_001,100
2024,다사48a05b,to_ho_001,34
2024,다사48a06a,to_ho_001,5
2024,다사48a06b,to_ho_001,5
2024,다사48a07a,to_ho_001,5
2024,다사48a07b,to_ho_001,5
2024,다사48a08b,to_ho_001,0
2024,다사48a09a,to_ho_001,13
2024,다사48a10b,to_ho_001,13
2024,다사48a11a,to_ho_001,8
2024,다사48a11b,to_ho_001,18
2024,다사48a12a,to_ho_001,0
2024,다사48a12b,to_ho_001,8
2024,다사48a15a,to_ho_001,0
2024,다사48a16a,to_ho_001,0
2024,다사48a17a,to_ho_001,8
2024,다사48a17b,to_ho_001,5
2024,다사48a18a,to_ho_001,8
2024,다사48a18b,to_ho_001,5
2024,다사48a21b,to_ho_001,442
2024,다사48a22a,to_ho_001,155
2024,다사48a22b,to_ho_001,5
2024,다사48a23a,to_ho_001,5
2024,다사48a24a,to_ho_001,582
2024,다사48a24b,to_ho_001,196
2024,다사48a25a,to_ho_001,1070
2024,다사48a25b,to_ho_001,1037
2024,다사48a26a,to_ho_001,652
2024,다사48a28b,to_ho_001,787
2024,다사48a29a,to_ho_001,0
2024,다사48a32a,to_ho_001,10
2024,다사48a32b,to_ho_001,2919
2024,다사48a33a,to_ho_001,1714
2024,다사48a33b,to_ho_001,2313
2024,다사48a34a,to_ho_001,1728
2024,다사48a34b,to_ho_001,985
2024,다사48a35a,to_ho_001,3305
2024,다사48a35b,to_ho_001,491
2024,다사48a36a,to_ho_001,247
2024,다사48a36b,to_ho_001,75
2024,다사48a38b,to_ho_001,584
2024,다사48a39a,to_ho_001,2879
2024,다사48a39b,to_ho_001,40
2024,다사48a40a,to_ho_001,597
2024,다사48a40b,to_ho_001,552
2024,다사48a41a,to_ho_001,411
2024,다사48a41b,to_ho_001,1660
2024,다사48a42a,to_ho_001,2537
2024,다사48a42b,to_ho_001,1466
2024,다사48a43a,to_ho_001,1534
2024,다사48a43b,to_ho_001,1488
2024,다사48a44a,to_ho_001,3092
2024,다사48a44b,to_ho_001,3113
2024,다사48a45a,to_ho_001,3474
2024,다사48a45b,to_ho_001,2277
2024,다사48a46a,to_ho_001,2097
2024,다사48a46b,to_ho_001,1758
2024,다사48a47a,to_ho_001,43
2024,다사48a49a,to_ho_001,5
2024,다사48a49b,to_ho_001,1216
2024,다사48a50a,to_ho_001,2383
2024,다사48a50b,to_ho_001,1946
2024,다사48a51a,to_ho_001,2072
2024,다사48a51b,to_ho_001,2009
2024,다사48a52a,to_ho_001,1795
2024,다사48a52b,to_ho_001,3516
2024,다사48a53a,to_ho_001,4003
2024,다사48a53b,to_ho_001,3477
2024,다사48a54a,to_ho_001,2110
2024,다사48a54b,to_ho_001,1968
2024,다사48a55a,to_ho_001,2986
2024,다사48a55b,to_ho_001,3182
2024,다사48a56a,to_ho_001,3416
2024,다사48a56b,to_ho_001,3460
2024,다사48a57a,to_ho_001,3511
2024,다사48a57b,to_ho_001,3567
2024,다사48a58a,to_ho_001,2222
2024,다사48a58b,to_ho_001,205
2024,다사48a59a,to_ho_001,327
2024,다사48a59b,to_ho_001,5
2024,다사48a60b,to_ho_001,203
2024,다사48a61a,to_ho_001,677
2024,다사48a61b,to_ho_001,1334
2024,다사48a62a,to_ho_001,31
2024,다사48a62b,to_ho_001,326
2024,다사48a63a,to_ho_001,222
2024,다사48a63b,to_ho_001,8
2024,다사48a64a,to_ho_001,8
2024,다사48a64b,to_ho_001,5
2024,다사48a65a,to_ho_001,8
2024,다사48a65b,to_ho_001,8
2024,다사48a66a,to_ho_001,8
2024,다사48a66b,to_ho_001,13
2024,다사48a68a,to_ho_001,0
2024,다사48a68b,to_ho_001,34
2024,다사48a69a,to_ho_001,5
2024,다사48a69b,to_ho_001,18
2024,다사48a70a,to_ho_001,67
2024,다사48a70b,to_ho_001,33
2024,다사48a71a,to_ho_001,8
2024,다사48a72a,to_ho_001,5
2024,다사48a72b,to_ho_001,13
2024,다사48a73a,to_ho_001,5
2024,다사48a74a,to_ho_001,8
2024,다사48a74b,to_ho_001,5
2024,다사48a75a,to_ho_001,23
2024,다사48a75b,to_ho_001,18
2024,다사48a76a,to_ho_001,18
2024,다사48a76b,to_ho_001,5
2024,다사48a78a,to_ho_001,5
2024,다사48a78b,to_ho_001,8
2024,다사48a79a,to_ho_001,0
2024,다사48a82b,to_ho_001,0
2024,다사48a83a,to_ho_001,13
2024,다사48a83b,to_ho_001,19
2024,다사48a84a,to_ho_001,18
2024,다사48a87b,to_ho_001,5
2024,다사48a88a,to_ho_001,5
2024,다사48a89a,to_ho_001,18
2024,다사48a89b,to_ho_001,8
2024,다사48a90a,to_ho_001,8
2024,다사48a90b,to_ho_001,5
2024,다사48a94a,to_ho_001,5
2024,다사48a94b,to_ho_001,16
2024,다사48a95a,to_ho_001,5
2024,다사48a95b,to_ho_001,8
2024,다사48a97b,to_ho_001,13
2024,다사48a98a,to_ho_001,8
2024,다사48a98b,to_ho_001,5
2024,다사48a99a,to_ho_001,0
2024,다사48b00a,to_ho_001,13
2024,다사48b00b,to_ho_001,8
2024,다사48b01a,to_ho_001,84
2024,다사48b01b,to_ho_001,606
2024,다사48b02a,to_ho_001,5
2024,다사48b02b,to_ho_001,64
2024,다사48b03a,to_ho_001,977
2024,다사48b03b,to_ho_001,1068
2024,다사48b04a,to_ho_001,549
2024,다사48b04b,to_ho_001,5
2024,다사48b05a,to_ho_001,18
2024,다사48b05b,to_ho_001,13
2024,다사48b06a,to_ho_001,13
2024,다사48b06b,to_ho_001,47
2024,다사48b07a,to_ho_001,0
2024,다사48b07b,to_ho_001,23
2024,다사48b11a,to_ho_001,22
2024,다사48b11b,to_ho_001,5
2024,다사48b12a,to_ho_001,18
2024,다사48b13b,to_ho_001,855
2024,다사48b14a,to_ho_001,1253
2024,다사48b14b,to_ho_001,5
2024,다사48b15a,to_ho_001,28
2024,다사48b15b,to_ho_001,13
2024,다사48b16a,to_ho_001,5
2024,다사48b16b,to_ho_001,67
2024,다사48b17a,to_ho_001,46
2024,다사48b18a,to_ho_001,5
2024,다사48b18b,to_ho_001,5
2024,다사48b19a,to_ho_001,8
2024,다사48b19b,to_ho_001,5
2024,다사48b20a,to_ho_001,0
2024,다사48b22a,to_ho_001,125
2024,다사48b22b,to_ho_001,8
2024,다사48b23a,to_ho_001,5
2024,다사48b23b,to_ho_001,96
2024,다사48b24a,to_ho_001,1018
2024,다사48b24b,to_ho_001,345
2024,다사48b25a,to_ho_001,44
2024,다사48b25b,to_ho_001,262
2024,다사48b26a,to_ho_001,5
2024,다사48b27a,to_ho_001,830
2024,다사48b27b,to_ho_001,761
2024,다사48b28b,to_ho_001,2639
2024,다사48b29a,to_ho_001,2750
2024,다사48b29b,to_ho_001,1310
2024,다사48b30a,to_ho_001,0
2024,다사48b31b,to_ho_001,156
2024,다사48b32a,to_ho_001,1483
2024,다사48b32b,to_ho_001,900
2024,다사48b33a,to_ho_001,1143
2024,다사48b33b,to_ho_001,1270
2024,다사48b34a,to_ho_001,1492
2024,다사48b34b,to_ho_001,8
2024,다사48b35a,to_ho_001,1318
2024,다사48b35b,to_ho_001,140
2024,다사48b36a,to_ho_001,5
2024,다사48b38b,to_ho_001,1238
2024,다사48b39a,to_ho_001,2660
2024,다사48b39b,to_ho_001,713
2024,다사48b40a,to_ho_001,3421
2024,다사48b40b,to_ho_001,822
2024,다사48b41a,to_ho_001,2054
2024,다사48b41b,to_ho_001,3605
2024,다사48b42a,to_ho_001,1500
2024,다사48b42b,to_ho_001,1420
2024,다사48b43a,to_ho_001,2226
2024,다사48b43b,to_ho_001,32
2024,다사48b44a,to_ho_001,756
2024,다사48b44b,to_ho_001,1483
2024,다사48b45a,to_ho_001,2310
2024,다사48b45b,to_ho_001,2160
2024,다사48b46a,to_ho_001,2067
2024,다사48b46b,to_ho_001,399
2024,다사48b47a,to_ho_001,325
2024,다사48b49b,to_ho_001,1405
2024,다사48b50a,to_ho_001,525
2024,다사48b50b,to_ho_001,551
2024,다사48b51a,to_ho_001,1582
2024,다사48b51b,to_ho_001,2444
2024,다사48b52a,to_ho_001,1023
2024,다사48b52b,to_ho_001,3633
2024,다사48b53a,to_ho_001,3842
2024,다사48b53b,to_ho_001,3558
2024,다사48b54a,to_ho_001,2019
2024,다사48b54b,to_ho_001,2817
2024,다사48b55a,to_ho_001,3470
2024,다사48b55b,to_ho_001,3284
2024,다사48b56a,to_ho_001,3654
2024,다사48b56b,to_ho_001,3289
2024,다사48b57a,to_ho_001,3159
2024,다사48b57b,to_ho_001,2315
2024,다사48b58a,to_ho_001,2933
2024,다사48b58b,to_ho_001,1961
2024,다사48b59a,to_ho_001,1294
2024,다사48b59b,to_ho_001,774
2024,다사48b60a,to_ho_001,2579
2024,다사48b60b,to_ho_001,1224
2024,다사48b61a,to_ho_001,1672
2024,다사48b61b,to_ho_001,2396
2024,다사48b62a,to_ho_001,8
2024,다사48b62b,to_ho_001,20
2024,다사48b63b,to_ho_001,5
2024,다사48b64a,to_ho_001,38
2024,다사48b64b,to_ho_001,13
2024,다사48b65a,to_ho_001,0
2024,다사48b66a,to_ho_001,0
2024,다사48b68b,to_ho_001,42
2024,다사48b69a,to_ho_001,25
2024,다사48b72b,to_ho_001,13
2024,다사48b73a,to_ho_001,5
2024,다사48b74b,to_ho_001,0
2024,다사48b75a,to_ho_001,28
2024,다사48b77b,to_ho_001,5
2024,다사48b78a,to_ho_001,8
2024,다사48b83a,to_ho_001,23
2024,다사48b84a,to_ho_001,0
2024,다사48b84b,to_ho_001,0
2024,다사48b88a,to_ho_001,0
2024,다사48b88b,to_ho_001,0
2024,다사48b89a,to_ho_001,18
2024,다사48b94a,to_ho_001,101
2024,다사48b94b,to_ho_001,190
2024,다사48b95a,to_ho_001,211
2024,다사48b95b,to_ho_001,8
2024,다사48b96a,to_ho_001,5
2024,다사48b97a,to_ho_001,5
2024,다사48b97b,to_ho_001,109
2024,다사48b98a,to_ho_001,5
2024,다사48b99a,to_ho_001,8
2024,다사48b99b,to_ho_001,74
2024,다사49a00b,to_ho_001,8
2024,다사49a01a,to_ho_001,5
2024,다사49a01b,to_ho_001,60
2024,다사49a02a,to_ho_001,0
2024,다사49a02b,to_ho_001,13
2024,다사49a03a,to_ho_001,1034
2024,다사49a03b,to_ho_001,1475
2024,다사49a04a,to_ho_001,266
2024,다사49a04b,to_ho_001,5
2024,다사49a05a,to_ho_001,8
2024,다사49a05b,to_ho_001,18
2024,다사49a06a,to_ho_001,8
2024,다사49a06b,to_ho_001,75
2024,다사49a07a,to_ho_001,357
2024,다사49a07b,to_ho_001,15
2024,다사49a08a,to_ho_001,8
2024,다사49a08b,to_ho_001,28
2024,다사49a09a,to_ho_001,5
2024,다사49a09b,to_ho_001,23
2024,다사49a10a,to_ho_001,13
2024,다사49a11b,to_ho_001,5
2024,다사49a12a,to_ho_001,0
2024,다사49a14a,to_ho_001,1445
2024,다사49a14b,to_ho_001,0
2024,다사49a15a,to_ho_001,13
2024,다사49a15b,to_ho_001,13
2024,다사49a16b,to_ho_001,281
2024,다사49a17a,to_ho_001,368
2024,다사49a21a,to_ho_001,5
2024,다사49a21b,to_ho_001,8
2024,다사49a22a,to_ho_001,79
2024,다사49a22b,to_ho_001,8
2024,다사49a23a,to_ho_001,13
2024,다사49a23b,to_ho_001,410
2024,다사49a24a,to_ho_001,1198
2024,다사49a24b,to_ho_001,8
2024,다사49a25a,to_ho_001,0
2024,다사49a26a,to_ho_001,345
2024,다사49a26b,to_ho_001,138
2024,다사49a27a,to_ho_001,775
2024,다사49a27b,to_ho_001,1788
2024,다사49a28a,to_ho_001,1824
2024,다사49a28b,to_ho_001,2349
2024,다사49a29a,to_ho_001,3829
2024,다사49a29b,to_ho_001,2393
2024,다사49a30a,to_ho_001,1079
2024,다사49a30b,to_ho_001,163
2024,다사49a31a,to_ho_001,29
2024,다사49a31b,to_ho_001,924
2024,다사49a32a,to_ho_001,866
2024,다사49a32b,to_ho_001,1609
2024,다사49a33a,to_ho_001,1045
2024,다사49a33b,to_ho_001,2575
2024,다사49a34a,to_ho_001,55
2024,다사49a34b,to_ho_001,5
2024,다사49a35a,to_ho_001,5
2024,다사49a35b,to_ho_001,63
2024,다사49a36a,to_ho_001,0
2024,다사49a37b,to_ho_001,0
2024,다사49a40a,to_ho_001,1369
2024,다사49a40b,to_ho_001,2372
2024,다사49a41a,to_ho_001,804
2024,다사49a41b,to_ho_001,1048
2024,다사49a42a,to_ho_001,1516
2024,다사49a42b,to_ho_001,1917
2024,다사49a43a,to_ho_001,2145
2024,다사49a43b,to_ho_001,2322
2024,다사49a44a,to_ho_001,3212
2024,다사49a44b,to_ho_001,2933
2024,다사49a45a,to_ho_001,1829
2024,다사49a45b,to_ho_001,1982
2024,다사49a46a,to_ho_001,942
2024,다사49a46b,to_ho_001,1713
2024,다사49a48a,to_ho_001,137
2024,다사49a49b,to_ho_001,1916
2024,다사49a50a,to_ho_001,581
2024,다사49a50b,to_ho_001,801
2024,다사49a51a,to_ho_001,908
2024,다사49a51b,to_ho_001,2344
2024,다사49a52a,to_ho_001,550
2024,다사49a52b,to_ho_001,1185
2024,다사49a53a,to_ho_001,2562
2024,다사49a53b,to_ho_001,1771
2024,다사49a54a,to_ho_001,1921
2024,다사49a54b,to_ho_001,2872
2024,다사49a55a,to_ho_001,2205
2024,다사49a55b,to_ho_001,2862
2024,다사49a56a,to_ho_001,2541
2024,다사49a56b,to_ho_001,2471
2024,다사49a57a,to_ho_001,2422
2024,다사49a57b,to_ho_001,3106
2024,다사49a58a,to_ho_001,2328
2024,다사49a58b,to_ho_001,2231
2024,다사49a59a,to_ho_001,1253
2024,다사49a59b,to_ho_001,1022
2024,다사49a60a,to_ho_001,169
2024,다사49a60b,to_ho_001,1667
2024,다사49a61a,to_ho_001,1320
2024,다사49a61b,to_ho_001,93
2024,다사49a62a,to_ho_001,89
2024,다사49a62b,to_ho_001,0
2024,다사49a64a,to_ho_001,43
2024,다사49a64b,to_ho_001,18
2024,다사49a65a,to_ho_001,8
2024,다사49a65b,to_ho_001,5
2024,다사49a66a,to_ho_001,18
2024,다사49a66b,to_ho_001,5
2024,다사49a67a,to_ho_001,0
2024,다사49a68b,to_ho_001,5
2024,다사49a69a,to_ho_001,5
2024,다사49a75a,to_ho_001,5
2024,다사49a77b,to_ho_001,13
2024,다사49a78a,to_ho_001,5
2024,다사49a78b,to_ho_001,0
2024,다사49a79a,to_ho_001,5
2024,다사49a83a,to_ho_001,0
2024,다사49a84b,to_ho_001,0
2024,다사49a85a,to_ho_001,0
2024,다사49a85b,to_ho_001,0
2024,다사49a86a,to_ho_001,0
2024,다사49a88a,to_ho_001,8
2024,다사49a88b,to_ho_001,5
2024,다사49a94a,to_ho_001,144
2024,다사49a94b,to_ho_001,100
2024,다사49a95a,to_ho_001,341
2024,다사49a95b,to_ho_001,12
2024,다사49a96a,to_ho_001,18
2024,다사49a96b,to_ho_001,0
2024,다사49a97a,to_ho_001,5
2024,다사49a97b,to_ho_001,13
2024,다사49a98b,to_ho_001,5
2024,다사49a99a,to_ho_001,13
2024,다사49a99b,to_ho_001,32
2024,다사49b00a,to_ho_001,28
2024,다사49b00b,to_ho_001,5
2024,다사49b01a,to_ho_001,8
2024,다사49b01b,to_ho_001,43
2024,다사49b02a,to_ho_001,0
2024,다사49b02b,to_ho_001,40
2024,다사49b03a,to_ho_001,8
2024,다사49b03b,to_ho_001,8
2024,다사49b04a,to_ho_001,18
2024,다사49b04b,to_ho_001,48
2024,다사49b05a,to_ho_001,13
2024,다사49b05b,to_ho_001,18
2024,다사49b06a,to_ho_001,33
2024,다사49b06b,to_ho_001,155
2024,다사49b07a,to_ho_001,28
2024,다사49b07b,to_ho_001,23
2024,다사49b08a,to_ho_001,18
2024,다사49b08b,to_ho_001,452
2024,다사49b09a,to_ho_001,93
2024,다사49b09b,to_ho_001,38
2024,다사49b10a,to_ho_001,33
2024,다사49b10b,to_ho_001,127
2024,다사49b11a,to_ho_001,23
2024,다사49b11b,to_ho_001,13
2024,다사49b12a,to_ho_001,0
2024,다사49b13a,to_ho_001,18
2024,다사49b13b,to_ho_001,5
2024,다사49b14a,to_ho_001,13
2024,다사49b15a,to_ho_001,18
2024,다사49b15b,to_ho_001,5
2024,다사49b16a,to_ho_001,0
2024,다사49b16b,to_ho_001,50
2024,다사49b19a,to_ho_001,129
2024,다사49b19b,to_ho_001,1448
2024,다사49b20a,to_ho_001,5
2024,다사49b20b,to_ho_001,18
2024,다사49b21b,to_ho_001,5
2024,다사49b22a,to_ho_001,0
2024,다사49b23a,to_ho_001,0
2024,다사49b24a,to_ho_001,13
2024,다사49b24b,to_ho_001,418
2024,다사49b25a,to_ho_001,404
2024,다사49b26a,to_ho_001,237
2024,다사49b26b,to_ho_001,1360
2024,다사49b27a,to_ho_001,747
2024,다사49b28a,to_ho_001,2737
2024,다사49b28b,to_ho_001,4593
2024,다사49b29a,to_ho_001,52
2024,다사49b29b,to_ho_001,2883
2024,다사49b30a,to_ho_001,2130
2024,다사49b30b,to_ho_001,2365
2024,다사49b31a,to_ho_001,114
2024,다사49b31b,to_ho_001,1295
2024,다사49b32a,to_ho_001,1948
2024,다사49b32b,to_ho_001,3447
2024,다사49b33a,to_ho_001,2216
2024,다사49b33b,to_ho_001,3123
2024,다사49b34a,to_ho_001,2454
2024,다사49b34b,to_ho_001,8
2024,다사49b35b,to_ho_001,43
2024,다사49b40a,to_ho_001,155
2024,다사49b40b,to_ho_001,1307
2024,다사49b41a,to_ho_001,1540
2024,다사49b41b,to_ho_001,2127
2024,다사49b42a,to_ho_001,2737
2024,다사49b42b,to_ho_001,2171
2024,다사49b43a,to_ho_001,2510
2024,다사49b43b,to_ho_001,2895
2024,다사49b44a,to_ho_001,3564
2024,다사49b44b,to_ho_001,2327
2024,다사49b45a,to_ho_001,1289
2024,다사49b45b,to_ho_001,2466
2024,다사49b46a,to_ho_001,1533
2024,다사49b46b,to_ho_001,1467
2024,다사49b47a,to_ho_001,2280
2024,다사49b47b,to_ho_001,1040
2024,다사49b49a,to_ho_001,705
2024,다사49b49b,to_ho_001,2584
2024,다사49b50a,to_ho_001,3263
2024,다사49b50b,to_ho_001,1788
2024,다사49b51a,to_ho_001,2119
2024,다사49b51b,to_ho_001,1703
2024,다사49b52a,to_ho_001,928
2024,다사49b52b,to_ho_001,709
2024,다사49b53a,to_ho_001,2208
2024,다사49b53b,to_ho_001,727
2024,다사49b54a,to_ho_001,896
2024,다사49b54b,to_ho_001,252
2024,다사49b55a,to_ho_001,643
2024,다사49b55b,to_ho_001,3717
2024,다사49b56a,to_ho_001,2723
2024,다사49b56b,to_ho_001,2003
2024,다사49b57a,to_ho_001,3482
2024,다사49b57b,to_ho_001,1872
2024,다사49b58a,to_ho_001,2251
2024,다사49b58b,to_ho_001,866
2024,다사49b59a,to_ho_001,1002
2024,다사49b59b,to_ho_001,1257
2024,다사49b60a,to_ho_001,398
2024,다사49b60b,to_ho_001,1042
2024,다사49b61a,to_ho_001,1017
2024,다사49b61b,to_ho_001,43
2024,다사49b62a,to_ho_001,18
2024,다사49b64a,to_ho_001,13
2024,다사49b65a,to_ho_001,5
2024,다사49b65b,to_ho_001,28
2024,다사49b66a,to_ho_001,18
2024,다사49b66b,to_ho_001,92
2024,다사49b67a,to_ho_001,8
2024,다사49b67b,to_ho_001,23
2024,다사49b68a,to_ho_001,13
2024,다사49b68b,to_ho_001,8
2024,다사49b69a,to_ho_001,13
2024,다사49b69b,to_ho_001,28
2024,다사49b70a,to_ho_001,0
2024,다사49b78b,to_ho_001,23
2024,다사49b79a,to_ho_001,8
2024,다사49b79b,to_ho_001,13
2024,다사49b80a,to_ho_001,5
2024,다사49b80b,to_ho_001,5
2024,다사49b81b,to_ho_001,0
2024,다사49b88a,to_ho_001,5
2024,다사49b88b,to_ho_001,5
2024,다사49b94b,to_ho_001,75
2024,다사49b95a,to_ho_001,8
2024,다사49b95b,to_ho_001,5
2024,다사49b96a,to_ho_001,8
2024,다사49b99a,to_ho_001,8
2024,다사49b99b,to_ho_001,13
2024,다사50a00a,to_ho_001,5
2024,다사50a00b,to_ho_001,0
2024,다사50a01b,to_ho_001,13
2024,다사50a02a,to_ho_001,5
2024,다사50a02b,to_ho_001,13
2024,다사50a03a,to_ho_001,5
2024,다사50a03b,to_ho_001,12
2024,다사50a04a,to_ho_001,23
2024,다사50a04b,to_ho_001,18
2024,다사50a05a,to_ho_001,36
2024,다사50a05b,to_ho_001,50
2024,다사50a06b,to_ho_001,38
2024,다사50a07a,to_ho_001,130
2024,다사50a07b,to_ho_001,18
2024,다사50a08a,to_ho_001,13
2024,다사50a08b,to_ho_001,13
2024,다사50a09a,to_ho_001,13
2024,다사50a09b,to_ho_001,60
2024,다사50a10a,to_ho_001,5
2024,다사50a10b,to_ho_001,366
2024,다사50a11a,to_ho_001,78
2024,다사50a11b,to_ho_001,7
2024,다사50a12a,to_ho_001,0
2024,다사50a13a,to_ho_001,0
2024,다사50a13b,to_ho_001,5
2024,다사50a14a,to_ho_001,8
2024,다사50a14b,to_ho_001,1856
2024,다사50a15a,to_ho_001,381
2024,다사50a16a,to_ho_001,8
2024,다사50a17a,to_ho_001,13
2024,다사50a17b,to_ho_001,0
2024,다사50a18a,to_ho_001,28
2024,다사50a18b,to_ho_001,401
2024,다사50a19a,to_ho_001,3016
2024,다사50a19b,to_ho_001,1981
2024,다사50a20a,to_ho_001,5
2024,다사50a20b,to_ho_001,8
2024,다사50a21a,to_ho_001,961
2024,다사50a21b,to_ho_001,1422
2024,다사50a22a,to_ho_001,5
2024,다사50a22b,to_ho_001,5
2024,다사50a23a,to_ho_001,50
2024,다사50a23b,to_ho_001,18
2024,다사50a24a,to_ho_001,97
2024,다사50a25a,to_ho_001,251
2024,다사50a26b,to_ho_001,0
2024,다사50a27a,to_ho_001,2066
2024,다사50a27b,to_ho_001,2078
2024,다사50a28a,to_ho_001,1011
2024,다사50a28b,to_ho_001,1739
2024,다사50a29a,to_ho_001,2346
2024,다사50a29b,to_ho_001,2354
2024,다사50a30a,to_ho_001,2414
2024,다사50a30b,to_ho_001,3211
2024,다사50a31a,to_ho_001,935
2024,다사50a31b,to_ho_001,154
2024,다사50a32a,to_ho_001,140
2024,다사50a32b,to_ho_001,1974
2024,다사50a33a,to_ho_001,2575
2024,다사50a33b,to_ho_001,3016
2024,다사50a34a,to_ho_001,156
2024,다사50a34b,to_ho_001,5
2024,다사50a37a,to_ho_001,0
2024,다사50a40b,to_ho_001,1435
2024,다사50a41a,to_ho_001,1470
2024,다사50a41b,to_ho_001,1697
2024,다사50a42a,to_ho_001,1785
2024,다사50a42b,to_ho_001,1556
2024,다사50a43a,to_ho_001,2356
2024,다사50a43b,to_ho_001,454
2024,다사50a44a,to_ho_001,3853
2024,다사50a44b,to_ho_001,1857
2024,다사50a45a,to_ho_001,1823
2024,다사50a45b,to_ho_001,1002
2024,다사50a46a,to_ho_001,482
2024,다사50a46b,to_ho_001,1850
2024,다사50a47a,to_ho_001,946
2024,다사50a49a,to_ho_001,1672
2024,다사50a49b,to_ho_001,2041
2024,다사50a50a,to_ho_001,2019
2024,다사50a50b,to_ho_001,799
2024,다사50a51a,to_ho_001,350
2024,다사50a51b,to_ho_001,5
2024,다사50a52a,to_ho_001,459
2024,다사50a52b,to_ho_001,735
2024,다사50a53a,to_ho_001,1855
2024,다사50a53b,to_ho_001,1140
2024,다사50a54a,to_ho_001,1753
2024,다사50a54b,to_ho_001,1145
2024,다사50a55a,to_ho_001,1096
2024,다사50a55b,to_ho_001,2371
2024,다사50a56a,to_ho_001,2621
2024,다사50a56b,to_ho_001,1103
2024,다사50a57a,to_ho_001,2189
2024,다사50a57b,to_ho_001,1706
2024,다사50a58a,to_ho_001,367
2024,다사50a58b,to_ho_001,389
2024,다사50a59a,to_ho_001,81
2024,다사50a59b,to_ho_001,870
2024,다사50a60a,to_ho_001,247
2024,다사50a61a,to_ho_001,5
2024,다사50a61b,to_ho_001,115
2024,다사50a62a,to_ho_001,31
2024,다사50a66b,to_ho_001,38
2024,다사50a67a,to_ho_001,8
2024,다사50a67b,to_ho_001,28
2024,다사50a68a,to_ho_001,53
2024,다사50a68b,to_ho_001,76
2024,다사50a69b,to_ho_001,5
2024,다사50a74b,to_ho_001,5
2024,다사50a75a,to_ho_001,8
2024,다사50a75b,to_ho_001,5
2024,다사50a78a,to_ho_001,8
2024,다사50a79a,to_ho_001,5
2024,다사50a79b,to_ho_001,8
2024,다사50a80a,to_ho_001,8
2024,다사50a80b,to_ho_001,5
2024,다사50a81a,to_ho_001,8
2024,다사50a81b,to_ho_001,18
2024,다사50a84a,to_ho_001,5
2024,다사50a85b,to_ho_001,0
2024,다사50a86a,to_ho_001,5
2024,다사50a94a,to_ho_001,5
2024,다사50a94b,to_ho_001,0
2024,다사50a97a,to_ho_001,20
2024,다사50a98b,to_ho_001,0
2024,다사50a99a,to_ho_001,5
2024,다사50a99b,to_ho_001,8
2024,다사50b00a,to_ho_001,8
2024,다사50b00b,to_ho_001,5
2024,다사50b01a,to_ho_001,8
2024,다사50b01b,to_ho_001,0
2024,다사50b02a,to_ho_001,23
2024,다사50b02b,to_ho_001,8
2024,다사50b03a,to_ho_001,23
2024,다사50b03b,to_ho_001,33
2024,다사50b04a,to_ho_001,13
2024,다사50b05a,to_ho_001,5
2024,다사50b05b,to_ho_001,5
2024,다사50b07b,to_ho_001,5
2024,다사50b08a,to_ho_001,0
2024,다사50b08b,to_ho_001,8
2024,다사50b09a,to_ho_001,18
2024,다사50b09b,to_ho_001,56
2024,다사50b10a,to_ho_001,5
2024,다사50b10b,to_ho_001,5
2024,다사50b11a,to_ho_001,0
2024,다사50b11b,to_ho_001,8
2024,다사50b12a,to_ho_001,5
2024,다사50b12b,to_ho_001,0
2024,다사50b13a,to_ho_001,1082
2024,다사50b13b,to_ho_001,1374
2024,다사50b14a,to_ho_001,273
2024,다사50b14b,to_ho_001,1062
2024,다사50b15a,to_ho_001,323
2024,다사50b15b,to_ho_001,8
2024,다사50b16a,to_ho_001,280
2024,다사50b16b,to_ho_001,203
2024,다사50b17a,to_ho_001,5
2024,다사50b18a,to_ho_001,28
2024,다사50b18b,to_ho_001,211
2024,다사50b19a,to_ho_001,1603
2024,다사50b19b,to_ho_001,1082
2024,다사50b20a,to_ho_001,1005
2024,다사50b20b,to_ho_001,1207
2024,다사50b21a,to_ho_001,1511
2024,다사50b21b,to_ho_001,33
2024,다사50b22a,to_ho_001,0
2024,다사50b22b,to_ho_001,5
2024,다사50b23a,to_ho_001,5
2024,다사50b23b,to_ho_001,8
2024,다사50b24a,to_ho_001,8
2024,다사50b24b,to_ho_001,1166
2024,다사50b25a,to_ho_001,1542
2024,다사50b27a,to_ho_001,2029
2024,다사50b27b,to_ho_001,2268
2024,다사50b28a,to_ho_001,2393
2024,다사50b28b,to_ho_001,1622
2024,다사50b29a,to_ho_001,2333
2024,다사50b29b,to_ho_001,1800
2024,다사50b30a,to_ho_001,1643
2024,다사50b30b,to_ho_001,390
2024,다사50b31a,to_ho_001,5
2024,다사50b31b,to_ho_001,0
2024,다사50b32a,to_ho_001,541
2024,다사50b32b,to_ho_001,2669
2024,다사50b33a,to_ho_001,2888
2024,다사50b33b,to_ho_001,1863
2024,다사50b34a,to_ho_001,1679
2024,다사50b34b,to_ho_001,0
2024,다사50b40b,to_ho_001,510
2024,다사50b41a,to_ho_001,1147
2024,다사50b41b,to_ho_001,1266
2024,다사50b42a,to_ho_001,3247
2024,다사50b42b,to_ho_001,2358
2024,다사50b43a,to_ho_001,4069
2024,다사50b43b,to_ho_001,2539
2024,다사50b44a,to_ho_001,2519
2024,다사50b44b,to_ho_001,3091
2024,다사50b45a,to_ho_001,3423
2024,다사50b45b,to_ho_001,2001
2024,다사50b46a,to_ho_001,825
2024,다사50b48b,to_ho_001,379
2024,다사50b49a,to_ho_001,2538
2024,다사50b49b,to_ho_001,3376
2024,다사50b50a,to_ho_001,1182
2024,다사50b50b,to_ho_001,2827
2024,다사50b51a,to_ho_001,797
2024,다사50b51b,to_ho_001,56
2024,다사50b52a,to_ho_001,71
2024,다사50b53a,to_ho_001,125
2024,다사50b53b,to_ho_001,693
2024,다사50b54a,to_ho_001,2173
2024,다사50b54b,to_ho_001,1382
2024,다사50b55a,to_ho_001,2845
2024,다사50b55b,to_ho_001,637
2024,다사50b56b,to_ho_001,63
2024,다사50b57a,to_ho_001,51
2024,다사50b59b,to_ho_001,23
2024,다사50b60a,to_ho_001,94
2024,다사50b60b,to_ho_001,26
2024,다사50b61a,to_ho_001,18
2024,다사50b61b,to_ho_001,43
2024,다사50b62a,to_ho_001,104
2024,다사50b62b,to_ho_001,8
2024,다사50b66b,to_ho_001,38
2024,다사50b67a,to_ho_001,8
2024,다사50b68a,to_ho_001,0
2024,다사50b68b,to_ho_001,43
2024,다사50b69a,to_ho_001,120
2024,다사50b70b,to_ho_001,5
2024,다사50b72a,to_ho_001,8
2024,다사50b72b,to_ho_001,5
2024,다사50b74b,to_ho_001,8
2024,다사50b75a,to_ho_001,8
2024,다사50b75b,to_ho_001,13
2024,다사50b79a,to_ho_001,5
2024,다사50b79b,to_ho_001,8
2024,다사50b81b,to_ho_001,5
2024,다사50b83a,to_ho_001,5
2024,다사50b83b,to_ho_001,5
2024,다사50b84a,to_ho_001,5
2024,다사50b85a,to_ho_001,5
2024,다사50b95b,to_ho_001,5
2024,다사50b96b,to_ho_001,5
2024,다사50b97a,to_ho_001,5
2024,다사50b97b,to_ho_001,0
2024,다사50b98b,to_ho_001,5
2024,다사50b99b,to_ho_001,0
2024,다사51a00a,to_ho_001,33
2024,다사51a00b,to_ho_001,13
2024,다사51a01a,to_ho_001,18
2024,다사51a01b,to_ho_001,8
2024,다사51a02a,to_ho_001,18
2024,다사51a02b,to_ho_001,5
2024,다사51a03a,to_ho_001,5
2024,다사51a03b,to_ho_001,13
2024,다사51a04a,to_ho_001,59
2024,다사51a04b,to_ho_001,8
2024,다사51a05a,to_ho_001,0
2024,다사51a07a,to_ho_001,28
2024,다사51a07b,to_ho_001,8
2024,다사51a08a,to_ho_001,8
2024,다사51a08b,to_ho_001,8
2024,다사51a09a,to_ho_001,5
2024,다사51a09b,to_ho_001,8
2024,다사51a10b,to_ho_001,0
2024,다사51a11a,to_ho_001,8
2024,다사51a11b,to_ho_001,8
2024,다사51a12a,to_ho_001,18
2024,다사51a13a,to_ho_001,1961
2024,다사51a13b,to_ho_001,1133
2024,다사51a14a,to_ho_001,2628
2024,다사51a14b,to_ho_001,1913
2024,다사51a15a,to_ho_001,70
2024,다사51a15b,to_ho_001,188
2024,다사51a16a,to_ho_001,310
2024,다사51a16b,to_ho_001,13
2024,다사51a17b,to_ho_001,448
2024,다사51a18a,to_ho_001,1179
2024,다사51a18b,to_ho_001,1353
2024,다사51a19a,to_ho_001,2046
2024,다사51a19b,to_ho_001,786
2024,다사51a20a,to_ho_001,420
2024,다사51a22a,to_ho_001,631
2024,다사51a22b,to_ho_001,106
2024,다사51a23b,to_ho_001,5
2024,다사51a24a,to_ho_001,849
2024,다사51a24b,to_ho_001,1002
2024,다사51a25a,to_ho_001,5
2024,다사51a25b,to_ho_001,627
2024,다사51a26b,to_ho_001,50
2024,다사51a27a,to_ho_001,1663
2024,다사51a27b,to_ho_001,1460
2024,다사51a28a,to_ho_001,383
2024,다사51a28b,to_ho_001,599
2024,다사51a29a,to_ho_001,278
2024,다사51a29b,to_ho_001,121
2024,다사51a30a,to_ho_001,8
2024,다사51a30b,to_ho_001,1026
2024,다사51a31a,to_ho_001,1206
2024,다사51a31b,to_ho_001,2485
2024,다사51a32a,to_ho_001,1465
2024,다사51a32b,to_ho_001,1910
2024,다사51a33a,to_ho_001,4454
2024,다사51a33b,to_ho_001,454
2024,다사51a34a,to_ho_001,1491
2024,다사51a34b,to_ho_001,392
2024,다사51a35a,to_ho_001,5
2024,다사51a42a,to_ho_001,2119
2024,다사51a42b,to_ho_001,2404
2024,다사51a43a,to_ho_001,3232
2024,다사51a43b,to_ho_001,3756
2024,다사51a44a,to_ho_001,3016
2024,다사51a44b,to_ho_001,2860
2024,다사51a45a,to_ho_001,3447
2024,다사51a45b,to_ho_001,3527
2024,다사51a46a,to_ho_001,1052
2024,다사51a48a,to_ho_001,840
2024,다사51a48b,to_ho_001,4006
2024,다사51a49a,to_ho_001,1976
2024,다사51a49b,to_ho_001,1890
2024,다사51a50a,to_ho_001,4119
2024,다사51a50b,to_ho_001,3295
2024,다사51a51a,to_ho_001,2674
2024,다사51a51b,to_ho_001,345
2024,다사51a52a,to_ho_001,614
2024,다사51a52b,to_ho_001,54
2024,다사51a53a,to_ho_001,56
2024,다사51a53b,to_ho_001,2066
2024,다사51a54a,to_ho_001,3287
2024,다사51a54b,to_ho_001,3384
2024,다사51a55a,to_ho_001,1855
2024,다사51a55b,to_ho_001,1498
2024,다사51a56a,to_ho_001,944
2024,다사51a61a,to_ho_001,8
2024,다사51a61b,to_ho_001,5
2024,다사51a62a,to_ho_001,60
2024,다사51a62b,to_ho_001,53
2024,다사51a63a,to_ho_001,5
2024,다사51a67a,to_ho_001,8
2024,다사51a67b,to_ho_001,5
2024,다사51a68b,to_ho_001,8
2024,다사51a69a,to_ho_001,673
2024,다사51a69b,to_ho_001,91
2024,다사51a70a,to_ho_001,0
2024,다사51a71b,to_ho_001,5
2024,다사51a72a,to_ho_001,33
2024,다사51a72b,to_ho_001,5
2024,다사51a75a,to_ho_001,5
2024,다사51a75b,to_ho_001,5
2024,다사51a76a,to_ho_001,0
2024,다사51a79b,to_ho_001,13
2024,다사51a80a,to_ho_001,13
2024,다사51a81a,to_ho_001,5
2024,다사51a81b,to_ho_001,13
2024,다사51a83b,to_ho_001,13
2024,다사51a84a,to_ho_001,13
2024,다사51a84b,to_ho_001,18
2024,다사51a85a,to_ho_001,5
2024,다사51a85b,to_ho_001,8
2024,다사51a89a,to_ho_001,0
2024,다사51a89b,to_ho_001,0
2024,다사51a90a,to_ho_001,5
2024,다사51a92a,to_ho_001,0
2024,다사51a92b,to_ho_001,5
2024,다사51a96b,to_ho_001,18
2024,다사51a97a,to_ho_001,33
2024,다사51a97b,to_ho_001,5
2024,다사51a98b,to_ho_001,38
2024,다사51a99a,to_ho_001,0
2024,다사51b00a,to_ho_001,5
2024,다사51b02a,to_ho_001,8
2024,다사51b02b,to_ho_001,28
2024,다사51b03b,to_ho_001,5
2024,다사51b04a,to_ho_001,8
2024,다사51b04b,to_ho_001,0
2024,다사51b05a,to_ho_001,5
2024,다사51b05b,to_ho_001,8
2024,다사51b06a,to_ho_001,0
2024,다사51b07a,to_ho_001,13
2024,다사51b07b,to_ho_001,33
2024,다사51b08b,to_ho_001,5
2024,다사51b09a,to_ho_001,8
2024,다사51b09b,to_ho_001,8
2024,다사51b10b,to_ho_001,0
2024,다사51b11a,to_ho_001,5
2024,다사51b11b,to_ho_001,48
2024,다사51b12a,to_ho_001,23
2024,다사51b12b,to_ho_001,117
2024,다사51b13a,to_ho_001,1460
2024,다사51b13b,to_ho_001,867
2024,다사51b14a,to_ho_001,165
2024,다사51b15a,to_ho_001,1414
2024,다사51b15b,to_ho_001,493
2024,다사51b16a,to_ho_001,231
2024,다사51b16b,to_ho_001,28
2024,다사51b17a,to_ho_001,244
2024,다사51b17b,to_ho_001,938
2024,다사51b18a,to_ho_001,1171
2024,다사51b18b,to_ho_001,1681
2024,다사51b19a,to_ho_001,2271
2024,다사51b19b,to_ho_001,729
2024,다사51b20a,to_ho_001,577
2024,다사51b20b,to_ho_001,0
2024,다사51b21b,to_ho_001,5
2024,다사51b22a,to_ho_001,951
2024,다사51b22b,to_ho_001,47
2024,다사51b23a,to_ho_001,41
2024,다사51b23b,to_ho_001,86
2024,다사51b24a,to_ho_001,1680
2024,다사51b24b,to_ho_001,2355
2024,다사51b25a,to_ho_001,1086
2024,다사51b25b,to_ho_001,47
2024,다사51b26a,to_ho_001,8
2024,다사51b26b,to_ho_001,8
2024,다사51b27a,to_ho_001,949
2024,다사51b27b,to_ho_001,1044
2024,다사51b28a,to_ho_001,18
2024,다사51b28b,to_ho_001,8
2024,다사51b29a,to_ho_001,5
2024,다사51b29b,to_ho_001,1485
2024,다사51b30a,to_ho_001,2807
2024,다사51b30b,to_ho_001,2933
2024,다사51b31a,to_ho_001,2634
2024,다사51b31b,to_ho_001,2756
2024,다사51b32a,to_ho_001,3172
2024,다사51b32b,to_ho_001,679
2024,다사51b33a,to_ho_001,4230
2024,다사51b33b,to_ho_001,2137
2024,다사51b34a,to_ho_001,3337
2024,다사51b34b,to_ho_001,35
2024,다사51b35a,to_ho_001,8
2024,다사51b41b,to_ho_001,792
2024,다사51b42a,to_ho_001,2163
2024,다사51b42b,to_ho_001,1490
2024,다사51b43a,to_ho_001,4001
2024,다사51b43b,to_ho_001,2601
2024,다사51b44a,to_ho_001,1687
2024,다사51b44b,to_ho_001,3473
2024,다사51b45a,to_ho_001,1641
2024,다사51b45b,to_ho_001,2137
2024,다사51b46a,to_ho_001,378
2024,다사51b47a,to_ho_001,674
2024,다사51b47b,to_ho_001,1294
2024,다사51b48a,to_ho_001,1262
2024,다사51b48b,to_ho_001,4049
2024,다사51b49a,to_ho_001,4219
2024,다사51b49b,to_ho_001,1970
2024,다사51b50a,to_ho_001,2388
2024,다사51b50b,to_ho_001,4409
2024,다사51b51a,to_ho_001,2568
2024,다사51b51b,to_ho_001,2029
2024,다사51b52a,to_ho_001,250
2024,다사51b52b,to_ho_001,1187
2024,다사51b53a,to_ho_001,760
2024,다사51b53b,to_ho_001,1694
2024,다사51b54a,to_ho_001,804
2024,다사51b54b,to_ho_001,236
2024,다사51b55a,to_ho_001,1054
2024,다사51b55b,to_ho_001,644
2024,다사51b56a,to_ho_001,493
2024,다사51b56b,to_ho_001,126
2024,다사51b57a,to_ho_001,115
2024,다사51b57b,to_ho_001,16
2024,다사51b60a,to_ho_001,0
2024,다사51b61b,to_ho_001,5
2024,다사51b62a,to_ho_001,18
2024,다사51b62b,to_ho_001,19
2024,다사51b63a,to_ho_001,5
2024,다사51b63b,to_ho_001,18
2024,다사51b66b,to_ho_001,0
2024,다사51b67b,to_ho_001,5
2024,다사51b68a,to_ho_001,8
2024,다사51b68b,to_ho_001,8
2024,다사51b69a,to_ho_001,23
2024,다사51b69b,to_ho_001,8
2024,다사51b70a,to_ho_001,5
2024,다사51b70b,to_ho_001,5
2024,다사51b71a,to_ho_001,5
2024,다사51b71b,to_ho_001,8
2024,다사51b72a,to_ho_001,8
2024,다사51b75a,to_ho_001,0
2024,다사51b75b,to_ho_001,5
2024,다사51b76a,to_ho_001,5
2024,다사51b76b,to_ho_001,8
2024,다사51b77a,to_ho_001,23
2024,다사51b77b,to_ho_001,24
2024,다사51b78a,to_ho_001,23
2024,다사51b78b,to_ho_001,18
2024,다사51b79a,to_ho_001,5
2024,다사51b79b,to_ho_001,33
2024,다사51b80a,to_ho_001,48
2024,다사51b80b,to_ho_001,5
2024,다사51b81a,to_ho_001,13
2024,다사51b81b,to_ho_001,5
2024,다사51b82b,to_ho_001,0
2024,다사51b83a,to_ho_001,0
2024,다사51b83b,to_ho_001,5
2024,다사51b84a,to_ho_001,13
2024,다사51b84b,to_ho_001,8
2024,다사51b85a,to_ho_001,13
2024,다사51b85b,to_ho_001,18
2024,다사51b86a,to_ho_001,13
2024,다사51b86b,to_ho_001,8
2024,다사51b88a,to_ho_001,0
2024,다사51b90a,to_ho_001,8
2024,다사51b91b,to_ho_001,21
2024,다사51b96a,to_ho_001,0
2024,다사51b96b,to_ho_001,8
2024,다사51b97a,to_ho_001,8
2024,다사51b97b,to_ho_001,13
2024,다사51b98b,to_ho_001,5
2024,다사51b99a,to_ho_001,5
2024,다사51b99b,to_ho_001,0
2024,다사52a00a,to_ho_001,5
2024,다사52a00b,to_ho_001,18
2024,다사52a01a,to_ho_001,0
2024,다사52a01b,to_ho_001,5
2024,다사52a02a,to_ho_001,5
2024,다사52a02b,to_ho_001,13
2024,다사52a03a,to_ho_001,13
2024,다사52a03b,to_ho_001,8
2024,다사52a04a,to_ho_001,5
2024,다사52a04b,to_ho_001,0
2024,다사52a05a,to_ho_001,5
2024,다사52a05b,to_ho_001,5
2024,다사52a06a,to_ho_001,28
2024,다사52a06b,to_ho_001,43
2024,다사52a07a,to_ho_001,5
2024,다사52a07b,to_ho_001,5
2024,다사52a08b,to_ho_001,18
2024,다사52a09a,to_ho_001,28
2024,다사52a09b,to_ho_001,18
2024,다사52a10b,to_ho_001,5
2024,다사52a11b,to_ho_001,8
2024,다사52a12a,to_ho_001,8
2024,다사52a12b,to_ho_001,1260
2024,다사52a13a,to_ho_001,1778
2024,다사52a13b,to_ho_001,355
2024,다사52a14b,to_ho_001,5
2024,다사52a15a,to_ho_001,5
2024,다사52a15b,to_ho_001,796
2024,다사52a16a,to_ho_001,1193
2024,다사52a16b,to_ho_001,831
2024,다사52a17a,to_ho_001,744
2024,다사52a17b,to_ho_001,1521
2024,다사52a18a,to_ho_001,2137
2024,다사52a18b,to_ho_001,1835
2024,다사52a19a,to_ho_001,352
2024,다사52a19b,to_ho_001,5
2024,다사52a20a,to_ho_001,8
2024,다사52a20b,to_ho_001,8
2024,다사52a21b,to_ho_001,313
2024,다사52a22a,to_ho_001,650
2024,다사52a23b,to_ho_001,5
2024,다사52a24a,to_ho_001,35
2024,다사52a24b,to_ho_001,1100
2024,다사52a25a,to_ho_001,8
2024,다사52a25b,to_ho_001,13
2024,다사52a26a,to_ho_001,0
2024,다사52a26b,to_ho_001,5
2024,다사52a27b,to_ho_001,5
2024,다사52a28a,to_ho_001,19
2024,다사52a28b,to_ho_001,8
2024,다사52a29a,to_ho_001,798
2024,다사52a29b,to_ho_001,3714
2024,다사52a30a,to_ho_001,330
2024,다사52a30b,to_ho_001,3602
2024,다사52a31a,to_ho_001,791
2024,다사52a31b,to_ho_001,1488
2024,다사52a32a,to_ho_001,2002
2024,다사52a32b,to_ho_001,345
2024,다사52a33a,to_ho_001,1959
2024,다사52a33b,to_ho_001,1909
2024,다사52a34a,to_ho_001,2090
2024,다사52a40b,to_ho_001,120
2024,다사52a41a,to_ho_001,238
2024,다사52a41b,to_ho_001,988
2024,다사52a42a,to_ho_001,1268
2024,다사52a42b,to_ho_001,3049
2024,다사52a43a,to_ho_001,4394
2024,다사52a43b,to_ho_001,4122
2024,다사52a44a,to_ho_001,617
2024,다사52a44b,to_ho_001,3029
2024,다사52a45a,to_ho_001,989
2024,다사52a45b,to_ho_001,1868
2024,다사52a46a,to_ho_001,5
2024,다사52a47a,to_ho_001,1535
2024,다사52a47b,to_ho_001,92
2024,다사52a48a,to_ho_001,123
2024,다사52a48b,to_ho_001,2213
2024,다사52a49a,to_ho_001,2415
2024,다사52a49b,to_ho_001,1747
2024,다사52a50a,to_ho_001,2046
2024,다사52a50b,to_ho_001,3049
2024,다사52a51a,to_ho_001,1698
2024,다사52a51b,to_ho_001,1820
2024,다사52a52a,to_ho_001,2830
2024,다사52a52b,to_ho_001,2263
2024,다사52a53a,to_ho_001,1680
2024,다사52a54a,to_ho_001,5
2024,다사52a54b,to_ho_001,82
2024,다사52a55a,to_ho_001,73
2024,다사52a55b,to_ho_001,417
2024,다사52a56a,to_ho_001,1237
2024,다사52a56b,to_ho_001,627
2024,다사52a57a,to_ho_001,220
2024,다사52a61b,to_ho_001,5
2024,다사52a64a,to_ho_001,5
2024,다사52a64b,to_ho_001,18
2024,다사52a68b,to_ho_001,5
2024,다사52a71a,to_ho_001,5
2024,다사52a71b,to_ho_001,18
2024,다사52a72a,to_ho_001,5
2024,다사52a72b,to_ho_001,5
2024,다사52a74b,to_ho_001,8
2024,다사52a75a,to_ho_001,13
2024,다사52a75b,to_ho_001,8
2024,다사52a76b,to_ho_001,28
2024,다사52a77a,to_ho_001,23
2024,다사52a77b,to_ho_001,5
2024,다사52a78a,to_ho_001,28
2024,다사52a78b,to_ho_001,28
2024,다사52a79a,to_ho_001,18
2024,다사52a79b,to_ho_001,8
2024,다사52a80a,to_ho_001,18
2024,다사52a80b,to_ho_001,8
2024,다사52a81a,to_ho_001,13
2024,다사52a81b,to_ho_001,5
2024,다사52a82a,to_ho_001,8
2024,다사52a82b,to_ho_001,8
2024,다사52a84a,to_ho_001,8
2024,다사52a84b,to_ho_001,5
2024,다사52a85a,to_ho_001,8
2024,다사52a85b,to_ho_001,13
2024,다사52a86a,to_ho_001,8
2024,다사52a86b,to_ho_001,38
2024,다사52a87a,to_ho_001,8
2024,다사52a87b,to_ho_001,8
2024,다사52a88a,to_ho_001,43
2024,다사52a88b,to_ho_001,8
2024,다사52a89a,to_ho_001,8
2024,다사52a89b,to_ho_001,8
2024,다사52a90b,to_ho_001,5
2024,다사52a95a,to_ho_001,8
2024,다사52a95b,to_ho_001,23
2024,다사52a96a,to_ho_001,8
2024,다사52a96b,to_ho_001,8
2024,다사52a97a,to_ho_001,8
2024,다사52a97b,to_ho_001,39
2024,다사52a99b,to_ho_001,5
2024,다사52b00a,to_ho_001,5
2024,다사52b00b,to_ho_001,5
2024,다사52b01a,to_ho_001,43
2024,다사52b01b,to_ho_001,8
2024,다사52b02b,to_ho_001,20
2024,다사52b03a,to_ho_001,28
2024,다사52b03b,to_ho_001,23
2024,다사52b04b,to_ho_001,5
2024,다사52b05a,to_ho_001,8
2024,다사52b05b,to_ho_001,13
2024,다사52b06a,to_ho_001,28
2024,다사52b06b,to_ho_001,8
2024,다사52b07a,to_ho_001,5
2024,다사52b07b,to_ho_001,24
2024,다사52b08a,to_ho_001,28
2024,다사52b08b,to_ho_001,8
2024,다사52b09a,to_ho_001,18
2024,다사52b09b,to_ho_001,13
2024,다사52b10a,to_ho_001,5
2024,다사52b10b,to_ho_001,44
2024,다사52b11a,to_ho_001,23
2024,다사52b11b,to_ho_001,5
2024,다사52b12b,to_ho_001,2444
2024,다사52b13a,to_ho_001,1263
2024,다사52b13b,to_ho_001,391
2024,다사52b14a,to_ho_001,326
2024,다사52b14b,to_ho_001,28
2024,다사52b15b,to_ho_001,775
2024,다사52b16a,to_ho_001,2309
2024,다사52b16b,to_ho_001,163
2024,다사52b17a,to_ho_001,18
2024,다사52b19b,to_ho_001,284
2024,다사52b20a,to_ho_001,138
2024,다사52b20b,to_ho_001,28
2024,다사52b21a,to_ho_001,76
2024,다사52b21b,to_ho_001,1232
2024,다사52b22a,to_ho_001,2860
2024,다사52b22b,to_ho_001,1849
2024,다사52b23a,to_ho_001,1558
2024,다사52b24a,to_ho_001,94
2024,다사52b24b,to_ho_001,496
2024,다사52b25b,to_ho_001,8
2024,다사52b26a,to_ho_001,73
2024,다사52b26b,to_ho_001,8
2024,다사52b27a,to_ho_001,8
2024,다사52b27b,to_ho_001,681
2024,다사52b28a,to_ho_001,5
2024,다사52b28b,to_ho_001,897
2024,다사52b29a,to_ho_001,3242
2024,다사52b29b,to_ho_001,2460
2024,다사52b30b,to_ho_001,1422
2024,다사52b31a,to_ho_001,877
2024,다사52b31b,to_ho_001,1321
2024,다사52b32a,to_ho_001,3352
2024,다사52b32b,to_ho_001,2556
2024,다사52b33a,to_ho_001,147
2024,다사52b33b,to_ho_001,1596
2024,다사52b34a,to_ho_001,1545
2024,다사52b34b,to_ho_001,1214
2024,다사52b35a,to_ho_001,141
2024,다사52b41a,to_ho_001,2421
2024,다사52b41b,to_ho_001,2277
2024,다사52b42a,to_ho_001,1299
2024,다사52b42b,to_ho_001,785
2024,다사52b43a,to_ho_001,1868
2024,다사52b43b,to_ho_001,764
2024,다사52b44b,to_ho_001,1017
2024,다사52b45a,to_ho_001,1519
2024,다사52b45b,to_ho_001,447
2024,다사52b46b,to_ho_001,385
2024,다사52b47a,to_ho_001,1077
2024,다사52b47b,to_ho_001,967
2024,다사52b48a,to_ho_001,167
2024,다사52b48b,to_ho_001,2162
2024,다사52b49a,to_ho_001,2902
2024,다사52b49b,to_ho_001,1293
2024,다사52b50a,to_ho_001,3313
2024,다사52b50b,to_ho_001,2240
2024,다사52b51a,to_ho_001,2850
2024,다사52b51b,to_ho_001,986
2024,다사52b52a,to_ho_001,1724
2024,다사52b52b,to_ho_001,2126
2024,다사52b53a,to_ho_001,486
2024,다사52b53b,to_ho_001,1558
2024,다사52b54a,to_ho_001,141
2024,다사52b54b,to_ho_001,281
2024,다사52b55a,to_ho_001,644
2024,다사52b55b,to_ho_001,537
2024,다사52b56a,to_ho_001,744
2024,다사52b56b,to_ho_001,513
2024,다사52b57a,to_ho_001,138
2024,다사52b61a,to_ho_001,5
2024,다사52b65b,to_ho_001,5
2024,다사52b66a,to_ho_001,63
2024,다사52b66b,to_ho_001,18
2024,다사52b67b,to_ho_001,0
2024,다사52b68a,to_ho_001,20
2024,다사52b68b,to_ho_001,23
2024,다사52b72a,to_ho_001,8
2024,다사52b73b,to_ho_001,0
2024,다사52b74b,to_ho_001,5
2024,다사52b75a,to_ho_001,18
2024,다사52b76b,to_ho_001,28
2024,다사52b77a,to_ho_001,38
2024,다사52b77b,to_ho_001,5
2024,다사52b78a,to_ho_001,5
2024,다사52b78b,to_ho_001,13
2024,다사52b79a,to_ho_001,18
2024,다사52b79b,to_ho_001,23
2024,다사52b80a,to_ho_001,13
2024,다사52b80b,to_ho_001,8
2024,다사52b81a,to_ho_001,5
2024,다사52b81b,to_ho_001,13
2024,다사52b82a,to_ho_001,8
2024,다사52b82b,to_ho_001,23
2024,다사52b83a,to_ho_001,8
2024,다사52b83b,to_ho_001,8
2024,다사52b84a,to_ho_001,5
2024,다사52b84b,to_ho_001,13
2024,다사52b85a,to_ho_001,18
2024,다사52b85b,to_ho_001,5
2024,다사52b86a,to_ho_001,0
2024,다사52b86b,to_ho_001,18
2024,다사52b87a,to_ho_001,8
2024,다사52b87b,to_ho_001,5
2024,다사52b88a,to_ho_001,5
2024,다사52b88b,to_ho_001,18
2024,다사52b89a,to_ho_001,13
2024,다사52b89b,to_ho_001,34
2024,다사52b90a,to_ho_001,13
2024,다사52b91a,to_ho_001,8
2024,다사52b95b,to_ho_001,0
2024,다사52b96a,to_ho_001,8
2024,다사52b96b,to_ho_001,0
2024,다사52b97a,to_ho_001,5
2024,다사52b97b,to_ho_001,8
2024,다사53a00a,to_ho_001,5
2024,다사53a00b,to_ho_001,5
2024,다사53a01a,to_ho_001,13
2024,다사53a01b,to_ho_001,0
2024,다사53a02b,to_ho_001,5
2024,다사53a03a,to_ho_001,5
2024,다사53a03b,to_ho_001,5
2024,다사53a04a,to_ho_001,5
2024,다사53a04b,to_ho_001,23
2024,다사53a05a,to_ho_001,0
2024,다사53a05b,to_ho_001,8
2024,다사53a06a,to_ho_001,84
2024,다사53a06b,to_ho_001,0
2024,다사53a07a,to_ho_001,38
2024,다사53a07b,to_ho_001,8
2024,다사53a08a,to_ho_001,8
2024,다사53a08b,to_ho_001,45
2024,다사53a09a,to_ho_001,23
2024,다사53a09b,to_ho_001,23
2024,다사53a10a,to_ho_001,28
2024,다사53a10b,to_ho_001,8
2024,다사53a11a,to_ho_001,28
2024,다사53a11b,to_ho_001,33
2024,다사53a12a,to_ho_001,279
2024,다사53a12b,to_ho_001,2115
2024,다사53a13a,to_ho_001,1928
2024,다사53a13b,to_ho_001,683
2024,다사53a14a,to_ho_001,2053
2024,다사53a14b,to_ho_001,5
2024,다사53a15a,to_ho_001,1430
2024,다사53a15b,to_ho_001,5
2024,다사53a16a,to_ho_001,0
2024,다사53a16b,to_ho_001,5
2024,다사53a17a,to_ho_001,0
2024,다사53a17b,to_ho_001,5
2024,다사53a18a,to_ho_001,0
2024,다사53a18b,to_ho_001,573
2024,다사53a19a,to_ho_001,1979
2024,다사53a19b,to_ho_001,1761
2024,다사53a20a,to_ho_001,1105
2024,다사53a20b,to_ho_001,676
2024,다사53a22a,to_ho_001,962
2024,다사53a22b,to_ho_001,1199
2024,다사53a23a,to_ho_001,428
2024,다사53a24a,to_ho_001,5
2024,다사53a24b,to_ho_001,13
2024,다사53a25a,to_ho_001,0
2024,다사53a26b,to_ho_001,8
2024,다사53a27a,to_ho_001,559
2024,다사53a27b,to_ho_001,205
2024,다사53a28a,to_ho_001,671
2024,다사53a28b,to_ho_001,2364
2024,다사53a29a,to_ho_001,1161
2024,다사53a30b,to_ho_001,1235
2024,다사53a31a,to_ho_001,1629
2024,다사53a31b,to_ho_001,1906
2024,다사53a32a,to_ho_001,1289
2024,다사53a32b,to_ho_001,221
2024,다사53a33a,to_ho_001,127
2024,다사53a33b,to_ho_001,1395
2024,다사53a34a,to_ho_001,393
2024,다사53a34b,to_ho_001,1810
2024,다사53a35a,to_ho_001,466
2024,다사53a35b,to_ho_001,11
2024,다사53a41a,to_ho_001,1129
2024,다사53a41b,to_ho_001,2288
2024,다사53a42a,to_ho_001,3572
2024,다사53a42b,to_ho_001,2512
2024,다사53a43a,to_ho_001,3693
2024,다사53a43b,to_ho_001,2250
2024,다사53a45a,to_ho_001,993
2024,다사53a46b,to_ho_001,1876
2024,다사53a47a,to_ho_001,3176
2024,다사53a47b,to_ho_001,521
2024,다사53a48a,to_ho_001,1143
2024,다사53a48b,to_ho_001,3029
2024,다사53a49a,to_ho_001,1731
2024,다사53a49b,to_ho_001,1235
2024,다사53a50a,to_ho_001,913
2024,다사53a50b,to_ho_001,63
2024,다사53a51a,to_ho_001,301
2024,다사53a51b,to_ho_001,594
2024,다사53a52a,to_ho_001,178
2024,다사53a52b,to_ho_001,1482
2024,다사53a53a,to_ho_001,696
2024,다사53a53b,to_ho_001,1230
2024,다사53a54a,to_ho_001,365
2024,다사53a54b,to_ho_001,139
2024,다사53a55a,to_ho_001,81
2024,다사53a55b,to_ho_001,21
2024,다사53a56a,to_ho_001,108
2024,다사53a56b,to_ho_001,815
2024,다사53a57a,to_ho_001,221
2024,다사53a61b,to_ho_001,5
2024,다사53a62a,to_ho_001,0
2024,다사53a65b,to_ho_001,5
2024,다사53a66a,to_ho_001,5
2024,다사53a66b,to_ho_001,33
2024,다사53a67a,to_ho_001,8
2024,다사53a67b,to_ho_001,68
2024,다사53a68a,to_ho_001,201
2024,다사53a68b,to_ho_001,69
2024,다사53a69a,to_ho_001,8
2024,다사53a70a,to_ho_001,5
2024,다사53a72a,to_ho_001,5
2024,다사53a72b,to_ho_001,13
2024,다사53a73a,to_ho_001,5
2024,다사53a73b,to_ho_001,5
2024,다사53a75b,to_ho_001,8
2024,다사53a76a,to_ho_001,47
2024,다사53a76b,to_ho_001,33
2024,다사53a77a,to_ho_001,515
2024,다사53a77b,to_ho_001,5
2024,다사53a78a,to_ho_001,358
2024,다사53a78b,to_ho_001,5
2024,다사53a79a,to_ho_001,5
2024,다사53a79b,to_ho_001,28
2024,다사53a80a,to_ho_001,5
2024,다사53a80b,to_ho_001,8
2024,다사53a81a,to_ho_001,13
2024,다사53a81b,to_ho_001,28
2024,다사53a82a,to_ho_001,8
2024,다사53a82b,to_ho_001,18
2024,다사53a83a,to_ho_001,23
2024,다사53a83b,to_ho_001,8
2024,다사53a84a,to_ho_001,5
2024,다사53a84b,to_ho_001,13
2024,다사53a85a,to_ho_001,18
2024,다사53a85b,to_ho_001,0
2024,다사53a86a,to_ho_001,5
2024,다사53a86b,to_ho_001,13
2024,다사53a87a,to_ho_001,8
2024,다사53a87b,to_ho_001,24
2024,다사53a88a,to_ho_001,8
2024,다사53a88b,to_ho_001,5
2024,다사53a89a,to_ho_001,145
2024,다사53a90a,to_ho_001,18
2024,다사53a90b,to_ho_001,0
2024,다사53a91a,to_ho_001,5
2024,다사53a91b,to_ho_001,5
2024,다사53a92a,to_ho_001,5
2024,다사53a97b,to_ho_001,13
2024,다사53a98a,to_ho_001,5
2024,다사53b00a,to_ho_001,5
2024,다사53b01a,to_ho_001,5
2024,다사53b01b,to_ho_001,8
2024,다사53b02b,to_ho_001,5
2024,다사53b03a,to_ho_001,18
2024,다사53b03b,to_ho_001,28
2024,다사53b04a,to_ho_001,13
2024,다사53b04b,to_ho_001,13
2024,다사53b05a,to_ho_001,8
2024,다사53b05b,to_ho_001,13
2024,다사53b06a,to_ho_001,74
2024,다사53b06b,to_ho_001,109
2024,다사53b07a,to_ho_001,85
2024,다사53b07b,to_ho_001,56
2024,다사53b08a,to_ho_001,27
2024,다사53b09a,to_ho_001,0
2024,다사53b09b,to_ho_001,5
2024,다사53b10a,to_ho_001,69
2024,다사53b10b,to_ho_001,151
2024,다사53b11a,to_ho_001,117
2024,다사53b11b,to_ho_001,52
2024,다사53b12a,to_ho_001,75
2024,다사53b12b,to_ho_001,237
2024,다사53b13a,to_ho_001,669
2024,다사53b13b,to_ho_001,1607
2024,다사53b14a,to_ho_001,377
2024,다사53b14b,to_ho_001,8
2024,다사53b15a,to_ho_001,812
2024,다사53b16a,to_ho_001,304
2024,다사53b16b,to_ho_001,1504
2024,다사53b17a,to_ho_001,906
2024,다사53b18b,to_ho_001,526
2024,다사53b19a,to_ho_001,2210
2024,다사53b19b,to_ho_001,1413
2024,다사53b20a,to_ho_001,1573
2024,다사53b20b,to_ho_001,3137
2024,다사53b21a,to_ho_001,1780
2024,다사53b21b,to_ho_001,1074
2024,다사53b22a,to_ho_001,1556
2024,다사53b22b,to_ho_001,2029
2024,다사53b23a,to_ho_001,7
2024,다사53b23b,to_ho_001,8
2024,다사53b24a,to_ho_001,19
2024,다사53b24b,to_ho_001,28
2024,다사53b25a,to_ho_001,5
2024,다사53b26a,to_ho_001,14
2024,다사53b26b,to_ho_001,189
2024,다사53b27a,to_ho_001,2541
2024,다사53b27b,to_ho_001,944
2024,다사53b28a,to_ho_001,966
2024,다사53b28b,to_ho_001,5
2024,다사53b30b,to_ho_001,131
2024,다사53b31a,to_ho_001,432
2024,다사53b31b,to_ho_001,1547
2024,다사53b32a,to_ho_001,3493
2024,다사53b32b,to_ho_001,3754
2024,다사53b33a,to_ho_001,2515
2024,다사53b33b,to_ho_001,406
2024,다사53b34a,to_ho_001,475
2024,다사53b34b,to_ho_001,0
2024,다사53b35a,to_ho_001,18
2024,다사53b35b,to_ho_001,18
2024,다사53b41a,to_ho_001,150
2024,다사53b41b,to_ho_001,2300
2024,다사53b42a,to_ho_001,3030
2024,다사53b42b,to_ho_001,1588
2024,다사53b43a,to_ho_001,3187
2024,다사53b43b,to_ho_001,3702
2024,다사53b44a,to_ho_001,385
2024,다사53b46b,to_ho_001,2487
2024,다사53b47a,to_ho_001,371
2024,다사53b48a,to_ho_001,216
2024,다사53b48b,to_ho_001,27
2024,다사53b49a,to_ho_001,81
2024,다사53b49b,to_ho_001,733
2024,다사53b50a,to_ho_001,2467
2024,다사53b50b,to_ho_001,707
2024,다사53b51a,to_ho_001,22
2024,다사53b51b,to_ho_001,16
2024,다사53b52a,to_ho_001,5
2024,다사53b52b,to_ho_001,48
2024,다사53b53a,to_ho_001,8
2024,다사53b53b,to_ho_001,11
2024,다사53b55a,to_ho_001,0
2024,다사53b56b,to_ho_001,832
2024,다사53b57a,to_ho_001,274
2024,다사53b57b,to_ho_001,53
2024,다사53b61a,to_ho_001,0
2024,다사53b66b,to_ho_001,29
2024,다사53b67a,to_ho_001,13
2024,다사53b67b,to_ho_001,35
2024,다사53b68a,to_ho_001,8
2024,다사53b68b,to_ho_001,135
2024,다사53b69a,to_ho_001,874
2024,다사53b69b,to_ho_001,18
2024,다사53b70a,to_ho_001,58
2024,다사53b70b,to_ho_001,33
2024,다사53b71a,to_ho_001,8
2024,다사53b71b,to_ho_001,5
2024,다사53b75b,to_ho_001,0
2024,다사53b76a,to_ho_001,49
2024,다사53b76b,to_ho_001,13
2024,다사53b77a,to_ho_001,13
2024,다사53b77b,to_ho_001,8
2024,다사53b78a,to_ho_001,8
2024,다사53b78b,to_ho_001,13
2024,다사53b79a,to_ho_001,8
2024,다사53b79b,to_ho_001,5
2024,다사53b80b,to_ho_001,18
2024,다사53b81a,to_ho_001,8
2024,다사53b81b,to_ho_001,18
2024,다사53b82a,to_ho_001,38
2024,다사53b82b,to_ho_001,5
2024,다사53b83a,to_ho_001,5
2024,다사53b83b,to_ho_001,23
2024,다사53b84a,to_ho_001,8
2024,다사53b84b,to_ho_001,8
2024,다사53b85a,to_ho_001,5
2024,다사53b85b,to_ho_001,0
2024,다사53b86a,to_ho_001,5
2024,다사53b87a,to_ho_001,8
2024,다사53b87b,to_ho_001,45
2024,다사53b88a,to_ho_001,133
2024,다사53b88b,to_ho_001,423
2024,다사53b89a,to_ho_001,122
2024,다사53b90a,to_ho_001,0
2024,다사53b97a,to_ho_001,0
2024,다사53b97b,to_ho_001,8
2024,다사53b98a,to_ho_001,0
2024,다사53b98b,to_ho_001,5
2024,다사53b99a,to_ho_001,5
2024,다사53b99b,to_ho_001,5
2024,다사54a00a,to_ho_001,8
2024,다사54a00b,to_ho_001,23
2024,다사54a01a,to_ho_001,18
2024,다사54a02a,to_ho_001,8
2024,다사54a02b,to_ho_001,5
2024,다사54a03a,to_ho_001,8
2024,다사54a04a,to_ho_001,5
2024,다사54a04b,to_ho_001,8
2024,다사54a05a,to_ho_001,8
2024,다사54a05b,to_ho_001,8
2024,다사54a06a,to_ho_001,73
2024,다사54a06b,to_ho_001,30
2024,다사54a07a,to_ho_001,822
2024,다사54a07b,to_ho_001,90
2024,다사54a08a,to_ho_001,102
2024,다사54a08b,to_ho_001,33
2024,다사54a09a,to_ho_001,18
2024,다사54a09b,to_ho_001,8
2024,다사54a10a,to_ho_001,0
2024,다사54a10b,to_ho_001,271
2024,다사54a11a,to_ho_001,13
2024,다사54a11b,to_ho_001,70
2024,다사54a12a,to_ho_001,108
2024,다사54a12b,to_ho_001,58
2024,다사54a13a,to_ho_001,8
2024,다사54a13b,to_ho_001,558
2024,다사54a14a,to_ho_001,69
2024,다사54a14b,to_ho_001,13
2024,다사54a15a,to_ho_001,0
2024,다사54a16b,to_ho_001,1710
2024,다사54a17a,to_ho_001,744
2024,다사54a17b,to_ho_001,48
2024,다사54a18b,to_ho_001,42
2024,다사54a19a,to_ho_001,1245
2024,다사54a19b,to_ho_001,56
2024,다사54a20b,to_ho_001,933
2024,다사54a21a,to_ho_001,2085
2024,다사54a21b,to_ho_001,2508
2024,다사54a22a,to_ho_001,1541
2024,다사54a22b,to_ho_001,1032
2024,다사54a23a,to_ho_001,2459
2024,다사54a23b,to_ho_001,1288
2024,다사54a24a,to_ho_001,800
2024,다사54a24b,to_ho_001,28
2024,다사54a25b,to_ho_001,0
2024,다사54a26b,to_ho_001,29
2024,다사54a27a,to_ho_001,36
2024,다사54a27b,to_ho_001,227
2024,다사54a28a,to_ho_001,5
2024,다사54a28b,to_ho_001,45
2024,다사54a29a,to_ho_001,11
2024,다사54a31a,to_ho_001,5
2024,다사54a31b,to_ho_001,216
2024,다사54a32a,to_ho_001,679
2024,다사54a32b,to_ho_001,2769
2024,다사54a33a,to_ho_001,1893
2024,다사54a33b,to_ho_001,618
2024,다사54a34a,to_ho_001,1095
2024,다사54a34b,to_ho_001,841
2024,다사54a35a,to_ho_001,577
2024,다사54a35b,to_ho_001,26
2024,다사54a36a,to_ho_001,0
2024,다사54a37a,to_ho_001,0
2024,다사54a41b,to_ho_001,1866
2024,다사54a42a,to_ho_001,905
2024,다사54a42b,to_ho_001,2001
2024,다사54a43a,to_ho_001,2012
2024,다사54a43b,to_ho_001,1980
2024,다사54a44a,to_ho_001,2242
2024,다사54a46b,to_ho_001,1208
2024,다사54a48b,to_ho_001,5
2024,다사54a49a,to_ho_001,231
2024,다사54a49b,to_ho_001,2058
2024,다사54a50a,to_ho_001,1446
2024,다사54a50b,to_ho_001,394
2024,다사54a51a,to_ho_001,1193
2024,다사54a51b,to_ho_001,5
2024,다사54a52a,to_ho_001,5
2024,다사54a52b,to_ho_001,119
2024,다사54a53a,to_ho_001,140
2024,다사54a53b,to_ho_001,434
2024,다사54a54a,to_ho_001,210
2024,다사54a54b,to_ho_001,11
2024,다사54a56b,to_ho_001,92
2024,다사54a57a,to_ho_001,48
2024,다사54a57b,to_ho_001,8
2024,다사54a68a,to_ho_001,8
2024,다사54a68b,to_ho_001,28
2024,다사54a69a,to_ho_001,388
2024,다사54a69b,to_ho_001,5
2024,다사54a70a,to_ho_001,8
2024,다사54a70b,to_ho_001,18
2024,다사54a71a,to_ho_001,13
2024,다사54a71b,to_ho_001,8
2024,다사54a75b,to_ho_001,477
2024,다사54a76a,to_ho_001,870
2024,다사54a76b,to_ho_001,5
2024,다사54a77a,to_ho_001,13
2024,다사54a77b,to_ho_001,8
2024,다사54a78a,to_ho_001,8
2024,다사54a78b,to_ho_001,28
2024,다사54a79a,to_ho_001,476
2024,다사54a79b,to_ho_001,18
2024,다사54a80a,to_ho_001,463
2024,다사54a80b,to_ho_001,1012
2024,다사54a81a,to_ho_001,405
2024,다사54a81b,to_ho_001,23
2024,다사54a82a,to_ho_001,46
2024,다사54a82b,to_ho_001,5
2024,다사54a83a,to_ho_001,23
2024,다사54a83b,to_ho_001,8
2024,다사54a84a,to_ho_001,5
2024,다사54a84b,to_ho_001,0
2024,다사54a85a,to_ho_001,8
2024,다사54a85b,to_ho_001,8
2024,다사54a86a,to_ho_001,5
2024,다사54a86b,to_ho_001,5
2024,다사54a87a,to_ho_001,5
2024,다사54a87b,to_ho_001,8
2024,다사54a88a,to_ho_001,33
2024,다사54a88b,to_ho_001,114
2024,다사54a89a,to_ho_001,17
2024,다사54a92a,to_ho_001,0
2024,다사54a92b,to_ho_001,5
2024,다사54a96b,to_ho_001,8
2024,다사54a97a,to_ho_001,5
2024,다사54a97b,to_ho_001,5
2024,다사54a98a,to_ho_001,0
2024,다사54a98b,to_ho_001,8
2024,다사54a99a,to_ho_001,5
2024,다사54a99b,to_ho_001,5
2024,다사54b00a,to_ho_001,0
2024,다사54b00b,to_ho_001,28
2024,다사54b01a,to_ho_001,33
2024,다사54b01b,to_ho_001,32
2024,다사54b02a,to_ho_001,28
2024,다사54b02b,to_ho_001,43
2024,다사54b03a,to_ho_001,28
2024,다사54b03b,to_ho_001,5
2024,다사54b04a,to_ho_001,13
2024,다사54b04b,to_ho_001,28
2024,다사54b05a,to_ho_001,0
2024,다사54b06a,to_ho_001,8
2024,다사54b07b,to_ho_001,0
2024,다사54b08a,to_ho_001,0
2024,다사54b09a,to_ho_001,20
2024,다사54b09b,to_ho_001,18
2024,다사54b10a,to_ho_001,13
2024,다사54b10b,to_ho_001,8
2024,다사54b11a,to_ho_001,32
2024,다사54b11b,to_ho_001,52
2024,다사54b12a,to_ho_001,5
2024,다사54b13a,to_ho_001,32
2024,다사54b13b,to_ho_001,695
2024,다사54b14a,to_ho_001,52
2024,다사54b16a,to_ho_001,13
2024,다사54b16b,to_ho_001,69
2024,다사54b17a,to_ho_001,34
2024,다사54b17b,to_ho_001,40
2024,다사54b18a,to_ho_001,400
2024,다사54b18b,to_ho_001,692
2024,다사54b20b,to_ho_001,1042
2024,다사54b21a,to_ho_001,1253
2024,다사54b21b,to_ho_001,2175
2024,다사54b22a,to_ho_001,1717
2024,다사54b22b,to_ho_001,2073
2024,다사54b23a,to_ho_001,2616
2024,다사54b23b,to_ho_001,495
2024,다사54b24a,to_ho_001,5
2024,다사54b24b,to_ho_001,13
2024,다사54b25a,to_ho_001,5
2024,다사54b26b,to_ho_001,5
2024,다사54b27a,to_ho_001,74
2024,다사54b27b,to_ho_001,101
2024,다사54b28a,to_ho_001,8
2024,다사54b28b,to_ho_001,38
2024,다사54b29a,to_ho_001,20
2024,다사54b30a,to_ho_001,93
2024,다사54b31a,to_ho_001,0
2024,다사54b31b,to_ho_001,23
2024,다사54b32b,to_ho_001,8
2024,다사54b33a,to_ho_001,288
2024,다사54b33b,to_ho_001,1179
2024,다사54b34a,to_ho_001,107
2024,다사54b34b,to_ho_001,1193
2024,다사54b35a,to_ho_001,959
2024,다사54b35b,to_ho_001,1638
2024,다사54b36a,to_ho_001,1090
2024,다사54b36b,to_ho_001,280
2024,다사54b37a,to_ho_001,238
2024,다사54b38b,to_ho_001,8
2024,다사54b40b,to_ho_001,449
2024,다사54b41a,to_ho_001,89
2024,다사54b41b,to_ho_001,346
2024,다사54b42a,to_ho_001,770
2024,다사54b42b,to_ho_001,879
2024,다사54b43a,to_ho_001,1928
2024,다사54b43b,to_ho_001,1880
2024,다사54b44a,to_ho_001,2113
2024,다사54b44b,to_ho_001,40
2024,다사54b46b,to_ho_001,1217
2024,다사54b47a,to_ho_001,5
2024,다사54b48a,to_ho_001,44
2024,다사54b48b,to_ho_001,891
2024,다사54b49a,to_ho_001,1634
2024,다사54b49b,to_ho_001,834
2024,다사54b50b,to_ho_001,18
2024,다사54b51a,to_ho_001,148
2024,다사54b51b,to_ho_001,8
2024,다사54b52a,to_ho_001,30
2024,다사54b52b,to_ho_001,690
2024,다사54b53a,to_ho_001,146
2024,다사54b53b,to_ho_001,1036
2024,다사54b54a,to_ho_001,46
2024,다사54b54b,to_ho_001,13
2024,다사54b55a,to_ho_001,213
2024,다사54b55b,to_ho_001,53
2024,다사54b56b,to_ho_001,0
2024,다사54b57a,to_ho_001,5
2024,다사54b57b,to_ho_001,5
2024,다사54b69a,to_ho_001,8
2024,다사54b69b,to_ho_001,8
2024,다사54b71a,to_ho_001,5
2024,다사54b73a,to_ho_001,0
2024,다사54b73b,to_ho_001,5
2024,다사54b75a,to_ho_001,5
2024,다사54b75b,to_ho_001,310
2024,다사54b76a,to_ho_001,721
2024,다사54b76b,to_ho_001,131
2024,다사54b77a,to_ho_001,156
2024,다사54b77b,to_ho_001,18
2024,다사54b78a,to_ho_001,35
2024,다사54b78b,to_ho_001,8
2024,다사54b79a,to_ho_001,5
2024,다사54b79b,to_ho_001,38
2024,다사54b80a,to_ho_001,104
2024,다사54b80b,to_ho_001,590
2024,다사54b81a,to_ho_001,80
2024,다사54b81b,to_ho_001,18
2024,다사54b82a,to_ho_001,13
2024,다사54b82b,to_ho_001,5
2024,다사54b83a,to_ho_001,8
2024,다사54b83b,to_ho_001,13
2024,다사54b84a,to_ho_001,18
2024,다사54b84b,to_ho_001,8
2024,다사54b85a,to_ho_001,18
2024,다사54b85b,to_ho_001,8
2024,다사54b86a,to_ho_001,23
2024,다사54b87a,to_ho_001,8
2024,다사54b87b,to_ho_001,8
2024,다사54b88a,to_ho_001,5
2024,다사54b88b,to_ho_001,5
2024,다사54b89a,to_ho_001,5
2024,다사54b89b,to_ho_001,5
2024,다사54b90a,to_ho_001,5
2024,다사54b90b,to_ho_001,0
2024,다사54b91a,to_ho_001,5
2024,다사54b91b,to_ho_001,28
2024,다사54b92a,to_ho_001,18
2024,다사54b92b,to_ho_001,5
2024,다사54b94a,to_ho_001,0
2024,다사54b94b,to_ho_001,8
2024,다사54b98a,to_ho_001,5
2024,다사54b98b,to_ho_001,8
2024,다사54b99a,to_ho_001,24
2024,다사54b99b,to_ho_001,28
2024,다사55a01b,to_ho_001,0
2024,다사55a02a,to_ho_001,5
2024,다사55a02b,to_ho_001,18
2024,다사55a03a,to_ho_001,8
2024,다사55a03b,to_ho_001,5
2024,다사55a06b,to_ho_001,0
2024,다사55a08a,to_ho_001,5
2024,다사55a09b,to_ho_001,64
2024,다사55a10b,to_ho_001,8
2024,다사55a11a,to_ho_001,0
2024,다사55a11b,to_ho_001,23
2024,다사55a12a,to_ho_001,5
2024,다사55a13a,to_ho_001,8
2024,다사55a13b,to_ho_001,53
2024,다사55a14a,to_ho_001,38
2024,다사55a17a,to_ho_001,13
2024,다사55a17b,to_ho_001,273
2024,다사55a18a,to_ho_001,218
2024,다사55a18b,to_ho_001,1779
2024,다사55a19a,to_ho_001,580
2024,다사55a19b,to_ho_001,1730
2024,다사55a20a,to_ho_001,2169
2024,다사55a20b,to_ho_001,1910
2024,다사55a21a,to_ho_001,3285
2024,다사55a21b,to_ho_001,2394
2024,다사55a22a,to_ho_001,2013
2024,다사55a22b,to_ho_001,4499
2024,다사55a23a,to_ho_001,1338
2024,다사55a23b,to_ho_001,1773
2024,다사55a24a,to_ho_001,337
2024,다사55a27a,to_ho_001,5
2024,다사55a27b,to_ho_001,47
2024,다사55a28b,to_ho_001,8
2024,다사55a29a,to_ho_001,45
2024,다사55a30a,to_ho_001,102
2024,다사55a30b,to_ho_001,8
2024,다사55a31a,to_ho_001,5
2024,다사55a32a,to_ho_001,106
2024,다사55a32b,to_ho_001,705
2024,다사55a33a,to_ho_001,29
2024,다사55a33b,to_ho_001,109
2024,다사55a34b,to_ho_001,13
2024,다사55a35a,to_ho_001,16
2024,다사55a35b,to_ho_001,1517
2024,다사55a36a,to_ho_001,1636
2024,다사55a36b,to_ho_001,1356
2024,다사55a37a,to_ho_001,1881
2024,다사55a37b,to_ho_001,517
2024,다사55a38a,to_ho_001,18
2024,다사55a38b,to_ho_001,120
2024,다사55a39a,to_ho_001,247
2024,다사55a39b,to_ho_001,13
2024,다사55a41a,to_ho_001,5
2024,다사55a41b,to_ho_001,605
2024,다사55a42a,to_ho_001,705
2024,다사55a42b,to_ho_001,2646
2024,다사55a43a,to_ho_001,1996
2024,다사55a43b,to_ho_001,2093
2024,다사55a44a,to_ho_001,1435
2024,다사55a44b,to_ho_001,622
2024,다사55a45a,to_ho_001,2145
2024,다사55a45b,to_ho_001,49
2024,다사55a46b,to_ho_001,355
2024,다사55a47a,to_ho_001,1494
2024,다사55a47b,to_ho_001,639
2024,다사55a48a,to_ho_001,972
2024,다사55a48b,to_ho_001,825
2024,다사55a49a,to_ho_001,823
2024,다사55a49b,to_ho_001,0
2024,다사55a50a,to_ho_001,0
2024,다사55a50b,to_ho_001,358
2024,다사55a51a,to_ho_001,145
2024,다사55a51b,to_ho_001,497
2024,다사55a52a,to_ho_001,1107
2024,다사55a52b,to_ho_001,153
2024,다사55a53a,to_ho_001,54
2024,다사55a53b,to_ho_001,13
2024,다사55a54a,to_ho_001,310
2024,다사55a54b,to_ho_001,1166
2024,다사55a55a,to_ho_001,554
2024,다사55a55b,to_ho_001,133
2024,다사55a56a,to_ho_001,20
2024,다사55a56b,to_ho_001,78
2024,다사55a57a,to_ho_001,5
2024,다사55a57b,to_ho_001,0
2024,다사55a69a,to_ho_001,94
2024,다사55a69b,to_ho_001,13
2024,다사55a70a,to_ho_001,18
2024,다사55a70b,to_ho_001,0
2024,다사55a73a,to_ho_001,5
2024,다사55a73b,to_ho_001,13
2024,다사55a74a,to_ho_001,5
2024,다사55a75b,to_ho_001,8
2024,다사55a76a,to_ho_001,1260
2024,다사55a76b,to_ho_001,156
2024,다사55a77a,to_ho_001,79
2024,다사55a77b,to_ho_001,369
2024,다사55a78a,to_ho_001,13
2024,다사55a78b,to_ho_001,8
2024,다사55a79a,to_ho_001,156
2024,다사55a79b,to_ho_001,27
2024,다사55a80a,to_ho_001,19
2024,다사55a80b,to_ho_001,5
2024,다사55a81a,to_ho_001,5
2024,다사55a81b,to_ho_001,5
2024,다사55a82a,to_ho_001,5
2024,다사55a82b,to_ho_001,8
2024,다사55a83a,to_ho_001,5
2024,다사55a83b,to_ho_001,0
2024,다사55a84a,to_ho_001,5
2024,다사55a84b,to_ho_001,8
2024,다사55a85a,to_ho_001,5
2024,다사55a85b,to_ho_001,59
2024,다사55a86a,to_ho_001,28
2024,다사55a86b,to_ho_001,14
2024,다사55a87a,to_ho_001,13
2024,다사55a87b,to_ho_001,23
2024,다사55a88a,to_ho_001,8
2024,다사55a88b,to_ho_001,8
2024,다사55a89a,to_ho_001,18
2024,다사55a89b,to_ho_001,23
2024,다사55a90a,to_ho_001,28
2024,다사55a90b,to_ho_001,0
2024,다사55a91a,to_ho_001,5
2024,다사55a91b,to_ho_001,5
2024,다사55a93b,to_ho_001,0
2024,다사55a94b,to_ho_001,13
2024,다사55a99a,to_ho_001,18
2024,다사55a99b,to_ho_001,8
2024,다사55b02b,to_ho_001,0
2024,다사55b05a,to_ho_001,0
2024,다사55b06b,to_ho_001,5
2024,다사55b07a,to_ho_001,8
2024,다사55b07b,to_ho_001,8
2024,다사55b08a,to_ho_001,46
2024,다사55b08b,to_ho_001,5
2024,다사55b09b,to_ho_001,11
2024,다사55b10a,to_ho_001,8
2024,다사55b10b,to_ho_001,105
2024,다사55b11a,to_ho_001,0
2024,다사55b11b,to_ho_001,1443
2024,다사55b12a,to_ho_001,971
2024,다사55b13a,to_ho_001,0
2024,다사55b18a,to_ho_001,714
2024,다사55b18b,to_ho_001,349
2024,다사55b19a,to_ho_001,887
2024,다사55b19b,to_ho_001,3160
2024,다사55b20a,to_ho_001,1843
2024,다사55b20b,to_ho_001,1223
2024,다사55b21a,to_ho_001,2236
2024,다사55b21b,to_ho_001,1707
2024,다사55b22a,to_ho_001,373
2024,다사55b22b,to_ho_001,922
2024,다사55b23a,to_ho_001,2005
2024,다사55b23b,to_ho_001,589
2024,다사55b24a,to_ho_001,18
2024,다사55b27b,to_ho_001,23
2024,다사55b28b,to_ho_001,5
2024,다사55b30b,to_ho_001,5
2024,다사55b31a,to_ho_001,8
2024,다사55b31b,to_ho_001,5
2024,다사55b32a,to_ho_001,320
2024,다사55b32b,to_ho_001,1566
2024,다사55b33a,to_ho_001,20
2024,다사55b33b,to_ho_001,5
2024,다사55b34b,to_ho_001,8
2024,다사55b35b,to_ho_001,158
2024,다사55b36a,to_ho_001,316
2024,다사55b36b,to_ho_001,2194
2024,다사55b37a,to_ho_001,2813
2024,다사55b37b,to_ho_001,1144
2024,다사55b38b,to_ho_001,8
2024,다사55b39a,to_ho_001,40
2024,다사55b39b,to_ho_001,130
2024,다사55b40a,to_ho_001,33
2024,다사55b41b,to_ho_001,481
2024,다사55b42a,to_ho_001,1287
2024,다사55b42b,to_ho_001,747
2024,다사55b43a,to_ho_001,1252
2024,다사55b43b,to_ho_001,576
2024,다사55b44a,to_ho_001,1903
2024,다사55b44b,to_ho_001,2214
2024,다사55b45a,to_ho_001,3898
2024,다사55b45b,to_ho_001,1407
2024,다사55b47a,to_ho_001,1179
2024,다사55b47b,to_ho_001,834
2024,다사55b48a,to_ho_001,1078
2024,다사55b48b,to_ho_001,326
2024,다사55b49a,to_ho_001,0
2024,다사55b49b,to_ho_001,5
2024,다사55b50a,to_ho_001,5
2024,다사55b50b,to_ho_001,46
2024,다사55b51a,to_ho_001,1953
2024,다사55b51b,to_ho_001,1260
2024,다사55b52a,to_ho_001,82
2024,다사55b52b,to_ho_001,578
2024,다사55b53a,to_ho_001,618
2024,다사55b53b,to_ho_001,574
2024,다사55b54a,to_ho_001,2268
2024,다사55b54b,to_ho_001,1009
2024,다사55b55a,to_ho_001,529
2024,다사55b55b,to_ho_001,110
2024,다사55b56a,to_ho_001,796
2024,다사55b56b,to_ho_001,627
2024,다사55b57a,to_ho_001,175
2024,다사55b57b,to_ho_001,975
2024,다사55b58a,to_ho_001,5
2024,다사55b60a,to_ho_001,0
2024,다사55b60b,to_ho_001,0
2024,다사55b63b,to_ho_001,0
2024,다사55b68a,to_ho_001,0
2024,다사55b70a,to_ho_001,13
2024,다사55b73a,to_ho_001,0
2024,다사55b76a,to_ho_001,198
2024,다사55b76b,to_ho_001,101
2024,다사55b77a,to_ho_001,8
2024,다사55b77b,to_ho_001,215
2024,다사55b78a,to_ho_001,523
2024,다사55b78b,to_ho_001,220
2024,다사55b79a,to_ho_001,43
2024,다사55b79b,to_ho_001,18
2024,다사55b80a,to_ho_001,23
2024,다사55b80b,to_ho_001,5
2024,다사55b81a,to_ho_001,8
2024,다사55b81b,to_ho_001,18
2024,다사55b82a,to_ho_001,8
2024,다사55b82b,to_ho_001,8
2024,다사55b83a,to_ho_001,5
2024,다사55b84a,to_ho_001,0
2024,다사55b84b,to_ho_001,5
2024,다사55b85a,to_ho_001,5
2024,다사55b85b,to_ho_001,5
2024,다사55b86a,to_ho_001,8
2024,다사55b86b,to_ho_001,13
2024,다사55b87a,to_ho_001,5
2024,다사55b87b,to_ho_001,8
2024,다사55b88a,to_ho_001,0
2024,다사55b88b,to_ho_001,5
2024,다사55b89a,to_ho_001,5
2024,다사55b89b,to_ho_001,5
2024,다사55b90a,to_ho_001,44
2024,다사55b90b,to_ho_001,5
2024,다사55b91a,to_ho_001,5
2024,다사55b91b,to_ho_001,23
2024,다사55b92a,to_ho_001,41
2024,다사55b93b,to_ho_001,8
2024,다사55b94a,to_ho_001,5
2024,다사55b99a,to_ho_001,8
2024,다사55b99b,to_ho_001,5
2024,다사56a00a,to_ho_001,5
2024,다사56a00b,to_ho_001,0
2024,다사56a02a,to_ho_001,18
2024,다사56a02b,to_ho_001,33
2024,다사56a03a,to_ho_001,35
2024,다사56a03b,to_ho_001,8
2024,다사56a04a,to_ho_001,0
2024,다사56a04b,to_ho_001,5
2024,다사56a05a,to_ho_001,0
2024,다사56a05b,to_ho_001,13
2024,다사56a06a,to_ho_001,23
2024,다사56a06b,to_ho_001,0
2024,다사56a07a,to_ho_001,53
2024,다사56a07b,to_ho_001,53
2024,다사56a08a,to_ho_001,19
2024,다사56a08b,to_ho_001,43
2024,다사56a09a,to_ho_001,5
2024,다사56a09b,to_ho_001,0
2024,다사56a10b,to_ho_001,47
2024,다사56a11a,to_ho_001,662
2024,다사56a11b,to_ho_001,1042
2024,다사56a12a,to_ho_001,536
2024,다사56a12b,to_ho_001,30
2024,다사56a13b,to_ho_001,0
2024,다사56a16b,to_ho_001,81
2024,다사56a17a,to_ho_001,775
2024,다사56a17b,to_ho_001,848
2024,다사56a18a,to_ho_001,2845
2024,다사56a18b,to_ho_001,2221
2024,다사56a19a,to_ho_001,1560
2024,다사56a19b,to_ho_001,1273
2024,다사56a20a,to_ho_001,1150
2024,다사56a20b,to_ho_001,1416
2024,다사56a21a,to_ho_001,1740
2024,다사56a21b,to_ho_001,2396
2024,다사56a22a,to_ho_001,2154
2024,다사56a22b,to_ho_001,2530
2024,다사56a23a,to_ho_001,2359
2024,다사56a23b,to_ho_001,80
2024,다사56a24a,to_ho_001,0
2024,다사56a28b,to_ho_001,5
2024,다사56a29a,to_ho_001,0
2024,다사56a29b,to_ho_001,348
2024,다사56a30a,to_ho_001,1600
2024,다사56a30b,to_ho_001,8
2024,다사56a31b,to_ho_001,5
2024,다사56a32b,to_ho_001,8
2024,다사56a33a,to_ho_001,13
2024,다사56a33b,to_ho_001,163
2024,다사56a34a,to_ho_001,0
2024,다사56a35b,to_ho_001,8
2024,다사56a36a,to_ho_001,115
2024,다사56a36b,to_ho_001,360
2024,다사56a37a,to_ho_001,5
2024,다사56a38a,to_ho_001,0
2024,다사56a38b,to_ho_001,8
2024,다사56a39a,to_ho_001,8
2024,다사56a39b,to_ho_001,8
2024,다사56a41b,to_ho_001,76
2024,다사56a42a,to_ho_001,2239
2024,다사56a42b,to_ho_001,1163
2024,다사56a43a,to_ho_001,2153
2024,다사56a43b,to_ho_001,121
2024,다사56a44a,to_ho_001,7
2024,다사56a44b,to_ho_001,425
2024,다사56a45a,to_ho_001,845
2024,다사56a45b,to_ho_001,2413
2024,다사56a46a,to_ho_001,810
2024,다사56a47a,to_ho_001,110
2024,다사56a47b,to_ho_001,615
2024,다사56a48a,to_ho_001,798
2024,다사56a48b,to_ho_001,705
2024,다사56a49a,to_ho_001,243
2024,다사56a49b,to_ho_001,1178
2024,다사56a50a,to_ho_001,2076
2024,다사56a50b,to_ho_001,558
2024,다사56a51a,to_ho_001,769
2024,다사56a51b,to_ho_001,519
2024,다사56a52a,to_ho_001,51
2024,다사56a52b,to_ho_001,757
2024,다사56a53a,to_ho_001,884
2024,다사56a53b,to_ho_001,991
2024,다사56a54a,to_ho_001,754
2024,다사56a54b,to_ho_001,1745
2024,다사56a55a,to_ho_001,452
2024,다사56a55b,to_ho_001,985
2024,다사56a56a,to_ho_001,334
2024,다사56a56b,to_ho_001,1855
2024,다사56a57a,to_ho_001,667
2024,다사56a57b,to_ho_001,2347
2024,다사56a58a,to_ho_001,39
2024,다사56a59b,to_ho_001,38
2024,다사56a60a,to_ho_001,168
2024,다사56a60b,to_ho_001,387
2024,다사56a61a,to_ho_001,5
2024,다사56a62a,to_ho_001,5
2024,다사56a62b,to_ho_001,5
2024,다사56a63b,to_ho_001,8
2024,다사56a64a,to_ho_001,0
2024,다사56a74b,to_ho_001,0
2024,다사56a76a,to_ho_001,64
2024,다사56a76b,to_ho_001,230
2024,다사56a77a,to_ho_001,150
2024,다사56a77b,to_ho_001,66
2024,다사56a78a,to_ho_001,334
2024,다사56a78b,to_ho_001,26
2024,다사56a79a,to_ho_001,0
2024,다사56a80b,to_ho_001,0
2024,다사56a81a,to_ho_001,23
2024,다사56a81b,to_ho_001,18
2024,다사56a82b,to_ho_001,8
2024,다사56a83a,to_ho_001,43
2024,다사56a83b,to_ho_001,0
2024,다사56a84a,to_ho_001,5
2024,다사56a84b,to_ho_001,5
2024,다사56a85a,to_ho_001,22
2024,다사56a85b,to_ho_001,108
2024,다사56a86b,to_ho_001,5
2024,다사56a87a,to_ho_001,5
2024,다사56a87b,to_ho_001,13
2024,다사56a88a,to_ho_001,8
2024,다사56a88b,to_ho_001,38
2024,다사56a89a,to_ho_001,5
2024,다사56a89b,to_ho_001,8
2024,다사56a90a,to_ho_001,39
2024,다사56a90b,to_ho_001,5
2024,다사56a91a,to_ho_001,5
2024,다사56a91b,to_ho_001,8
2024,다사56a92a,to_ho_001,8
2024,다사56a92b,to_ho_001,5
2024,다사56a93b,to_ho_001,8
2024,다사56a94a,to_ho_001,18
2024,다사56a94b,to_ho_001,8
2024,다사56a95a,to_ho_001,5
2024,다사56a95b,to_ho_001,8
2024,다사56a96a,to_ho_001,5
2024,다사56a98a,to_ho_001,28
2024,다사56a98b,to_ho_001,8
2024,다사56b01a,to_ho_001,24
2024,다사56b01b,to_ho_001,5
2024,다사56b02a,to_ho_001,8
2024,다사56b02b,to_ho_001,18
2024,다사56b03a,to_ho_001,66
2024,다사56b03b,to_ho_001,5
2024,다사56b04a,to_ho_001,43
2024,다사56b04b,to_ho_001,8
2024,다사56b05a,to_ho_001,5
2024,다사56b05b,to_ho_001,53
2024,다사56b06a,to_ho_001,18
2024,다사56b06b,to_ho_001,5
2024,다사56b07a,to_ho_001,5
2024,다사56b07b,to_ho_001,0
2024,다사56b08a,to_ho_001,5
2024,다사56b08b,to_ho_001,5
2024,다사56b09b,to_ho_001,5
2024,다사56b10a,to_ho_001,5
2024,다사56b11b,to_ho_001,355
2024,다사56b12a,to_ho_001,1721
2024,다사56b12b,to_ho_001,168
2024,다사56b13a,to_ho_001,5
2024,다사56b13b,to_ho_001,50
2024,다사56b14a,to_ho_001,5
2024,다사56b16a,to_ho_001,109
2024,다사56b16b,to_ho_001,1422
2024,다사56b17a,to_ho_001,1731
2024,다사56b17b,to_ho_001,1801
2024,다사56b18a,to_ho_001,1753
2024,다사56b18b,to_ho_001,2577
2024,다사56b19a,to_ho_001,1621
2024,다사56b19b,to_ho_001,198
2024,다사56b20a,to_ho_001,189
2024,다사56b20b,to_ho_001,517
2024,다사56b21a,to_ho_001,925
2024,다사56b21b,to_ho_001,1671
2024,다사56b22a,to_ho_001,901
2024,다사56b22b,to_ho_001,1254
2024,다사56b23a,to_ho_001,2618
2024,다사56b23b,to_ho_001,0
2024,다사56b24b,to_ho_001,5
2024,다사56b25a,to_ho_001,8
2024,다사56b25b,to_ho_001,8
2024,다사56b30a,to_ho_001,907
2024,다사56b30b,to_ho_001,229
2024,다사56b31b,to_ho_001,27
2024,다사56b32a,to_ho_001,51
2024,다사56b32b,to_ho_001,8
2024,다사56b33b,to_ho_001,122
2024,다사56b34a,to_ho_001,99
2024,다사56b35b,to_ho_001,36
2024,다사56b36a,to_ho_001,374
2024,다사56b38a,to_ho_001,13
2024,다사56b38b,to_ho_001,142
2024,다사56b39a,to_ho_001,44
2024,다사56b39b,to_ho_001,468
2024,다사56b40a,to_ho_001,18
2024,다사56b42a,to_ho_001,220
2024,다사56b42b,to_ho_001,1539
2024,다사56b43a,to_ho_001,1897
2024,다사56b43b,to_ho_001,868
2024,다사56b44a,to_ho_001,293
2024,다사56b44b,to_ho_001,2639
2024,다사56b45a,to_ho_001,1708
2024,다사56b45b,to_ho_001,2252
2024,다사56b46a,to_ho_001,2971
2024,다사56b46b,to_ho_001,1134
2024,다사56b47b,to_ho_001,269
2024,다사56b48a,to_ho_001,1041
2024,다사56b48b,to_ho_001,788
2024,다사56b49a,to_ho_001,1975
2024,다사56b49b,to_ho_001,1883
2024,다사56b50a,to_ho_001,4193
2024,다사56b50b,to_ho_001,1651
2024,다사56b51a,to_ho_001,1569
2024,다사56b51b,to_ho_001,1162
2024,다사56b52a,to_ho_001,113
2024,다사56b52b,to_ho_001,1210
2024,다사56b53a,to_ho_001,2093
2024,다사56b53b,to_ho_001,1530
2024,다사56b54a,to_ho_001,1601
2024,다사56b54b,to_ho_001,2377
2024,다사56b55a,to_ho_001,4031
2024,다사56b55b,to_ho_001,2785
2024,다사56b56a,to_ho_001,2695
2024,다사56b56b,to_ho_001,2641
2024,다사56b57a,to_ho_001,2874
2024,다사56b57b,to_ho_001,4395
2024,다사56b58a,to_ho_001,1303
2024,다사56b58b,to_ho_001,777
2024,다사56b59a,to_ho_001,356
2024,다사56b59b,to_ho_001,1832
2024,다사56b60a,to_ho_001,1353
2024,다사56b60b,to_ho_001,2436
2024,다사56b61a,to_ho_001,529
2024,다사56b61b,to_ho_001,644
2024,다사56b62a,to_ho_001,880
2024,다사56b62b,to_ho_001,981
2024,다사56b63a,to_ho_001,13
2024,다사56b63b,to_ho_001,5
2024,다사56b70b,to_ho_001,8
2024,다사56b71a,to_ho_001,0
2024,다사56b75a,to_ho_001,5
2024,다사56b75b,to_ho_001,8
2024,다사56b76b,to_ho_001,72
2024,다사56b77a,to_ho_001,480
2024,다사56b77b,to_ho_001,89
2024,다사56b78a,to_ho_001,30
2024,다사56b79b,to_ho_001,0
2024,다사56b82b,to_ho_001,5
2024,다사56b83a,to_ho_001,5
2024,다사56b84b,to_ho_001,5
2024,다사56b85a,to_ho_001,8
2024,다사56b85b,to_ho_001,23
2024,다사56b86a,to_ho_001,5
2024,다사56b86b,to_ho_001,13
2024,다사56b87a,to_ho_001,35
2024,다사56b87b,to_ho_001,8
2024,다사56b88a,to_ho_001,5
2024,다사56b88b,to_ho_001,29
2024,다사56b89a,to_ho_001,13
2024,다사56b89b,to_ho_001,217
2024,다사56b90a,to_ho_001,18
2024,다사56b90b,to_ho_001,0
2024,다사56b91b,to_ho_001,5
2024,다사56b93b,to_ho_001,5
2024,다사56b94a,to_ho_001,13
2024,다사56b94b,to_ho_001,0
2024,다사56b95a,to_ho_001,5
2024,다사56b95b,to_ho_001,13
2024,다사56b96a,to_ho_001,8
2024,다사56b97a,to_ho_001,0
2024,다사56b97b,to_ho_001,8
2024,다사56b98a,to_ho_001,5
2024,다사56b98b,to_ho_001,8
2024,다사57a01a,to_ho_001,33
2024,다사57a01b,to_ho_001,5
2024,다사57a02a,to_ho_001,13
2024,다사57a02b,to_ho_001,18
2024,다사57a03a,to_ho_001,8
2024,다사57a03b,to_ho_001,0
2024,다사57a04a,to_ho_001,8
2024,다사57a04b,to_ho_001,28
2024,다사57a05a,to_ho_001,23
2024,다사57a05b,to_ho_001,8
2024,다사57a06a,to_ho_001,5
2024,다사57a06b,to_ho_001,28
2024,다사57a07a,to_ho_001,18
2024,다사57a08a,to_ho_001,0
2024,다사57a08b,to_ho_001,13
2024,다사57a09a,to_ho_001,0
2024,다사57a10b,to_ho_001,54
2024,다사57a11b,to_ho_001,94
2024,다사57a12a,to_ho_001,1164
2024,다사57a12b,to_ho_001,52
2024,다사57a13a,to_ho_001,86
2024,다사57a13b,to_ho_001,33
2024,다사57a14a,to_ho_001,8
2024,다사57a15a,to_ho_001,5
2024,다사57a15b,to_ho_001,18
2024,다사57a16a,to_ho_001,1397
2024,다사57a16b,to_ho_001,1201
2024,다사57a17a,to_ho_001,2012
2024,다사57a17b,to_ho_001,2100
2024,다사57a18a,to_ho_001,1684
2024,다사57a18b,to_ho_001,2223
2024,다사57a19a,to_ho_001,2176
2024,다사57a19b,to_ho_001,306
2024,다사57a20a,to_ho_001,468
2024,다사57a20b,to_ho_001,479
2024,다사57a21a,to_ho_001,837
2024,다사57a21b,to_ho_001,723
2024,다사57a22a,to_ho_001,1919
2024,다사57a22b,to_ho_001,2881
2024,다사57a23a,to_ho_001,257
2024,다사57a24a,to_ho_001,13
2024,다사57a24b,to_ho_001,8
2024,다사57a25a,to_ho_001,5
2024,다사57a25b,to_ho_001,28
2024,다사57a26a,to_ho_001,18
2024,다사57a26b,to_ho_001,5
2024,다사57a30a,to_ho_001,126
2024,다사57a30b,to_ho_001,392
2024,다사57a31b,to_ho_001,0
2024,다사57a32a,to_ho_001,320
2024,다사57a32b,to_ho_001,19
2024,다사57a33a,to_ho_001,8
2024,다사57a34a,to_ho_001,8
2024,다사57a39a,to_ho_001,0
2024,다사57a39b,to_ho_001,1084
2024,다사57a40a,to_ho_001,146
2024,다사57a40b,to_ho_001,60
2024,다사57a42b,to_ho_001,1954
2024,다사57a43a,to_ho_001,883
2024,다사57a43b,to_ho_001,1256
2024,다사57a44a,to_ho_001,3047
2024,다사57a44b,to_ho_001,3458
2024,다사57a45a,to_ho_001,2997
2024,다사57a45b,to_ho_001,1537
2024,다사57a46a,to_ho_001,1409
2024,다사57a46b,to_ho_001,2053
2024,다사57a47a,to_ho_001,719
2024,다사57a48a,to_ho_001,13
2024,다사57a48b,to_ho_001,322
2024,다사57a49a,to_ho_001,2958
2024,다사57a49b,to_ho_001,3108
2024,다사57a50a,to_ho_001,2634
2024,다사57a50b,to_ho_001,3884
2024,다사57a51a,to_ho_001,2802
2024,다사57a51b,to_ho_001,1361
2024,다사57a52a,to_ho_001,683
2024,다사57a52b,to_ho_001,1934
2024,다사57a53a,to_ho_001,1498
2024,다사57a53b,to_ho_001,3421
2024,다사57a54a,to_ho_001,2224
2024,다사57a54b,to_ho_001,1524
2024,다사57a55a,to_ho_001,2667
2024,다사57a55b,to_ho_001,3250
2024,다사57a56a,to_ho_001,2891
2024,다사57a56b,to_ho_001,4288
2024,다사57a57a,to_ho_001,2598
2024,다사57a57b,to_ho_001,4910
2024,다사57a58a,to_ho_001,2229
2024,다사57a58b,to_ho_001,2540
2024,다사57a59a,to_ho_001,2708
2024,다사57a59b,to_ho_001,2561
2024,다사57a60a,to_ho_001,2501
2024,다사57a60b,to_ho_001,3339
2024,다사57a61a,to_ho_001,1121
2024,다사57a61b,to_ho_001,1611
2024,다사57a62a,to_ho_001,1768
2024,다사57a62b,to_ho_001,447
2024,다사57a70b,to_ho_001,23
2024,다사57a71a,to_ho_001,5
2024,다사57a71b,to_ho_001,5
2024,다사57a72b,to_ho_001,23
2024,다사57a73a,to_ho_001,5
2024,다사57a74a,to_ho_001,5
2024,다사57a74b,to_ho_001,13
2024,다사57a75a,to_ho_001,23
2024,다사57a75b,to_ho_001,28
2024,다사57a76b,to_ho_001,0
2024,다사57a77a,to_ho_001,8
2024,다사57a82b,to_ho_001,0
2024,다사57a83a,to_ho_001,18
2024,다사57a83b,to_ho_001,33
2024,다사57a84b,to_ho_001,8
2024,다사57a85a,to_ho_001,18
2024,다사57a85b,to_ho_001,18
2024,다사57a86a,to_ho_001,13
2024,다사57a86b,to_ho_001,8
2024,다사57a87a,to_ho_001,8
2024,다사57a87b,to_ho_001,8
2024,다사57a88a,to_ho_001,8
2024,다사57a88b,to_ho_001,13
2024,다사57a89a,to_ho_001,8
2024,다사57a89b,to_ho_001,0
2024,다사57a90a,to_ho_001,81
2024,다사57a90b,to_ho_001,5
2024,다사57a95a,to_ho_001,5
2024,다사57a95b,to_ho_001,5
2024,다사57a97b,to_ho_001,8
2024,다사57a98a,to_ho_001,8
2024,다사57a98b,to_ho_001,5
2024,다사57b00a,to_ho_001,8
2024,다사57b00b,to_ho_001,77
2024,다사57b01a,to_ho_001,33
2024,다사57b01b,to_ho_001,8
2024,다사57b02a,to_ho_001,8
2024,다사57b03b,to_ho_001,21
2024,다사57b04a,to_ho_001,114
2024,다사57b04b,to_ho_001,18
2024,다사57b05b,to_ho_001,5
2024,다사57b06a,to_ho_001,5
2024,다사57b06b,to_ho_001,75
2024,다사57b07a,to_ho_001,5
2024,다사57b07b,to_ho_001,995
2024,다사57b08a,to_ho_001,5
2024,다사57b08b,to_ho_001,59
2024,다사57b09a,to_ho_001,38
2024,다사57b09b,to_ho_001,8
2024,다사57b10b,to_ho_001,383
2024,다사57b11a,to_ho_001,784
2024,다사57b11b,to_ho_001,1254
2024,다사57b14b,to_ho_001,8
2024,다사57b15a,to_ho_001,330
2024,다사57b15b,to_ho_001,1180
2024,다사57b16a,to_ho_001,722
2024,다사57b16b,to_ho_001,667
2024,다사57b17a,to_ho_001,3632
2024,다사57b17b,to_ho_001,1658
2024,다사57b18a,to_ho_001,1459
2024,다사57b18b,to_ho_001,2100
2024,다사57b19a,to_ho_001,3579
2024,다사57b19b,to_ho_001,1126
2024,다사57b20a,to_ho_001,1065
2024,다사57b20b,to_ho_001,981
2024,다사57b21a,to_ho_001,649
2024,다사57b21b,to_ho_001,1087
2024,다사57b22a,to_ho_001,1264
2024,다사57b22b,to_ho_001,201
2024,다사57b23a,to_ho_001,5
2024,다사57b24a,to_ho_001,13
2024,다사57b24b,to_ho_001,13
2024,다사57b32b,to_ho_001,5
2024,다사57b33a,to_ho_001,18
2024,다사57b38b,to_ho_001,155
2024,다사57b39b,to_ho_001,410
2024,다사57b40a,to_ho_001,1658
2024,다사57b40b,to_ho_001,464
2024,다사57b41a,to_ho_001,1325
2024,다사57b41b,to_ho_001,475
2024,다사57b42b,to_ho_001,964
2024,다사57b43a,to_ho_001,1420
2024,다사57b43b,to_ho_001,1492
2024,다사57b44a,to_ho_001,1499
2024,다사57b44b,to_ho_001,2602
2024,다사57b45a,to_ho_001,1351
2024,다사57b45b,to_ho_001,1033
2024,다사57b46a,to_ho_001,1227
2024,다사57b46b,to_ho_001,653
2024,다사57b47a,to_ho_001,1182
2024,다사57b47b,to_ho_001,1052
2024,다사57b49a,to_ho_001,490
2024,다사57b49b,to_ho_001,3341
2024,다사57b50a,to_ho_001,3238
2024,다사57b50b,to_ho_001,2737
2024,다사57b51a,to_ho_001,3551
2024,다사57b51b,to_ho_001,1763
2024,다사57b52a,to_ho_001,3058
2024,다사57b52b,to_ho_001,2340
2024,다사57b53a,to_ho_001,2537
2024,다사57b53b,to_ho_001,1711
2024,다사57b54a,to_ho_001,1796
2024,다사57b54b,to_ho_001,1204
2024,다사57b55a,to_ho_001,1973
2024,다사57b55b,to_ho_001,2787
2024,다사57b56a,to_ho_001,3890
2024,다사57b56b,to_ho_001,3011
2024,다사57b57a,to_ho_001,3291
2024,다사57b57b,to_ho_001,2870
2024,다사57b58a,to_ho_001,2080
2024,다사57b58b,to_ho_001,2862
2024,다사57b59a,to_ho_001,2190
2024,다사57b59b,to_ho_001,3117
2024,다사57b60a,to_ho_001,2601
2024,다사57b60b,to_ho_001,3013
2024,다사57b61a,to_ho_001,1933
2024,다사57b61b,to_ho_001,1347
2024,다사57b62a,to_ho_001,1641
2024,다사57b62b,to_ho_001,49
2024,다사57b64a,to_ho_001,0
2024,다사57b65b,to_ho_001,0
2024,다사57b67a,to_ho_001,0
2024,다사57b69b,to_ho_001,0
2024,다사57b70a,to_ho_001,0
2024,다사57b71a,to_ho_001,180
2024,다사57b71b,to_ho_001,162
2024,다사57b72b,to_ho_001,8
2024,다사57b73a,to_ho_001,316
2024,다사57b73b,to_ho_001,28
2024,다사57b74a,to_ho_001,13
2024,다사57b74b,to_ho_001,18
2024,다사57b75a,to_ho_001,5
2024,다사57b75b,to_ho_001,0
2024,다사57b76a,to_ho_001,0
2024,다사57b76b,to_ho_001,8
2024,다사57b77a,to_ho_001,13
2024,다사57b78b,to_ho_001,0
2024,다사57b82a,to_ho_001,5
2024,다사57b82b,to_ho_001,13
2024,다사57b83b,to_ho_001,0
2024,다사57b84b,to_ho_001,0
2024,다사57b85a,to_ho_001,13
2024,다사57b85b,to_ho_001,18
2024,다사57b86a,to_ho_001,42
2024,다사57b86b,to_ho_001,5
2024,다사57b87a,to_ho_001,5
2024,다사57b87b,to_ho_001,18
2024,다사57b88a,to_ho_001,8
2024,다사57b88b,to_ho_001,8
2024,다사57b89a,to_ho_001,0
2024,다사57b89b,to_ho_001,18
2024,다사57b90a,to_ho_001,13
2024,다사57b90b,to_ho_001,18
2024,다사57b91a,to_ho_001,0
2024,다사57b91b,to_ho_001,13
2024,다사57b92a,to_ho_001,5
2024,다사57b94b,to_ho_001,5
2024,다사57b95a,to_ho_001,5
2024,다사57b95b,to_ho_001,0
2024,다사57b98b,to_ho_001,0
2024,다사57b99a,to_ho_001,5
2024,다사58a00a,to_ho_001,13
2024,다사58a01a,to_ho_001,56
2024,다사58a01b,to_ho_001,0
2024,다사58a02a,to_ho_001,28
2024,다사58a02b,to_ho_001,8
2024,다사58a03a,to_ho_001,5
2024,다사58a03b,to_ho_001,65
2024,다사58a04a,to_ho_001,252
2024,다사58a04b,to_ho_001,18
2024,다사58a05a,to_ho_001,0
2024,다사58a05b,to_ho_001,47
2024,다사58a06a,to_ho_001,13
2024,다사58a06b,to_ho_001,8
2024,다사58a07a,to_ho_001,0
2024,다사58a07b,to_ho_001,695
2024,다사58a08a,to_ho_001,278
2024,다사58a08b,to_ho_001,13
2024,다사58a09a,to_ho_001,13
2024,다사58a09b,to_ho_001,94
2024,다사58a10a,to_ho_001,139
2024,다사58a10b,to_ho_001,503
2024,다사58a11a,to_ho_001,24
2024,다사58a11b,to_ho_001,2610
2024,다사58a12a,to_ho_001,164
2024,다사58a12b,to_ho_001,113
2024,다사58a13a,to_ho_001,0
2024,다사58a14b,to_ho_001,8
2024,다사58a15a,to_ho_001,1265
2024,다사58a15b,to_ho_001,1404
2024,다사58a16a,to_ho_001,2134
2024,다사58a16b,to_ho_001,3278
2024,다사58a17a,to_ho_001,1528
2024,다사58a17b,to_ho_001,1593
2024,다사58a18a,to_ho_001,728
2024,다사58a18b,to_ho_001,1512
2024,다사58a19a,to_ho_001,803
2024,다사58a19b,to_ho_001,1302
2024,다사58a20a,to_ho_001,1207
2024,다사58a20b,to_ho_001,1772
2024,다사58a21a,to_ho_001,1959
2024,다사58a21b,to_ho_001,2633
2024,다사58a22a,to_ho_001,2075
2024,다사58a22b,to_ho_001,21
2024,다사58a23a,to_ho_001,5
2024,다사58a23b,to_ho_001,12
2024,다사58a24a,to_ho_001,5
2024,다사58a24b,to_ho_001,5
2024,다사58a25b,to_ho_001,5
2024,다사58a28b,to_ho_001,0
2024,다사58a29a,to_ho_001,13
2024,다사58a30b,to_ho_001,5
2024,다사58a32b,to_ho_001,0
2024,다사58a34a,to_ho_001,5
2024,다사58a38a,to_ho_001,0
2024,다사58a39a,to_ho_001,13
2024,다사58a39b,to_ho_001,13
2024,다사58a40a,to_ho_001,751
2024,다사58a40b,to_ho_001,1442
2024,다사58a41a,to_ho_001,670
2024,다사58a41b,to_ho_001,680
2024,다사58a42a,to_ho_001,293
2024,다사58a42b,to_ho_001,204
2024,다사58a43a,to_ho_001,2559
2024,다사58a43b,to_ho_001,2806
2024,다사58a44a,to_ho_001,836
2024,다사58a44b,to_ho_001,243
2024,다사58a45a,to_ho_001,1365
2024,다사58a45b,to_ho_001,2095
2024,다사58a46a,to_ho_001,1038
2024,다사58a46b,to_ho_001,569
2024,다사58a47a,to_ho_001,567
2024,다사58a47b,to_ho_001,1555
2024,다사58a48a,to_ho_001,1959
2024,다사58a49b,to_ho_001,757
2024,다사58a50a,to_ho_001,3176
2024,다사58a50b,to_ho_001,5403
2024,다사58a51a,to_ho_001,5097
2024,다사58a51b,to_ho_001,3744
2024,다사58a52a,to_ho_001,3295
2024,다사58a52b,to_ho_001,1253
2024,다사58a53a,to_ho_001,1396
2024,다사58a53b,to_ho_001,1296
2024,다사58a54a,to_ho_001,412
2024,다사58a54b,to_ho_001,202
2024,다사58a55a,to_ho_001,109
2024,다사58a55b,to_ho_001,2774
2024,다사58a56a,to_ho_001,2355
2024,다사58a56b,to_ho_001,4424
2024,다사58a57a,to_ho_001,2519
2024,다사58a57b,to_ho_001,1765
2024,다사58a58a,to_ho_001,1655
2024,다사58a58b,to_ho_001,1282
2024,다사58a59a,to_ho_001,1500
2024,다사58a59b,to_ho_001,2079
2024,다사58a60a,to_ho_001,1566
2024,다사58a60b,to_ho_001,1926
2024,다사58a61a,to_ho_001,2951
2024,다사58a61b,to_ho_001,584
2024,다사58a62a,to_ho_001,4505
2024,다사58a62b,to_ho_001,1319
2024,다사58a63a,to_ho_001,93
2024,다사58a64a,to_ho_001,5
2024,다사58a64b,to_ho_001,5
2024,다사58a65a,to_ho_001,0
2024,다사58a67b,to_ho_001,5
2024,다사58a69a,to_ho_001,0
2024,다사58a69b,to_ho_001,0
2024,다사58a70b,to_ho_001,13
2024,다사58a71a,to_ho_001,346
2024,다사58a71b,to_ho_001,976
2024,다사58a72a,to_ho_001,0
2024,다사58a73b,to_ho_001,42
2024,다사58a74b,to_ho_001,19
2024,다사58a75a,to_ho_001,5
2024,다사58a75b,to_ho_001,13
2024,다사58a76a,to_ho_001,64
2024,다사58a77a,to_ho_001,0
2024,다사58a78b,to_ho_001,5
2024,다사58a82a,to_ho_001,0
2024,다사58a82b,to_ho_001,0
2024,다사58a83a,to_ho_001,5
2024,다사58a83b,to_ho_001,0
2024,다사58a84a,to_ho_001,18
2024,다사58a84b,to_ho_001,28
2024,다사58a85a,to_ho_001,18
2024,다사58a85b,to_ho_001,13
2024,다사58a86a,to_ho_001,101
2024,다사58a86b,to_ho_001,0
2024,다사58a87a,to_ho_001,8
2024,다사58a87b,to_ho_001,18
2024,다사58a88a,to_ho_001,5
2024,다사58a88b,to_ho_001,23
2024,다사58a89a,to_ho_001,61
2024,다사58a89b,to_ho_001,18
2024,다사58a90a,to_ho_001,8
2024,다사58a90b,to_ho_001,13
2024,다사58a91b,to_ho_001,28
2024,다사58a92a,to_ho_001,5
2024,다사58a92b,to_ho_001,8
2024,다사58a94b,to_ho_001,5
2024,다사58a96a,to_ho_001,5
2024,다사58a96b,to_ho_001,5
2024,다사58a98a,to_ho_001,5
2024,다사58a98b,to_ho_001,0
2024,다사58a99a,to_ho_001,8
2024,다사58a99b,to_ho_001,8
2024,다사58b00a,to_ho_001,8
2024,다사58b00b,to_ho_001,5
2024,다사58b01a,to_ho_001,63
2024,다사58b01b,to_ho_001,5
2024,다사58b02a,to_ho_001,13
2024,다사58b02b,to_ho_001,5
2024,다사58b03a,to_ho_001,5
2024,다사58b03b,to_ho_001,0
2024,다사58b04a,to_ho_001,5
2024,다사58b04b,to_ho_001,23
2024,다사58b05a,to_ho_001,8
2024,다사58b05b,to_ho_001,33
2024,다사58b06a,to_ho_001,18
2024,다사58b06b,to_ho_001,121
2024,다사58b08b,to_ho_001,0
2024,다사58b09a,to_ho_001,13
2024,다사58b09b,to_ho_001,161
2024,다사58b10a,to_ho_001,517
2024,다사58b10b,to_ho_001,1402
2024,다사58b11a,to_ho_001,386
2024,다사58b11b,to_ho_001,535
2024,다사58b12a,to_ho_001,1084
2024,다사58b12b,to_ho_001,1182
2024,다사58b13a,to_ho_001,1445
2024,다사58b13b,to_ho_001,20
2024,다사58b14a,to_ho_001,115
2024,다사58b14b,to_ho_001,19
2024,다사58b15a,to_ho_001,5
2024,다사58b15b,to_ho_001,1983
2024,다사58b16a,to_ho_001,1589
2024,다사58b16b,to_ho_001,2171
2024,다사58b17a,to_ho_001,1628
2024,다사58b17b,to_ho_001,504
2024,다사58b18a,to_ho_001,299
2024,다사58b18b,to_ho_001,879
2024,다사58b19a,to_ho_001,1581
2024,다사58b19b,to_ho_001,1330
2024,다사58b20a,to_ho_001,2811
2024,다사58b20b,to_ho_001,1099
2024,다사58b21a,to_ho_001,203
2024,다사58b21b,to_ho_001,1498
2024,다사58b22a,to_ho_001,122
2024,다사58b22b,to_ho_001,8
2024,다사58b23b,to_ho_001,40
2024,다사58b24a,to_ho_001,5
2024,다사58b28b,to_ho_001,8
2024,다사58b29a,to_ho_001,89
2024,다사58b29b,to_ho_001,5
2024,다사58b30a,to_ho_001,5
2024,다사58b39b,to_ho_001,34
2024,다사58b40a,to_ho_001,52
2024,다사58b40b,to_ho_001,434
2024,다사58b41b,to_ho_001,837
2024,다사58b42a,to_ho_001,107
2024,다사58b42b,to_ho_001,810
2024,다사58b43a,to_ho_001,1558
2024,다사58b43b,to_ho_001,1152
2024,다사58b44a,to_ho_001,1616
2024,다사58b44b,to_ho_001,729
2024,다사58b45a,to_ho_001,649
2024,다사58b45b,to_ho_001,1635
2024,다사58b46a,to_ho_001,846
2024,다사58b46b,to_ho_001,788
2024,다사58b47a,to_ho_001,503
2024,다사58b47b,to_ho_001,710
2024,다사58b48a,to_ho_001,1026
2024,다사58b49b,to_ho_001,0
2024,다사58b50a,to_ho_001,2372
2024,다사58b50b,to_ho_001,3638
2024,다사58b51a,to_ho_001,1155
2024,다사58b51b,to_ho_001,1626
2024,다사58b52a,to_ho_001,2248
2024,다사58b52b,to_ho_001,1659
2024,다사58b53a,to_ho_001,2122
2024,다사58b53b,to_ho_001,2070
2024,다사58b54a,to_ho_001,912
2024,다사58b54b,to_ho_001,293
2024,다사58b55a,to_ho_001,2292
2024,다사58b55b,to_ho_001,3163
2024,다사58b56a,to_ho_001,3077
2024,다사58b56b,to_ho_001,681
2024,다사58b57a,to_ho_001,1438
2024,다사58b57b,to_ho_001,2264
2024,다사58b58a,to_ho_001,2253
2024,다사58b58b,to_ho_001,3116
2024,다사58b59a,to_ho_001,854
2024,다사58b59b,to_ho_001,1674
2024,다사58b60a,to_ho_001,2871
2024,다사58b60b,to_ho_001,2669
2024,다사58b61a,to_ho_001,2707
2024,다사58b61b,to_ho_001,2625
2024,다사58b62a,to_ho_001,5058
2024,다사58b62b,to_ho_001,2840
2024,다사58b63a,to_ho_001,2388
2024,다사58b63b,to_ho_001,257
2024,다사58b64a,to_ho_001,23
2024,다사58b64b,to_ho_001,5
2024,다사58b65a,to_ho_001,5
2024,다사58b65b,to_ho_001,0
2024,다사58b67a,to_ho_001,5
2024,다사58b69a,to_ho_001,0
2024,다사58b71a,to_ho_001,691
2024,다사58b71b,to_ho_001,2038
2024,다사58b72a,to_ho_001,956
2024,다사58b72b,to_ho_001,978
2024,다사58b73a,to_ho_001,1783
2024,다사58b73b,to_ho_001,342
2024,다사58b74a,to_ho_001,5
2024,다사58b74b,to_ho_001,35
2024,다사58b75a,to_ho_001,18
2024,다사58b75b,to_ho_001,13
2024,다사58b76a,to_ho_001,38
2024,다사58b80a,to_ho_001,5
2024,다사58b80b,to_ho_001,5
2024,다사58b81a,to_ho_001,0
2024,다사58b83a,to_ho_001,0
2024,다사58b83b,to_ho_001,42
2024,다사58b84a,to_ho_001,8
2024,다사58b84b,to_ho_001,8
2024,다사58b85a,to_ho_001,5
2024,다사58b85b,to_ho_001,8
2024,다사58b86a,to_ho_001,28
2024,다사58b86b,to_ho_001,18
2024,다사58b87a,to_ho_001,5
2024,다사58b87b,to_ho_001,5
2024,다사58b88a,to_ho_001,5
2024,다사58b88b,to_ho_001,13
2024,다사58b89a,to_ho_001,8
2024,다사58b89b,to_ho_001,8
2024,다사58b90a,to_ho_001,43
2024,다사58b90b,to_ho_001,0
2024,다사58b92a,to_ho_001,18
2024,다사58b92b,to_ho_001,0
2024,다사58b96a,to_ho_001,5
2024,다사58b96b,to_ho_001,8
2024,다사58b97a,to_ho_001,13
2024,다사58b97b,to_ho_001,8
2024,다사58b99b,to_ho_001,8
2024,다사59a00b,to_ho_001,56
2024,다사59a01a,to_ho_001,13
2024,다사59a01b,to_ho_001,0
2024,다사59a02a,to_ho_001,5
2024,다사59a02b,to_ho_001,8
2024,다사59a03a,to_ho_001,8
2024,다사59a03b,to_ho_001,18
2024,다사59a04a,to_ho_001,0
2024,다사59a04b,to_ho_001,8
2024,다사59a05a,to_ho_001,745
2024,다사59a05b,to_ho_001,23
2024,다사59a06a,to_ho_001,472
2024,다사59a06b,to_ho_001,13
2024,다사59a07a,to_ho_001,32
2024,다사59a08a,to_ho_001,602
2024,다사59a08b,to_ho_001,1984
2024,다사59a09a,to_ho_001,647
2024,다사59a09b,to_ho_001,1002
2024,다사59a10a,to_ho_001,8
2024,다사59a10b,to_ho_001,5
2024,다사59a11a,to_ho_001,1951
2024,다사59a11b,to_ho_001,3416
2024,다사59a12a,to_ho_001,3299
2024,다사59a12b,to_ho_001,845
2024,다사59a13a,to_ho_001,2136
2024,다사59a13b,to_ho_001,5
2024,다사59a14a,to_ho_001,171
2024,다사59a14b,to_ho_001,5
2024,다사59a15a,to_ho_001,1044
2024,다사59a15b,to_ho_001,2308
2024,다사59a16a,to_ho_001,1644
2024,다사59a16b,to_ho_001,1744
2024,다사59a17a,to_ho_001,2111
2024,다사59a17b,to_ho_001,2373
2024,다사59a18a,to_ho_001,3060
2024,다사59a18b,to_ho_001,1669
2024,다사59a19a,to_ho_001,3584
2024,다사59a19b,to_ho_001,2115
2024,다사59a20a,to_ho_001,1834
2024,다사59a22a,to_ho_001,18
2024,다사59a22b,to_ho_001,415
2024,다사59a23a,to_ho_001,304
2024,다사59a23b,to_ho_001,197
2024,다사59a26a,to_ho_001,5
2024,다사59a28b,to_ho_001,54
2024,다사59a29a,to_ho_001,73
2024,다사59a29b,to_ho_001,31
2024,다사59a30a,to_ho_001,28
2024,다사59a40b,to_ho_001,186
2024,다사59a41a,to_ho_001,441
2024,다사59a41b,to_ho_001,743
2024,다사59a42a,to_ho_001,915
2024,다사59a42b,to_ho_001,1695
2024,다사59a43a,to_ho_001,2873
2024,다사59a43b,to_ho_001,2351
2024,다사59a44a,to_ho_001,1466
2024,다사59a44b,to_ho_001,302
2024,다사59a45a,to_ho_001,1474
2024,다사59a45b,to_ho_001,1876
2024,다사59a46a,to_ho_001,1086
2024,다사59a46b,to_ho_001,1642
2024,다사59a47a,to_ho_001,207
2024,다사59a47b,to_ho_001,1605
2024,다사59a48a,to_ho_001,727
2024,다사59a49b,to_ho_001,297
2024,다사59a50a,to_ho_001,260
2024,다사59a50b,to_ho_001,3292
2024,다사59a51a,to_ho_001,1075
2024,다사59a51b,to_ho_001,2566
2024,다사59a52a,to_ho_001,851
2024,다사59a52b,to_ho_001,1103
2024,다사59a53a,to_ho_001,1362
2024,다사59a53b,to_ho_001,1088
2024,다사59a54a,to_ho_001,1820
2024,다사59a54b,to_ho_001,1989
2024,다사59a55a,to_ho_001,1432
2024,다사59a55b,to_ho_001,3499
2024,다사59a56a,to_ho_001,2566
2024,다사59a56b,to_ho_001,2938
2024,다사59a57a,to_ho_001,2887
2024,다사59a57b,to_ho_001,925
2024,다사59a58a,to_ho_001,354
2024,다사59a58b,to_ho_001,2396
2024,다사59a59a,to_ho_001,2224
2024,다사59a59b,to_ho_001,1702
2024,다사59a60a,to_ho_001,3445
2024,다사59a60b,to_ho_001,3497
2024,다사59a61a,to_ho_001,1565
2024,다사59a61b,to_ho_001,2894
2024,다사59a62a,to_ho_001,2910
2024,다사59a62b,to_ho_001,2461
2024,다사59a63a,to_ho_001,2960
2024,다사59a63b,to_ho_001,428
2024,다사59a64a,to_ho_001,122
2024,다사59a64b,to_ho_001,146
2024,다사59a65a,to_ho_001,71
2024,다사59a65b,to_ho_001,8
2024,다사59a66a,to_ho_001,8
2024,다사59a66b,to_ho_001,5
2024,다사59a67a,to_ho_001,5
2024,다사59a67b,to_ho_001,13
2024,다사59a69a,to_ho_001,51
2024,다사59a69b,to_ho_001,1146
2024,다사59a70a,to_ho_001,2811
2024,다사59a70b,to_ho_001,2019
2024,다사59a71a,to_ho_001,1302
2024,다사59a71b,to_ho_001,1093
2024,다사59a72a,to_ho_001,1716
2024,다사59a72b,to_ho_001,1818
2024,다사59a73a,to_ho_001,2198
2024,다사59a73b,to_ho_001,1000
2024,다사59a74a,to_ho_001,40
2024,다사59a74b,to_ho_001,8
2024,다사59a75a,to_ho_001,5
2024,다사59a75b,to_ho_001,8
2024,다사59a76a,to_ho_001,5
2024,다사59a78a,to_ho_001,56
2024,다사59a78b,to_ho_001,5
2024,다사59a80a,to_ho_001,197
2024,다사59a80b,to_ho_001,5
2024,다사59a81a,to_ho_001,0
2024,다사59a82b,to_ho_001,0
2024,다사59a83a,to_ho_001,23
2024,다사59a83b,to_ho_001,23
2024,다사59a85a,to_ho_001,5
2024,다사59a85b,to_ho_001,8
2024,다사59a86a,to_ho_001,18
2024,다사59a86b,to_ho_001,8
2024,다사59a87a,to_ho_001,28
2024,다사59a87b,to_ho_001,48
2024,다사59a88a,to_ho_001,8
2024,다사59a88b,to_ho_001,73
2024,다사59a89a,to_ho_001,13
2024,다사59a89b,to_ho_001,37
2024,다사59a90a,to_ho_001,5
2024,다사59a91b,to_ho_001,0
2024,다사59a92a,to_ho_001,0
2024,다사59a92b,to_ho_001,5
2024,다사59a93a,to_ho_001,0
2024,다사59a93b,to_ho_001,8
2024,다사59a96b,to_ho_001,8
2024,다사59a97a,to_ho_001,5
2024,다사59a97b,to_ho_001,8
2024,다사59a99a,to_ho_001,5
2024,다사59a99b,to_ho_001,5
2024,다사59b00a,to_ho_001,23
2024,다사59b00b,to_ho_001,8
2024,다사59b01b,to_ho_001,23
2024,다사59b02a,to_ho_001,53
2024,다사59b02b,to_ho_001,13
2024,다사59b03a,to_ho_001,14
2024,다사59b03b,to_ho_001,167
2024,다사59b04a,to_ho_001,617
2024,다사59b04b,to_ho_001,1087
2024,다사59b05a,to_ho_001,1419
2024,다사59b05b,to_ho_001,5
2024,다사59b06a,to_ho_001,1179
2024,다사59b06b,to_ho_001,689
2024,다사59b07a,to_ho_001,317
2024,다사59b07b,to_ho_001,460
2024,다사59b08a,to_ho_001,1208
2024,다사59b08b,to_ho_001,2047
2024,다사59b09a,to_ho_001,773
2024,다사59b09b,to_ho_001,604
2024,다사59b10a,to_ho_001,23
2024,다사59b10b,to_ho_001,5
2024,다사59b11a,to_ho_001,727
2024,다사59b11b,to_ho_001,794
2024,다사59b12a,to_ho_001,2149
2024,다사59b12b,to_ho_001,2299
2024,다사59b13a,to_ho_001,1281
2024,다사59b13b,to_ho_001,1363
2024,다사59b14a,to_ho_001,1125
2024,다사59b14b,to_ho_001,187
2024,다사59b15a,to_ho_001,1062
2024,다사59b15b,to_ho_001,1022
2024,다사59b16a,to_ho_001,3243
2024,다사59b16b,to_ho_001,540
2024,다사59b17a,to_ho_001,142
2024,다사59b17b,to_ho_001,1208
2024,다사59b18a,to_ho_001,1558
2024,다사59b18b,to_ho_001,2257
2024,다사59b19a,to_ho_001,1354
2024,다사59b19b,to_ho_001,2202
2024,다사59b20a,to_ho_001,140
2024,다사59b20b,to_ho_001,230
2024,다사59b21a,to_ho_001,381
2024,다사59b21b,to_ho_001,257
2024,다사59b22a,to_ho_001,162
2024,다사59b22b,to_ho_001,103
2024,다사59b23a,to_ho_001,1151
2024,다사59b23b,to_ho_001,142
2024,다사59b24b,to_ho_001,8
2024,다사59b25b,to_ho_001,24
2024,다사59b26a,to_ho_001,28
2024,다사59b26b,to_ho_001,0
2024,다사59b28a,to_ho_001,18
2024,다사59b28b,to_ho_001,157
2024,다사59b29a,to_ho_001,48
2024,다사59b29b,to_ho_001,68
2024,다사59b30a,to_ho_001,13
2024,다사59b30b,to_ho_001,13
2024,다사59b31a,to_ho_001,13
2024,다사59b31b,to_ho_001,5
2024,다사59b32b,to_ho_001,5
2024,다사59b39a,to_ho_001,0
2024,다사59b40b,to_ho_001,134
2024,다사59b41a,to_ho_001,2606
2024,다사59b41b,to_ho_001,1860
2024,다사59b42a,to_ho_001,1147
2024,다사59b42b,to_ho_001,551
2024,다사59b43a,to_ho_001,868
2024,다사59b43b,to_ho_001,813
2024,다사59b44a,to_ho_001,2902
2024,다사59b44b,to_ho_001,3040
2024,다사59b45a,to_ho_001,1429
2024,다사59b45b,to_ho_001,1196
2024,다사59b46a,to_ho_001,2581
2024,다사59b46b,to_ho_001,2148
2024,다사59b47a,to_ho_001,838
2024,다사59b47b,to_ho_001,762
2024,다사59b48b,to_ho_001,934
2024,다사59b49a,to_ho_001,1526
2024,다사59b49b,to_ho_001,1209
2024,다사59b50a,to_ho_001,745
2024,다사59b50b,to_ho_001,121
2024,다사59b51a,to_ho_001,531
2024,다사59b51b,to_ho_001,1734
2024,다사59b52a,to_ho_001,1645
2024,다사59b52b,to_ho_001,2351
2024,다사59b53a,to_ho_001,3556
2024,다사59b53b,to_ho_001,1465
2024,다사59b54a,to_ho_001,1763
2024,다사59b54b,to_ho_001,195
2024,다사59b55a,to_ho_001,379
2024,다사59b55b,to_ho_001,1096
2024,다사59b56a,to_ho_001,1218
2024,다사59b56b,to_ho_001,1452
2024,다사59b57a,to_ho_001,2797
2024,다사59b57b,to_ho_001,1941
2024,다사59b58a,to_ho_001,818
2024,다사59b58b,to_ho_001,3951
2024,다사59b59a,to_ho_001,2595
2024,다사59b59b,to_ho_001,835
2024,다사59b60a,to_ho_001,1066
2024,다사59b60b,to_ho_001,439
2024,다사59b61a,to_ho_001,2576
2024,다사59b61b,to_ho_001,3741
2024,다사59b62a,to_ho_001,2844
2024,다사59b62b,to_ho_001,1763
2024,다사59b63a,to_ho_001,1855
2024,다사59b63b,to_ho_001,1627
2024,다사59b64a,to_ho_001,1486
2024,다사59b64b,to_ho_001,2063
2024,다사59b65a,to_ho_001,1851
2024,다사59b65b,to_ho_001,95
2024,다사59b66a,to_ho_001,72
2024,다사59b66b,to_ho_001,5
2024,다사59b67a,to_ho_001,601
2024,다사59b67b,to_ho_001,214
2024,다사59b68a,to_ho_001,1079
2024,다사59b68b,to_ho_001,83
2024,다사59b69a,to_ho_001,2387
2024,다사59b69b,to_ho_001,3102
2024,다사59b70a,to_ho_001,2360
2024,다사59b70b,to_ho_001,2275
2024,다사59b71a,to_ho_001,1522
2024,다사59b71b,to_ho_001,1458
2024,다사59b72a,to_ho_001,1410
2024,다사59b72b,to_ho_001,1696
2024,다사59b73a,to_ho_001,151
2024,다사59b73b,to_ho_001,688
2024,다사59b74a,to_ho_001,56
2024,다사59b74b,to_ho_001,33
2024,다사59b75a,to_ho_001,33
2024,다사59b76a,to_ho_001,13
2024,다사59b77a,to_ho_001,5
2024,다사59b77b,to_ho_001,53
2024,다사59b78a,to_ho_001,294
2024,다사59b78b,to_ho_001,5
2024,다사59b79a,to_ho_001,37
2024,다사59b79b,to_ho_001,503
2024,다사59b80a,to_ho_001,1547
2024,다사59b80b,to_ho_001,642
2024,다사59b81a,to_ho_001,5
2024,다사59b82b,to_ho_001,8
2024,다사59b83a,to_ho_001,18
2024,다사59b83b,to_ho_001,13
2024,다사59b84a,to_ho_001,5
2024,다사59b84b,to_ho_001,13
2024,다사59b85a,to_ho_001,13
2024,다사59b86a,to_ho_001,0
2024,다사59b86b,to_ho_001,5
2024,다사59b87a,to_ho_001,13
2024,다사59b87b,to_ho_001,13
2024,다사59b88a,to_ho_001,8
2024,다사59b88b,to_ho_001,5
2024,다사59b89a,to_ho_001,82
2024,다사59b89b,to_ho_001,18
2024,다사59b90a,to_ho_001,18
2024,다사59b91a,to_ho_001,5
2024,다사59b91b,to_ho_001,0
2024,다사59b92a,to_ho_001,13
2024,다사59b92b,to_ho_001,18
2024,다사59b93b,to_ho_001,5
2024,다사59b94b,to_ho_001,0
2024,다사59b96b,to_ho_001,0
2024,다사59b98a,to_ho_001,8
2024,다사59b98b,to_ho_001,8
2024,다사60a00a,to_ho_001,43
2024,다사60a00b,to_ho_001,5
2024,다사60a01a,to_ho_001,10
2024,다사60a01b,to_ho_001,8
2024,다사60a02a,to_ho_001,8
2024,다사60a02b,to_ho_001,5
2024,다사60a03a,to_ho_001,5
2024,다사60a03b,to_ho_001,8
2024,다사60a04a,to_ho_001,0
2024,다사60a04b,to_ho_001,1390
2024,다사60a05a,to_ho_001,664
2024,다사60a05b,to_ho_001,620
2024,다사60a06a,to_ho_001,68
2024,다사60a06b,to_ho_001,715
2024,다사60a07a,to_ho_001,1126
2024,다사60a07b,to_ho_001,576
2024,다사60a08a,to_ho_001,676
2024,다사60a08b,to_ho_001,923
2024,다사60a09a,to_ho_001,795
2024,다사60a09b,to_ho_001,13
2024,다사60a10a,to_ho_001,70
2024,다사60a10b,to_ho_001,24
2024,다사60a11a,to_ho_001,1202
2024,다사60a11b,to_ho_001,2060
2024,다사60a12a,to_ho_001,1854
2024,다사60a12b,to_ho_001,1724
2024,다사60a13a,to_ho_001,1451
2024,다사60a13b,to_ho_001,1570
2024,다사60a14a,to_ho_001,5
2024,다사60a14b,to_ho_001,131
2024,다사60a15a,to_ho_001,1676
2024,다사60a15b,to_ho_001,2217
2024,다사60a16a,to_ho_001,2156
2024,다사60a16b,to_ho_001,81
2024,다사60a18a,to_ho_001,62
2024,다사60a18b,to_ho_001,1649
2024,다사60a19a,to_ho_001,1277
2024,다사60a19b,to_ho_001,427
2024,다사60a20a,to_ho_001,997
2024,다사60a20b,to_ho_001,1370
2024,다사60a21a,to_ho_001,2165
2024,다사60a21b,to_ho_001,595
2024,다사60a22b,to_ho_001,540
2024,다사60a23a,to_ho_001,948
2024,다사60a24a,to_ho_001,7
2024,다사60a24b,to_ho_001,65
2024,다사60a25a,to_ho_001,202
2024,다사60a25b,to_ho_001,35
2024,다사60a26a,to_ho_001,232
2024,다사60a26b,to_ho_001,65
2024,다사60a27a,to_ho_001,13
2024,다사60a28a,to_ho_001,52
2024,다사60a28b,to_ho_001,54
2024,다사60a29a,to_ho_001,30
2024,다사60a29b,to_ho_001,61
2024,다사60a30a,to_ho_001,5
2024,다사60a32b,to_ho_001,0
2024,다사60a39a,to_ho_001,5
2024,다사60a39b,to_ho_001,28
2024,다사60a40a,to_ho_001,57
2024,다사60a40b,to_ho_001,33
2024,다사60a41a,to_ho_001,644
2024,다사60a41b,to_ho_001,1660
2024,다사60a42a,to_ho_001,1934
2024,다사60a42b,to_ho_001,1068
2024,다사60a43a,to_ho_001,3279
2024,다사60a43b,to_ho_001,2474
2024,다사60a44a,to_ho_001,3877
2024,다사60a44b,to_ho_001,2177
2024,다사60a45a,to_ho_001,953
2024,다사60a45b,to_ho_001,903
2024,다사60a46a,to_ho_001,3534
2024,다사60a46b,to_ho_001,2003
2024,다사60a47a,to_ho_001,1175
2024,다사60a47b,to_ho_001,1258
2024,다사60a48b,to_ho_001,1215
2024,다사60a49a,to_ho_001,1181
2024,다사60a49b,to_ho_001,1293
2024,다사60a50a,to_ho_001,1182
2024,다사60a51a,to_ho_001,948
2024,다사60a51b,to_ho_001,1082
2024,다사60a52a,to_ho_001,1260
2024,다사60a52b,to_ho_001,2596
2024,다사60a53a,to_ho_001,2438
2024,다사60a53b,to_ho_001,1429
2024,다사60a54a,to_ho_001,2456
2024,다사60a54b,to_ho_001,1710
2024,다사60a55a,to_ho_001,71
2024,다사60a56a,to_ho_001,902
2024,다사60a56b,to_ho_001,1885
2024,다사60a57a,to_ho_001,1440
2024,다사60a57b,to_ho_001,3569
2024,다사60a58a,to_ho_001,1953
2024,다사60a58b,to_ho_001,2305
2024,다사60a59a,to_ho_001,1287
2024,다사60a59b,to_ho_001,1084
2024,다사60a60a,to_ho_001,0
2024,다사60a60b,to_ho_001,2099
2024,다사60a61a,to_ho_001,3033
2024,다사60a61b,to_ho_001,1042
2024,다사60a62a,to_ho_001,3080
2024,다사60a62b,to_ho_001,1278
2024,다사60a63a,to_ho_001,1862
2024,다사60a63b,to_ho_001,3123
2024,다사60a64a,to_ho_001,1318
2024,다사60a64b,to_ho_001,2224
2024,다사60a65a,to_ho_001,3110
2024,다사60a65b,to_ho_001,210
2024,다사60a67a,to_ho_001,2638
2024,다사60a67b,to_ho_001,2518
2024,다사60a68a,to_ho_001,2113
2024,다사60a68b,to_ho_001,1958
2024,다사60a69a,to_ho_001,2056
2024,다사60a69b,to_ho_001,2372
2024,다사60a70a,to_ho_001,3513
2024,다사60a70b,to_ho_001,2371
2024,다사60a71a,to_ho_001,844
2024,다사60a71b,to_ho_001,2113
2024,다사60a72a,to_ho_001,1311
2024,다사60a72b,to_ho_001,223
2024,다사60a73a,to_ho_001,13
2024,다사60a73b,to_ho_001,13
2024,다사60a74a,to_ho_001,0
2024,다사60a74b,to_ho_001,13
2024,다사60a75b,to_ho_001,8
2024,다사60a76a,to_ho_001,8
2024,다사60a76b,to_ho_001,8
2024,다사60a77a,to_ho_001,5
2024,다사60a77b,to_ho_001,8
2024,다사60a78b,to_ho_001,88
2024,다사60a79a,to_ho_001,1090
2024,다사60a79b,to_ho_001,1772
2024,다사60a80a,to_ho_001,873
2024,다사60a80b,to_ho_001,485
2024,다사60a81a,to_ho_001,18
2024,다사60a81b,to_ho_001,37
2024,다사60a82a,to_ho_001,5
2024,다사60a82b,to_ho_001,0
2024,다사60a83a,to_ho_001,13
2024,다사60a83b,to_ho_001,86
2024,다사60a84a,to_ho_001,23
2024,다사60a84b,to_ho_001,8
2024,다사60a85a,to_ho_001,23
2024,다사60a85b,to_ho_001,5
2024,다사60a86b,to_ho_001,18
2024,다사60a87a,to_ho_001,327
2024,다사60a87b,to_ho_001,1957
2024,다사60a88a,to_ho_001,1606
2024,다사60a88b,to_ho_001,1510
2024,다사60a89a,to_ho_001,1035
2024,다사60a89b,to_ho_001,575
2024,다사60a90a,to_ho_001,229
2024,다사60a91a,to_ho_001,0
2024,다사60a91b,to_ho_001,5
2024,다사60a92a,to_ho_001,87
2024,다사60a92b,to_ho_001,0
2024,다사60a93a,to_ho_001,24
2024,다사60a93b,to_ho_001,5
2024,다사60a94b,to_ho_001,5
2024,다사60a98b,to_ho_001,5
2024,다사60b00a,to_ho_001,5
2024,다사60b00b,to_ho_001,46
2024,다사60b01a,to_ho_001,0
2024,다사60b01b,to_ho_001,5
2024,다사60b02a,to_ho_001,0
2024,다사60b02b,to_ho_001,20
2024,다사60b03a,to_ho_001,5
2024,다사60b03b,to_ho_001,8
2024,다사60b04a,to_ho_001,0
2024,다사60b05a,to_ho_001,796
2024,다사60b05b,to_ho_001,206
2024,다사60b06a,to_ho_001,546
2024,다사60b06b,to_ho_001,350
2024,다사60b07a,to_ho_001,918
2024,다사60b07b,to_ho_001,61
2024,다사60b08a,to_ho_001,1245
2024,다사60b08b,to_ho_001,106
2024,다사60b09a,to_ho_001,33
2024,다사60b09b,to_ho_001,5
2024,다사60b10a,to_ho_001,62
2024,다사60b10b,to_ho_001,133
2024,다사60b11a,to_ho_001,1299
2024,다사60b11b,to_ho_001,1600
2024,다사60b12a,to_ho_001,2121
2024,다사60b12b,to_ho_001,1646
2024,다사60b13a,to_ho_001,905
2024,다사60b13b,to_ho_001,1485
2024,다사60b14a,to_ho_001,948
2024,다사60b14b,to_ho_001,1296
2024,다사60b15a,to_ho_001,2014
2024,다사60b15b,to_ho_001,1406
2024,다사60b16a,to_ho_001,1310
2024,다사60b16b,to_ho_001,1489
2024,다사60b17a,to_ho_001,28
2024,다사60b17b,to_ho_001,66
2024,다사60b18a,to_ho_001,13
2024,다사60b18b,to_ho_001,2122
2024,다사60b19a,to_ho_001,2362
2024,다사60b19b,to_ho_001,238
2024,다사60b20a,to_ho_001,1157
2024,다사60b20b,to_ho_001,1289
2024,다사60b21a,to_ho_001,1205
2024,다사60b21b,to_ho_001,1424
2024,다사60b22a,to_ho_001,5
2024,다사60b24a,to_ho_001,564
2024,다사60b24b,to_ho_001,231
2024,다사60b25a,to_ho_001,222
2024,다사60b25b,to_ho_001,8
2024,다사60b26a,to_ho_001,499
2024,다사60b26b,to_ho_001,65
2024,다사60b27a,to_ho_001,83
2024,다사60b27b,to_ho_001,47
2024,다사60b28a,to_ho_001,8
2024,다사60b28b,to_ho_001,5
2024,다사60b29a,to_ho_001,59
2024,다사60b29b,to_ho_001,0
2024,다사60b30b,to_ho_001,0
2024,다사60b32a,to_ho_001,0
2024,다사60b32b,to_ho_001,295
2024,다사60b38a,to_ho_001,40
2024,다사60b38b,to_ho_001,453
2024,다사60b39a,to_ho_001,1105
2024,다사60b39b,to_ho_001,524
2024,다사60b40a,to_ho_001,19
2024,다사60b40b,to_ho_001,43
2024,다사60b41b,to_ho_001,550
2024,다사60b42a,to_ho_001,3925
2024,다사60b42b,to_ho_001,3354
2024,다사60b43a,to_ho_001,1747
2024,다사60b43b,to_ho_001,2734
2024,다사60b44a,to_ho_001,2118
2024,다사60b44b,to_ho_001,2693
2024,다사60b45a,to_ho_001,1530
2024,다사60b45b,to_ho_001,794
2024,다사60b46a,to_ho_001,307
2024,다사60b46b,to_ho_001,842
2024,다사60b47a,to_ho_001,1250
2024,다사60b47b,to_ho_001,317
2024,다사60b48a,to_ho_001,117
2024,다사60b48b,to_ho_001,1916
2024,다사60b49a,to_ho_001,659
2024,다사60b49b,to_ho_001,1488
2024,다사60b50a,to_ho_001,535
2024,다사60b51a,to_ho_001,430
2024,다사60b51b,to_ho_001,1913
2024,다사60b52a,to_ho_001,2226
2024,다사60b52b,to_ho_001,2639
2024,다사60b53a,to_ho_001,1886
2024,다사60b53b,to_ho_001,1288
2024,다사60b54a,to_ho_001,2277
2024,다사60b54b,to_ho_001,1639
2024,다사60b55a,to_ho_001,541
2024,다사60b55b,to_ho_001,719
2024,다사60b56a,to_ho_001,229
2024,다사60b56b,to_ho_001,2184
2024,다사60b57a,to_ho_001,536
2024,다사60b57b,to_ho_001,1767
2024,다사60b58a,to_ho_001,1617
2024,다사60b58b,to_ho_001,2845
2024,다사60b59a,to_ho_001,873
2024,다사60b60a,to_ho_001,636
2024,다사60b60b,to_ho_001,2717
2024,다사60b61a,to_ho_001,2152
2024,다사60b61b,to_ho_001,639
2024,다사60b62a,to_ho_001,590
2024,다사60b62b,to_ho_001,3473
2024,다사60b63a,to_ho_001,4979
2024,다사60b63b,to_ho_001,2399
2024,다사60b64a,to_ho_001,2504
2024,다사60b64b,to_ho_001,3944
2024,다사60b65a,to_ho_001,1187
2024,다사60b65b,to_ho_001,958
2024,다사60b66a,to_ho_001,5
2024,다사60b66b,to_ho_001,51
2024,다사60b67a,to_ho_001,8
2024,다사60b67b,to_ho_001,0
2024,다사60b69a,to_ho_001,939
2024,다사60b69b,to_ho_001,3674
2024,다사60b70a,to_ho_001,1904
2024,다사60b70b,to_ho_001,1077
2024,다사60b71a,to_ho_001,1808
2024,다사60b71b,to_ho_001,1967
2024,다사60b72a,to_ho_001,2062
2024,다사60b72b,to_ho_001,19
2024,다사60b74a,to_ho_001,13
2024,다사60b74b,to_ho_001,28
2024,다사60b75a,to_ho_001,23
2024,다사60b75b,to_ho_001,13
2024,다사60b76a,to_ho_001,8
2024,다사60b76b,to_ho_001,0
2024,다사60b77b,to_ho_001,0
2024,다사60b78b,to_ho_001,409
2024,다사60b79a,to_ho_001,538
2024,다사60b79b,to_ho_001,1736
2024,다사60b80a,to_ho_001,1962
2024,다사60b80b,to_ho_001,400
2024,다사60b81a,to_ho_001,982
2024,다사60b81b,to_ho_001,58
2024,다사60b82a,to_ho_001,111
2024,다사60b82b,to_ho_001,596
2024,다사60b83a,to_ho_001,155
2024,다사60b83b,to_ho_001,0
2024,다사60b84a,to_ho_001,5
2024,다사60b84b,to_ho_001,0
2024,다사60b85a,to_ho_001,5
2024,다사60b85b,to_ho_001,33
2024,다사60b86a,to_ho_001,8
2024,다사60b86b,to_ho_001,33
2024,다사60b87a,to_ho_001,1243
2024,다사60b87b,to_ho_001,2286
2024,다사60b88a,to_ho_001,1225
2024,다사60b88b,to_ho_001,1942
2024,다사60b89a,to_ho_001,651
2024,다사60b89b,to_ho_001,760
2024,다사60b90a,to_ho_001,557
2024,다사60b90b,to_ho_001,374
2024,다사60b91a,to_ho_001,29
2024,다사60b91b,to_ho_001,977
2024,다사60b92a,to_ho_001,296
2024,다사60b92b,to_ho_001,59
2024,다사60b93a,to_ho_001,65
2024,다사60b93b,to_ho_001,8
2024,다사60b94a,to_ho_001,396
2024,다사60b94b,to_ho_001,90
2024,다사61a00a,to_ho_001,5
2024,다사61a00b,to_ho_001,5
2024,다사61a01a,to_ho_001,69
2024,다사61a01b,to_ho_001,192
2024,다사61a02a,to_ho_001,14
2024,다사61a02b,to_ho_001,29
2024,다사61a03a,to_ho_001,32
2024,다사61a03b,to_ho_001,212
2024,다사61a05a,to_ho_001,172
2024,다사61a05b,to_ho_001,1042
2024,다사61a06a,to_ho_001,148
2024,다사61a06b,to_ho_001,297
2024,다사61a07a,to_ho_001,1049
2024,다사61a07b,to_ho_001,703
2024,다사61a08a,to_ho_001,1117
2024,다사61a08b,to_ho_001,828
2024,다사61a09a,to_ho_001,5
2024,다사61a10a,to_ho_001,1545
2024,다사61a10b,to_ho_001,910
2024,다사61a11a,to_ho_001,971
2024,다사61a11b,to_ho_001,862
2024,다사61a12a,to_ho_001,523
2024,다사61a12b,to_ho_001,768
2024,다사61a13a,to_ho_001,316
2024,다사61a13b,to_ho_001,0
2024,다사61a14a,to_ho_001,1656
2024,다사61a14b,to_ho_001,680
2024,다사61a15a,to_ho_001,1108
2024,다사61a15b,to_ho_001,3349
2024,다사61a16a,to_ho_001,1811
2024,다사61a16b,to_ho_001,4450
2024,다사61a17a,to_ho_001,3142
2024,다사61a17b,to_ho_001,314
2024,다사61a18a,to_ho_001,709
2024,다사61a18b,to_ho_001,1004
2024,다사61a19a,to_ho_001,1474
2024,다사61a19b,to_ho_001,404
2024,다사61a20b,to_ho_001,898
2024,다사61a21a,to_ho_001,1204
2024,다사61a21b,to_ho_001,1122
2024,다사61a22a,to_ho_001,560
2024,다사61a23b,to_ho_001,547
2024,다사61a24a,to_ho_001,1572
2024,다사61a24b,to_ho_001,1568
2024,다사61a25a,to_ho_001,176
2024,다사61a25b,to_ho_001,458
2024,다사61a26a,to_ho_001,266
2024,다사61a26b,to_ho_001,57
2024,다사61a27a,to_ho_001,152
2024,다사61a27b,to_ho_001,17
2024,다사61a28a,to_ho_001,49
2024,다사61a28b,to_ho_001,130
2024,다사61a29a,to_ho_001,18
2024,다사61a30b,to_ho_001,0
2024,다사61a31a,to_ho_001,0
2024,다사61a32b,to_ho_001,382
2024,다사61a38a,to_ho_001,8
2024,다사61a39a,to_ho_001,779
2024,다사61a39b,to_ho_001,1649
2024,다사61a42a,to_ho_001,2812
2024,다사61a42b,to_ho_001,1383
2024,다사61a43a,to_ho_001,543
2024,다사61a43b,to_ho_001,1852
2024,다사61a44a,to_ho_001,2859
2024,다사61a44b,to_ho_001,1864
2024,다사61a45a,to_ho_001,750
2024,다사61a46a,to_ho_001,1077
2024,다사61a46b,to_ho_001,951
2024,다사61a47a,to_ho_001,103
2024,다사61a48a,to_ho_001,622
2024,다사61a48b,to_ho_001,2105
2024,다사61a49a,to_ho_001,286
2024,다사61a49b,to_ho_001,253
2024,다사61a50a,to_ho_001,57
2024,다사61a51a,to_ho_001,228
2024,다사61a51b,to_ho_001,1667
2024,다사61a52a,to_ho_001,4344
2024,다사61a52b,to_ho_001,2474
2024,다사61a53a,to_ho_001,3246
2024,다사61a53b,to_ho_001,540
2024,다사61a54a,to_ho_001,1678
2024,다사61a54b,to_ho_001,2081
2024,다사61a55a,to_ho_001,1082
2024,다사61a55b,to_ho_001,408
2024,다사61a56a,to_ho_001,2498
2024,다사61a56b,to_ho_001,1812
2024,다사61a57a,to_ho_001,1203
2024,다사61a57b,to_ho_001,3126
2024,다사61a58a,to_ho_001,1953
2024,다사61a58b,to_ho_001,1025
2024,다사61a59a,to_ho_001,3929
2024,다사61a59b,to_ho_001,2690
2024,다사61a60a,to_ho_001,2646
2024,다사61a60b,to_ho_001,1994
2024,다사61a61a,to_ho_001,3374
2024,다사61a61b,to_ho_001,1505
2024,다사61a62a,to_ho_001,3056
2024,다사61a62b,to_ho_001,4332
2024,다사61a63a,to_ho_001,2777
2024,다사61a63b,to_ho_001,1457
2024,다사61a64a,to_ho_001,687
2024,다사61a64b,to_ho_001,33
2024,다사61a65a,to_ho_001,5
2024,다사61a66b,to_ho_001,5
2024,다사61a67a,to_ho_001,8
2024,다사61a67b,to_ho_001,8
2024,다사61a69a,to_ho_001,998
2024,다사61a69b,to_ho_001,4669
2024,다사61a70a,to_ho_001,2590
2024,다사61a70b,to_ho_001,1221
2024,다사61a71a,to_ho_001,3666
2024,다사61a71b,to_ho_001,3396
2024,다사61a72a,to_ho_001,1470
2024,다사61a72b,to_ho_001,1166
2024,다사61a75a,to_ho_001,8
2024,다사61a75b,to_ho_001,13
2024,다사61a76a,to_ho_001,5
2024,다사61a78a,to_ho_001,5
2024,다사61a78b,to_ho_001,813
2024,다사61a79a,to_ho_001,506
2024,다사61a79b,to_ho_001,1777
2024,다사61a80a,to_ho_001,682
2024,다사61a80b,to_ho_001,143
2024,다사61a81a,to_ho_001,187
2024,다사61a82a,to_ho_001,0
2024,다사61a82b,to_ho_001,8
2024,다사61a83a,to_ho_001,148
2024,다사61a83b,to_ho_001,47
2024,다사61a84a,to_ho_001,5
2024,다사61a84b,to_ho_001,30
2024,다사61a85a,to_ho_001,5
2024,다사61a85b,to_ho_001,5
2024,다사61a86a,to_ho_001,8
2024,다사61a86b,to_ho_001,63
2024,다사61a87a,to_ho_001,39
2024,다사61a87b,to_ho_001,1347
2024,다사61a88a,to_ho_001,1903
2024,다사61a88b,to_ho_001,1694
2024,다사61a89a,to_ho_001,458
2024,다사61a89b,to_ho_001,572
2024,다사61a90a,to_ho_001,635
2024,다사61a90b,to_ho_001,789
2024,다사61a91a,to_ho_001,40
2024,다사61a91b,to_ho_001,25
2024,다사61a92a,to_ho_001,138
2024,다사61a92b,to_ho_001,340
2024,다사61a93a,to_ho_001,8
2024,다사61a93b,to_ho_001,60
2024,다사61a94a,to_ho_001,186
2024,다사61a94b,to_ho_001,24
2024,다사61a95a,to_ho_001,40
2024,다사61a95b,to_ho_001,39
2024,다사61a96a,to_ho_001,29
2024,다사61b00a,to_ho_001,8
2024,다사61b00b,to_ho_001,16
2024,다사61b01a,to_ho_001,259
2024,다사61b01b,to_ho_001,28
2024,다사61b02a,to_ho_001,29
2024,다사61b02b,to_ho_001,5
2024,다사61b03a,to_ho_001,1789
2024,다사61b03b,to_ho_001,3208
2024,다사61b04a,to_ho_001,2299
2024,다사61b04b,to_ho_001,1379
2024,다사61b05a,to_ho_001,1214
2024,다사61b05b,to_ho_001,1035
2024,다사61b06a,to_ho_001,986
2024,다사61b06b,to_ho_001,1664
2024,다사61b07a,to_ho_001,871
2024,다사61b07b,to_ho_001,567
2024,다사61b08a,to_ho_001,1465
2024,다사61b08b,to_ho_001,530
2024,다사61b09a,to_ho_001,5
2024,다사61b09b,to_ho_001,361
2024,다사61b10a,to_ho_001,664
2024,다사61b10b,to_ho_001,2522
2024,다사61b11a,to_ho_001,2441
2024,다사61b11b,to_ho_001,2698
2024,다사61b12a,to_ho_001,2105
2024,다사61b12b,to_ho_001,29
2024,다사61b14a,to_ho_001,1080
2024,다사61b14b,to_ho_001,424
2024,다사61b15a,to_ho_001,1698
2024,다사61b15b,to_ho_001,2165
2024,다사61b16a,to_ho_001,1740
2024,다사61b16b,to_ho_001,2981
2024,다사61b17a,to_ho_001,1158
2024,다사61b17b,to_ho_001,5
2024,다사61b18a,to_ho_001,1397
2024,다사61b18b,to_ho_001,491
2024,다사61b19a,to_ho_001,1788
2024,다사61b19b,to_ho_001,1982
2024,다사61b20a,to_ho_001,839
2024,다사61b21b,to_ho_001,1278
2024,다사61b22a,to_ho_001,1120
2024,다사61b23b,to_ho_001,366
2024,다사61b24a,to_ho_001,1803
2024,다사61b24b,to_ho_001,1705
2024,다사61b25a,to_ho_001,1297
2024,다사61b25b,to_ho_001,1527
2024,다사61b26a,to_ho_001,905
2024,다사61b26b,to_ho_001,71
2024,다사61b27a,to_ho_001,124
2024,다사61b27b,to_ho_001,62
2024,다사61b28a,to_ho_001,103
2024,다사61b28b,to_ho_001,236
2024,다사61b29a,to_ho_001,137
2024,다사61b29b,to_ho_001,1197
2024,다사61b30a,to_ho_001,453
2024,다사61b30b,to_ho_001,1127
2024,다사61b31b,to_ho_001,46
2024,다사61b32a,to_ho_001,139
2024,다사61b32b,to_ho_001,368
2024,다사61b36a,to_ho_001,44
2024,다사61b36b,to_ho_001,39
2024,다사61b37a,to_ho_001,43
2024,다사61b37b,to_ho_001,8
2024,다사61b39a,to_ho_001,201
2024,다사61b39b,to_ho_001,73
2024,다사61b42a,to_ho_001,374
2024,다사61b42b,to_ho_001,2449
2024,다사61b43a,to_ho_001,1471
2024,다사61b43b,to_ho_001,1782
2024,다사61b44a,to_ho_001,3168
2024,다사61b44b,to_ho_001,1535
2024,다사61b45a,to_ho_001,83
2024,다사61b46a,to_ho_001,264
2024,다사61b46b,to_ho_001,232
2024,다사61b48a,to_ho_001,2466
2024,다사61b48b,to_ho_001,2239
2024,다사61b49a,to_ho_001,1413
2024,다사61b49b,to_ho_001,2229
2024,다사61b50a,to_ho_001,1444
2024,다사61b50b,to_ho_001,290
2024,다사61b51a,to_ho_001,248
2024,다사61b51b,to_ho_001,2104
2024,다사61b52a,to_ho_001,2512
2024,다사61b52b,to_ho_001,2069
2024,다사61b53a,to_ho_001,2341
2024,다사61b53b,to_ho_001,1328
2024,다사61b54a,to_ho_001,871
2024,다사61b54b,to_ho_001,2495
2024,다사61b55a,to_ho_001,2460
2024,다사61b55b,to_ho_001,2552
2024,다사61b56a,to_ho_001,2358
2024,다사61b56b,to_ho_001,1038
2024,다사61b57a,to_ho_001,2276
2024,다사61b57b,to_ho_001,3321
2024,다사61b58a,to_ho_001,2779
2024,다사61b58b,to_ho_001,3377
2024,다사61b59a,to_ho_001,3455
2024,다사61b59b,to_ho_001,4813
2024,다사61b60a,to_ho_001,2900
2024,다사61b60b,to_ho_001,4202
2024,다사61b61a,to_ho_001,2334
2024,다사61b61b,to_ho_001,3977
2024,다사61b62a,to_ho_001,2191
2024,다사61b62b,to_ho_001,3352
2024,다사61b63a,to_ho_001,2291
2024,다사61b66b,to_ho_001,0
2024,다사61b67b,to_ho_001,0
2024,다사61b69b,to_ho_001,70
2024,다사61b70a,to_ho_001,306
2024,다사61b70b,to_ho_001,1368
2024,다사61b71a,to_ho_001,1165
2024,다사61b71b,to_ho_001,2737
2024,다사61b72a,to_ho_001,1663
2024,다사61b72b,to_ho_001,799
2024,다사61b73a,to_ho_001,13
2024,다사61b74b,to_ho_001,5
2024,다사61b75a,to_ho_001,18
2024,다사61b75b,to_ho_001,5
2024,다사61b76a,to_ho_001,0
2024,다사61b76b,to_ho_001,18
2024,다사61b78a,to_ho_001,0
2024,다사61b78b,to_ho_001,8
2024,다사61b79b,to_ho_001,48
2024,다사61b80a,to_ho_001,18
2024,다사61b80b,to_ho_001,8
2024,다사61b81a,to_ho_001,373
2024,다사61b81b,to_ho_001,2045
2024,다사61b82a,to_ho_001,1073
2024,다사61b82b,to_ho_001,774
2024,다사61b83a,to_ho_001,1025
2024,다사61b83b,to_ho_001,13
2024,다사61b84a,to_ho_001,8
2024,다사61b84b,to_ho_001,33
2024,다사61b85a,to_ho_001,60
2024,다사61b86a,to_ho_001,68
2024,다사61b86b,to_ho_001,40
2024,다사61b87a,to_ho_001,13
2024,다사61b87b,to_ho_001,1083
2024,다사61b88a,to_ho_001,173
2024,다사61b88b,to_ho_001,1434
2024,다사61b89a,to_ho_001,837
2024,다사61b89b,to_ho_001,792
2024,다사61b90a,to_ho_001,516
2024,다사61b90b,to_ho_001,328
2024,다사61b91a,to_ho_001,11
2024,다사61b92a,to_ho_001,0
2024,다사61b92b,to_ho_001,77
2024,다사61b93a,to_ho_001,13
2024,다사61b93b,to_ho_001,5
2024,다사61b94a,to_ho_001,64
2024,다사61b94b,to_ho_001,66
2024,다사61b95a,to_ho_001,83
2024,다사61b95b,to_ho_001,13
2024,다사61b96a,to_ho_001,5
2024,다사61b96b,to_ho_001,5
2024,다사61b97a,to_ho_001,0
2024,다사61b97b,to_ho_001,30
2024,다사61b98a,to_ho_001,5
2024,다사61b98b,to_ho_001,5
2024,다사62a00a,to_ho_001,5
2024,다사62a00b,to_ho_001,15
2024,다사62a01a,to_ho_001,354
2024,다사62a01b,to_ho_001,23
2024,다사62a02a,to_ho_001,516
2024,다사62a02b,to_ho_001,16
2024,다사62a03a,to_ho_001,224
2024,다사62a03b,to_ho_001,1408
2024,다사62a04a,to_ho_001,744
2024,다사62a04b,to_ho_001,1575
2024,다사62a05a,to_ho_001,3051
2024,다사62a05b,to_ho_001,1459
2024,다사62a06a,to_ho_001,1984
2024,다사62a06b,to_ho_001,274
2024,다사62a07a,to_ho_001,539
2024,다사62a07b,to_ho_001,24
2024,다사62a08a,to_ho_001,31
2024,다사62a08b,to_ho_001,13
2024,다사62a09a,to_ho_001,38
2024,다사62a09b,to_ho_001,248
2024,다사62a10a,to_ho_001,1427
2024,다사62a10b,to_ho_001,2111
2024,다사62a11a,to_ho_001,1025
2024,다사62a11b,to_ho_001,928
2024,다사62a12a,to_ho_001,1812
2024,다사62a12b,to_ho_001,946
2024,다사62a13b,to_ho_001,66
2024,다사62a14a,to_ho_001,38
2024,다사62a14b,to_ho_001,8
2024,다사62a15a,to_ho_001,888
2024,다사62a15b,to_ho_001,1511
2024,다사62a16a,to_ho_001,1325
2024,다사62a16b,to_ho_001,846
2024,다사62a17a,to_ho_001,302
2024,다사62a17b,to_ho_001,1877
2024,다사62a18a,to_ho_001,158
2024,다사62a18b,to_ho_001,672
2024,다사62a19a,to_ho_001,1126
2024,다사62a19b,to_ho_001,1072
2024,다사62a20a,to_ho_001,1419
2024,다사62a21a,to_ho_001,813
2024,다사62a21b,to_ho_001,1571
2024,다사62a22a,to_ho_001,1519
2024,다사62a22b,to_ho_001,1514
2024,다사62a23a,to_ho_001,1563
2024,다사62a23b,to_ho_001,2133
2024,다사62a24a,to_ho_001,1712
2024,다사62a24b,to_ho_001,380
2024,다사62a25a,to_ho_001,1558
2024,다사62a25b,to_ho_001,1852
2024,다사62a26b,to_ho_001,87
2024,다사62a27a,to_ho_001,0
2024,다사62a27b,to_ho_001,43
2024,다사62a28a,to_ho_001,8
2024,다사62a29a,to_ho_001,150
2024,다사62a29b,to_ho_001,1033
2024,다사62a30a,to_ho_001,414
2024,다사62a30b,to_ho_001,365
2024,다사62a31b,to_ho_001,1018
2024,다사62a32a,to_ho_001,1903
2024,다사62a32b,to_ho_001,1257
2024,다사62a33b,to_ho_001,5
2024,다사62a34a,to_ho_001,18
2024,다사62a35b,to_ho_001,0
2024,다사62a36a,to_ho_001,13
2024,다사62a36b,to_ho_001,23
2024,다사62a37a,to_ho_001,40
2024,다사62a39b,to_ho_001,26
2024,다사62a40a,to_ho_001,18
2024,다사62a42a,to_ho_001,0
2024,다사62a42b,to_ho_001,1173
2024,다사62a43a,to_ho_001,3435
2024,다사62a43b,to_ho_001,3715
2024,다사62a44a,to_ho_001,1503
2024,다사62a44b,to_ho_001,245
2024,다사62a45a,to_ho_001,1669
2024,다사62a45b,to_ho_001,542
2024,다사62a47b,to_ho_001,254
2024,다사62a48a,to_ho_001,3397
2024,다사62a48b,to_ho_001,3043
2024,다사62a49a,to_ho_001,267
2024,다사62a49b,to_ho_001,2518
2024,다사62a50a,to_ho_001,1387
2024,다사62a50b,to_ho_001,2252
2024,다사62a51a,to_ho_001,616
2024,다사62a51b,to_ho_001,1714
2024,다사62a52a,to_ho_001,3822
2024,다사62a52b,to_ho_001,2733
2024,다사62a53a,to_ho_001,2147
2024,다사62a53b,to_ho_001,2972
2024,다사62a54a,to_ho_001,1313
2024,다사62a54b,to_ho_001,1067
2024,다사62a55a,to_ho_001,1880
2024,다사62a55b,to_ho_001,1494
2024,다사62a56a,to_ho_001,1117
2024,다사62a56b,to_ho_001,1429
2024,다사62a57a,to_ho_001,1754
2024,다사62a57b,to_ho_001,1855
2024,다사62a58a,to_ho_001,1519
2024,다사62a58b,to_ho_001,2753
2024,다사62a59a,to_ho_001,2488
2024,다사62a59b,to_ho_001,1579
2024,다사62a60a,to_ho_001,2437
2024,다사62a60b,to_ho_001,3776
2024,다사62a61a,to_ho_001,2895
2024,다사62a61b,to_ho_001,3954
2024,다사62a62a,to_ho_001,2807
2024,다사62a62b,to_ho_001,3038
2024,다사62a63a,to_ho_001,424
2024,다사62a69b,to_ho_001,13
2024,다사62a70a,to_ho_001,14
2024,다사62a70b,to_ho_001,795
2024,다사62a71a,to_ho_001,1085
2024,다사62a71b,to_ho_001,416
2024,다사62a72a,to_ho_001,587
2024,다사62a72b,to_ho_001,815
2024,다사62a73a,to_ho_001,533
2024,다사62a74b,to_ho_001,5
2024,다사62a75b,to_ho_001,5
2024,다사62a76a,to_ho_001,8
2024,다사62a76b,to_ho_001,28
2024,다사62a77a,to_ho_001,292
2024,다사62a77b,to_ho_001,5
2024,다사62a78a,to_ho_001,34
2024,다사62a78b,to_ho_001,55
2024,다사62a79a,to_ho_001,8
2024,다사62a79b,to_ho_001,13
2024,다사62a80a,to_ho_001,630
2024,다사62a80b,to_ho_001,51
2024,다사62a81a,to_ho_001,181
2024,다사62a81b,to_ho_001,4067
2024,다사62a82a,to_ho_001,759
2024,다사62a82b,to_ho_001,301
2024,다사62a83a,to_ho_001,23
2024,다사62a83b,to_ho_001,8
2024,다사62a84a,to_ho_001,0
2024,다사62a84b,to_ho_001,25
2024,다사62a85a,to_ho_001,13
2024,다사62a86a,to_ho_001,13
2024,다사62a86b,to_ho_001,25
2024,다사62a87a,to_ho_001,23
2024,다사62a87b,to_ho_001,13
2024,다사62a88a,to_ho_001,13
2024,다사62a88b,to_ho_001,77
2024,다사62a89a,to_ho_001,548
2024,다사62a89b,to_ho_001,84
2024,다사62a90a,to_ho_001,47
2024,다사62a90b,to_ho_001,8
2024,다사62a92b,to_ho_001,5
2024,다사62a93a,to_ho_001,8
2024,다사62a95a,to_ho_001,98
2024,다사62a96b,to_ho_001,0
2024,다사62a97a,to_ho_001,5
2024,다사62a97b,to_ho_001,18
2024,다사62a98a,to_ho_001,49
2024,다사62a98b,to_ho_001,13
2024,다사62a99a,to_ho_001,13
2024,다사62a99b,to_ho_001,142
2024,다사62b00b,to_ho_001,162
2024,다사62b01a,to_ho_001,557
2024,다사62b01b,to_ho_001,8
2024,다사62b02a,to_ho_001,0
2024,다사62b03a,to_ho_001,182
2024,다사62b03b,to_ho_001,2173
2024,다사62b04a,to_ho_001,1478
2024,다사62b04b,to_ho_001,158
2024,다사62b05a,to_ho_001,8
2024,다사62b05b,to_ho_001,255
2024,다사62b06a,to_ho_001,1811
2024,다사62b06b,to_ho_001,2406
2024,다사62b07a,to_ho_001,100
2024,다사62b07b,to_ho_001,32
2024,다사62b08a,to_ho_001,8
2024,다사62b08b,to_ho_001,28
2024,다사62b09a,to_ho_001,13
2024,다사62b09b,to_ho_001,52
2024,다사62b10a,to_ho_001,581
2024,다사62b10b,to_ho_001,792
2024,다사62b11a,to_ho_001,23
2024,다사62b12a,to_ho_001,844
2024,다사62b12b,to_ho_001,826
2024,다사62b13a,to_ho_001,0
2024,다사62b13b,to_ho_001,8
2024,다사62b14a,to_ho_001,21
2024,다사62b15a,to_ho_001,93
2024,다사62b15b,to_ho_001,226
2024,다사62b16a,to_ho_001,0
2024,다사62b16b,to_ho_001,474
2024,다사62b17a,to_ho_001,855
2024,다사62b17b,to_ho_001,1563
2024,다사62b18a,to_ho_001,3293
2024,다사62b18b,to_ho_001,1323
2024,다사62b19a,to_ho_001,126
2024,다사62b19b,to_ho_001,1007
2024,다사62b20a,to_ho_001,760
2024,다사62b21b,to_ho_001,469
2024,다사62b22a,to_ho_001,809
2024,다사62b22b,to_ho_001,2120
2024,다사62b23a,to_ho_001,3236
2024,다사62b23b,to_ho_001,1107
2024,다사62b24a,to_ho_001,1378
2024,다사62b24b,to_ho_001,1721
2024,다사62b25a,to_ho_001,2048
2024,다사62b25b,to_ho_001,383
2024,다사62b26b,to_ho_001,74
2024,다사62b28a,to_ho_001,5
2024,다사62b30a,to_ho_001,5
2024,다사62b30b,to_ho_001,23
2024,다사62b31a,to_ho_001,8
2024,다사62b32a,to_ho_001,123
2024,다사62b32b,to_ho_001,369
2024,다사62b33a,to_ho_001,52
2024,다사62b34a,to_ho_001,5
2024,다사62b34b,to_ho_001,5
2024,다사62b35a,to_ho_001,28
2024,다사62b35b,to_ho_001,23
2024,다사62b36b,to_ho_001,5
2024,다사62b39a,to_ho_001,42
2024,다사62b39b,to_ho_001,8
2024,다사62b42a,to_ho_001,22
2024,다사62b42b,to_ho_001,1672
2024,다사62b43a,to_ho_001,1820
2024,다사62b43b,to_ho_001,2479
2024,다사62b44a,to_ho_001,885
2024,다사62b44b,to_ho_001,5
2024,다사62b45a,to_ho_001,2492
2024,다사62b45b,to_ho_001,873
2024,다사62b46a,to_ho_001,2746
2024,다사62b47b,to_ho_001,1782
2024,다사62b48a,to_ho_001,2584
2024,다사62b48b,to_ho_001,2319
2024,다사62b49a,to_ho_001,256
2024,다사62b49b,to_ho_001,431
2024,다사62b50a,to_ho_001,430
2024,다사62b50b,to_ho_001,1508
2024,다사62b51a,to_ho_001,2332
2024,다사62b51b,to_ho_001,1734
2024,다사62b52a,to_ho_001,1450
2024,다사62b52b,to_ho_001,2520
2024,다사62b53a,to_ho_001,654
2024,다사62b53b,to_ho_001,1688
2024,다사62b54a,to_ho_001,2401
2024,다사62b54b,to_ho_001,2148
2024,다사62b55a,to_ho_001,1672
2024,다사62b55b,to_ho_001,1634
2024,다사62b56a,to_ho_001,2159
2024,다사62b56b,to_ho_001,2547
2024,다사62b57a,to_ho_001,3454
2024,다사62b57b,to_ho_001,2418
2024,다사62b58a,to_ho_001,2946
2024,다사62b58b,to_ho_001,3234
2024,다사62b59b,to_ho_001,693
2024,다사62b60a,to_ho_001,1435
2024,다사62b60b,to_ho_001,1359
2024,다사62b61a,to_ho_001,2894
2024,다사62b61b,to_ho_001,3221
2024,다사62b62a,to_ho_001,3396
2024,다사62b62b,to_ho_001,3889
2024,다사62b63a,to_ho_001,2606
2024,다사62b63b,to_ho_001,1041
2024,다사62b64a,to_ho_001,0
2024,다사62b69b,to_ho_001,13
2024,다사62b70a,to_ho_001,13
2024,다사62b70b,to_ho_001,1509
2024,다사62b71a,to_ho_001,447
2024,다사62b72a,to_ho_001,1532
2024,다사62b72b,to_ho_001,867
2024,다사62b73a,to_ho_001,1051
2024,다사62b73b,to_ho_001,5
2024,다사62b75a,to_ho_001,5
2024,다사62b75b,to_ho_001,5
2024,다사62b76a,to_ho_001,13
2024,다사62b76b,to_ho_001,2539
2024,다사62b77a,to_ho_001,363
2024,다사62b77b,to_ho_001,984
2024,다사62b78a,to_ho_001,513
2024,다사62b78b,to_ho_001,18
2024,다사62b79a,to_ho_001,18
2024,다사62b79b,to_ho_001,5
2024,다사62b80a,to_ho_001,398
2024,다사62b80b,to_ho_001,338
2024,다사62b81a,to_ho_001,769
2024,다사62b81b,to_ho_001,1245
2024,다사62b82a,to_ho_001,0
2024,다사62b82b,to_ho_001,34
2024,다사62b83a,to_ho_001,13
2024,다사62b83b,to_ho_001,8
2024,다사62b84a,to_ho_001,8
2024,다사62b84b,to_ho_001,8
2024,다사62b85a,to_ho_001,5
2024,다사62b86a,to_ho_001,5
2024,다사62b86b,to_ho_001,23
2024,다사62b87a,to_ho_001,5
2024,다사62b87b,to_ho_001,0
2024,다사62b88a,to_ho_001,8
2024,다사62b89b,to_ho_001,5
2024,다사62b90a,to_ho_001,5
2024,다사62b92a,to_ho_001,5
2024,다사62b98b,to_ho_001,5
2024,다사62b99a,to_ho_001,0
2024,다사62b99b,to_ho_001,38
2024,다사63a00a,to_ho_001,69
2024,다사63a00b,to_ho_001,13
2024,다사63a01b,to_ho_001,38
2024,다사63a03a,to_ho_001,540
2024,다사63a03b,to_ho_001,945
2024,다사63a04a,to_ho_001,180
2024,다사63a04b,to_ho_001,793
2024,다사63a05a,to_ho_001,308
2024,다사63a05b,to_ho_001,481
2024,다사63a06a,to_ho_001,8
2024,다사63a06b,to_ho_001,8
2024,다사63a09a,to_ho_001,5
2024,다사63a09b,to_ho_001,689
2024,다사63a10a,to_ho_001,731
2024,다사63a10b,to_ho_001,172
2024,다사63a11a,to_ho_001,494
2024,다사63a13a,to_ho_001,0
2024,다사63a13b,to_ho_001,5
2024,다사63a16b,to_ho_001,5
2024,다사63a17a,to_ho_001,220
2024,다사63a17b,to_ho_001,76
2024,다사63a18a,to_ho_001,702
2024,다사63a18b,to_ho_001,1832
2024,다사63a19a,to_ho_001,901
2024,다사63a19b,to_ho_001,146
2024,다사63a20a,to_ho_001,14
2024,다사63a21b,to_ho_001,877
2024,다사63a22a,to_ho_001,349
2024,다사63a22b,to_ho_001,1522
2024,다사63a23a,to_ho_001,2340
2024,다사63a23b,to_ho_001,3783
2024,다사63a24a,to_ho_001,2569
2024,다사63a24b,to_ho_001,1766
2024,다사63a25a,to_ho_001,918
2024,다사63a25b,to_ho_001,168
2024,다사63a26a,to_ho_001,783
2024,다사63a26b,to_ho_001,574
2024,다사63a27a,to_ho_001,109
2024,다사63a27b,to_ho_001,119
2024,다사63a28a,to_ho_001,31
2024,다사63a31b,to_ho_001,48
2024,다사63a32a,to_ho_001,971
2024,다사63a32b,to_ho_001,355
2024,다사63a34a,to_ho_001,5
2024,다사63a37a,to_ho_001,38
2024,다사63a38b,to_ho_001,0
2024,다사63a39a,to_ho_001,100
2024,다사63a39b,to_ho_001,5
2024,다사63a40a,to_ho_001,5
2024,다사63a40b,to_ho_001,5
2024,다사63a41a,to_ho_001,0
2024,다사63a42a,to_ho_001,261
2024,다사63a42b,to_ho_001,2876
2024,다사63a43a,to_ho_001,136
2024,다사63a43b,to_ho_001,1968
2024,다사63a44a,to_ho_001,253
2024,다사63a44b,to_ho_001,1500
2024,다사63a45a,to_ho_001,3727
2024,다사63a45b,to_ho_001,2068
2024,다사63a46a,to_ho_001,4123
2024,다사63a47b,to_ho_001,2283
2024,다사63a48a,to_ho_001,1835
2024,다사63a48b,to_ho_001,1641
2024,다사63a49a,to_ho_001,2476
2024,다사63a49b,to_ho_001,796
2024,다사63a50a,to_ho_001,416
2024,다사63a50b,to_ho_001,2225
2024,다사63a51a,to_ho_001,2597
2024,다사63a51b,to_ho_001,1549
2024,다사63a52a,to_ho_001,2444
2024,다사63a52b,to_ho_001,1854
2024,다사63a53a,to_ho_001,2530
2024,다사63a53b,to_ho_001,2803
2024,다사63a54a,to_ho_001,2527
2024,다사63a54b,to_ho_001,2437
2024,다사63a55a,to_ho_001,3896
2024,다사63a55b,to_ho_001,2559
2024,다사63a56a,to_ho_001,1527
2024,다사63a56b,to_ho_001,526
2024,다사63a57a,to_ho_001,1804
2024,다사63a57b,to_ho_001,2297
2024,다사63a58a,to_ho_001,3586
2024,다사63a58b,to_ho_001,2579
2024,다사63a60a,to_ho_001,62
2024,다사63a60b,to_ho_001,1904
2024,다사63a61a,to_ho_001,2472
2024,다사63a61b,to_ho_001,59
2024,다사63a62b,to_ho_001,0
2024,다사63a63a,to_ho_001,1499
2024,다사63a63b,to_ho_001,1656
2024,다사63a64a,to_ho_001,130
2024,다사63a65a,to_ho_001,5
2024,다사63a69b,to_ho_001,68
2024,다사63a70a,to_ho_001,1286
2024,다사63a70b,to_ho_001,3078
2024,다사63a71a,to_ho_001,1506
2024,다사63a71b,to_ho_001,121
2024,다사63a72a,to_ho_001,2000
2024,다사63a72b,to_ho_001,5
2024,다사63a73a,to_ho_001,5
2024,다사63a74a,to_ho_001,5
2024,다사63a75a,to_ho_001,0
2024,다사63a75b,to_ho_001,8
2024,다사63a76a,to_ho_001,13
2024,다사63a76b,to_ho_001,154
2024,다사63a77a,to_ho_001,1905
2024,다사63a77b,to_ho_001,1342
2024,다사63a78a,to_ho_001,993
2024,다사63a78b,to_ho_001,8
2024,다사63a79a,to_ho_001,965
2024,다사63a79b,to_ho_001,910
2024,다사63a80a,to_ho_001,237
2024,다사63a80b,to_ho_001,802
2024,다사63a81a,to_ho_001,164
2024,다사63a81b,to_ho_001,1421
2024,다사63a82a,to_ho_001,467
2024,다사63a82b,to_ho_001,18
2024,다사63a83a,to_ho_001,8
2024,다사63a83b,to_ho_001,8
2024,다사63a84a,to_ho_001,66
2024,다사63a84b,to_ho_001,13
2024,다사63a87a,to_ho_001,0
2024,다사63a88a,to_ho_001,174
2024,다사63a88b,to_ho_001,166
2024,다사63a89a,to_ho_001,0
2024,다사63a98a,to_ho_001,0
2024,다사63a98b,to_ho_001,55
2024,다사63b00a,to_ho_001,302
2024,다사63b00b,to_ho_001,65
2024,다사63b01a,to_ho_001,8
2024,다사63b01b,to_ho_001,23
2024,다사63b03a,to_ho_001,0
2024,다사63b03b,to_ho_001,96
2024,다사63b04a,to_ho_001,255
2024,다사63b04b,to_ho_001,1152
2024,다사63b05a,to_ho_001,130
2024,다사63b05b,to_ho_001,2558
2024,다사63b06a,to_ho_001,222
2024,다사63b06b,to_ho_001,0
2024,다사63b07a,to_ho_001,812
2024,다사63b07b,to_ho_001,31
2024,다사63b09a,to_ho_001,174
2024,다사63b09b,to_ho_001,805
2024,다사63b10a,to_ho_001,991
2024,다사63b10b,to_ho_001,1045
2024,다사63b11b,to_ho_001,1854
2024,다사63b12a,to_ho_001,868
2024,다사63b12b,to_ho_001,420
2024,다사63b13b,to_ho_001,13
2024,다사63b16b,to_ho_001,8
2024,다사63b17a,to_ho_001,492
2024,다사63b17b,to_ho_001,362
2024,다사63b18a,to_ho_001,80
2024,다사63b18b,to_ho_001,971
2024,다사63b19a,to_ho_001,179
2024,다사63b19b,to_ho_001,544
2024,다사63b20a,to_ho_001,5
2024,다사63b21a,to_ho_001,0
2024,다사63b21b,to_ho_001,18
2024,다사63b22a,to_ho_001,5
2024,다사63b22b,to_ho_001,1029
2024,다사63b23a,to_ho_001,1390
2024,다사63b23b,to_ho_001,3509
2024,다사63b24a,to_ho_001,1505
2024,다사63b24b,to_ho_001,3174
2024,다사63b25a,to_ho_001,3073
2024,다사63b25b,to_ho_001,1849
2024,다사63b26a,to_ho_001,2057
2024,다사63b26b,to_ho_001,1106
2024,다사63b27a,to_ho_001,1258
2024,다사63b27b,to_ho_001,627
2024,다사63b29a,to_ho_001,0
2024,다사63b29b,to_ho_001,8
2024,다사63b30a,to_ho_001,98
2024,다사63b31b,to_ho_001,18
2024,다사63b32a,to_ho_001,1584
2024,다사63b32b,to_ho_001,116
2024,다사63b33a,to_ho_001,198
2024,다사63b33b,to_ho_001,311
2024,다사63b34a,to_ho_001,5
2024,다사63b34b,to_ho_001,8
2024,다사63b36b,to_ho_001,5
2024,다사63b37a,to_ho_001,5
2024,다사63b37b,to_ho_001,5
2024,다사63b39b,to_ho_001,5
2024,다사63b40a,to_ho_001,8
2024,다사63b40b,to_ho_001,197
2024,다사63b41a,to_ho_001,2299
2024,다사63b41b,to_ho_001,692
2024,다사63b42a,to_ho_001,353
2024,다사63b42b,to_ho_001,1796
2024,다사63b43b,to_ho_001,2942
2024,다사63b44a,to_ho_001,47
2024,다사63b44b,to_ho_001,4145
2024,다사63b45a,to_ho_001,3517
2024,다사63b45b,to_ho_001,4868
2024,다사63b46a,to_ho_001,3077
2024,다사63b47b,to_ho_001,118
2024,다사63b48a,to_ho_001,1551
2024,다사63b48b,to_ho_001,1711
2024,다사63b49a,to_ho_001,3435
2024,다사63b49b,to_ho_001,2322
2024,다사63b50a,to_ho_001,1545
2024,다사63b50b,to_ho_001,2321
2024,다사63b51a,to_ho_001,2041
2024,다사63b51b,to_ho_001,706
2024,다사63b52a,to_ho_001,1111
2024,다사63b52b,to_ho_001,1582
2024,다사63b53a,to_ho_001,3062
2024,다사63b53b,to_ho_001,1840
2024,다사63b54a,to_ho_001,2983
2024,다사63b54b,to_ho_001,2580
2024,다사63b55a,to_ho_001,3319
2024,다사63b55b,to_ho_001,2582
2024,다사63b56a,to_ho_001,1805
2024,다사63b56b,to_ho_001,0
2024,다사63b57a,to_ho_001,1621
2024,다사63b57b,to_ho_001,1226
2024,다사63b58a,to_ho_001,1805
2024,다사63b58b,to_ho_001,1497
2024,다사63b60a,to_ho_001,8
2024,다사63b60b,to_ho_001,18
2024,다사63b61a,to_ho_001,0
2024,다사63b63b,to_ho_001,5
2024,다사63b64a,to_ho_001,13
2024,다사63b64b,to_ho_001,5
2024,다사63b65a,to_ho_001,0
2024,다사63b66b,to_ho_001,0
2024,다사63b69b,to_ho_001,5
2024,다사63b70a,to_ho_001,924
2024,다사63b70b,to_ho_001,2424
2024,다사63b71a,to_ho_001,1010
2024,다사63b71b,to_ho_001,2047
2024,다사63b72a,to_ho_001,13
2024,다사63b72b,to_ho_001,0
2024,다사63b73a,to_ho_001,5
2024,다사63b73b,to_ho_001,8
2024,다사63b74a,to_ho_001,18
2024,다사63b76a,to_ho_001,13
2024,다사63b76b,to_ho_001,18
2024,다사63b77a,to_ho_001,944
2024,다사63b77b,to_ho_001,97
2024,다사63b78a,to_ho_001,534
2024,다사63b78b,to_ho_001,273
2024,다사63b79a,to_ho_001,2593
2024,다사63b79b,to_ho_001,2029
2024,다사63b80a,to_ho_001,1941
2024,다사63b80b,to_ho_001,1603
2024,다사63b81a,to_ho_001,2656
2024,다사63b81b,to_ho_001,2155
2024,다사63b82a,to_ho_001,295
2024,다사63b82b,to_ho_001,13
2024,다사63b83a,to_ho_001,8
2024,다사63b83b,to_ho_001,18
2024,다사63b84a,to_ho_001,5
2024,다사63b87a,to_ho_001,5
2024,다사63b87b,to_ho_001,28
2024,다사63b88a,to_ho_001,125
2024,다사63b88b,to_ho_001,77
2024,다사63b94a,to_ho_001,0
2024,다사63b96b,to_ho_001,5
2024,다사63b98b,to_ho_001,65
2024,다사63b99a,to_ho_001,13
2024,다사64a00a,to_ho_001,5
2024,다사64a01b,to_ho_001,0
2024,다사64a02b,to_ho_001,0
2024,다사64a03b,to_ho_001,8
2024,다사64a04a,to_ho_001,268
2024,다사64a04b,to_ho_001,875
2024,다사64a05b,to_ho_001,5
2024,다사64a06a,to_ho_001,0
2024,다사64a06b,to_ho_001,25
2024,다사64a07a,to_ho_001,1983
2024,다사64a07b,to_ho_001,232
2024,다사64a08a,to_ho_001,279
2024,다사64a10a,to_ho_001,427
2024,다사64a10b,to_ho_001,963
2024,다사64a11a,to_ho_001,1389
2024,다사64a11b,to_ho_001,919
2024,다사64a12a,to_ho_001,427
2024,다사64a12b,to_ho_001,8
2024,다사64a13b,to_ho_001,65
2024,다사64a14a,to_ho_001,48
2024,다사64a14b,to_ho_001,15
2024,다사64a16a,to_ho_001,7
2024,다사64a16b,to_ho_001,13
2024,다사64a17a,to_ho_001,51
2024,다사64a17b,to_ho_001,27
2024,다사64a18a,to_ho_001,851
2024,다사64a18b,to_ho_001,3169
2024,다사64a19a,to_ho_001,108
2024,다사64a19b,to_ho_001,100
2024,다사64a20a,to_ho_001,5
2024,다사64a21a,to_ho_001,8
2024,다사64a21b,to_ho_001,36
2024,다사64a22a,to_ho_001,184
2024,다사64a22b,to_ho_001,793
2024,다사64a23a,to_ho_001,446
2024,다사64a23b,to_ho_001,295
2024,다사64a24a,to_ho_001,2098
2024,다사64a24b,to_ho_001,260
2024,다사64a25a,to_ho_001,2037
2024,다사64a25b,to_ho_001,2038
2024,다사64a26a,to_ho_001,1402
2024,다사64a26b,to_ho_001,3122
2024,다사64a27a,to_ho_001,1292
2024,다사64a27b,to_ho_001,31
2024,다사64a28b,to_ho_001,226
2024,다사64a29a,to_ho_001,151
2024,다사64a29b,to_ho_001,29
2024,다사64a30a,to_ho_001,245
2024,다사64a31a,to_ho_001,5
2024,다사64a31b,to_ho_001,1227
2024,다사64a32a,to_ho_001,1328
2024,다사64a32b,to_ho_001,505
2024,다사64a33a,to_ho_001,790
2024,다사64a33b,to_ho_001,267
2024,다사64a34a,to_ho_001,0
2024,다사64a34b,to_ho_001,271
2024,다사64a35b,to_ho_001,5
2024,다사64a36a,to_ho_001,118
2024,다사64a36b,to_ho_001,1998
2024,다사64a37a,to_ho_001,8
2024,다사64a37b,to_ho_001,28
2024,다사64a38b,to_ho_001,5
2024,다사64a39a,to_ho_001,18
2024,다사64a40b,to_ho_001,471
2024,다사64a41a,to_ho_001,321
2024,다사64a41b,to_ho_001,998
2024,다사64a42a,to_ho_001,184
2024,다사64a42b,to_ho_001,547
2024,다사64a43a,to_ho_001,612
2024,다사64a44a,to_ho_001,567
2024,다사64a44b,to_ho_001,3687
2024,다사64a45a,to_ho_001,3614
2024,다사64a45b,to_ho_001,2375
2024,다사64a46a,to_ho_001,2398
2024,다사64a46b,to_ho_001,1366
2024,다사64a48a,to_ho_001,161
2024,다사64a48b,to_ho_001,3626
2024,다사64a49a,to_ho_001,2823
2024,다사64a49b,to_ho_001,176
2024,다사64a50a,to_ho_001,2039
2024,다사64a50b,to_ho_001,2476
2024,다사64a51a,to_ho_001,921
2024,다사64a53a,to_ho_001,1064
2024,다사64a53b,to_ho_001,2060
2024,다사64a54a,to_ho_001,2214
2024,다사64a54b,to_ho_001,1876
2024,다사64a55a,to_ho_001,2465
2024,다사64a55b,to_ho_001,2518
2024,다사64a56a,to_ho_001,3406
2024,다사64a56b,to_ho_001,3888
2024,다사64a57a,to_ho_001,3093
2024,다사64a57b,to_ho_001,212
2024,다사64a58a,to_ho_001,19
2024,다사64a58b,to_ho_001,27
2024,다사64a61b,to_ho_001,5
2024,다사64a64a,to_ho_001,12
2024,다사64a69b,to_ho_001,19
2024,다사64a70a,to_ho_001,19
2024,다사64a70b,to_ho_001,893
2024,다사64a71a,to_ho_001,2641
2024,다사64a71b,to_ho_001,1162
2024,다사64a72a,to_ho_001,34
2024,다사64a72b,to_ho_001,5
2024,다사64a73b,to_ho_001,5
2024,다사64a74a,to_ho_001,13
2024,다사64a74b,to_ho_001,5
2024,다사64a76b,to_ho_001,8
2024,다사64a77a,to_ho_001,23
2024,다사64a77b,to_ho_001,13
2024,다사64a78a,to_ho_001,1214
2024,다사64a78b,to_ho_001,1007
2024,다사64a79a,to_ho_001,1713
2024,다사64a79b,to_ho_001,1566
2024,다사64a80a,to_ho_001,314
2024,다사64a81a,to_ho_001,1766
2024,다사64a81b,to_ho_001,52
2024,다사64a82a,to_ho_001,18
2024,다사64a82b,to_ho_001,13
2024,다사64a83a,to_ho_001,13
2024,다사64a83b,to_ho_001,8
2024,다사64a84a,to_ho_001,5
2024,다사64a86b,to_ho_001,0
2024,다사64a87a,to_ho_001,13
2024,다사64a87b,to_ho_001,18
2024,다사64a88a,to_ho_001,70
2024,다사64a88b,to_ho_001,5
2024,다사64a89b,to_ho_001,0
2024,다사64a98b,to_ho_001,5
2024,다사64a99a,to_ho_001,0
2024,다사64b00a,to_ho_001,5
2024,다사64b00b,to_ho_001,5
2024,다사64b01a,to_ho_001,8
2024,다사64b01b,to_ho_001,33
2024,다사64b02a,to_ho_001,0
2024,다사64b02b,to_ho_001,0
2024,다사64b03b,to_ho_001,5
2024,다사64b04a,to_ho_001,8
2024,다사64b06b,to_ho_001,465
2024,다사64b07a,to_ho_001,2083
2024,다사64b08a,to_ho_001,1739
2024,다사64b08b,to_ho_001,1137
2024,다사64b09a,to_ho_001,598
2024,다사64b09b,to_ho_001,82
2024,다사64b10b,to_ho_001,798
2024,다사64b11a,to_ho_001,1541
2024,다사64b11b,to_ho_001,1670
2024,다사64b12a,to_ho_001,1981
2024,다사64b12b,to_ho_001,1339
2024,다사64b13a,to_ho_001,173
2024,다사64b13b,to_ho_001,21
2024,다사64b14a,to_ho_001,5
2024,다사64b14b,to_ho_001,57
2024,다사64b15a,to_ho_001,264
2024,다사64b15b,to_ho_001,561
2024,다사64b16a,to_ho_001,525
2024,다사64b16b,to_ho_001,8
2024,다사64b17a,to_ho_001,51
2024,다사64b17b,to_ho_001,83
2024,다사64b18a,to_ho_001,216
2024,다사64b18b,to_ho_001,37
2024,다사64b19a,to_ho_001,1826
2024,다사64b19b,to_ho_001,832
2024,다사64b20a,to_ho_001,5
2024,다사64b20b,to_ho_001,165
2024,다사64b21a,to_ho_001,5
2024,다사64b21b,to_ho_001,13
2024,다사64b22a,to_ho_001,69
2024,다사64b22b,to_ho_001,8
2024,다사64b23a,to_ho_001,5
2024,다사64b23b,to_ho_001,47
2024,다사64b24a,to_ho_001,48
2024,다사64b24b,to_ho_001,430
2024,다사64b25a,to_ho_001,1045
2024,다사64b25b,to_ho_001,816
2024,다사64b26a,to_ho_001,627
2024,다사64b26b,to_ho_001,582
2024,다사64b27a,to_ho_001,939
2024,다사64b27b,to_ho_001,55
2024,다사64b28a,to_ho_001,8
2024,다사64b28b,to_ho_001,85
2024,다사64b29a,to_ho_001,36
2024,다사64b29b,to_ho_001,5
2024,다사64b30a,to_ho_001,385
2024,다사64b30b,to_ho_001,15
2024,다사64b31a,to_ho_001,64
2024,다사64b31b,to_ho_001,13
2024,다사64b32a,to_ho_001,119
2024,다사64b32b,to_ho_001,88
2024,다사64b33a,to_ho_001,35
2024,다사64b34b,to_ho_001,42
2024,다사64b35b,to_ho_001,60
2024,다사64b36a,to_ho_001,331
2024,다사64b36b,to_ho_001,1214
2024,다사64b37a,to_ho_001,127
2024,다사64b38a,to_ho_001,8
2024,다사64b38b,to_ho_001,425
2024,다사64b39a,to_ho_001,148
2024,다사64b39b,to_ho_001,57
2024,다사64b40a,to_ho_001,925
2024,다사64b40b,to_ho_001,1590
2024,다사64b41a,to_ho_001,329
2024,다사64b41b,to_ho_001,996
2024,다사64b42a,to_ho_001,18
2024,다사64b42b,to_ho_001,75
2024,다사64b43a,to_ho_001,1750
2024,다사64b43b,to_ho_001,2321
2024,다사64b44a,to_ho_001,1868
2024,다사64b44b,to_ho_001,3479
2024,다사64b45a,to_ho_001,3413
2024,다사64b45b,to_ho_001,56
2024,다사64b46a,to_ho_001,1081
2024,다사64b46b,to_ho_001,2547
2024,다사64b47a,to_ho_001,152
2024,다사64b48b,to_ho_001,1004
2024,다사64b49a,to_ho_001,3916
2024,다사64b49b,to_ho_001,1013
2024,다사64b50a,to_ho_001,82
2024,다사64b54a,to_ho_001,951
2024,다사64b54b,to_ho_001,2026
2024,다사64b55a,to_ho_001,1659
2024,다사64b55b,to_ho_001,1410
2024,다사64b56a,to_ho_001,2622
2024,다사64b56b,to_ho_001,1890
2024,다사64b57a,to_ho_001,512
2024,다사64b57b,to_ho_001,151
2024,다사64b60b,to_ho_001,5
2024,다사64b61a,to_ho_001,77
2024,다사64b61b,to_ho_001,5
2024,다사64b62a,to_ho_001,5
2024,다사64b64b,to_ho_001,8
2024,다사64b67a,to_ho_001,8
2024,다사64b67b,to_ho_001,0
2024,다사64b68a,to_ho_001,80
2024,다사64b68b,to_ho_001,144
2024,다사64b69b,to_ho_001,116
2024,다사64b70a,to_ho_001,33
2024,다사64b71a,to_ho_001,1149
2024,다사64b71b,to_ho_001,1470
2024,다사64b72a,to_ho_001,2337
2024,다사64b72b,to_ho_001,8
2024,다사64b73b,to_ho_001,5
2024,다사64b74a,to_ho_001,5
2024,다사64b74b,to_ho_001,5
2024,다사64b76a,to_ho_001,44
2024,다사64b76b,to_ho_001,77
2024,다사64b77a,to_ho_001,86
2024,다사64b77b,to_ho_001,23
2024,다사64b78a,to_ho_001,44
2024,다사64b78b,to_ho_001,23
2024,다사64b79a,to_ho_001,2205
2024,다사64b79b,to_ho_001,2077
2024,다사64b80a,to_ho_001,1919
2024,다사64b80b,to_ho_001,1883
2024,다사64b81a,to_ho_001,1896
2024,다사64b82a,to_ho_001,5
2024,다사64b82b,to_ho_001,13
2024,다사64b83a,to_ho_001,56
2024,다사64b83b,to_ho_001,5
2024,다사64b84a,to_ho_001,0
2024,다사64b86b,to_ho_001,8
2024,다사64b87b,to_ho_001,36
2024,다사64b88a,to_ho_001,23
2024,다사64b89b,to_ho_001,0
2024,다사64b91a,to_ho_001,13
2024,다사64b91b,to_ho_001,8
2024,다사64b97a,to_ho_001,5
2024,다사64b97b,to_ho_001,5
2024,다사64b98a,to_ho_001,5
2024,다사64b98b,to_ho_001,0
2024,다사64b99b,to_ho_001,0
2024,다사65a00b,to_ho_001,8
2024,다사65a01a,to_ho_001,8
2024,다사65a01b,to_ho_001,28
2024,다사65a02a,to_ho_001,13
2024,다사65a02b,to_ho_001,8
2024,다사65a03a,to_ho_001,5
2024,다사65a03b,to_ho_001,18
2024,다사65a04a,to_ho_001,8
2024,다사65a04b,to_ho_001,5
2024,다사65a06a,to_ho_001,13
2024,다사65a06b,to_ho_001,1611
2024,다사65a07a,to_ho_001,2277
2024,다사65a07b,to_ho_001,1193
2024,다사65a08a,to_ho_001,2248
2024,다사65a08b,to_ho_001,401
2024,다사65a09a,to_ho_001,1568
2024,다사65a10b,to_ho_001,169
2024,다사65a11a,to_ho_001,854
2024,다사65a11b,to_ho_001,1590
2024,다사65a12a,to_ho_001,995
2024,다사65a12b,to_ho_001,1462
2024,다사65a13a,to_ho_001,488
2024,다사65a13b,to_ho_001,62
2024,다사65a14a,to_ho_001,94
2024,다사65a14b,to_ho_001,540
2024,다사65a15a,to_ho_001,508
2024,다사65a15b,to_ho_001,678
2024,다사65a16a,to_ho_001,1681
2024,다사65a16b,to_ho_001,1175
2024,다사65a17a,to_ho_001,1172
2024,다사65a17b,to_ho_001,371
2024,다사65a18a,to_ho_001,1907
2024,다사65a18b,to_ho_001,1019
2024,다사65a19a,to_ho_001,1143
2024,다사65a19b,to_ho_001,2055
2024,다사65a20a,to_ho_001,2207
2024,다사65a20b,to_ho_001,1653
2024,다사65a21a,to_ho_001,753
2024,다사65a21b,to_ho_001,154
2024,다사65a22a,to_ho_001,888
2024,다사65a22b,to_ho_001,1521
2024,다사65a23a,to_ho_001,1334
2024,다사65a23b,to_ho_001,842
2024,다사65a24a,to_ho_001,372
2024,다사65a24b,to_ho_001,316
2024,다사65a25a,to_ho_001,344
2024,다사65a25b,to_ho_001,1294
2024,다사65a26a,to_ho_001,1993
2024,다사65a26b,to_ho_001,243
2024,다사65a27a,to_ho_001,66
2024,다사65a27b,to_ho_001,668
2024,다사65a28a,to_ho_001,2811
2024,다사65a28b,to_ho_001,2498
2024,다사65a29a,to_ho_001,934
2024,다사65a29b,to_ho_001,125
2024,다사65a30a,to_ho_001,1620
2024,다사65a30b,to_ho_001,1961
2024,다사65a31b,to_ho_001,383
2024,다사65a32a,to_ho_001,741
2024,다사65a32b,to_ho_001,734
2024,다사65a33a,to_ho_001,238
2024,다사65a33b,to_ho_001,275
2024,다사65a35a,to_ho_001,13
2024,다사65a35b,to_ho_001,111
2024,다사65a36a,to_ho_001,5
2024,다사65a36b,to_ho_001,8
2024,다사65a38b,to_ho_001,286
2024,다사65a39a,to_ho_001,18
2024,다사65a39b,to_ho_001,69
2024,다사65a40a,to_ho_001,68
2024,다사65a40b,to_ho_001,388
2024,다사65a41a,to_ho_001,376
2024,다사65a41b,to_ho_001,921
2024,다사65a42a,to_ho_001,1999
2024,다사65a43a,to_ho_001,1583
2024,다사65a44a,to_ho_001,5330
2024,다사65a44b,to_ho_001,2648
2024,다사65a45a,to_ho_001,2982
2024,다사65a45b,to_ho_001,2363
2024,다사65a46a,to_ho_001,583
2024,다사65a46b,to_ho_001,3196
2024,다사65a47a,to_ho_001,766
2024,다사65a49a,to_ho_001,857
2024,다사65a49b,to_ho_001,1253
2024,다사65a50a,to_ho_001,896
2024,다사65a51b,to_ho_001,0
2024,다사65a54b,to_ho_001,17
2024,다사65a55a,to_ho_001,117
2024,다사65a55b,to_ho_001,1885
2024,다사65a56a,to_ho_001,738
2024,다사65a56b,to_ho_001,1901
2024,다사65a57a,to_ho_001,576
2024,다사65a57b,to_ho_001,1094
2024,다사65a60b,to_ho_001,8
2024,다사65a61a,to_ho_001,64
2024,다사65a61b,to_ho_001,16
2024,다사65a62b,to_ho_001,33
2024,다사65a63a,to_ho_001,0
2024,다사65a64b,to_ho_001,5
2024,다사65a65a,to_ho_001,8
2024,다사65a65b,to_ho_001,5
2024,다사65a66a,to_ho_001,0
2024,다사65a66b,to_ho_001,0
2024,다사65a67a,to_ho_001,5
2024,다사65a67b,to_ho_001,0
2024,다사65a68a,to_ho_001,5
2024,다사65a68b,to_ho_001,5
2024,다사65a69a,to_ho_001,254
2024,다사65a69b,to_ho_001,1998
2024,다사65a70a,to_ho_001,179
2024,다사65a70b,to_ho_001,23
2024,다사65a71a,to_ho_001,8
2024,다사65a71b,to_ho_001,200
2024,다사65a72a,to_ho_001,1253
2024,다사65a72b,to_ho_001,481
2024,다사65a74a,to_ho_001,5
2024,다사65a74b,to_ho_001,5
2024,다사65a77a,to_ho_001,1330
2024,다사65a77b,to_ho_001,1554
2024,다사65a78a,to_ho_001,1245
2024,다사65a78b,to_ho_001,8
2024,다사65a79a,to_ho_001,18
2024,다사65a79b,to_ho_001,8
2024,다사65a80a,to_ho_001,280
2024,다사65a80b,to_ho_001,165
2024,다사65a81a,to_ho_001,33
2024,다사65a81b,to_ho_001,8
2024,다사65a82a,to_ho_001,5
2024,다사65a83a,to_ho_001,8
2024,다사65a83b,to_ho_001,5
2024,다사65a85b,to_ho_001,13
2024,다사65a86a,to_ho_001,8
2024,다사65a86b,to_ho_001,8
2024,다사65a87b,to_ho_001,8
2024,다사65a88a,to_ho_001,8
2024,다사65a89b,to_ho_001,5
2024,다사65a91b,to_ho_001,8
2024,다사65a92a,to_ho_001,5
2024,다사65a96b,to_ho_001,5
2024,다사65a97a,to_ho_001,0
2024,다사65a97b,to_ho_001,5
2024,다사65b00a,to_ho_001,29
2024,다사65b01a,to_ho_001,8
2024,다사65b01b,to_ho_001,41
2024,다사65b02a,to_ho_001,13
2024,다사65b03a,to_ho_001,5
2024,다사65b03b,to_ho_001,5
2024,다사65b04a,to_ho_001,5
2024,다사65b04b,to_ho_001,5
2024,다사65b05a,to_ho_001,8
2024,다사65b05b,to_ho_001,0
2024,다사65b06a,to_ho_001,28
2024,다사65b06b,to_ho_001,787
2024,다사65b07a,to_ho_001,1317
2024,다사65b07b,to_ho_001,1552
2024,다사65b08a,to_ho_001,1681
2024,다사65b08b,to_ho_001,863
2024,다사65b09a,to_ho_001,1151
2024,다사65b10b,to_ho_001,1972
2024,다사65b11a,to_ho_001,2284
2024,다사65b11b,to_ho_001,1246
2024,다사65b12a,to_ho_001,1415
2024,다사65b12b,to_ho_001,894
2024,다사65b13a,to_ho_001,2136
2024,다사65b13b,to_ho_001,23
2024,다사65b14a,to_ho_001,373
2024,다사65b14b,to_ho_001,704
2024,다사65b15b,to_ho_001,5
2024,다사65b16a,to_ho_001,91
2024,다사65b16b,to_ho_001,945
2024,다사65b17a,to_ho_001,1981
2024,다사65b17b,to_ho_001,55
2024,다사65b18a,to_ho_001,271
2024,다사65b18b,to_ho_001,541
2024,다사65b19a,to_ho_001,579
2024,다사65b19b,to_ho_001,1710
2024,다사65b20a,to_ho_001,1166
2024,다사65b20b,to_ho_001,770
2024,다사65b21a,to_ho_001,1351
2024,다사65b21b,to_ho_001,1653
2024,다사65b22a,to_ho_001,2110
2024,다사65b22b,to_ho_001,1406
2024,다사65b23a,to_ho_001,261
2024,다사65b23b,to_ho_001,1708
2024,다사65b24a,to_ho_001,1427
2024,다사65b24b,to_ho_001,1438
2024,다사65b25a,to_ho_001,2500
2024,다사65b25b,to_ho_001,2689
2024,다사65b26a,to_ho_001,1763
2024,다사65b26b,to_ho_001,1322
2024,다사65b27a,to_ho_001,1493
2024,다사65b27b,to_ho_001,2337
2024,다사65b28a,to_ho_001,3160
2024,다사65b28b,to_ho_001,225
2024,다사65b29a,to_ho_001,1663
2024,다사65b29b,to_ho_001,2249
2024,다사65b30a,to_ho_001,736
2024,다사65b30b,to_ho_001,1993
2024,다사65b31b,to_ho_001,139
2024,다사65b32a,to_ho_001,2085
2024,다사65b32b,to_ho_001,1732
2024,다사65b33a,to_ho_001,659
2024,다사65b33b,to_ho_001,1637
2024,다사65b34a,to_ho_001,976
2024,다사65b34b,to_ho_001,8
2024,다사65b35a,to_ho_001,144
2024,다사65b35b,to_ho_001,28
2024,다사65b36a,to_ho_001,0
2024,다사65b36b,to_ho_001,0
2024,다사65b40b,to_ho_001,13
2024,다사65b41a,to_ho_001,142
2024,다사65b41b,to_ho_001,1706
2024,다사65b42a,to_ho_001,264
2024,다사65b42b,to_ho_001,46
2024,다사65b43a,to_ho_001,2056
2024,다사65b43b,to_ho_001,90
2024,다사65b44a,to_ho_001,1604
2024,다사65b44b,to_ho_001,2352
2024,다사65b45a,to_ho_001,3512
2024,다사65b45b,to_ho_001,2886
2024,다사65b46a,to_ho_001,1905
2024,다사65b46b,to_ho_001,1403
2024,다사65b47a,to_ho_001,2230
2024,다사65b47b,to_ho_001,1342
2024,다사65b48a,to_ho_001,1388
2024,다사65b48b,to_ho_001,406
2024,다사65b49b,to_ho_001,8
2024,다사65b50a,to_ho_001,184
2024,다사65b51a,to_ho_001,5
2024,다사65b51b,to_ho_001,93
2024,다사65b52a,to_ho_001,0
2024,다사65b52b,to_ho_001,25
2024,다사65b53a,to_ho_001,41
2024,다사65b55b,to_ho_001,526
2024,다사65b56a,to_ho_001,187
2024,다사65b56b,to_ho_001,729
2024,다사65b57a,to_ho_001,1377
2024,다사65b57b,to_ho_001,459
2024,다사65b58a,to_ho_001,923
2024,다사65b58b,to_ho_001,1507
2024,다사65b59a,to_ho_001,17
2024,다사65b59b,to_ho_001,18
2024,다사65b60a,to_ho_001,5
2024,다사65b60b,to_ho_001,2163
2024,다사65b61a,to_ho_001,767
2024,다사65b61b,to_ho_001,65
2024,다사65b62a,to_ho_001,65
2024,다사65b62b,to_ho_001,121
2024,다사65b63a,to_ho_001,2358
2024,다사65b63b,to_ho_001,460
2024,다사65b64a,to_ho_001,8
2024,다사65b64b,to_ho_001,5
2024,다사65b67b,to_ho_001,1266
2024,다사65b68a,to_ho_001,139
2024,다사65b69b,to_ho_001,994
2024,다사65b70a,to_ho_001,2512
2024,다사65b70b,to_ho_001,747
2024,다사65b71a,to_ho_001,13
2024,다사65b71b,to_ho_001,74
2024,다사65b72a,to_ho_001,1361
2024,다사65b72b,to_ho_001,2640
2024,다사65b73a,to_ho_001,328
2024,다사65b73b,to_ho_001,8
2024,다사65b75a,to_ho_001,27
2024,다사65b75b,to_ho_001,28
2024,다사65b77b,to_ho_001,537
2024,다사65b78a,to_ho_001,5
2024,다사65b78b,to_ho_001,5
2024,다사65b79a,to_ho_001,18
2024,다사65b79b,to_ho_001,66
2024,다사65b80a,to_ho_001,5
2024,다사65b80b,to_ho_001,5
2024,다사65b81a,to_ho_001,5
2024,다사65b85a,to_ho_001,8
2024,다사65b85b,to_ho_001,13
2024,다사65b86a,to_ho_001,8
2024,다사65b87b,to_ho_001,0
2024,다사65b88a,to_ho_001,8
2024,다사65b88b,to_ho_001,5
2024,다사65b89b,to_ho_001,8
2024,다사65b90a,to_ho_001,5
2024,다사65b91b,to_ho_001,8
2024,다사65b92a,to_ho_001,5
2024,다사65b96a,to_ho_001,0
2024,다사65b96b,to_ho_001,5
2024,다사66a00a,to_ho_001,23
2024,다사66a01a,to_ho_001,8
2024,다사66a01b,to_ho_001,8
2024,다사66a02a,to_ho_001,8
2024,다사66a03a,to_ho_001,0
2024,다사66a03b,to_ho_001,0
2024,다사66a04b,to_ho_001,13
2024,다사66a05b,to_ho_001,5
2024,다사66a06a,to_ho_001,23
2024,다사66a06b,to_ho_001,568
2024,다사66a07a,to_ho_001,2554
2024,다사66a07b,to_ho_001,1538
2024,다사66a08a,to_ho_001,1450
2024,다사66a08b,to_ho_001,168
2024,다사66a09a,to_ho_001,1168
2024,다사66a09b,to_ho_001,1523
2024,다사66a10b,to_ho_001,1667
2024,다사66a11a,to_ho_001,1747
2024,다사66a11b,to_ho_001,1980
2024,다사66a12a,to_ho_001,1204
2024,다사66a12b,to_ho_001,701
2024,다사66a13a,to_ho_001,8
2024,다사66a13b,to_ho_001,5
2024,다사66a14a,to_ho_001,5
2024,다사66a14b,to_ho_001,381
2024,다사66a15a,to_ho_001,24
2024,다사66a15b,to_ho_001,356
2024,다사66a16a,to_ho_001,502
2024,다사66a16b,to_ho_001,740
2024,다사66a17a,to_ho_001,1962
2024,다사66a19a,to_ho_001,3044
2024,다사66a19b,to_ho_001,1535
2024,다사66a20a,to_ho_001,248
2024,다사66a20b,to_ho_001,83
2024,다사66a21a,to_ho_001,1582
2024,다사66a21b,to_ho_001,1829
2024,다사66a22a,to_ho_001,1149
2024,다사66a22b,to_ho_001,873
2024,다사66a24a,to_ho_001,341
2024,다사66a24b,to_ho_001,1305
2024,다사66a25a,to_ho_001,2221
2024,다사66a25b,to_ho_001,1383
2024,다사66a26a,to_ho_001,2355
2024,다사66a26b,to_ho_001,1557
2024,다사66a27a,to_ho_001,862
2024,다사66a27b,to_ho_001,1739
2024,다사66a28a,to_ho_001,548
2024,다사66a28b,to_ho_001,565
2024,다사66a29a,to_ho_001,2793
2024,다사66a29b,to_ho_001,3732
2024,다사66a30a,to_ho_001,2792
2024,다사66a30b,to_ho_001,2298
2024,다사66a31a,to_ho_001,845
2024,다사66a32a,to_ho_001,1423
2024,다사66a32b,to_ho_001,1735
2024,다사66a33a,to_ho_001,1651
2024,다사66a33b,to_ho_001,2785
2024,다사66a34a,to_ho_001,2136
2024,다사66a35b,to_ho_001,8
2024,다사66a36b,to_ho_001,0
2024,다사66a37b,to_ho_001,274
2024,다사66a40b,to_ho_001,5
2024,다사66a41b,to_ho_001,0
2024,다사66a43a,to_ho_001,1776
2024,다사66a43b,to_ho_001,768
2024,다사66a44a,to_ho_001,3231
2024,다사66a44b,to_ho_001,2250
2024,다사66a45a,to_ho_001,2490
2024,다사66a45b,to_ho_001,3803
2024,다사66a46a,to_ho_001,2313
2024,다사66a47a,to_ho_001,0
2024,다사66a47b,to_ho_001,2577
2024,다사66a48a,to_ho_001,1768
2024,다사66a48b,to_ho_001,2035
2024,다사66a49a,to_ho_001,364
2024,다사66a52a,to_ho_001,5
2024,다사66a52b,to_ho_001,366
2024,다사66a53a,to_ho_001,38
2024,다사66a55b,to_ho_001,221
2024,다사66a56a,to_ho_001,192
2024,다사66a58a,to_ho_001,8
2024,다사66a58b,to_ho_001,1519
2024,다사66a59a,to_ho_001,1679
2024,다사66a59b,to_ho_001,1642
2024,다사66a60a,to_ho_001,8
2024,다사66a60b,to_ho_001,2922
2024,다사66a61a,to_ho_001,1946
2024,다사66a61b,to_ho_001,608
2024,다사66a62a,to_ho_001,1160
2024,다사66a62b,to_ho_001,1723
2024,다사66a63a,to_ho_001,630
2024,다사66a63b,to_ho_001,13
2024,다사66a64a,to_ho_001,5
2024,다사66a64b,to_ho_001,0
2024,다사66a67a,to_ho_001,5
2024,다사66a67b,to_ho_001,1688
2024,다사66a68a,to_ho_001,1344
2024,다사66a70b,to_ho_001,200
2024,다사66a71a,to_ho_001,1695
2024,다사66a71b,to_ho_001,1188
2024,다사66a72a,to_ho_001,1589
2024,다사66a72b,to_ho_001,2081
2024,다사66a73a,to_ho_001,1626
2024,다사66a73b,to_ho_001,5
2024,다사66a74a,to_ho_001,8
2024,다사66a74b,to_ho_001,8
2024,다사66a75a,to_ho_001,23
2024,다사66a75b,to_ho_001,29
2024,다사66a76a,to_ho_001,62
2024,다사66a76b,to_ho_001,5
2024,다사66a88b,to_ho_001,13
2024,다사66a89a,to_ho_001,0
2024,다사66a90a,to_ho_001,15
2024,다사66a93b,to_ho_001,0
2024,다사66a94a,to_ho_001,0
2024,다사66a94b,to_ho_001,5
2024,다사66a95a,to_ho_001,5
2024,다사66a95b,to_ho_001,13
2024,다사66a96a,to_ho_001,13
2024,다사66a96b,to_ho_001,11
2024,다사66b00a,to_ho_001,8
2024,다사66b00b,to_ho_001,5
2024,다사66b01a,to_ho_001,5
2024,다사66b01b,to_ho_001,5
2024,다사66b02a,to_ho_001,0
2024,다사66b02b,to_ho_001,28
2024,다사66b03a,to_ho_001,13
2024,다사66b03b,to_ho_001,8
2024,다사66b04a,to_ho_001,5
2024,다사66b04b,to_ho_001,28
2024,다사66b05b,to_ho_001,8
2024,다사66b06a,to_ho_001,45
2024,다사66b06b,to_ho_001,5
2024,다사66b07a,to_ho_001,362
2024,다사66b07b,to_ho_001,938
2024,다사66b08a,to_ho_001,539
2024,다사66b08b,to_ho_001,1740
2024,다사66b09a,to_ho_001,556
2024,다사66b09b,to_ho_001,3043
2024,다사66b10a,to_ho_001,2006
2024,다사66b10b,to_ho_001,764
2024,다사66b11a,to_ho_001,57
2024,다사66b11b,to_ho_001,113
2024,다사66b12a,to_ho_001,550
2024,다사66b13a,to_ho_001,8
2024,다사66b14a,to_ho_001,8
2024,다사66b14b,to_ho_001,8
2024,다사66b16a,to_ho_001,433
2024,다사66b16b,to_ho_001,219
2024,다사66b17a,to_ho_001,385
2024,다사66b17b,to_ho_001,65
2024,다사66b19b,to_ho_001,18
2024,다사66b20a,to_ho_001,0
2024,다사66b21a,to_ho_001,510
2024,다사66b21b,to_ho_001,2814
2024,다사66b22a,to_ho_001,668
2024,다사66b22b,to_ho_001,1731
2024,다사66b23a,to_ho_001,508
2024,다사66b24a,to_ho_001,206
2024,다사66b24b,to_ho_001,122
2024,다사66b25a,to_ho_001,1373
2024,다사66b25b,to_ho_001,1676
2024,다사66b26a,to_ho_001,2427
2024,다사66b26b,to_ho_001,465
2024,다사66b27a,to_ho_001,583
2024,다사66b27b,to_ho_001,9
2024,다사66b28b,to_ho_001,225
2024,다사66b29a,to_ho_001,991
2024,다사66b29b,to_ho_001,1895
2024,다사66b30a,to_ho_001,2213
2024,다사66b30b,to_ho_001,358
2024,다사66b31a,to_ho_001,1246
2024,다사66b31b,to_ho_001,1560
2024,다사66b32a,to_ho_001,1889
2024,다사66b32b,to_ho_001,1182
2024,다사66b33a,to_ho_001,1051
2024,다사66b33b,to_ho_001,1703
2024,다사66b34a,to_ho_001,1174
2024,다사66b34b,to_ho_001,100
2024,다사66b35a,to_ho_001,1778
2024,다사66b35b,to_ho_001,25
2024,다사66b36b,to_ho_001,512
2024,다사66b37a,to_ho_001,548
2024,다사66b37b,to_ho_001,1504
2024,다사66b38a,to_ho_001,865
2024,다사66b38b,to_ho_001,113
2024,다사66b39a,to_ho_001,110
2024,다사66b39b,to_ho_001,5
2024,다사66b40a,to_ho_001,8
2024,다사66b40b,to_ho_001,8
2024,다사66b42a,to_ho_001,1081
2024,다사66b42b,to_ho_001,1592
2024,다사66b43a,to_ho_001,2934
2024,다사66b43b,to_ho_001,2071
2024,다사66b44a,to_ho_001,1924
2024,다사66b44b,to_ho_001,2456
2024,다사66b45a,to_ho_001,2223
2024,다사66b45b,to_ho_001,2232
2024,다사66b46a,to_ho_001,243
2024,다사66b47a,to_ho_001,186
2024,다사66b47b,to_ho_001,2112
2024,다사66b48a,to_ho_001,2503
2024,다사66b48b,to_ho_001,2132
2024,다사66b49a,to_ho_001,2373
2024,다사66b49b,to_ho_001,2479
2024,다사66b50a,to_ho_001,2572
2024,다사66b50b,to_ho_001,482
2024,다사66b52b,to_ho_001,51
2024,다사66b53b,to_ho_001,93
2024,다사66b54b,to_ho_001,0
2024,다사66b55a,to_ho_001,0
2024,다사66b55b,to_ho_001,270
2024,다사66b56a,to_ho_001,101
2024,다사66b56b,to_ho_001,21
2024,다사66b58b,to_ho_001,8
2024,다사66b59a,to_ho_001,1295
2024,다사66b59b,to_ho_001,1078
2024,다사66b60a,to_ho_001,360
2024,다사66b60b,to_ho_001,1184
2024,다사66b61a,to_ho_001,1249
2024,다사66b61b,to_ho_001,906
2024,다사66b62a,to_ho_001,1026
2024,다사66b62b,to_ho_001,331
2024,다사66b63a,to_ho_001,1152
2024,다사66b66a,to_ho_001,8
2024,다사66b66b,to_ho_001,23
2024,다사66b67a,to_ho_001,8
2024,다사66b67b,to_ho_001,1197
2024,다사66b68a,to_ho_001,5
2024,다사66b71b,to_ho_001,0
2024,다사66b74a,to_ho_001,0
2024,다사66b74b,to_ho_001,18
2024,다사66b75a,to_ho_001,18
2024,다사66b75b,to_ho_001,5
2024,다사66b76a,to_ho_001,74
2024,다사66b76b,to_ho_001,28
2024,다사66b77a,to_ho_001,5
2024,다사66b77b,to_ho_001,18
2024,다사66b82a,to_ho_001,0
2024,다사66b82b,to_ho_001,5
2024,다사66b83a,to_ho_001,5
2024,다사66b83b,to_ho_001,8
2024,다사66b88a,to_ho_001,8
2024,다사66b88b,to_ho_001,18
2024,다사66b89a,to_ho_001,8
2024,다사66b92a,to_ho_001,0
2024,다사66b92b,to_ho_001,5
2024,다사66b93a,to_ho_001,18
2024,다사66b93b,to_ho_001,13
2024,다사66b94a,to_ho_001,8
2024,다사66b94b,to_ho_001,5
2024,다사66b95a,to_ho_001,5
2024,다사66b95b,to_ho_001,18
2024,다사66b96a,to_ho_001,0
2024,다사66b96b,to_ho_001,18
2024,다사67a00a,to_ho_001,93
2024,다사67a01a,to_ho_001,23
2024,다사67a01b,to_ho_001,13
2024,다사67a02a,to_ho_001,23
2024,다사67a02b,to_ho_001,13
2024,다사67a03a,to_ho_001,13
2024,다사67a03b,to_ho_001,13
2024,다사67a04a,to_ho_001,0
2024,다사67a04b,to_ho_001,0
2024,다사67a05a,to_ho_001,5
2024,다사67a05b,to_ho_001,5
2024,다사67a06a,to_ho_001,5
2024,다사67a07a,to_ho_001,799
2024,다사67a07b,to_ho_001,1319
2024,다사67a08a,to_ho_001,627
2024,다사67a08b,to_ho_001,761
2024,다사67a09b,to_ho_001,224
2024,다사67a10a,to_ho_001,904
2024,다사67a11b,to_ho_001,18
2024,다사67a13a,to_ho_001,8
2024,다사67a13b,to_ho_001,8
2024,다사67a14a,to_ho_001,0
2024,다사67a14b,to_ho_001,5
2024,다사67a15b,to_ho_001,0
2024,다사67a16a,to_ho_001,5
2024,다사67a16b,to_ho_001,44
2024,다사67a17a,to_ho_001,8
2024,다사67a17b,to_ho_001,8
2024,다사67a18b,to_ho_001,465
2024,다사67a19a,to_ho_001,1180
2024,다사67a19b,to_ho_001,262
2024,다사67a20a,to_ho_001,142
2024,다사67a20b,to_ho_001,32
2024,다사67a21a,to_ho_001,588
2024,다사67a21b,to_ho_001,506
2024,다사67a22a,to_ho_001,207
2024,다사67a22b,to_ho_001,145
2024,다사67a23a,to_ho_001,631
2024,다사67a23b,to_ho_001,84
2024,다사67a24a,to_ho_001,13
2024,다사67a25a,to_ho_001,120
2024,다사67a25b,to_ho_001,1291
2024,다사67a26a,to_ho_001,385
2024,다사67a26b,to_ho_001,19
2024,다사67a27a,to_ho_001,24
2024,다사67a28b,to_ho_001,0
2024,다사67a29a,to_ho_001,58
2024,다사67a29b,to_ho_001,282
2024,다사67a30a,to_ho_001,2071
2024,다사67a30b,to_ho_001,1832
2024,다사67a31a,to_ho_001,2523
2024,다사67a31b,to_ho_001,1208
2024,다사67a32a,to_ho_001,365
2024,다사67a32b,to_ho_001,823
2024,다사67a33a,to_ho_001,715
2024,다사67a33b,to_ho_001,699
2024,다사67a34a,to_ho_001,2010
2024,다사67a34b,to_ho_001,523
2024,다사67a35a,to_ho_001,2088
2024,다사67a35b,to_ho_001,428
2024,다사67a36b,to_ho_001,978
2024,다사67a37a,to_ho_001,1012
2024,다사67a37b,to_ho_001,2148
2024,다사67a38a,to_ho_001,1484
2024,다사67a38b,to_ho_001,2003
2024,다사67a39a,to_ho_001,48
2024,다사67a39b,to_ho_001,201
2024,다사67a40a,to_ho_001,186
2024,다사67a40b,to_ho_001,226
2024,다사67a41a,to_ho_001,12
2024,다사67a42a,to_ho_001,3794
2024,다사67a42b,to_ho_001,2229
2024,다사67a43a,to_ho_001,2600
2024,다사67a43b,to_ho_001,2734
2024,다사67a44a,to_ho_001,3228
2024,다사67a44b,to_ho_001,495
2024,다사67a45a,to_ho_001,1670
2024,다사67a45b,to_ho_001,2385
2024,다사67a46a,to_ho_001,1169
2024,다사67a47a,to_ho_001,1412
2024,다사67a47b,to_ho_001,2796
2024,다사67a48a,to_ho_001,3396
2024,다사67a48b,to_ho_001,3363
2024,다사67a49a,to_ho_001,1994
2024,다사67a49b,to_ho_001,3012
2024,다사67a50a,to_ho_001,3250
2024,다사67a50b,to_ho_001,1969
2024,다사67a51a,to_ho_001,20
2024,다사67a53b,to_ho_001,58
2024,다사67a54a,to_ho_001,67
2024,다사67a54b,to_ho_001,320
2024,다사67a55a,to_ho_001,370
2024,다사67a55b,to_ho_001,693
2024,다사67a56a,to_ho_001,1206
2024,다사67a56b,to_ho_001,1377
2024,다사67a57a,to_ho_001,35
2024,다사67a58b,to_ho_001,0
2024,다사67a59a,to_ho_001,0
2024,다사67a59b,to_ho_001,12
2024,다사67a61a,to_ho_001,591
2024,다사67a61b,to_ho_001,25
2024,다사67a62a,to_ho_001,606
2024,다사67a62b,to_ho_001,1595
2024,다사67a63a,to_ho_001,1062
2024,다사67a63b,to_ho_001,8
2024,다사67a64a,to_ho_001,20
2024,다사67a66a,to_ho_001,8
2024,다사67a66b,to_ho_001,18
2024,다사67a67a,to_ho_001,8
2024,다사67a67b,to_ho_001,23
2024,다사67a68a,to_ho_001,5
2024,다사67a68b,to_ho_001,13
2024,다사67a69a,to_ho_001,8
2024,다사67a70b,to_ho_001,0
2024,다사67a71a,to_ho_001,8
2024,다사67a71b,to_ho_001,0
2024,다사67a73b,to_ho_001,18
2024,다사67a74a,to_ho_001,33
2024,다사67a74b,to_ho_001,33
2024,다사67a75a,to_ho_001,13
2024,다사67a76b,to_ho_001,8
2024,다사67a77a,to_ho_001,13
2024,다사67a77b,to_ho_001,36
2024,다사67a78a,to_ho_001,56
2024,다사67a78b,to_ho_001,20
2024,다사67a79a,to_ho_001,65
2024,다사67a79b,to_ho_001,13
2024,다사67a80a,to_ho_001,57
2024,다사67a82a,to_ho_001,28
2024,다사67a82b,to_ho_001,5
2024,다사67a83a,to_ho_001,18
2024,다사67a83b,to_ho_001,5
2024,다사67a88a,to_ho_001,5
2024,다사67a93a,to_ho_001,18
2024,다사67a93b,to_ho_001,33
2024,다사67a94a,to_ho_001,5
2024,다사67a95a,to_ho_001,5
2024,다사67a95b,to_ho_001,8
2024,다사67a96b,to_ho_001,0
2024,다사67b00a,to_ho_001,8
2024,다사67b00b,to_ho_001,5
2024,다사67b01a,to_ho_001,8
2024,다사67b02a,to_ho_001,5
2024,다사67b02b,to_ho_001,8
2024,다사67b04a,to_ho_001,5
2024,다사67b05a,to_ho_001,5
2024,다사67b05b,to_ho_001,8
2024,다사67b06a,to_ho_001,23
2024,다사67b07a,to_ho_001,5
2024,다사67b08a,to_ho_001,233
2024,다사67b08b,to_ho_001,626
2024,다사67b11a,to_ho_001,0
2024,다사67b11b,to_ho_001,18
2024,다사67b12a,to_ho_001,8
2024,다사67b13a,to_ho_001,19
2024,다사67b13b,to_ho_001,24
2024,다사67b14a,to_ho_001,13
2024,다사67b14b,to_ho_001,0
2024,다사67b15a,to_ho_001,5
2024,다사67b15b,to_ho_001,18
2024,다사67b16a,to_ho_001,8
2024,다사67b16b,to_ho_001,495
2024,다사67b17a,to_ho_001,671
2024,다사67b17b,to_ho_001,1143
2024,다사67b18a,to_ho_001,338
2024,다사67b18b,to_ho_001,731
2024,다사67b19a,to_ho_001,1544
2024,다사67b19b,to_ho_001,873
2024,다사67b20a,to_ho_001,31
2024,다사67b20b,to_ho_001,26
2024,다사67b21a,to_ho_001,5
2024,다사67b21b,to_ho_001,9
2024,다사67b25b,to_ho_001,111
2024,다사67b26a,to_ho_001,26
2024,다사67b27b,to_ho_001,0
2024,다사67b28b,to_ho_001,13
2024,다사67b29b,to_ho_001,89
2024,다사67b30a,to_ho_001,2132
2024,다사67b30b,to_ho_001,1946
2024,다사67b31a,to_ho_001,1018
2024,다사67b31b,to_ho_001,275
2024,다사67b32a,to_ho_001,254
2024,다사67b32b,to_ho_001,288
2024,다사67b33a,to_ho_001,148
2024,다사67b34a,to_ho_001,856
2024,다사67b34b,to_ho_001,845
2024,다사67b35a,to_ho_001,3174
2024,다사67b35b,to_ho_001,1492
2024,다사67b36b,to_ho_001,1574
2024,다사67b37a,to_ho_001,1296
2024,다사67b37b,to_ho_001,2360
2024,다사67b38a,to_ho_001,1726
2024,다사67b38b,to_ho_001,2487
2024,다사67b39a,to_ho_001,779
2024,다사67b40b,to_ho_001,41
2024,다사67b41a,to_ho_001,786
2024,다사67b41b,to_ho_001,3798
2024,다사67b42a,to_ho_001,1212
2024,다사67b42b,to_ho_001,808
2024,다사67b43a,to_ho_001,1732
2024,다사67b43b,to_ho_001,2985
2024,다사67b44a,to_ho_001,3392
2024,다사67b44b,to_ho_001,1626
2024,다사67b45a,to_ho_001,2503
2024,다사67b45b,to_ho_001,684
2024,다사67b46a,to_ho_001,2041
2024,다사67b46b,to_ho_001,734
2024,다사67b47a,to_ho_001,727
2024,다사67b47b,to_ho_001,2085
2024,다사67b48a,to_ho_001,3433
2024,다사67b48b,to_ho_001,5174
2024,다사67b49a,to_ho_001,2416
2024,다사67b49b,to_ho_001,3407
2024,다사67b50a,to_ho_001,3934
2024,다사67b50b,to_ho_001,1790
2024,다사67b51a,to_ho_001,106
2024,다사67b51b,to_ho_001,57
2024,다사67b53b,to_ho_001,5
2024,다사67b54a,to_ho_001,2568
2024,다사67b54b,to_ho_001,3417
2024,다사67b55a,to_ho_001,677
2024,다사67b55b,to_ho_001,1227
2024,다사67b56a,to_ho_001,1912
2024,다사67b56b,to_ho_001,4008
2024,다사67b57a,to_ho_001,911
2024,다사67b57b,to_ho_001,8
2024,다사67b58b,to_ho_001,5
2024,다사67b59a,to_ho_001,5
2024,다사67b59b,to_ho_001,48
2024,다사67b60b,to_ho_001,5
2024,다사67b61a,to_ho_001,0
2024,다사67b61b,to_ho_001,5
2024,다사67b62a,to_ho_001,5
2024,다사67b62b,to_ho_001,154
2024,다사67b63a,to_ho_001,813
2024,다사67b63b,to_ho_001,235
2024,다사67b64a,to_ho_001,23
2024,다사67b64b,to_ho_001,5
2024,다사67b65a,to_ho_001,8
2024,다사67b65b,to_ho_001,13
2024,다사67b68a,to_ho_001,5
2024,다사67b68b,to_ho_001,18
2024,다사67b69a,to_ho_001,5
2024,다사67b69b,to_ho_001,23
2024,다사67b70a,to_ho_001,8
2024,다사67b70b,to_ho_001,5
2024,다사67b71a,to_ho_001,8
2024,다사67b71b,to_ho_001,8
2024,다사67b73b,to_ho_001,38
2024,다사67b74a,to_ho_001,33
2024,다사67b74b,to_ho_001,63
2024,다사67b75a,to_ho_001,29
2024,다사67b76a,to_ho_001,5
2024,다사67b76b,to_ho_001,43
2024,다사67b77a,to_ho_001,8
2024,다사67b77b,to_ho_001,8
2024,다사67b78a,to_ho_001,13
2024,다사67b78b,to_ho_001,71
2024,다사67b79a,to_ho_001,802
2024,다사67b79b,to_ho_001,539
2024,다사67b80a,to_ho_001,157
2024,다사67b80b,to_ho_001,65
2024,다사67b81a,to_ho_001,5
2024,다사67b81b,to_ho_001,41
2024,다사67b82a,to_ho_001,121
2024,다사67b82b,to_ho_001,8
2024,다사67b83a,to_ho_001,23
2024,다사67b83b,to_ho_001,28
2024,다사67b84a,to_ho_001,18
2024,다사67b87b,to_ho_001,8
2024,다사67b88a,to_ho_001,5
2024,다사67b88b,to_ho_001,0
2024,다사67b93a,to_ho_001,0
2024,다사67b93b,to_ho_001,8
2024,다사67b95a,to_ho_001,5
2024,다사67b95b,to_ho_001,8
2024,다사67b96a,to_ho_001,8
2024,다사67b96b,to_ho_001,28
2024,다사67b97a,to_ho_001,0
2024,다사67b97b,to_ho_001,8
2024,다사68a00a,to_ho_001,44
2024,다사68a00b,to_ho_001,5
2024,다사68a01a,to_ho_001,0
2024,다사68a04b,to_ho_001,0
2024,다사68a05a,to_ho_001,56
2024,다사68a05b,to_ho_001,5
2024,다사68a06a,to_ho_001,23
2024,다사68a06b,to_ho_001,18
2024,다사68a07a,to_ho_001,0
2024,다사68a08b,to_ho_001,575
2024,다사68a09a,to_ho_001,180
2024,다사68a09b,to_ho_001,1051
2024,다사68a10a,to_ho_001,192
2024,다사68a11b,to_ho_001,26
2024,다사68a12a,to_ho_001,0
2024,다사68a14a,to_ho_001,18
2024,다사68a14b,to_ho_001,5
2024,다사68a15a,to_ho_001,20
2024,다사68a15b,to_ho_001,0
2024,다사68a16a,to_ho_001,28
2024,다사68a16b,to_ho_001,13
2024,다사68a17a,to_ho_001,645
2024,다사68a17b,to_ho_001,1139
2024,다사68a18a,to_ho_001,718
2024,다사68a18b,to_ho_001,110
2024,다사68a19a,to_ho_001,688
2024,다사68a19b,to_ho_001,493
2024,다사68a20a,to_ho_001,76
2024,다사68a20b,to_ho_001,1082
2024,다사68a21a,to_ho_001,134
2024,다사68a25b,to_ho_001,16
2024,다사68a26a,to_ho_001,0
2024,다사68a26b,to_ho_001,5
2024,다사68a27a,to_ho_001,8
2024,다사68a27b,to_ho_001,77
2024,다사68a28a,to_ho_001,705
2024,다사68a28b,to_ho_001,637
2024,다사68a29b,to_ho_001,281
2024,다사68a30a,to_ho_001,1830
2024,다사68a30b,to_ho_001,770
2024,다사68a31a,to_ho_001,44
2024,다사68a31b,to_ho_001,136
2024,다사68a32a,to_ho_001,300
2024,다사68a32b,to_ho_001,30
2024,다사68a34a,to_ho_001,1679
2024,다사68a34b,to_ho_001,1488
2024,다사68a35a,to_ho_001,932
2024,다사68a36a,to_ho_001,0
2024,다사68a36b,to_ho_001,1074
2024,다사68a37a,to_ho_001,1637
2024,다사68a37b,to_ho_001,1484
2024,다사68a38a,to_ho_001,1943
2024,다사68a38b,to_ho_001,2408
2024,다사68a39a,to_ho_001,512
2024,다사68a40b,to_ho_001,633
2024,다사68a41a,to_ho_001,1379
2024,다사68a41b,to_ho_001,2852
2024,다사68a42a,to_ho_001,2537
2024,다사68a42b,to_ho_001,1685
2024,다사68a43a,to_ho_001,309
2024,다사68a43b,to_ho_001,1199
2024,다사68a44a,to_ho_001,1664
2024,다사68a44b,to_ho_001,2548
2024,다사68a45a,to_ho_001,857
2024,다사68a45b,to_ho_001,8
2024,다사68a46a,to_ho_001,5
2024,다사68a46b,to_ho_001,87
2024,다사68a47b,to_ho_001,2246
2024,다사68a48a,to_ho_001,2341
2024,다사68a48b,to_ho_001,2976
2024,다사68a49a,to_ho_001,3138
2024,다사68a49b,to_ho_001,2993
2024,다사68a50a,to_ho_001,3279
2024,다사68a50b,to_ho_001,3841
2024,다사68a51a,to_ho_001,127
2024,다사68a53a,to_ho_001,5
2024,다사68a53b,to_ho_001,93
2024,다사68a54a,to_ho_001,2028
2024,다사68a54b,to_ho_001,3293
2024,다사68a55a,to_ho_001,2890
2024,다사68a55b,to_ho_001,617
2024,다사68a56a,to_ho_001,2198
2024,다사68a56b,to_ho_001,3289
2024,다사68a57a,to_ho_001,538
2024,다사68a57b,to_ho_001,1171
2024,다사68a58a,to_ho_001,8
2024,다사68a58b,to_ho_001,0
2024,다사68a59a,to_ho_001,83
2024,다사68a59b,to_ho_001,64
2024,다사68a60a,to_ho_001,8
2024,다사68a60b,to_ho_001,285
2024,다사68a61a,to_ho_001,1446
2024,다사68a61b,to_ho_001,433
2024,다사68a62a,to_ho_001,33
2024,다사68a64a,to_ho_001,5
2024,다사68a73b,to_ho_001,5
2024,다사68a74b,to_ho_001,13
2024,다사68a75a,to_ho_001,5
2024,다사68a75b,to_ho_001,5
2024,다사68a76b,to_ho_001,8
2024,다사68a78a,to_ho_001,0
2024,다사68a78b,to_ho_001,23
2024,다사68a79a,to_ho_001,5
2024,다사68a79b,to_ho_001,8
2024,다사68a80a,to_ho_001,8
2024,다사68a80b,to_ho_001,2648
2024,다사68a81a,to_ho_001,1544
2024,다사68a81b,to_ho_001,588
2024,다사68a82a,to_ho_001,18
2024,다사68a82b,to_ho_001,33
2024,다사68a83a,to_ho_001,8
2024,다사68a83b,to_ho_001,8
2024,다사68a84a,to_ho_001,8
2024,다사68a84b,to_ho_001,63
2024,다사68a86b,to_ho_001,8
2024,다사68a88a,to_ho_001,5
2024,다사68a88b,to_ho_001,5
2024,다사68a89a,to_ho_001,0
2024,다사68a89b,to_ho_001,0
2024,다사68a91a,to_ho_001,5
2024,다사68a92a,to_ho_001,5
2024,다사68a92b,to_ho_001,5
2024,다사68a93a,to_ho_001,5
2024,다사68a94b,to_ho_001,5
2024,다사68a95a,to_ho_001,8
2024,다사68a96a,to_ho_001,8
2024,다사68a96b,to_ho_001,8
2024,다사68a97b,to_ho_001,5
2024,다사68a98a,to_ho_001,0
2024,다사68b00a,to_ho_001,0
2024,다사68b00b,to_ho_001,5
2024,다사68b01a,to_ho_001,8
2024,다사68b01b,to_ho_001,172
2024,다사68b02a,to_ho_001,5
2024,다사68b03a,to_ho_001,5
2024,다사68b03b,to_ho_001,13
2024,다사68b04a,to_ho_001,5
2024,다사68b05b,to_ho_001,25
2024,다사68b06b,to_ho_001,8
2024,다사68b07a,to_ho_001,13
2024,다사68b09a,to_ho_001,100
2024,다사68b09b,to_ho_001,64
2024,다사68b12a,to_ho_001,5
2024,다사68b14b,to_ho_001,5
2024,다사68b15a,to_ho_001,5
2024,다사68b17a,to_ho_001,79
2024,다사68b17b,to_ho_001,8
2024,다사68b18a,to_ho_001,43
2024,다사68b18b,to_ho_001,124
2024,다사68b19a,to_ho_001,828
2024,다사68b19b,to_ho_001,970
2024,다사68b20a,to_ho_001,2450
2024,다사68b20b,to_ho_001,2355
2024,다사68b21a,to_ho_001,204
2024,다사68b21b,to_ho_001,1009
2024,다사68b22a,to_ho_001,377
2024,다사68b22b,to_ho_001,48
2024,다사68b25b,to_ho_001,23
2024,다사68b26a,to_ho_001,75
2024,다사68b26b,to_ho_001,0
2024,다사68b27a,to_ho_001,18
2024,다사68b27b,to_ho_001,51
2024,다사68b28a,to_ho_001,783
2024,다사68b28b,to_ho_001,1087
2024,다사68b29a,to_ho_001,22
2024,다사68b29b,to_ho_001,66
2024,다사68b30a,to_ho_001,612
2024,다사68b30b,to_ho_001,163
2024,다사68b31b,to_ho_001,101
2024,다사68b32b,to_ho_001,5
2024,다사68b34a,to_ho_001,1371
2024,다사68b34b,to_ho_001,756
2024,다사68b35a,to_ho_001,496
2024,다사68b36a,to_ho_001,344
2024,다사68b36b,to_ho_001,1329
2024,다사68b37a,to_ho_001,549
2024,다사68b37b,to_ho_001,1860
2024,다사68b38a,to_ho_001,1741
2024,다사68b38b,to_ho_001,3319
2024,다사68b39a,to_ho_001,3881
2024,다사68b39b,to_ho_001,891
2024,다사68b40a,to_ho_001,548
2024,다사68b40b,to_ho_001,1855
2024,다사68b41a,to_ho_001,1380
2024,다사68b41b,to_ho_001,4021
2024,다사68b42a,to_ho_001,1706
2024,다사68b42b,to_ho_001,1533
2024,다사68b43a,to_ho_001,2826
2024,다사68b43b,to_ho_001,2797
2024,다사68b44a,to_ho_001,3231
2024,다사68b44b,to_ho_001,2051
2024,다사68b45a,to_ho_001,107
2024,다사68b45b,to_ho_001,43
2024,다사68b46a,to_ho_001,33
2024,다사68b46b,to_ho_001,181
2024,다사68b47a,to_ho_001,8
2024,다사68b47b,to_ho_001,1187
2024,다사68b48a,to_ho_001,2104
2024,다사68b48b,to_ho_001,3642
2024,다사68b49a,to_ho_001,3689
2024,다사68b49b,to_ho_001,2617
2024,다사68b50a,to_ho_001,2921
2024,다사68b50b,to_ho_001,2543
2024,다사68b51a,to_ho_001,2191
2024,다사68b51b,to_ho_001,0
2024,다사68b53b,to_ho_001,53
2024,다사68b54a,to_ho_001,1348
2024,다사68b54b,to_ho_001,2616
2024,다사68b55a,to_ho_001,1619
2024,다사68b55b,to_ho_001,2124
2024,다사68b56a,to_ho_001,1409
2024,다사68b56b,to_ho_001,683
2024,다사68b57b,to_ho_001,475
2024,다사68b58a,to_ho_001,1456
2024,다사68b58b,to_ho_001,1253
2024,다사68b59b,to_ho_001,8
2024,다사68b60a,to_ho_001,8
2024,다사68b60b,to_ho_001,1737
2024,다사68b61a,to_ho_001,2160
2024,다사68b61b,to_ho_001,1892
2024,다사68b62a,to_ho_001,1419
2024,다사68b62b,to_ho_001,18
2024,다사68b73b,to_ho_001,0
2024,다사68b74a,to_ho_001,18
2024,다사68b74b,to_ho_001,5
2024,다사68b75a,to_ho_001,8
2024,다사68b75b,to_ho_001,13
2024,다사68b76a,to_ho_001,5
2024,다사68b76b,to_ho_001,13
2024,다사68b77a,to_ho_001,8
2024,다사68b78b,to_ho_001,8
2024,다사68b79a,to_ho_001,40
2024,다사68b79b,to_ho_001,84
2024,다사68b80a,to_ho_001,377
2024,다사68b80b,to_ho_001,747
2024,다사68b81a,to_ho_001,659
2024,다사68b81b,to_ho_001,1812
2024,다사68b82a,to_ho_001,238
2024,다사68b82b,to_ho_001,18
2024,다사68b83a,to_ho_001,23
2024,다사68b83b,to_ho_001,5
2024,다사68b84a,to_ho_001,8
2024,다사68b84b,to_ho_001,69
2024,다사68b94b,to_ho_001,5
2024,다사68b95a,to_ho_001,18
2024,다사68b95b,to_ho_001,8
2024,다사68b96a,to_ho_001,8
2024,다사68b96b,to_ho_001,5
2024,다사69a00a,to_ho_001,5
2024,다사69a00b,to_ho_001,13
2024,다사69a01a,to_ho_001,23
2024,다사69a01b,to_ho_001,51
2024,다사69a02a,to_ho_001,46
2024,다사69a02b,to_ho_001,23
2024,다사69a03a,to_ho_001,8
2024,다사69a03b,to_ho_001,5
2024,다사69a04a,to_ho_001,36
2024,다사69a04b,to_ho_001,5
2024,다사69a05a,to_ho_001,5
2024,다사69a05b,to_ho_001,8
2024,다사69a15a,to_ho_001,0
2024,다사69a15b,to_ho_001,13
2024,다사69a17a,to_ho_001,5
2024,다사69a18a,to_ho_001,584
2024,다사69a18b,to_ho_001,1558
2024,다사69a19a,to_ho_001,643
2024,다사69a19b,to_ho_001,716
2024,다사69a20a,to_ho_001,1579
2024,다사69a20b,to_ho_001,2064
2024,다사69a21a,to_ho_001,801
2024,다사69a21b,to_ho_001,2027
2024,다사69a22a,to_ho_001,753
2024,다사69a22b,to_ho_001,170
2024,다사69a23b,to_ho_001,59
2024,다사69a24a,to_ho_001,112
2024,다사69a24b,to_ho_001,71
2024,다사69a25b,to_ho_001,52
2024,다사69a26a,to_ho_001,5
2024,다사69a27a,to_ho_001,165
2024,다사69a27b,to_ho_001,141
2024,다사69a28a,to_ho_001,57
2024,다사69a28b,to_ho_001,745
2024,다사69a29a,to_ho_001,520
2024,다사69a29b,to_ho_001,60
2024,다사69a31a,to_ho_001,0
2024,다사69a31b,to_ho_001,77
2024,다사69a32a,to_ho_001,161
2024,다사69a32b,to_ho_001,48
2024,다사69a33b,to_ho_001,5
2024,다사69a34a,to_ho_001,448
2024,다사69a34b,to_ho_001,523
2024,다사69a35a,to_ho_001,630
2024,다사69a35b,to_ho_001,5
2024,다사69a36a,to_ho_001,55
2024,다사69a36b,to_ho_001,1905
2024,다사69a37a,to_ho_001,637
2024,다사69a37b,to_ho_001,1200
2024,다사69a38a,to_ho_001,2060
2024,다사69a38b,to_ho_001,1066
2024,다사69a39a,to_ho_001,1109
2024,다사69a39b,to_ho_001,1466
2024,다사69a40b,to_ho_001,373
2024,다사69a41a,to_ho_001,1915
2024,다사69a41b,to_ho_001,2851
2024,다사69a42b,to_ho_001,954
2024,다사69a43a,to_ho_001,1476
2024,다사69a43b,to_ho_001,1966
2024,다사69a44a,to_ho_001,2139
2024,다사69a44b,to_ho_001,1329
2024,다사69a45a,to_ho_001,2225
2024,다사69a45b,to_ho_001,97
2024,다사69a46a,to_ho_001,57
2024,다사69a46b,to_ho_001,94
2024,다사69a47a,to_ho_001,8
2024,다사69a48a,to_ho_001,17
2024,다사69a48b,to_ho_001,1001
2024,다사69a49a,to_ho_001,164
2024,다사69a49b,to_ho_001,1265
2024,다사69a50a,to_ho_001,2700
2024,다사69a50b,to_ho_001,1764
2024,다사69a51a,to_ho_001,2480
2024,다사69a51b,to_ho_001,18
2024,다사69a53a,to_ho_001,20
2024,다사69a53b,to_ho_001,23
2024,다사69a54a,to_ho_001,23
2024,다사69a54b,to_ho_001,859
2024,다사69a55a,to_ho_001,1176
2024,다사69a55b,to_ho_001,490
2024,다사69a56a,to_ho_001,1563
2024,다사69a56b,to_ho_001,1805
2024,다사69a57a,to_ho_001,5
2024,다사69a57b,to_ho_001,1652
2024,다사69a58a,to_ho_001,2349
2024,다사69a58b,to_ho_001,3005
2024,다사69a59a,to_ho_001,561
2024,다사69a60a,to_ho_001,5
2024,다사69a60b,to_ho_001,5
2024,다사69a61a,to_ho_001,566
2024,다사69a61b,to_ho_001,38
2024,다사69a62a,to_ho_001,18
2024,다사69a62b,to_ho_001,8
2024,다사69a63b,to_ho_001,28
2024,다사69a64a,to_ho_001,0
2024,다사69a64b,to_ho_001,18
2024,다사69a65a,to_ho_001,0
2024,다사69a65b,to_ho_001,5
2024,다사69a67a,to_ho_001,5
2024,다사69a67b,to_ho_001,5
2024,다사69a73b,to_ho_001,5
2024,다사69a74a,to_ho_001,33
2024,다사69a74b,to_ho_001,53
2024,다사69a75a,to_ho_001,63
2024,다사69a75b,to_ho_001,43
2024,다사69a76a,to_ho_001,67
2024,다사69a76b,to_ho_001,8
2024,다사69a77a,to_ho_001,8
2024,다사69a79a,to_ho_001,24
2024,다사69a79b,to_ho_001,225
2024,다사69a80a,to_ho_001,700
2024,다사69a80b,to_ho_001,41
2024,다사69a81a,to_ho_001,228
2024,다사69a81b,to_ho_001,1435
2024,다사69a82a,to_ho_001,13
2024,다사69a82b,to_ho_001,8
2024,다사69a83a,to_ho_001,18
2024,다사69a83b,to_ho_001,23
2024,다사69a84a,to_ho_001,326
2024,다사69a84b,to_ho_001,57
2024,다사69a94a,to_ho_001,5
2024,다사69a94b,to_ho_001,13
2024,다사69a95a,to_ho_001,8
2024,다사69a95b,to_ho_001,8
2024,다사69a96a,to_ho_001,13
2024,다사69a96b,to_ho_001,18
2024,다사69a97a,to_ho_001,5
2024,다사69b00a,to_ho_001,8
2024,다사69b00b,to_ho_001,40
2024,다사69b01a,to_ho_001,0
2024,다사69b01b,to_ho_001,18
2024,다사69b02a,to_ho_001,12
2024,다사69b05b,to_ho_001,0
2024,다사69b06b,to_ho_001,0
2024,다사69b12b,to_ho_001,5
2024,다사69b13a,to_ho_001,5
2024,다사69b15a,to_ho_001,46
2024,다사69b15b,to_ho_001,8
2024,다사69b16a,to_ho_001,5
2024,다사69b17a,to_ho_001,0
2024,다사69b17b,to_ho_001,243
2024,다사69b18a,to_ho_001,1003
2024,다사69b18b,to_ho_001,632
2024,다사69b19a,to_ho_001,826
2024,다사69b19b,to_ho_001,801
2024,다사69b20a,to_ho_001,2082
2024,다사69b20b,to_ho_001,1687
2024,다사69b21a,to_ho_001,8
2024,다사69b21b,to_ho_001,8
2024,다사69b22a,to_ho_001,5
2024,다사69b24b,to_ho_001,13
2024,다사69b25a,to_ho_001,28
2024,다사69b25b,to_ho_001,99
2024,다사69b26a,to_ho_001,257
2024,다사69b26b,to_ho_001,17
2024,다사69b27a,to_ho_001,5
2024,다사69b27b,to_ho_001,525
2024,다사69b28a,to_ho_001,360
2024,다사69b28b,to_ho_001,213
2024,다사69b29a,to_ho_001,564
2024,다사69b29b,to_ho_001,852
2024,다사69b30a,to_ho_001,464
2024,다사69b30b,to_ho_001,62
2024,다사69b33a,to_ho_001,0
2024,다사69b33b,to_ho_001,13
2024,다사69b34a,to_ho_001,8
2024,다사69b34b,to_ho_001,812
2024,다사69b35a,to_ho_001,1265
2024,다사69b35b,to_ho_001,8
2024,다사69b36b,to_ho_001,19
2024,다사69b37a,to_ho_001,1504
2024,다사69b37b,to_ho_001,822
2024,다사69b38a,to_ho_001,2790
2024,다사69b38b,to_ho_001,2262
2024,다사69b39a,to_ho_001,2036
2024,다사69b39b,to_ho_001,1559
2024,다사69b40a,to_ho_001,1153
2024,다사69b41a,to_ho_001,632
2024,다사69b41b,to_ho_001,669
2024,다사69b42b,to_ho_001,1162
2024,다사69b43a,to_ho_001,1734
2024,다사69b43b,to_ho_001,1380
2024,다사69b44a,to_ho_001,1974
2024,다사69b44b,to_ho_001,236
2024,다사69b45a,to_ho_001,1368
2024,다사69b45b,to_ho_001,3188
2024,다사69b46a,to_ho_001,83
2024,다사69b46b,to_ho_001,58
2024,다사69b47a,to_ho_001,60
2024,다사69b47b,to_ho_001,8
2024,다사69b48a,to_ho_001,5
2024,다사69b48b,to_ho_001,55
2024,다사69b49b,to_ho_001,543
2024,다사69b50a,to_ho_001,1034
2024,다사69b50b,to_ho_001,582
2024,다사69b51a,to_ho_001,1125
2024,다사69b51b,to_ho_001,39
2024,다사69b52a,to_ho_001,5
2024,다사69b53a,to_ho_001,22
2024,다사69b53b,to_ho_001,13
2024,다사69b54a,to_ho_001,8
2024,다사69b54b,to_ho_001,245
2024,다사69b55a,to_ho_001,244
2024,다사69b55b,to_ho_001,1680
2024,다사69b56a,to_ho_001,2239
2024,다사69b56b,to_ho_001,2898
2024,다사69b57a,to_ho_001,1710
2024,다사69b57b,to_ho_001,1914
2024,다사69b58a,to_ho_001,2293
2024,다사69b58b,to_ho_001,2234
2024,다사69b59a,to_ho_001,170
2024,다사69b60a,to_ho_001,5
2024,다사69b60b,to_ho_001,8
2024,다사69b61a,to_ho_001,8
2024,다사69b61b,to_ho_001,8
2024,다사69b62a,to_ho_001,18
2024,다사69b62b,to_ho_001,5
2024,다사69b63a,to_ho_001,5
2024,다사69b63b,to_ho_001,8
2024,다사69b64a,to_ho_001,5
2024,다사69b64b,to_ho_001,13
2024,다사69b65a,to_ho_001,60
2024,다사69b66a,to_ho_001,5
2024,다사69b66b,to_ho_001,5
2024,다사69b67a,to_ho_001,8
2024,다사69b67b,to_ho_001,5
2024,다사69b74a,to_ho_001,0
2024,다사69b74b,to_ho_001,5
2024,다사69b75a,to_ho_001,18
2024,다사69b75b,to_ho_001,18
2024,다사69b76a,to_ho_001,13
2024,다사69b77a,to_ho_001,8
2024,다사69b77b,to_ho_001,18
2024,다사69b78a,to_ho_001,5
2024,다사69b78b,to_ho_001,8
2024,다사69b79a,to_ho_001,28
2024,다사69b79b,to_ho_001,40
2024,다사69b80a,to_ho_001,87
2024,다사69b80b,to_ho_001,136
2024,다사69b81a,to_ho_001,38
2024,다사69b81b,to_ho_001,26
2024,다사69b82a,to_ho_001,5
2024,다사69b82b,to_ho_001,19
2024,다사69b83a,to_ho_001,75
2024,다사69b83b,to_ho_001,161
2024,다사69b84a,to_ho_001,416
2024,다사69b84b,to_ho_001,66
2024,다사69b85a,to_ho_001,5
2024,다사69b94a,to_ho_001,0
2024,다사69b95a,to_ho_001,13
2024,다사69b95b,to_ho_001,13
2024,다사69b96a,to_ho_001,0
2024,다사69b98b,to_ho_001,0
2024,다사69b99a,to_ho_001,5
2024,다사70a00b,to_ho_001,0
2024,다사70a01b,to_ho_001,0
2024,다사70a02a,to_ho_001,5
2024,다사70a02b,to_ho_001,8
2024,다사70a03a,to_ho_001,8
2024,다사70a03b,to_ho_001,48
2024,다사70a04a,to_ho_001,5
2024,다사70a04b,to_ho_001,72
2024,다사70a05a,to_ho_001,0
2024,다사70a05b,to_ho_001,23
2024,다사70a06a,to_ho_001,86
2024,다사70a06b,to_ho_001,0
2024,다사70a07b,to_ho_001,5
2024,다사70a08a,to_ho_001,5
2024,다사70a09b,to_ho_001,5
2024,다사70a11a,to_ho_001,18
2024,다사70a12a,to_ho_001,23
2024,다사70a12b,to_ho_001,18
2024,다사70a13a,to_ho_001,5
2024,다사70a15a,to_ho_001,8
2024,다사70a15b,to_ho_001,715
2024,다사70a16a,to_ho_001,671
2024,다사70a16b,to_ho_001,59
2024,다사70a17b,to_ho_001,533
2024,다사70a18a,to_ho_001,304
2024,다사70a18b,to_ho_001,8
2024,다사70a19a,to_ho_001,55
2024,다사70a19b,to_ho_001,91
2024,다사70a20a,to_ho_001,1691
2024,다사70a20b,to_ho_001,1245
2024,다사70a21a,to_ho_001,50
2024,다사70a21b,to_ho_001,200
2024,다사70a22a,to_ho_001,13
2024,다사70a25b,to_ho_001,26
2024,다사70a26a,to_ho_001,21
2024,다사70a26b,to_ho_001,5
2024,다사70a27a,to_ho_001,106
2024,다사70a27b,to_ho_001,479
2024,다사70a28a,to_ho_001,1410
2024,다사70a28b,to_ho_001,781
2024,다사70a29a,to_ho_001,140
2024,다사70a29b,to_ho_001,621
2024,다사70a30a,to_ho_001,946
2024,다사70a30b,to_ho_001,448
2024,다사70a31a,to_ho_001,24
2024,다사70a33b,to_ho_001,5
2024,다사70a34b,to_ho_001,1057
2024,다사70a35a,to_ho_001,5
2024,다사70a37a,to_ho_001,1662
2024,다사70a37b,to_ho_001,2289
2024,다사70a38a,to_ho_001,3460
2024,다사70a38b,to_ho_001,2430
2024,다사70a39a,to_ho_001,2743
2024,다사70a39b,to_ho_001,3587
2024,다사70a40a,to_ho_001,675
2024,다사70a42b,to_ho_001,339
2024,다사70a43a,to_ho_001,401
2024,다사70a43b,to_ho_001,0
2024,다사70a44a,to_ho_001,1371
2024,다사70a44b,to_ho_001,1653
2024,다사70a45a,to_ho_001,1076
2024,다사70a45b,to_ho_001,2245
2024,다사70a46a,to_ho_001,284
2024,다사70a46b,to_ho_001,65
2024,다사70a47a,to_ho_001,19
2024,다사70a47b,to_ho_001,8
2024,다사70a48a,to_ho_001,8
2024,다사70a49a,to_ho_001,5
2024,다사70a49b,to_ho_001,229
2024,다사70a50a,to_ho_001,1134
2024,다사70a50b,to_ho_001,2192
2024,다사70a51a,to_ho_001,1974
2024,다사70a51b,to_ho_001,129
2024,다사70a52b,to_ho_001,8
2024,다사70a55a,to_ho_001,56
2024,다사70a55b,to_ho_001,42
2024,다사70a56a,to_ho_001,441
2024,다사70a56b,to_ho_001,2291
2024,다사70a57a,to_ho_001,3118
2024,다사70a57b,to_ho_001,1528
2024,다사70a58a,to_ho_001,1797
2024,다사70a59a,to_ho_001,0
2024,다사70a59b,to_ho_001,13
2024,다사70a60a,to_ho_001,48
2024,다사70a60b,to_ho_001,23
2024,다사70a61a,to_ho_001,13
2024,다사70a61b,to_ho_001,5
2024,다사70a62a,to_ho_001,13
2024,다사70a62b,to_ho_001,28
2024,다사70a63b,to_ho_001,8
2024,다사70a64b,to_ho_001,5
2024,다사70a65a,to_ho_001,28
2024,다사70a65b,to_ho_001,60
2024,다사70a66a,to_ho_001,8
2024,다사70a66b,to_ho_001,18
2024,다사70a67a,to_ho_001,920
2024,다사70a67b,to_ho_001,399
2024,다사70a68a,to_ho_001,5
2024,다사70a74a,to_ho_001,28
2024,다사70a74b,to_ho_001,18
2024,다사70a75a,to_ho_001,13
2024,다사70a75b,to_ho_001,23
2024,다사70a76a,to_ho_001,23
2024,다사70a76b,to_ho_001,8
2024,다사70a77a,to_ho_001,8
2024,다사70a77b,to_ho_001,8
2024,다사70a78a,to_ho_001,18
2024,다사70a78b,to_ho_001,13
2024,다사70a79a,to_ho_001,5
2024,다사70a79b,to_ho_001,23
2024,다사70a80a,to_ho_001,8
2024,다사70a80b,to_ho_001,5
2024,다사70a81a,to_ho_001,5
2024,다사70a81b,to_ho_001,5
2024,다사70a82a,to_ho_001,8
2024,다사70a82b,to_ho_001,8
2024,다사70a83a,to_ho_001,359
2024,다사70a83b,to_ho_001,717
2024,다사70a84a,to_ho_001,448
2024,다사70a84b,to_ho_001,13
2024,다사70a85a,to_ho_001,111
2024,다사70a85b,to_ho_001,0
2024,다사70a90b,to_ho_001,0
2024,다사70a92b,to_ho_001,5
2024,다사70a93a,to_ho_001,5
2024,다사70a94a,to_ho_001,5
2024,다사70a94b,to_ho_001,5
2024,다사70a95a,to_ho_001,5
2024,다사70a95b,to_ho_001,5
2024,다사70a97a,to_ho_001,0
2024,다사70a99a,to_ho_001,19
2024,다사70a99b,to_ho_001,13
2024,다사70b01a,to_ho_001,8
2024,다사70b01b,to_ho_001,23
2024,다사70b02a,to_ho_001,5
2024,다사70b02b,to_ho_001,33
2024,다사70b04b,to_ho_001,0
2024,다사70b05b,to_ho_001,13
2024,다사70b06a,to_ho_001,2491
2024,다사70b06b,to_ho_001,1529
2024,다사70b07a,to_ho_001,13
2024,다사70b07b,to_ho_001,13
2024,다사70b09b,to_ho_001,36
2024,다사70b10a,to_ho_001,8
2024,다사70b10b,to_ho_001,13
2024,다사70b11a,to_ho_001,5
2024,다사70b11b,to_ho_001,5
2024,다사70b12a,to_ho_001,42
2024,다사70b12b,to_ho_001,33
2024,다사70b13b,to_ho_001,0
2024,다사70b14b,to_ho_001,5
2024,다사70b15a,to_ho_001,334
2024,다사70b15b,to_ho_001,2036
2024,다사70b16a,to_ho_001,90
2024,다사70b16b,to_ho_001,21
2024,다사70b17a,to_ho_001,0
2024,다사70b17b,to_ho_001,31
2024,다사70b18a,to_ho_001,7
2024,다사70b19b,to_ho_001,0
2024,다사70b20a,to_ho_001,289
2024,다사70b20b,to_ho_001,13
2024,다사70b21a,to_ho_001,0
2024,다사70b21b,to_ho_001,68
2024,다사70b22a,to_ho_001,35
2024,다사70b24b,to_ho_001,5
2024,다사70b26a,to_ho_001,50
2024,다사70b26b,to_ho_001,289
2024,다사70b27a,to_ho_001,134
2024,다사70b27b,to_ho_001,345
2024,다사70b28a,to_ho_001,714
2024,다사70b28b,to_ho_001,550
2024,다사70b29a,to_ho_001,191
2024,다사70b29b,to_ho_001,871
2024,다사70b30a,to_ho_001,511
2024,다사70b30b,to_ho_001,8
2024,다사70b31a,to_ho_001,645
2024,다사70b31b,to_ho_001,5
2024,다사70b34b,to_ho_001,219
2024,다사70b35a,to_ho_001,5
2024,다사70b36a,to_ho_001,5
2024,다사70b37a,to_ho_001,5
2024,다사70b37b,to_ho_001,2036
2024,다사70b38a,to_ho_001,3386
2024,다사70b38b,to_ho_001,1124
2024,다사70b39a,to_ho_001,2640
2024,다사70b39b,to_ho_001,3245
2024,다사70b40a,to_ho_001,2334
2024,다사70b40b,to_ho_001,302
2024,다사70b44b,to_ho_001,155
2024,다사70b46a,to_ho_001,8
2024,다사70b46b,to_ho_001,0
2024,다사70b47a,to_ho_001,8
2024,다사70b47b,to_ho_001,8
2024,다사70b48a,to_ho_001,13
2024,다사70b48b,to_ho_001,29
2024,다사70b49a,to_ho_001,30
2024,다사70b49b,to_ho_001,1391
2024,다사70b50a,to_ho_001,3993
2024,다사70b50b,to_ho_001,4498
2024,다사70b51a,to_ho_001,1682
2024,다사70b51b,to_ho_001,787
2024,다사70b52a,to_ho_001,1230
2024,다사70b52b,to_ho_001,115
2024,다사70b53a,to_ho_001,23
2024,다사70b54a,to_ho_001,13
2024,다사70b54b,to_ho_001,13
2024,다사70b55a,to_ho_001,1775
2024,다사70b55b,to_ho_001,958
2024,다사70b56a,to_ho_001,674
2024,다사70b56b,to_ho_001,412
2024,다사70b57a,to_ho_001,136
2024,다사70b57b,to_ho_001,1431
2024,다사70b58a,to_ho_001,111
2024,다사70b59a,to_ho_001,5
2024,다사70b59b,to_ho_001,23
2024,다사70b60a,to_ho_001,5
2024,다사70b60b,to_ho_001,0
2024,다사70b61a,to_ho_001,40
2024,다사70b62a,to_ho_001,5
2024,다사70b62b,to_ho_001,8
2024,다사70b63a,to_ho_001,18
2024,다사70b63b,to_ho_001,13
2024,다사70b64a,to_ho_001,13
2024,다사70b64b,to_ho_001,5
2024,다사70b65a,to_ho_001,5
2024,다사70b67a,to_ho_001,388
2024,다사70b67b,to_ho_001,774
2024,다사70b68a,to_ho_001,5
2024,다사70b69a,to_ho_001,49
2024,다사70b69b,to_ho_001,5
2024,다사70b73a,to_ho_001,5
2024,다사70b73b,to_ho_001,33
2024,다사70b74a,to_ho_001,43
2024,다사70b74b,to_ho_001,102
2024,다사70b75a,to_ho_001,48
2024,다사70b75b,to_ho_001,44
2024,다사70b76a,to_ho_001,13
2024,다사70b76b,to_ho_001,23
2024,다사70b77a,to_ho_001,38
2024,다사70b77b,to_ho_001,8
2024,다사70b78a,to_ho_001,8
2024,다사70b78b,to_ho_001,13
2024,다사70b79a,to_ho_001,8
2024,다사70b79b,to_ho_001,23
2024,다사70b80a,to_ho_001,5
2024,다사70b80b,to_ho_001,13
2024,다사70b81a,to_ho_001,8
2024,다사70b81b,to_ho_001,96
2024,다사70b82a,to_ho_001,37
2024,다사70b82b,to_ho_001,5
2024,다사70b83a,to_ho_001,129
2024,다사70b83b,to_ho_001,1027
2024,다사70b84a,to_ho_001,815
2024,다사70b84b,to_ho_001,117
2024,다사70b85a,to_ho_001,5
2024,다사70b85b,to_ho_001,8
2024,다사70b86a,to_ho_001,28
2024,다사70b86b,to_ho_001,23
2024,다사70b87a,to_ho_001,0
2024,다사70b87b,to_ho_001,5
2024,다사70b90b,to_ho_001,0
2024,다사70b91a,to_ho_001,8
2024,다사70b91b,to_ho_001,8
2024,다사70b92b,to_ho_001,8
2024,다사70b93a,to_ho_001,8
2024,다사70b93b,to_ho_001,5
2024,다사70b95a,to_ho_001,0
2024,다사70b96b,to_ho_001,5
2024,다사70b97a,to_ho_001,8
2024,다사70b99b,to_ho_001,8
2024,다사71a00a,to_ho_001,8
2024,다사71a00b,to_ho_001,5
2024,다사71a01a,to_ho_001,5
2024,다사71a01b,to_ho_001,28
2024,다사71a02a,to_ho_001,33
2024,다사71a02b,to_ho_001,13
2024,다사71a03b,to_ho_001,5
2024,다사71a04a,to_ho_001,52
2024,다사71a04b,to_ho_001,18
2024,다사71a05a,to_ho_001,0
2024,다사71a05b,to_ho_001,8
2024,다사71a06a,to_ho_001,978
2024,다사71a06b,to_ho_001,1457
2024,다사71a07a,to_ho_001,23
2024,다사71a07b,to_ho_001,5
2024,다사71a08a,to_ho_001,0
2024,다사71a08b,to_ho_001,0
2024,다사71a09b,to_ho_001,0
2024,다사71a10a,to_ho_001,5
2024,다사71a10b,to_ho_001,23
2024,다사71a11b,to_ho_001,23
2024,다사71a12a,to_ho_001,0
2024,다사71a14a,to_ho_001,77
2024,다사71a14b,to_ho_001,5
2024,다사71a15a,to_ho_001,59
2024,다사71a15b,to_ho_001,270
2024,다사71a19a,to_ho_001,0
2024,다사71a20a,to_ho_001,5
2024,다사71a24a,to_ho_001,18
2024,다사71a24b,to_ho_001,23
2024,다사71a25a,to_ho_001,34
2024,다사71a25b,to_ho_001,8
2024,다사71a26a,to_ho_001,43
2024,다사71a26b,to_ho_001,330
2024,다사71a27a,to_ho_001,540
2024,다사71a27b,to_ho_001,403
2024,다사71a28a,to_ho_001,136
2024,다사71a29a,to_ho_001,45
2024,다사71a29b,to_ho_001,35
2024,다사71a30a,to_ho_001,12
2024,다사71a30b,to_ho_001,92
2024,다사71a31a,to_ho_001,588
2024,다사71a31b,to_ho_001,38
2024,다사71a35b,to_ho_001,8
2024,다사71a36a,to_ho_001,62
2024,다사71a37a,to_ho_001,199
2024,다사71a38b,to_ho_001,660
2024,다사71a39a,to_ho_001,662
2024,다사71a42b,to_ho_001,0
2024,다사71a46a,to_ho_001,26
2024,다사71a46b,to_ho_001,32
2024,다사71a47a,to_ho_001,8
2024,다사71a47b,to_ho_001,23
2024,다사71a48a,to_ho_001,13
2024,다사71a48b,to_ho_001,59
2024,다사71a49a,to_ho_001,90
2024,다사71a49b,to_ho_001,140
2024,다사71a50a,to_ho_001,2120
2024,다사71a50b,to_ho_001,703
2024,다사71a51a,to_ho_001,1133
2024,다사71a51b,to_ho_001,1378
2024,다사71a52a,to_ho_001,2726
2024,다사71a52b,to_ho_001,2622
2024,다사71a54a,to_ho_001,25
2024,다사71a54b,to_ho_001,13
2024,다사71a55a,to_ho_001,525
2024,다사71a55b,to_ho_001,1249
2024,다사71a56a,to_ho_001,987
2024,다사71a57a,to_ho_001,76
2024,다사71a57b,to_ho_001,8
2024,다사71a58a,to_ho_001,8
2024,다사71a58b,to_ho_001,8
2024,다사71a59a,to_ho_001,5
2024,다사71a60a,to_ho_001,0
2024,다사71a60b,to_ho_001,5
2024,다사71a61a,to_ho_001,18
2024,다사71a61b,to_ho_001,133
2024,다사71a62a,to_ho_001,1401
2024,다사71a62b,to_ho_001,13
2024,다사71a63b,to_ho_001,0
2024,다사71a64a,to_ho_001,0
2024,다사71a64b,to_ho_001,28
2024,다사71a65a,to_ho_001,5
2024,다사71a65b,to_ho_001,5
2024,다사71a66a,to_ho_001,8
2024,다사71a67b,to_ho_001,5
2024,다사71a68a,to_ho_001,95
2024,다사71a68b,to_ho_001,249
2024,다사71a69a,to_ho_001,88
2024,다사71a69b,to_ho_001,83
2024,다사71a70a,to_ho_001,52
2024,다사71a73b,to_ho_001,28
2024,다사71a74a,to_ho_001,48
2024,다사71a74b,to_ho_001,60
2024,다사71a75a,to_ho_001,23
2024,다사71a75b,to_ho_001,18
2024,다사71a77a,to_ho_001,5
2024,다사71a77b,to_ho_001,0
2024,다사71a78a,to_ho_001,38
2024,다사71a78b,to_ho_001,38
2024,다사71a79a,to_ho_001,23
2024,다사71a79b,to_ho_001,8
2024,다사71a80a,to_ho_001,13
2024,다사71a80b,to_ho_001,13
2024,다사71a81a,to_ho_001,13
2024,다사71a81b,to_ho_001,18
2024,다사71a82a,to_ho_001,33
2024,다사71a82b,to_ho_001,5
2024,다사71a83a,to_ho_001,5
2024,다사71a83b,to_ho_001,18
2024,다사71a84a,to_ho_001,5
2024,다사71a84b,to_ho_001,5
2024,다사71a85a,to_ho_001,30
2024,다사71a85b,to_ho_001,28
2024,다사71a86a,to_ho_001,23
2024,다사71a87a,to_ho_001,56
2024,다사71a88b,to_ho_001,0
2024,다사71a91a,to_ho_001,0
2024,다사71a91b,to_ho_001,18
2024,다사71a94b,to_ho_001,8
2024,다사71a95a,to_ho_001,8
2024,다사71a96b,to_ho_001,8
2024,다사71a97a,to_ho_001,5
2024,다사71a97b,to_ho_001,8
2024,다사71a98a,to_ho_001,8
2024,다사71a98b,to_ho_001,8
2024,다사71a99a,to_ho_001,5
2024,다사71a99b,to_ho_001,5
2024,다사71b00a,to_ho_001,5
2024,다사71b00b,to_ho_001,13
2024,다사71b01a,to_ho_001,8
2024,다사71b01b,to_ho_001,13
2024,다사71b02a,to_ho_001,23
2024,다사71b03a,to_ho_001,5
2024,다사71b03b,to_ho_001,5
2024,다사71b05b,to_ho_001,13
2024,다사71b06a,to_ho_001,13
2024,다사71b06b,to_ho_001,8
2024,다사71b07a,to_ho_001,5
2024,다사71b07b,to_ho_001,5
2024,다사71b08a,to_ho_001,28
2024,다사71b10a,to_ho_001,5
2024,다사71b10b,to_ho_001,8
2024,다사71b11a,to_ho_001,8
2024,다사71b11b,to_ho_001,18
2024,다사71b12a,to_ho_001,8
2024,다사71b13b,to_ho_001,5
2024,다사71b14a,to_ho_001,262
2024,다사71b14b,to_ho_001,1443
2024,다사71b15a,to_ho_001,13
2024,다사71b15b,to_ho_001,20
2024,다사71b16a,to_ho_001,13
2024,다사71b17b,to_ho_001,5
2024,다사71b18a,to_ho_001,18
2024,다사71b18b,to_ho_001,28
2024,다사71b19a,to_ho_001,5
2024,다사71b19b,to_ho_001,13
2024,다사71b22a,to_ho_001,5
2024,다사71b25b,to_ho_001,18
2024,다사71b26a,to_ho_001,38
2024,다사71b26b,to_ho_001,23
2024,다사71b27a,to_ho_001,1108
2024,다사71b27b,to_ho_001,984
2024,다사71b28a,to_ho_001,27
2024,다사71b30b,to_ho_001,23
2024,다사71b31a,to_ho_001,35
2024,다사71b33a,to_ho_001,20
2024,다사71b33b,to_ho_001,8
2024,다사71b36a,to_ho_001,8
2024,다사71b37a,to_ho_001,460
2024,다사71b37b,to_ho_001,637
2024,다사71b38a,to_ho_001,917
2024,다사71b38b,to_ho_001,142
2024,다사71b41b,to_ho_001,5
2024,다사71b42a,to_ho_001,28
2024,다사71b42b,to_ho_001,5
2024,다사71b46b,to_ho_001,8
2024,다사71b47a,to_ho_001,0
2024,다사71b47b,to_ho_001,0
2024,다사71b48a,to_ho_001,13
2024,다사71b48b,to_ho_001,161
2024,다사71b49a,to_ho_001,5
2024,다사71b49b,to_ho_001,18
2024,다사71b50a,to_ho_001,1798
2024,다사71b50b,to_ho_001,1853
2024,다사71b51a,to_ho_001,2397
2024,다사71b51b,to_ho_001,3193
2024,다사71b52a,to_ho_001,1853
2024,다사71b52b,to_ho_001,3084
2024,다사71b53a,to_ho_001,217
2024,다사71b54b,to_ho_001,41
2024,다사71b55a,to_ho_001,0
2024,다사71b55b,to_ho_001,450
2024,다사71b56a,to_ho_001,148
2024,다사71b56b,to_ho_001,13
2024,다사71b57a,to_ho_001,8
2024,다사71b57b,to_ho_001,37
2024,다사71b58a,to_ho_001,13
2024,다사71b58b,to_ho_001,5
2024,다사71b59a,to_ho_001,8
2024,다사71b59b,to_ho_001,28
2024,다사71b60a,to_ho_001,5
2024,다사71b61a,to_ho_001,24
2024,다사71b61b,to_ho_001,709
2024,다사71b62a,to_ho_001,2613
2024,다사71b62b,to_ho_001,5
2024,다사71b63a,to_ho_001,13
2024,다사71b64a,to_ho_001,0
2024,다사71b64b,to_ho_001,23
2024,다사71b66a,to_ho_001,8
2024,다사71b67a,to_ho_001,37
2024,다사71b68a,to_ho_001,425
2024,다사71b68b,to_ho_001,2010
2024,다사71b69a,to_ho_001,211
2024,다사71b69b,to_ho_001,49
2024,다사71b70a,to_ho_001,8
2024,다사71b78a,to_ho_001,8
2024,다사71b78b,to_ho_001,13
2024,다사71b79a,to_ho_001,13
2024,다사71b79b,to_ho_001,13
2024,다사71b80a,to_ho_001,5
2024,다사71b80b,to_ho_001,13
2024,다사71b81a,to_ho_001,18
2024,다사71b81b,to_ho_001,13
2024,다사71b82a,to_ho_001,61
2024,다사71b82b,to_ho_001,8
2024,다사71b83a,to_ho_001,93
2024,다사71b83b,to_ho_001,13
2024,다사71b84b,to_ho_001,0
2024,다사71b85a,to_ho_001,8
2024,다사71b85b,to_ho_001,5
2024,다사71b86a,to_ho_001,8
2024,다사71b86b,to_ho_001,8
2024,다사71b87a,to_ho_001,33
2024,다사71b87b,to_ho_001,18
2024,다사71b88a,to_ho_001,0
2024,다사71b88b,to_ho_001,8
2024,다사71b91b,to_ho_001,13
2024,다사71b92a,to_ho_001,23
2024,다사71b93b,to_ho_001,18
2024,다사71b94a,to_ho_001,13
2024,다사71b94b,to_ho_001,28
2024,다사71b95a,to_ho_001,23
2024,다사71b95b,to_ho_001,5
2024,다사71b96a,to_ho_001,5
2024,다사71b97a,to_ho_001,5
2024,다사71b98a,to_ho_001,0
2024,다사71b98b,to_ho_001,13
2024,다사71b99a,to_ho_001,8
2024,다사71b99b,to_ho_001,0
2024,다사72a00a,to_ho_001,8
2024,다사72a00b,to_ho_001,8
2024,다사72a01b,to_ho_001,0
2024,다사72a02a,to_ho_001,5
2024,다사72a04b,to_ho_001,0
2024,다사72a05a,to_ho_001,8
2024,다사72a05b,to_ho_001,25
2024,다사72a06a,to_ho_001,0
2024,다사72a06b,to_ho_001,5
2024,다사72a07b,to_ho_001,5
2024,다사72a08a,to_ho_001,5
2024,다사72a10b,to_ho_001,36
2024,다사72a11a,to_ho_001,19
2024,다사72a11b,to_ho_001,5
2024,다사72a12a,to_ho_001,5
2024,다사72a13b,to_ho_001,0
2024,다사72a14a,to_ho_001,143
2024,다사72a14b,to_ho_001,774
2024,다사72a15a,to_ho_001,2489
2024,다사72a15b,to_ho_001,88
2024,다사72a16a,to_ho_001,24
2024,다사72a16b,to_ho_001,5
2024,다사72a17a,to_ho_001,8
2024,다사72a17b,to_ho_001,23
2024,다사72a18a,to_ho_001,48
2024,다사72a18b,to_ho_001,8
2024,다사72a19a,to_ho_001,121
2024,다사72a19b,to_ho_001,39
2024,다사72a20a,to_ho_001,23
2024,다사72a22a,to_ho_001,0
2024,다사72a25b,to_ho_001,23
2024,다사72a26b,to_ho_001,119
2024,다사72a27a,to_ho_001,80
2024,다사72a27b,to_ho_001,18
2024,다사72a30b,to_ho_001,5
2024,다사72a31a,to_ho_001,5
2024,다사72a31b,to_ho_001,0
2024,다사72a33a,to_ho_001,8
2024,다사72a33b,to_ho_001,57
2024,다사72a41b,to_ho_001,13
2024,다사72a42a,to_ho_001,33
2024,다사72a44a,to_ho_001,5
2024,다사72a44b,to_ho_001,8
2024,다사72a45a,to_ho_001,0
2024,다사72a46b,to_ho_001,5
2024,다사72a47a,to_ho_001,8
2024,다사72a48a,to_ho_001,38
2024,다사72a48b,to_ho_001,5
2024,다사72a49a,to_ho_001,23
2024,다사72a49b,to_ho_001,50
2024,다사72a50a,to_ho_001,8
2024,다사72a50b,to_ho_001,2012
2024,다사72a51a,to_ho_001,2211
2024,다사72a51b,to_ho_001,1461
2024,다사72a52a,to_ho_001,2431
2024,다사72a52b,to_ho_001,2922
2024,다사72a53a,to_ho_001,635
2024,다사72a54b,to_ho_001,5
2024,다사72a55a,to_ho_001,0
2024,다사72a56a,to_ho_001,8
2024,다사72a56b,to_ho_001,5
2024,다사72a57a,to_ho_001,23
2024,다사72a57b,to_ho_001,13
2024,다사72a58a,to_ho_001,52
2024,다사72a58b,to_ho_001,23
2024,다사72a59a,to_ho_001,13
2024,다사72a59b,to_ho_001,18
2024,다사72a60a,to_ho_001,0
2024,다사72a60b,to_ho_001,5
2024,다사72a61a,to_ho_001,18
2024,다사72a61b,to_ho_001,255
2024,다사72a62a,to_ho_001,898
2024,다사72a63a,to_ho_001,13
2024,다사72a64b,to_ho_001,18
2024,다사72a65b,to_ho_001,5
2024,다사72a67a,to_ho_001,463
2024,다사72a67b,to_ho_001,255
2024,다사72a68a,to_ho_001,976
2024,다사72a68b,to_ho_001,1245
2024,다사72a69a,to_ho_001,413
2024,다사72a69b,to_ho_001,8
2024,다사72a70a,to_ho_001,8
2024,다사72a70b,to_ho_001,5
2024,다사72a71b,to_ho_001,5
2024,다사72a72a,to_ho_001,5
2024,다사72a73a,to_ho_001,0
2024,다사72a73b,to_ho_001,0
2024,다사72a74a,to_ho_001,13
2024,다사72a79a,to_ho_001,27
2024,다사72a79b,to_ho_001,13
2024,다사72a80a,to_ho_001,5
2024,다사72a80b,to_ho_001,5
2024,다사72a81a,to_ho_001,13
2024,다사72a81b,to_ho_001,13
2024,다사72a82a,to_ho_001,8
2024,다사72a82b,to_ho_001,37
2024,다사72a83a,to_ho_001,218
2024,다사72a83b,to_ho_001,8
2024,다사72a84a,to_ho_001,71
2024,다사72a84b,to_ho_001,0
2024,다사72a85b,to_ho_001,13
2024,다사72a86a,to_ho_001,33
2024,다사72a86b,to_ho_001,137
2024,다사72a87a,to_ho_001,432
2024,다사72a87b,to_ho_001,38
2024,다사72a88a,to_ho_001,8
2024,다사72a88b,to_ho_001,55
2024,다사72a89a,to_ho_001,8
2024,다사72a89b,to_ho_001,0
2024,다사72a92a,to_ho_001,23
2024,다사72a92b,to_ho_001,8
2024,다사72a93a,to_ho_001,8
2024,다사72a93b,to_ho_001,85
2024,다사72a94a,to_ho_001,13
2024,다사72a94b,to_ho_001,8
2024,다사72a95a,to_ho_001,5
2024,다사72a95b,to_ho_001,5
2024,다사72a96b,to_ho_001,5
2024,다사72a97a,to_ho_001,13
2024,다사72a97b,to_ho_001,5
2024,다사72a98a,to_ho_001,8
2024,다사72a98b,to_ho_001,23
2024,다사72a99a,to_ho_001,23
2024,다사72a99b,to_ho_001,13
2024,다사72b00b,to_ho_001,19
2024,다사72b01a,to_ho_001,5
2024,다사72b04a,to_ho_001,0
2024,다사72b04b,to_ho_001,60
2024,다사72b05a,to_ho_001,0
2024,다사72b05b,to_ho_001,5
2024,다사72b06a,to_ho_001,18
2024,다사72b06b,to_ho_001,5
2024,다사72b10b,to_ho_001,5
2024,다사72b11b,to_ho_001,5
2024,다사72b13b,to_ho_001,5
2024,다사72b14a,to_ho_001,58
2024,다사72b14b,to_ho_001,276
2024,다사72b15a,to_ho_001,1625
2024,다사72b15b,to_ho_001,1688
2024,다사72b16a,to_ho_001,932
2024,다사72b16b,to_ho_001,698
2024,다사72b17a,to_ho_001,8
2024,다사72b17b,to_ho_001,8
2024,다사72b18a,to_ho_001,18
2024,다사72b19a,to_ho_001,0
2024,다사72b19b,to_ho_001,25
2024,다사72b20a,to_ho_001,18
2024,다사72b20b,to_ho_001,8
2024,다사72b25b,to_ho_001,5
2024,다사72b26a,to_ho_001,69
2024,다사72b26b,to_ho_001,35
2024,다사72b27b,to_ho_001,8
2024,다사72b28a,to_ho_001,16
2024,다사72b29a,to_ho_001,0
2024,다사72b31a,to_ho_001,18
2024,다사72b31b,to_ho_001,8
2024,다사72b32a,to_ho_001,0
2024,다사72b32b,to_ho_001,5
2024,다사72b33b,to_ho_001,8
2024,다사72b34b,to_ho_001,156
2024,다사72b40b,to_ho_001,5
2024,다사72b41a,to_ho_001,5
2024,다사72b41b,to_ho_001,5
2024,다사72b42a,to_ho_001,5
2024,다사72b43a,to_ho_001,5
2024,다사72b43b,to_ho_001,29
2024,다사72b44a,to_ho_001,8
2024,다사72b44b,to_ho_001,8
2024,다사72b45a,to_ho_001,5
2024,다사72b45b,to_ho_001,0
2024,다사72b46a,to_ho_001,13
2024,다사72b46b,to_ho_001,13
2024,다사72b47a,to_ho_001,28
2024,다사72b47b,to_ho_001,8
2024,다사72b48a,to_ho_001,5
2024,다사72b48b,to_ho_001,5
2024,다사72b49a,to_ho_001,287
2024,다사72b49b,to_ho_001,125
2024,다사72b50b,to_ho_001,1395
2024,다사72b51a,to_ho_001,1137
2024,다사72b51b,to_ho_001,460
2024,다사72b52a,to_ho_001,3566
2024,다사72b52b,to_ho_001,1990
2024,다사72b53a,to_ho_001,29
2024,다사72b54b,to_ho_001,0
2024,다사72b55a,to_ho_001,13
2024,다사72b55b,to_ho_001,8
2024,다사72b56a,to_ho_001,8
2024,다사72b56b,to_ho_001,5
2024,다사72b57a,to_ho_001,18
2024,다사72b57b,to_ho_001,28
2024,다사72b58a,to_ho_001,38
2024,다사72b58b,to_ho_001,28
2024,다사72b59a,to_ho_001,8
2024,다사72b59b,to_ho_001,8
2024,다사72b60a,to_ho_001,8
2024,다사72b60b,to_ho_001,0
2024,다사72b61a,to_ho_001,100
2024,다사72b61b,to_ho_001,5
2024,다사72b62a,to_ho_001,5
2024,다사72b62b,to_ho_001,0
2024,다사72b63b,to_ho_001,8
2024,다사72b64a,to_ho_001,18
2024,다사72b64b,to_ho_001,28
2024,다사72b65a,to_ho_001,5
2024,다사72b65b,to_ho_001,13
2024,다사72b66a,to_ho_001,28
2024,다사72b66b,to_ho_001,1118
2024,다사72b67a,to_ho_001,131
2024,다사72b67b,to_ho_001,95
2024,다사72b68a,to_ho_001,1199
2024,다사72b68b,to_ho_001,471
2024,다사72b69a,to_ho_001,633
2024,다사72b69b,to_ho_001,1092
2024,다사72b70a,to_ho_001,1155
2024,다사72b70b,to_ho_001,13
2024,다사72b71b,to_ho_001,5
2024,다사72b72a,to_ho_001,23
2024,다사72b72b,to_ho_001,5
2024,다사72b73a,to_ho_001,34
2024,다사72b73b,to_ho_001,5
2024,다사72b74a,to_ho_001,48
2024,다사72b79a,to_ho_001,5
2024,다사72b79b,to_ho_001,28
2024,다사72b80a,to_ho_001,5
2024,다사72b80b,to_ho_001,23
2024,다사72b81a,to_ho_001,8
2024,다사72b81b,to_ho_001,18
2024,다사72b82a,to_ho_001,5
2024,다사72b82b,to_ho_001,28
2024,다사72b83a,to_ho_001,292
2024,다사72b83b,to_ho_001,8
2024,다사72b84a,to_ho_001,5
2024,다사72b84b,to_ho_001,8
2024,다사72b85a,to_ho_001,38
2024,다사72b85b,to_ho_001,18
2024,다사72b86b,to_ho_001,8
2024,다사72b87a,to_ho_001,38
2024,다사72b87b,to_ho_001,33
2024,다사72b88a,to_ho_001,466
2024,다사72b88b,to_ho_001,762
2024,다사72b89a,to_ho_001,39
2024,다사72b90a,to_ho_001,0
2024,다사72b91a,to_ho_001,5
2024,다사72b91b,to_ho_001,8
2024,다사72b92a,to_ho_001,5
2024,다사72b92b,to_ho_001,13
2024,다사72b93a,to_ho_001,8
2024,다사72b93b,to_ho_001,54
2024,다사72b94a,to_ho_001,13
2024,다사72b94b,to_ho_001,8
2024,다사72b95a,to_ho_001,18
2024,다사72b95b,to_ho_001,28
2024,다사72b96a,to_ho_001,8
2024,다사72b96b,to_ho_001,8
2024,다사72b97a,to_ho_001,5
2024,다사72b98b,to_ho_001,8
2024,다사72b99a,to_ho_001,13
2024,다사72b99b,to_ho_001,13
2024,다사73a01a,to_ho_001,5
2024,다사73a04a,to_ho_001,759
2024,다사73a04b,to_ho_001,251
2024,다사73a05a,to_ho_001,5
2024,다사73a05b,to_ho_001,5
2024,다사73a06a,to_ho_001,5
2024,다사73a07a,to_ho_001,5
2024,다사73a07b,to_ho_001,55
2024,다사73a08a,to_ho_001,44
2024,다사73a08b,to_ho_001,0
2024,다사73a10a,to_ho_001,28
2024,다사73a10b,to_ho_001,38
2024,다사73a11a,to_ho_001,0
2024,다사73a11b,to_ho_001,5
2024,다사73a12a,to_ho_001,8
2024,다사73a12b,to_ho_001,65
2024,다사73a13a,to_ho_001,49
2024,다사73a13b,to_ho_001,0
2024,다사73a14a,to_ho_001,23
2024,다사73a14b,to_ho_001,1168
2024,다사73a15a,to_ho_001,2022
2024,다사73a15b,to_ho_001,1470
2024,다사73a16a,to_ho_001,832
2024,다사73a16b,to_ho_001,94
2024,다사73a17b,to_ho_001,120
2024,다사73a18a,to_ho_001,13
2024,다사73a18b,to_ho_001,18
2024,다사73a19a,to_ho_001,5
2024,다사73a19b,to_ho_001,43
2024,다사73a20a,to_ho_001,18
2024,다사73a20b,to_ho_001,0
2024,다사73a26a,to_ho_001,58
2024,다사73a26b,to_ho_001,69
2024,다사73a27a,to_ho_001,284
2024,다사73a28a,to_ho_001,5
2024,다사73a28b,to_ho_001,5
2024,다사73a31a,to_ho_001,75
2024,다사73a31b,to_ho_001,43
2024,다사73a32a,to_ho_001,5
2024,다사73a34a,to_ho_001,542
2024,다사73a34b,to_ho_001,920
2024,다사73a35a,to_ho_001,45
2024,다사73a40b,to_ho_001,8
2024,다사73a43b,to_ho_001,0
2024,다사73a44a,to_ho_001,8
2024,다사73a44b,to_ho_001,18
2024,다사73a45a,to_ho_001,5
2024,다사73a45b,to_ho_001,8
2024,다사73a46a,to_ho_001,13
2024,다사73a46b,to_ho_001,18
2024,다사73a47a,to_ho_001,23
2024,다사73a47b,to_ho_001,13
2024,다사73a48a,to_ho_001,2049
2024,다사73a48b,to_ho_001,1552
2024,다사73a49a,to_ho_001,2472
2024,다사73a49b,to_ho_001,412
2024,다사73a50a,to_ho_001,428
2024,다사73a50b,to_ho_001,1858
2024,다사73a51a,to_ho_001,3167
2024,다사73a51b,to_ho_001,2746
2024,다사73a52a,to_ho_001,8
2024,다사73a52b,to_ho_001,0
2024,다사73a54b,to_ho_001,5
2024,다사73a55a,to_ho_001,38
2024,다사73a55b,to_ho_001,5
2024,다사73a56a,to_ho_001,13
2024,다사73a56b,to_ho_001,38
2024,다사73a57a,to_ho_001,144
2024,다사73a57b,to_ho_001,8
2024,다사73a58a,to_ho_001,5
2024,다사73a58b,to_ho_001,5
2024,다사73a59a,to_ho_001,236
2024,다사73a59b,to_ho_001,80
2024,다사73a60a,to_ho_001,5
2024,다사73a60b,to_ho_001,5
2024,다사73a61a,to_ho_001,8
2024,다사73a61b,to_ho_001,5
2024,다사73a63b,to_ho_001,206
2024,다사73a64a,to_ho_001,0
2024,다사73a64b,to_ho_001,18
2024,다사73a65a,to_ho_001,5
2024,다사73a66a,to_ho_001,656
2024,다사73a66b,to_ho_001,2017
2024,다사73a67a,to_ho_001,421
2024,다사73a67b,to_ho_001,280
2024,다사73a68a,to_ho_001,2242
2024,다사73a68b,to_ho_001,1599
2024,다사73a69a,to_ho_001,478
2024,다사73a69b,to_ho_001,2246
2024,다사73a70a,to_ho_001,506
2024,다사73a70b,to_ho_001,1424
2024,다사73a71a,to_ho_001,838
2024,다사73a71b,to_ho_001,60
2024,다사73a72a,to_ho_001,5
2024,다사73a72b,to_ho_001,18
2024,다사73a73a,to_ho_001,13
2024,다사73a73b,to_ho_001,5
2024,다사73a74a,to_ho_001,23
2024,다사73a74b,to_ho_001,5
2024,다사73a79a,to_ho_001,0
2024,다사73a79b,to_ho_001,23
2024,다사73a80a,to_ho_001,5
2024,다사73a80b,to_ho_001,5
2024,다사73a81a,to_ho_001,8
2024,다사73a82a,to_ho_001,8
2024,다사73a82b,to_ho_001,8
2024,다사73a83a,to_ho_001,5
2024,다사73a83b,to_ho_001,5
2024,다사73a84a,to_ho_001,8
2024,다사73a84b,to_ho_001,13
2024,다사73a85a,to_ho_001,13
2024,다사73a85b,to_ho_001,63
2024,다사73a86a,to_ho_001,8
2024,다사73a86b,to_ho_001,8
2024,다사73a87a,to_ho_001,845
2024,다사73a87b,to_ho_001,364
2024,다사73a88a,to_ho_001,1380
2024,다사73a88b,to_ho_001,571
2024,다사73a89a,to_ho_001,57
2024,다사73a89b,to_ho_001,25
2024,다사73a90a,to_ho_001,48
2024,다사73a93a,to_ho_001,13
2024,다사73a93b,to_ho_001,5
2024,다사73a94a,to_ho_001,8
2024,다사73a94b,to_ho_001,13
2024,다사73a95a,to_ho_001,0
2024,다사73a95b,to_ho_001,5
2024,다사73a96a,to_ho_001,8
2024,다사73a96b,to_ho_001,8
2024,다사73a97a,to_ho_001,5
2024,다사73a98a,to_ho_001,23
2024,다사73a98b,to_ho_001,5
2024,다사73a99a,to_ho_001,5
2024,다사73b01a,to_ho_001,5
2024,다사73b01b,to_ho_001,5
2024,다사73b02b,to_ho_001,5
2024,다사73b03a,to_ho_001,18
2024,다사73b03b,to_ho_001,35
2024,다사73b04a,to_ho_001,240
2024,다사73b04b,to_ho_001,65
2024,다사73b05a,to_ho_001,8
2024,다사73b06a,to_ho_001,28
2024,다사73b06b,to_ho_001,0
2024,다사73b07a,to_ho_001,0
2024,다사73b08a,to_ho_001,166
2024,다사73b08b,to_ho_001,0
2024,다사73b09a,to_ho_001,33
2024,다사73b09b,to_ho_001,86
2024,다사73b10a,to_ho_001,843
2024,다사73b10b,to_ho_001,243
2024,다사73b11a,to_ho_001,228
2024,다사73b11b,to_ho_001,178
2024,다사73b12a,to_ho_001,13
2024,다사73b12b,to_ho_001,5
2024,다사73b13a,to_ho_001,45
2024,다사73b13b,to_ho_001,13
2024,다사73b14a,to_ho_001,30
2024,다사73b14b,to_ho_001,869
2024,다사73b15a,to_ho_001,959
2024,다사73b15b,to_ho_001,802
2024,다사73b16a,to_ho_001,41
2024,다사73b17b,to_ho_001,64
2024,다사73b18a,to_ho_001,8
2024,다사73b18b,to_ho_001,672
2024,다사73b19a,to_ho_001,43
2024,다사73b19b,to_ho_001,30
2024,다사73b20a,to_ho_001,18
2024,다사73b20b,to_ho_001,18
2024,다사73b26a,to_ho_001,196
2024,다사73b26b,to_ho_001,163
2024,다사73b27a,to_ho_001,152
2024,다사73b27b,to_ho_001,52
2024,다사73b28a,to_ho_001,55
2024,다사73b28b,to_ho_001,33
2024,다사73b29a,to_ho_001,0
2024,다사73b30b,to_ho_001,0
2024,다사73b31a,to_ho_001,32
2024,다사73b31b,to_ho_001,47
2024,다사73b32a,to_ho_001,5
2024,다사73b33a,to_ho_001,0
2024,다사73b33b,to_ho_001,29
2024,다사73b34a,to_ho_001,89
2024,다사73b34b,to_ho_001,449
2024,다사73b35a,to_ho_001,719
2024,다사73b35b,to_ho_001,394
2024,다사73b36b,to_ho_001,67
2024,다사73b37a,to_ho_001,364
2024,다사73b37b,to_ho_001,30
2024,다사73b39b,to_ho_001,0
2024,다사73b40b,to_ho_001,26
2024,다사73b41a,to_ho_001,14
2024,다사73b41b,to_ho_001,5
2024,다사73b45a,to_ho_001,5
2024,다사73b45b,to_ho_001,13
2024,다사73b46a,to_ho_001,13
2024,다사73b46b,to_ho_001,8
2024,다사73b47a,to_ho_001,8
2024,다사73b47b,to_ho_001,5
2024,다사73b48a,to_ho_001,913
2024,다사73b48b,to_ho_001,2107
2024,다사73b49a,to_ho_001,2494
2024,다사73b49b,to_ho_001,738
2024,다사73b50a,to_ho_001,1448
2024,다사73b50b,to_ho_001,826
2024,다사73b51a,to_ho_001,101
2024,다사73b51b,to_ho_001,15
2024,다사73b52a,to_ho_001,55
2024,다사73b52b,to_ho_001,23
2024,다사73b53a,to_ho_001,5
2024,다사73b54b,to_ho_001,13
2024,다사73b55a,to_ho_001,18
2024,다사73b55b,to_ho_001,13
2024,다사73b56a,to_ho_001,5
2024,다사73b56b,to_ho_001,8
2024,다사73b57a,to_ho_001,13
2024,다사73b57b,to_ho_001,5
2024,다사73b58a,to_ho_001,49
2024,다사73b58b,to_ho_001,1507
2024,다사73b59a,to_ho_001,1355
2024,다사73b59b,to_ho_001,409
2024,다사73b60a,to_ho_001,23
2024,다사73b60b,to_ho_001,23
2024,다사73b61a,to_ho_001,13
2024,다사73b62a,to_ho_001,5
2024,다사73b62b,to_ho_001,8
2024,다사73b63a,to_ho_001,39
2024,다사73b63b,to_ho_001,311
2024,다사73b64b,to_ho_001,8
2024,다사73b65a,to_ho_001,5
2024,다사73b65b,to_ho_001,13
2024,다사73b66a,to_ho_001,1689
2024,다사73b66b,to_ho_001,425
2024,다사73b67a,to_ho_001,569
2024,다사73b67b,to_ho_001,532
2024,다사73b68a,to_ho_001,913
2024,다사73b68b,to_ho_001,544
2024,다사73b69a,to_ho_001,445
2024,다사73b69b,to_ho_001,5
2024,다사73b70a,to_ho_001,118
2024,다사73b70b,to_ho_001,1115
2024,다사73b71a,to_ho_001,1059
2024,다사73b71b,to_ho_001,543
2024,다사73b72a,to_ho_001,153
2024,다사73b72b,to_ho_001,30
2024,다사73b73a,to_ho_001,8
2024,다사73b73b,to_ho_001,8
2024,다사73b74a,to_ho_001,0
2024,다사73b74b,to_ho_001,8
2024,다사73b75a,to_ho_001,5
2024,다사73b75b,to_ho_001,8
2024,다사73b76a,to_ho_001,0
2024,다사73b76b,to_ho_001,0
2024,다사73b78b,to_ho_001,0
2024,다사73b79a,to_ho_001,8
2024,다사73b79b,to_ho_001,8
2024,다사73b80a,to_ho_001,18
2024,다사73b80b,to_ho_001,5
2024,다사73b81a,to_ho_001,5
2024,다사73b81b,to_ho_001,18
2024,다사73b82a,to_ho_001,33
2024,다사73b82b,to_ho_001,5
2024,다사73b83a,to_ho_001,5
2024,다사73b83b,to_ho_001,18
2024,다사73b84a,to_ho_001,23
2024,다사73b84b,to_ho_001,18
2024,다사73b85a,to_ho_001,13
2024,다사73b85b,to_ho_001,8
2024,다사73b86b,to_ho_001,271
2024,다사73b87a,to_ho_001,295
2024,다사73b87b,to_ho_001,1172
2024,다사73b88a,to_ho_001,180
2024,다사73b88b,to_ho_001,605
2024,다사73b89a,to_ho_001,977
2024,다사73b89b,to_ho_001,219
2024,다사73b90a,to_ho_001,50
2024,다사73b90b,to_ho_001,5
2024,다사73b92a,to_ho_001,5
2024,다사73b93a,to_ho_001,8
2024,다사73b93b,to_ho_001,8
2024,다사73b94a,to_ho_001,5
2024,다사73b94b,to_ho_001,5
2024,다사73b96a,to_ho_001,5
2024,다사73b96b,to_ho_001,0
2024,다사73b97a,to_ho_001,5
2024,다사73b97b,to_ho_001,28
2024,다사73b98a,to_ho_001,5
2024,다사73b98b,to_ho_001,5
2024,다사73b99a,to_ho_001,5
2024,다사73b99b,to_ho_001,0
2024,다사74a00b,to_ho_001,8
2024,다사74a01a,to_ho_001,8
2024,다사74a01b,to_ho_001,8
2024,다사74a02a,to_ho_001,0
2024,다사74a02b,to_ho_001,5
2024,다사74a03a,to_ho_001,23
2024,다사74a03b,to_ho_001,0
2024,다사74a04a,to_ho_001,0
2024,다사74a04b,to_ho_001,5
2024,다사74a05a,to_ho_001,36
2024,다사74a05b,to_ho_001,5
2024,다사74a06a,to_ho_001,66
2024,다사74a06b,to_ho_001,18
2024,다사74a07a,to_ho_001,23
2024,다사74a08b,to_ho_001,28
2024,다사74a09a,to_ho_001,13
2024,다사74a09b,to_ho_001,5
2024,다사74a10a,to_ho_001,431
2024,다사74a10b,to_ho_001,370
2024,다사74a11a,to_ho_001,495
2024,다사74a11b,to_ho_001,301
2024,다사74a12a,to_ho_001,13
2024,다사74a12b,to_ho_001,179
2024,다사74a13a,to_ho_001,256
2024,다사74a13b,to_ho_001,113
2024,다사74a14a,to_ho_001,259
2024,다사74a14b,to_ho_001,859
2024,다사74a15a,to_ho_001,1463
2024,다사74a15b,to_ho_001,82
2024,다사74a16a,to_ho_001,8
2024,다사74a16b,to_ho_001,13
2024,다사74a17a,to_ho_001,5
2024,다사74a17b,to_ho_001,117
2024,다사74a18a,to_ho_001,176
2024,다사74a18b,to_ho_001,160
2024,다사74a19a,to_ho_001,686
2024,다사74a19b,to_ho_001,34
2024,다사74a20a,to_ho_001,78
2024,다사74a20b,to_ho_001,126
2024,다사74a21a,to_ho_001,5
2024,다사74a24a,to_ho_001,23
2024,다사74a26a,to_ho_001,448
2024,다사74a26b,to_ho_001,257
2024,다사74a27a,to_ho_001,430
2024,다사74a27b,to_ho_001,383
2024,다사74a28a,to_ho_001,478
2024,다사74a28b,to_ho_001,75
2024,다사74a30b,to_ho_001,0
2024,다사74a31b,to_ho_001,0
2024,다사74a32b,to_ho_001,0
2024,다사74a33a,to_ho_001,8
2024,다사74a33b,to_ho_001,150
2024,다사74a34a,to_ho_001,70
2024,다사74a35a,to_ho_001,167
2024,다사74a36b,to_ho_001,380
2024,다사74a37a,to_ho_001,585
2024,다사74a37b,to_ho_001,319
2024,다사74a39a,to_ho_001,25
2024,다사74a39b,to_ho_001,37
2024,다사74a40b,to_ho_001,13
2024,다사74a41a,to_ho_001,5
2024,다사74a41b,to_ho_001,0
2024,다사74a42b,to_ho_001,0
2024,다사74a45a,to_ho_001,0
2024,다사74a46b,to_ho_001,18
2024,다사74a47a,to_ho_001,8
2024,다사74a47b,to_ho_001,13
2024,다사74a48a,to_ho_001,13
2024,다사74a48b,to_ho_001,1487
2024,다사74a49a,to_ho_001,2046
2024,다사74a49b,to_ho_001,2497
2024,다사74a50a,to_ho_001,683
2024,다사74a50b,to_ho_001,5
2024,다사74a51a,to_ho_001,0
2024,다사74a51b,to_ho_001,32
2024,다사74a53b,to_ho_001,364
2024,다사74a54a,to_ho_001,2327
2024,다사74a54b,to_ho_001,8
2024,다사74a55a,to_ho_001,5
2024,다사74a55b,to_ho_001,8
2024,다사74a56a,to_ho_001,8
2024,다사74a56b,to_ho_001,8
2024,다사74a57a,to_ho_001,5
2024,다사74a58a,to_ho_001,8
2024,다사74a58b,to_ho_001,8
2024,다사74a59a,to_ho_001,83
2024,다사74a59b,to_ho_001,1139
2024,다사74a60a,to_ho_001,13
2024,다사74a60b,to_ho_001,0
2024,다사74a62a,to_ho_001,8
2024,다사74a63a,to_ho_001,78
2024,다사74a63b,to_ho_001,0
2024,다사74a64a,to_ho_001,695
2024,다사74a64b,to_ho_001,674
2024,다사74a65a,to_ho_001,717
2024,다사74a65b,to_ho_001,1045
2024,다사74a66a,to_ho_001,1099
2024,다사74a66b,to_ho_001,53
2024,다사74a67a,to_ho_001,13
2024,다사74a67b,to_ho_001,5
2024,다사74a68a,to_ho_001,77
2024,다사74a68b,to_ho_001,43
2024,다사74a69a,to_ho_001,1819
2024,다사74a69b,to_ho_001,1349
2024,다사74a70a,to_ho_001,18
2024,다사74a70b,to_ho_001,5
2024,다사74a71b,to_ho_001,226
2024,다사74a72a,to_ho_001,138
2024,다사74a72b,to_ho_001,18
2024,다사74a75b,to_ho_001,18
2024,다사74a76a,to_ho_001,18
2024,다사74a76b,to_ho_001,28
2024,다사74a77b,to_ho_001,0
2024,다사74a78a,to_ho_001,8
2024,다사74a78b,to_ho_001,13
2024,다사74a79a,to_ho_001,13
2024,다사74a80b,to_ho_001,5
2024,다사74a81a,to_ho_001,5
2024,다사74a81b,to_ho_001,5
2024,다사74a82a,to_ho_001,0
2024,다사74a82b,to_ho_001,38
2024,다사74a83a,to_ho_001,28
2024,다사74a83b,to_ho_001,5
2024,다사74a84a,to_ho_001,8
2024,다사74a84b,to_ho_001,13
2024,다사74a85a,to_ho_001,13
2024,다사74a85b,to_ho_001,5
2024,다사74a86a,to_ho_001,8
2024,다사74a86b,to_ho_001,5
2024,다사74a87a,to_ho_001,18
2024,다사74a87b,to_ho_001,273
2024,다사74a88a,to_ho_001,247
2024,다사74a88b,to_ho_001,109
2024,다사74a89a,to_ho_001,1008
2024,다사74a89b,to_ho_001,188
2024,다사74a90a,to_ho_001,38
2024,다사74a90b,to_ho_001,13
2024,다사74a91a,to_ho_001,8
2024,다사74a91b,to_ho_001,5
2024,다사74a92a,to_ho_001,5
2024,다사74a92b,to_ho_001,5
2024,다사74a94a,to_ho_001,0
2024,다사74a94b,to_ho_001,8
2024,다사74a95a,to_ho_001,5
2024,다사74a95b,to_ho_001,13
2024,다사74a96a,to_ho_001,8
2024,다사74a96b,to_ho_001,8
2024,다사74a97a,to_ho_001,13
2024,다사74a97b,to_ho_001,8
2024,다사74a98a,to_ho_001,5
2024,다사74a99a,to_ho_001,0
2024,다사74b00b,to_ho_001,23
2024,다사74b01a,to_ho_001,8
2024,다사74b01b,to_ho_001,13
2024,다사74b02b,to_ho_001,23
2024,다사74b03a,to_ho_001,13
2024,다사74b03b,to_ho_001,0
2024,다사74b04a,to_ho_001,5
2024,다사74b04b,to_ho_001,8
2024,다사74b05a,to_ho_001,33
2024,다사74b05b,to_ho_001,0
2024,다사74b06a,to_ho_001,21
2024,다사74b06b,to_ho_001,21
2024,다사74b07a,to_ho_001,13
2024,다사74b07b,to_ho_001,13
2024,다사74b08b,to_ho_001,18
2024,다사74b09a,to_ho_001,5
2024,다사74b09b,to_ho_001,358
2024,다사74b10a,to_ho_001,23
2024,다사74b10b,to_ho_001,5
2024,다사74b11a,to_ho_001,5
2024,다사74b11b,to_ho_001,0
2024,다사74b12a,to_ho_001,5
2024,다사74b12b,to_ho_001,8
2024,다사74b13a,to_ho_001,43
2024,다사74b14a,to_ho_001,25
2024,다사74b14b,to_ho_001,825
2024,다사74b15a,to_ho_001,2071
2024,다사74b15b,to_ho_001,1425
2024,다사74b16a,to_ho_001,676
2024,다사74b16b,to_ho_001,8
2024,다사74b17a,to_ho_001,1044
2024,다사74b17b,to_ho_001,2113
2024,다사74b18a,to_ho_001,1458
2024,다사74b18b,to_ho_001,1617
2024,다사74b19a,to_ho_001,980
2024,다사74b19b,to_ho_001,13
2024,다사74b20a,to_ho_001,255
2024,다사74b20b,to_ho_001,705
2024,다사74b21a,to_ho_001,48
2024,다사74b21b,to_ho_001,0
2024,다사74b23b,to_ho_001,23
2024,다사74b24a,to_ho_001,8
2024,다사74b24b,to_ho_001,13
2024,다사74b25a,to_ho_001,33
2024,다사74b25b,to_ho_001,5
2024,다사74b26b,to_ho_001,21
2024,다사74b27a,to_ho_001,90
2024,다사74b27b,to_ho_001,167
2024,다사74b28a,to_ho_001,236
2024,다사74b28b,to_ho_001,223
2024,다사74b29a,to_ho_001,331
2024,다사74b29b,to_ho_001,0
2024,다사74b30a,to_ho_001,508
2024,다사74b30b,to_ho_001,8
2024,다사74b31a,to_ho_001,0
2024,다사74b31b,to_ho_001,112
2024,다사74b32a,to_ho_001,26
2024,다사74b32b,to_ho_001,88
2024,다사74b33a,to_ho_001,298
2024,다사74b33b,to_ho_001,7
2024,다사74b34a,to_ho_001,281
2024,다사74b34b,to_ho_001,396
2024,다사74b37a,to_ho_001,504
2024,다사74b37b,to_ho_001,174
2024,다사74b39b,to_ho_001,28
2024,다사74b40a,to_ho_001,5
2024,다사74b41a,to_ho_001,5
2024,다사74b41b,to_ho_001,0
2024,다사74b42a,to_ho_001,0
2024,다사74b43a,to_ho_001,0
2024,다사74b44b,to_ho_001,0
2024,다사74b46a,to_ho_001,0
2024,다사74b46b,to_ho_001,0
2024,다사74b47b,to_ho_001,23
2024,다사74b48a,to_ho_001,86
2024,다사74b48b,to_ho_001,870
2024,다사74b49a,to_ho_001,1019
2024,다사74b49b,to_ho_001,1231
2024,다사74b50a,to_ho_001,95
2024,다사74b51a,to_ho_001,0
2024,다사74b53a,to_ho_001,1335
2024,다사74b53b,to_ho_001,2764
2024,다사74b54a,to_ho_001,1748
2024,다사74b54b,to_ho_001,507
2024,다사74b55a,to_ho_001,5
2024,다사74b55b,to_ho_001,13
2024,다사74b56a,to_ho_001,13
2024,다사74b56b,to_ho_001,38
2024,다사74b57a,to_ho_001,5
2024,다사74b57b,to_ho_001,5
2024,다사74b58a,to_ho_001,8
2024,다사74b59a,to_ho_001,241
2024,다사74b59b,to_ho_001,1697
2024,다사74b60a,to_ho_001,39
2024,다사74b62a,to_ho_001,5
2024,다사74b62b,to_ho_001,0
2024,다사74b63a,to_ho_001,8
2024,다사74b63b,to_ho_001,5
2024,다사74b64a,to_ho_001,2012
2024,다사74b64b,to_ho_001,1150
2024,다사74b65a,to_ho_001,1123
2024,다사74b65b,to_ho_001,1174
2024,다사74b66a,to_ho_001,411
2024,다사74b66b,to_ho_001,5
2024,다사74b68a,to_ho_001,8
2024,다사74b68b,to_ho_001,18
2024,다사74b69a,to_ho_001,5
2024,다사74b69b,to_ho_001,5
2024,다사74b70a,to_ho_001,13
2024,다사74b71a,to_ho_001,0
2024,다사74b71b,to_ho_001,236
2024,다사74b72a,to_ho_001,0
2024,다사74b72b,to_ho_001,13
2024,다사74b76a,to_ho_001,8
2024,다사74b76b,to_ho_001,8
2024,다사74b77a,to_ho_001,8
2024,다사74b77b,to_ho_001,18
2024,다사74b78a,to_ho_001,23
2024,다사74b78b,to_ho_001,5
2024,다사74b79a,to_ho_001,5
2024,다사74b79b,to_ho_001,5
2024,다사74b80a,to_ho_001,48
2024,다사74b80b,to_ho_001,18
2024,다사74b81b,to_ho_001,18
2024,다사74b82a,to_ho_001,8
2024,다사74b82b,to_ho_001,5
2024,다사74b83a,to_ho_001,13
2024,다사74b84a,to_ho_001,8
2024,다사74b84b,to_ho_001,23
2024,다사74b85a,to_ho_001,13
2024,다사74b85b,to_ho_001,5
2024,다사74b86a,to_ho_001,8
2024,다사74b86b,to_ho_001,8
2024,다사74b87a,to_ho_001,23
2024,다사74b87b,to_ho_001,18
2024,다사74b88a,to_ho_001,5
2024,다사74b88b,to_ho_001,28
2024,다사74b89a,to_ho_001,41
2024,다사74b89b,to_ho_001,5
2024,다사74b90a,to_ho_001,26
2024,다사74b90b,to_ho_001,57
2024,다사74b91a,to_ho_001,53
2024,다사74b91b,to_ho_001,5
2024,다사74b92b,to_ho_001,18
2024,다사74b93a,to_ho_001,8
2024,다사74b93b,to_ho_001,0
2024,다사74b95a,to_ho_001,5
2024,다사74b95b,to_ho_001,5
2024,다사74b96b,to_ho_001,8
2024,다사74b97a,to_ho_001,5
2024,다사75a00a,to_ho_001,0
2024,다사75a01a,to_ho_001,13
2024,다사75a01b,to_ho_001,23
2024,다사75a02b,to_ho_001,5
2024,다사75a03a,to_ho_001,5
2024,다사75a04a,to_ho_001,5
2024,다사75a05a,to_ho_001,8
2024,다사75a05b,to_ho_001,8
2024,다사75a06b,to_ho_001,0
2024,다사75a08b,to_ho_001,0
2024,다사75a09a,to_ho_001,5
2024,다사75a09b,to_ho_001,8
2024,다사75a10a,to_ho_001,42
2024,다사75a10b,to_ho_001,8
2024,다사75a11a,to_ho_001,5
2024,다사75a11b,to_ho_001,15
2024,다사75a12a,to_ho_001,5
2024,다사75a13a,to_ho_001,18
2024,다사75a13b,to_ho_001,8
2024,다사75a14b,to_ho_001,5
2024,다사75a15a,to_ho_001,543
2024,다사75a15b,to_ho_001,134
2024,다사75a16a,to_ho_001,1891
2024,다사75a16b,to_ho_001,1083
2024,다사75a17a,to_ho_001,8
2024,다사75a17b,to_ho_001,8
2024,다사75a18a,to_ho_001,1632
2024,다사75a18b,to_ho_001,1591
2024,다사75a19a,to_ho_001,1174
2024,다사75a19b,to_ho_001,0
2024,다사75a20a,to_ho_001,503
2024,다사75a20b,to_ho_001,236
2024,다사75a21b,to_ho_001,18
2024,다사75a22a,to_ho_001,28
2024,다사75a22b,to_ho_001,48
2024,다사75a23a,to_ho_001,18
2024,다사75a23b,to_ho_001,18
2024,다사75a24a,to_ho_001,5
2024,다사75a24b,to_ho_001,5
2024,다사75a25a,to_ho_001,33
2024,다사75a25b,to_ho_001,13
2024,다사75a26a,to_ho_001,13
2024,다사75a26b,to_ho_001,5
2024,다사75a27a,to_ho_001,37
2024,다사75a27b,to_ho_001,13
2024,다사75a28a,to_ho_001,0
2024,다사75a28b,to_ho_001,148
2024,다사75a29a,to_ho_001,296
2024,다사75a29b,to_ho_001,43
2024,다사75a30a,to_ho_001,772
2024,다사75a30b,to_ho_001,305
2024,다사75a32a,to_ho_001,8
2024,다사75a32b,to_ho_001,413
2024,다사75a33a,to_ho_001,134
2024,다사75a33b,to_ho_001,240
2024,다사75a34a,to_ho_001,31
2024,다사75a34b,to_ho_001,13
2024,다사75a35a,to_ho_001,8
2024,다사75a36a,to_ho_001,5
2024,다사75a36b,to_ho_001,8
2024,다사75a37a,to_ho_001,289
2024,다사75a40a,to_ho_001,5
2024,다사75a41a,to_ho_001,5
2024,다사75a41b,to_ho_001,8
2024,다사75a43a,to_ho_001,8
2024,다사75a44a,to_ho_001,5
2024,다사75a46b,to_ho_001,8
2024,다사75a47a,to_ho_001,5
2024,다사75a47b,to_ho_001,8
2024,다사75a48a,to_ho_001,18
2024,다사75a48b,to_ho_001,2222
2024,다사75a49a,to_ho_001,2967
2024,다사75a49b,to_ho_001,391
2024,다사75a52b,to_ho_001,354
2024,다사75a53a,to_ho_001,2039
2024,다사75a53b,to_ho_001,373
2024,다사75a54a,to_ho_001,2678
2024,다사75a54b,to_ho_001,1233
2024,다사75a55a,to_ho_001,5
2024,다사75a55b,to_ho_001,8
2024,다사75a56b,to_ho_001,5
2024,다사75a57a,to_ho_001,43
2024,다사75a57b,to_ho_001,8
2024,다사75a58a,to_ho_001,0
2024,다사75a58b,to_ho_001,5
2024,다사75a59b,to_ho_001,0
2024,다사75a60a,to_ho_001,5
2024,다사75a61a,to_ho_001,5
2024,다사75a62b,to_ho_001,5
2024,다사75a63b,to_ho_001,5
2024,다사75a64b,to_ho_001,0
2024,다사75a65b,to_ho_001,43
2024,다사75a66a,to_ho_001,58
2024,다사75a66b,to_ho_001,5
2024,다사75a67a,to_ho_001,0
2024,다사75a67b,to_ho_001,0
2024,다사75a68a,to_ho_001,0
2024,다사75a68b,to_ho_001,8
2024,다사75a70b,to_ho_001,40
2024,다사75a71a,to_ho_001,5
2024,다사75a71b,to_ho_001,581
2024,다사75a72a,to_ho_001,101
2024,다사75a72b,to_ho_001,13
2024,다사75a73a,to_ho_001,24
2024,다사75a73b,to_ho_001,5
2024,다사75a75a,to_ho_001,0
2024,다사75a75b,to_ho_001,0
2024,다사75a76a,to_ho_001,23
2024,다사75a76b,to_ho_001,18
2024,다사75a78a,to_ho_001,18
2024,다사75a78b,to_ho_001,11
2024,다사75a79b,to_ho_001,5
2024,다사75a80a,to_ho_001,8
2024,다사75a80b,to_ho_001,8
2024,다사75a81a,to_ho_001,5
2024,다사75a81b,to_ho_001,28
2024,다사75a82a,to_ho_001,13
2024,다사75a82b,to_ho_001,8
2024,다사75a83a,to_ho_001,29
2024,다사75a83b,to_ho_001,8
2024,다사75a84a,to_ho_001,28
2024,다사75a84b,to_ho_001,13
2024,다사75a85a,to_ho_001,23
2024,다사75a85b,to_ho_001,5
2024,다사75a86a,to_ho_001,23
2024,다사75a86b,to_ho_001,8
2024,다사75a87a,to_ho_001,23
2024,다사75a87b,to_ho_001,63
2024,다사75a88b,to_ho_001,8
2024,다사75a89a,to_ho_001,13
2024,다사75a89b,to_ho_001,13
2024,다사75a90a,to_ho_001,0
2024,다사75a91a,to_ho_001,8
2024,다사75a91b,to_ho_001,8
2024,다사75a92b,to_ho_001,18
2024,다사75a93a,to_ho_001,53
2024,다사75a93b,to_ho_001,18
2024,다사75a94a,to_ho_001,11
2024,다사75a95a,to_ho_001,5
2024,다사75a95b,to_ho_001,5
2024,다사75a96b,to_ho_001,5
2024,다사75b00b,to_ho_001,5
2024,다사75b01a,to_ho_001,8
2024,다사75b01b,to_ho_001,23
2024,다사75b03a,to_ho_001,8
2024,다사75b05a,to_ho_001,30
2024,다사75b05b,to_ho_001,5
2024,다사75b08a,to_ho_001,8
2024,다사75b09a,to_ho_001,8
2024,다사75b09b,to_ho_001,8
2024,다사75b13a,to_ho_001,19
2024,다사75b13b,to_ho_001,82
2024,다사75b14a,to_ho_001,8
2024,다사75b14b,to_ho_001,13
2024,다사75b15a,to_ho_001,0
2024,다사75b16a,to_ho_001,961
2024,다사75b16b,to_ho_001,217
2024,다사75b17a,to_ho_001,911
2024,다사75b17b,to_ho_001,185
2024,다사75b18a,to_ho_001,30
2024,다사75b18b,to_ho_001,692
2024,다사75b19a,to_ho_001,31
2024,다사75b19b,to_ho_001,23
2024,다사75b20a,to_ho_001,84
2024,다사75b20b,to_ho_001,13
2024,다사75b21a,to_ho_001,5
2024,다사75b21b,to_ho_001,13
2024,다사75b22a,to_ho_001,13
2024,다사75b22b,to_ho_001,13
2024,다사75b23a,to_ho_001,18
2024,다사75b23b,to_ho_001,5
2024,다사75b24b,to_ho_001,0
2024,다사75b25a,to_ho_001,13
2024,다사75b25b,to_ho_001,5
2024,다사75b26a,to_ho_001,8
2024,다사75b26b,to_ho_001,31
2024,다사75b27a,to_ho_001,92
2024,다사75b27b,to_ho_001,18
2024,다사75b28a,to_ho_001,5
2024,다사75b28b,to_ho_001,8
2024,다사75b29a,to_ho_001,5
2024,다사75b29b,to_ho_001,196
2024,다사75b30a,to_ho_001,452
2024,다사75b30b,to_ho_001,1004
2024,다사75b31a,to_ho_001,1039
2024,다사75b31b,to_ho_001,442
2024,다사75b32a,to_ho_001,1652
2024,다사75b32b,to_ho_001,1029
2024,다사75b33a,to_ho_001,5
2024,다사75b33b,to_ho_001,106
2024,다사75b34a,to_ho_001,71
2024,다사75b34b,to_ho_001,8
2024,다사75b35a,to_ho_001,8
2024,다사75b35b,to_ho_001,8
2024,다사75b36a,to_ho_001,5
2024,다사75b36b,to_ho_001,5
2024,다사75b37a,to_ho_001,305
2024,다사75b37b,to_ho_001,97
2024,다사75b38b,to_ho_001,13
2024,다사75b39a,to_ho_001,0
2024,다사75b39b,to_ho_001,18
2024,다사75b40a,to_ho_001,0
2024,다사75b41a,to_ho_001,8
2024,다사75b41b,to_ho_001,8
2024,다사75b43a,to_ho_001,5
2024,다사75b44a,to_ho_001,8
2024,다사75b44b,to_ho_001,8
2024,다사75b45a,to_ho_001,5
2024,다사75b45b,to_ho_001,49
2024,다사75b46a,to_ho_001,47
2024,다사75b46b,to_ho_001,74
2024,다사75b47a,to_ho_001,48
2024,다사75b47b,to_ho_001,50
2024,다사75b48a,to_ho_001,218
2024,다사75b48b,to_ho_001,2519
2024,다사75b49a,to_ho_001,1867
2024,다사75b52b,to_ho_001,524
2024,다사75b53a,to_ho_001,1261
2024,다사75b53b,to_ho_001,76
2024,다사75b54a,to_ho_001,384
2024,다사75b54b,to_ho_001,386
2024,다사75b55a,to_ho_001,5
2024,다사75b55b,to_ho_001,83
2024,다사75b56a,to_ho_001,104
2024,다사75b57a,to_ho_001,23
2024,다사75b57b,to_ho_001,8
2024,다사75b59b,to_ho_001,5
2024,다사75b60a,to_ho_001,0
2024,다사75b60b,to_ho_001,5
2024,다사75b61a,to_ho_001,5
2024,다사75b66a,to_ho_001,5
2024,다사75b68a,to_ho_001,8
2024,다사75b70b,to_ho_001,42
2024,다사75b71a,to_ho_001,18
2024,다사75b72a,to_ho_001,28
2024,다사75b72b,to_ho_001,8
2024,다사75b73a,to_ho_001,8
2024,다사75b73b,to_ho_001,13
2024,다사75b74a,to_ho_001,5
2024,다사75b74b,to_ho_001,8
2024,다사75b75a,to_ho_001,18
2024,다사75b75b,to_ho_001,51
2024,다사75b76a,to_ho_001,81
2024,다사75b76b,to_ho_001,8
2024,다사75b79b,to_ho_001,5
2024,다사75b80a,to_ho_001,5
2024,다사75b82a,to_ho_001,18
2024,다사75b82b,to_ho_001,8
2024,다사75b83a,to_ho_001,13
2024,다사75b83b,to_ho_001,5
2024,다사75b84a,to_ho_001,18
2024,다사75b84b,to_ho_001,18
2024,다사75b85a,to_ho_001,23
2024,다사75b85b,to_ho_001,8
2024,다사75b86a,to_ho_001,38
2024,다사75b86b,to_ho_001,37
2024,다사75b87a,to_ho_001,8
2024,다사75b87b,to_ho_001,8
2024,다사75b88a,to_ho_001,0
2024,다사75b88b,to_ho_001,5
2024,다사75b89a,to_ho_001,18
2024,다사75b89b,to_ho_001,33
2024,다사75b90a,to_ho_001,26
2024,다사75b90b,to_ho_001,467
2024,다사75b91a,to_ho_001,313
2024,다사75b91b,to_ho_001,8
2024,다사75b92a,to_ho_001,30
2024,다사75b92b,to_ho_001,8
2024,다사75b93a,to_ho_001,0
2024,다사75b93b,to_ho_001,35
2024,다사75b94a,to_ho_001,0
2024,다사75b95a,to_ho_001,15
2024,다사75b99b,to_ho_001,8
2024,다사76a00b,to_ho_001,5
2024,다사76a01a,to_ho_001,5
2024,다사76a02b,to_ho_001,8
2024,다사76a03a,to_ho_001,39
2024,다사76a03b,to_ho_001,13
2024,다사76a05a,to_ho_001,0
2024,다사76a05b,to_ho_001,5
2024,다사76a08a,to_ho_001,5
2024,다사76a08b,to_ho_001,8
2024,다사76a09a,to_ho_001,13
2024,다사76a09b,to_ho_001,18
2024,다사76a10a,to_ho_001,0
2024,다사76a10b,to_ho_001,8
2024,다사76a11a,to_ho_001,0
2024,다사76a11b,to_ho_001,28
2024,다사76a12a,to_ho_001,60
2024,다사76a12b,to_ho_001,8
2024,다사76a13a,to_ho_001,46
2024,다사76a14b,to_ho_001,58
2024,다사76a15a,to_ho_001,8
2024,다사76a16a,to_ho_001,1111
2024,다사76a16b,to_ho_001,275
2024,다사76a17a,to_ho_001,74
2024,다사76a18b,to_ho_001,0
2024,다사76a19a,to_ho_001,0
2024,다사76a19b,to_ho_001,200
2024,다사76a20a,to_ho_001,672
2024,다사76a20b,to_ho_001,74
2024,다사76a21a,to_ho_001,51
2024,다사76a21b,to_ho_001,8
2024,다사76a22a,to_ho_001,151
2024,다사76a22b,to_ho_001,0
2024,다사76a25a,to_ho_001,0
2024,다사76a26a,to_ho_001,8
2024,다사76a26b,to_ho_001,13
2024,다사76a27a,to_ho_001,64
2024,다사76a27b,to_ho_001,33
2024,다사76a28a,to_ho_001,23
2024,다사76a28b,to_ho_001,50
2024,다사76a29a,to_ho_001,8
2024,다사76a29b,to_ho_001,176
2024,다사76a30a,to_ho_001,1303
2024,다사76a30b,to_ho_001,1048
2024,다사76a31a,to_ho_001,2217
2024,다사76a31b,to_ho_001,2215
2024,다사76a32a,to_ho_001,2182
2024,다사76a32b,to_ho_001,927
2024,다사76a33a,to_ho_001,79
2024,다사76a33b,to_ho_001,387
2024,다사76a34a,to_ho_001,207
2024,다사76a34b,to_ho_001,18
2024,다사76a35a,to_ho_001,0
2024,다사76a35b,to_ho_001,66
2024,다사76a36a,to_ho_001,5
2024,다사76a36b,to_ho_001,280
2024,다사76a37a,to_ho_001,413
2024,다사76a37b,to_ho_001,207
2024,다사76a39a,to_ho_001,28
2024,다사76a39b,to_ho_001,5
2024,다사76a41a,to_ho_001,5
2024,다사76a41b,to_ho_001,8
2024,다사76a42b,to_ho_001,5
2024,다사76a43a,to_ho_001,13
2024,다사76a43b,to_ho_001,18
2024,다사76a44a,to_ho_001,55
2024,다사76a44b,to_ho_001,30
2024,다사76a45a,to_ho_001,29
2024,다사76a45b,to_ho_001,13
2024,다사76a46a,to_ho_001,5
2024,다사76a46b,to_ho_001,18
2024,다사76a47a,to_ho_001,70
2024,다사76a47b,to_ho_001,8
2024,다사76a48a,to_ho_001,74
2024,다사76a48b,to_ho_001,23
2024,다사76a49a,to_ho_001,5
2024,다사76a51a,to_ho_001,0
2024,다사76a52a,to_ho_001,0
2024,다사76a52b,to_ho_001,33
2024,다사76a53a,to_ho_001,34
2024,다사76a54a,to_ho_001,8
2024,다사76a54b,to_ho_001,18
2024,다사76a55a,to_ho_001,13
2024,다사76a55b,to_ho_001,18
2024,다사76a57a,to_ho_001,13
2024,다사76a58a,to_ho_001,5
2024,다사76a59b,to_ho_001,0
2024,다사76a60a,to_ho_001,1184
2024,다사76a60b,to_ho_001,226
2024,다사76a61a,to_ho_001,5
2024,다사76a61b,to_ho_001,5
2024,다사76a62b,to_ho_001,5
2024,다사76a65a,to_ho_001,0
2024,다사76a65b,to_ho_001,8
2024,다사76a66a,to_ho_001,0
2024,다사76a70a,to_ho_001,5
2024,다사76a70b,to_ho_001,49
2024,다사76a71a,to_ho_001,8
2024,다사76a71b,to_ho_001,5
2024,다사76a72a,to_ho_001,13
2024,다사76a72b,to_ho_001,5
2024,다사76a73a,to_ho_001,8
2024,다사76a74a,to_ho_001,18
2024,다사76a74b,to_ho_001,8
2024,다사76a75a,to_ho_001,28
2024,다사76a75b,to_ho_001,111
2024,다사76a76a,to_ho_001,205
2024,다사76a76b,to_ho_001,43
2024,다사76a77a,to_ho_001,48
2024,다사76a77b,to_ho_001,23
2024,다사76a79b,to_ho_001,0
2024,다사76a80a,to_ho_001,13
2024,다사76a80b,to_ho_001,5
2024,다사76a82b,to_ho_001,8
2024,다사76a84a,to_ho_001,5
2024,다사76a84b,to_ho_001,13
2024,다사76a85a,to_ho_001,13
2024,다사76a85b,to_ho_001,43
2024,다사76a86a,to_ho_001,40
2024,다사76a86b,to_ho_001,38
2024,다사76a87a,to_ho_001,5
2024,다사76a87b,to_ho_001,8
2024,다사76a88a,to_ho_001,8
2024,다사76a88b,to_ho_001,13
2024,다사76a89a,to_ho_001,33
2024,다사76a89b,to_ho_001,18
2024,다사76a90a,to_ho_001,8
2024,다사76a90b,to_ho_001,13
2024,다사76a91a,to_ho_001,0
2024,다사76a91b,to_ho_001,13
2024,다사76a92a,to_ho_001,45
2024,다사76a92b,to_ho_001,23
2024,다사76a93a,to_ho_001,525
2024,다사76a93b,to_ho_001,252
2024,다사76a94a,to_ho_001,39
2024,다사76a94b,to_ho_001,53
2024,다사76a95a,to_ho_001,24
2024,다사76a96b,to_ho_001,0
2024,다사76a97b,to_ho_001,5
2024,다사76a98a,to_ho_001,5
2024,다사76a98b,to_ho_001,5
2024,다사76a99a,to_ho_001,5
2024,다사76a99b,to_ho_001,5
2024,다사76b00a,to_ho_001,0
2024,다사76b00b,to_ho_001,13
2024,다사76b01a,to_ho_001,23
2024,다사76b01b,to_ho_001,5
2024,다사76b03a,to_ho_001,5
2024,다사76b03b,to_ho_001,8
2024,다사76b04a,to_ho_001,5
2024,다사76b07a,to_ho_001,0
2024,다사76b07b,to_ho_001,8
2024,다사76b08a,to_ho_001,29
2024,다사76b08b,to_ho_001,5
2024,다사76b09a,to_ho_001,23
2024,다사76b09b,to_ho_001,8
2024,다사76b11a,to_ho_001,5
2024,다사76b11b,to_ho_001,48
2024,다사76b12a,to_ho_001,23
2024,다사76b12b,to_ho_001,19
2024,다사76b13a,to_ho_001,13
2024,다사76b13b,to_ho_001,8
2024,다사76b14a,to_ho_001,18
2024,다사76b14b,to_ho_001,13
2024,다사76b15a,to_ho_001,63
2024,다사76b16b,to_ho_001,60
2024,다사76b17a,to_ho_001,5
2024,다사76b17b,to_ho_001,391
2024,다사76b18b,to_ho_001,57
2024,다사76b19a,to_ho_001,16
2024,다사76b19b,to_ho_001,5
2024,다사76b20a,to_ho_001,8
2024,다사76b20b,to_ho_001,453
2024,다사76b21a,to_ho_001,68
2024,다사76b21b,to_ho_001,486
2024,다사76b22a,to_ho_001,172
2024,다사76b22b,to_ho_001,115
2024,다사76b23a,to_ho_001,5
2024,다사76b23b,to_ho_001,0
2024,다사76b24a,to_ho_001,5
2024,다사76b24b,to_ho_001,67
2024,다사76b25a,to_ho_001,23
2024,다사76b26a,to_ho_001,121
2024,다사76b26b,to_ho_001,94
2024,다사76b27a,to_ho_001,5
2024,다사76b27b,to_ho_001,5
2024,다사76b28a,to_ho_001,8
2024,다사76b28b,to_ho_001,8
2024,다사76b29b,to_ho_001,8
2024,다사76b30a,to_ho_001,8
2024,다사76b30b,to_ho_001,5
2024,다사76b31a,to_ho_001,569
2024,다사76b31b,to_ho_001,521
2024,다사76b32a,to_ho_001,1093
2024,다사76b32b,to_ho_001,363
2024,다사76b33a,to_ho_001,95
2024,다사76b33b,to_ho_001,41
2024,다사76b34a,to_ho_001,810
2024,다사76b34b,to_ho_001,958
2024,다사76b35a,to_ho_001,160
2024,다사76b35b,to_ho_001,327
2024,다사76b36a,to_ho_001,5
2024,다사76b36b,to_ho_001,1174
2024,다사76b37a,to_ho_001,105
2024,다사76b41b,to_ho_001,0
2024,다사76b42a,to_ho_001,5
2024,다사76b42b,to_ho_001,13
2024,다사76b43a,to_ho_001,50
2024,다사76b43b,to_ho_001,28
2024,다사76b44a,to_ho_001,8
2024,다사76b44b,to_ho_001,8
2024,다사76b45a,to_ho_001,5
2024,다사76b47b,to_ho_001,0
2024,다사76b48a,to_ho_001,0
2024,다사76b49a,to_ho_001,43
2024,다사76b50a,to_ho_001,8
2024,다사76b50b,to_ho_001,23
2024,다사76b51a,to_ho_001,5
2024,다사76b51b,to_ho_001,23
2024,다사76b52a,to_ho_001,0
2024,다사76b52b,to_ho_001,5
2024,다사76b53a,to_ho_001,53
2024,다사76b53b,to_ho_001,5
2024,다사76b54a,to_ho_001,38
2024,다사76b54b,to_ho_001,23
2024,다사76b55a,to_ho_001,5
2024,다사76b55b,to_ho_001,8
2024,다사76b56a,to_ho_001,5
2024,다사76b57b,to_ho_001,0
2024,다사76b59b,to_ho_001,8
2024,다사76b60a,to_ho_001,1653
2024,다사76b60b,to_ho_001,2455
2024,다사76b61a,to_ho_001,1381
2024,다사76b61b,to_ho_001,443
2024,다사76b62a,to_ho_001,713
2024,다사76b62b,to_ho_001,28
2024,다사76b64b,to_ho_001,0
2024,다사76b65a,to_ho_001,59
2024,다사76b65b,to_ho_001,18
2024,다사76b66a,to_ho_001,28
2024,다사76b70b,to_ho_001,0
2024,다사76b71b,to_ho_001,13
2024,다사76b72a,to_ho_001,8
2024,다사76b72b,to_ho_001,23
2024,다사76b73a,to_ho_001,0
2024,다사76b74a,to_ho_001,5
2024,다사76b74b,to_ho_001,13
2024,다사76b75a,to_ho_001,8
2024,다사76b76a,to_ho_001,5
2024,다사76b77a,to_ho_001,8
2024,다사76b85a,to_ho_001,13
2024,다사76b85b,to_ho_001,36
2024,다사76b86a,to_ho_001,5
2024,다사76b87a,to_ho_001,0
2024,다사76b87b,to_ho_001,5
2024,다사76b88a,to_ho_001,8
2024,다사76b88b,to_ho_001,23
2024,다사76b89a,to_ho_001,18
2024,다사76b89b,to_ho_001,8
2024,다사76b90a,to_ho_001,18
2024,다사76b90b,to_ho_001,28
2024,다사76b91b,to_ho_001,8
2024,다사76b92a,to_ho_001,8
2024,다사76b92b,to_ho_001,8
2024,다사76b93a,to_ho_001,18
2024,다사76b93b,to_ho_001,0
2024,다사76b94a,to_ho_001,8
2024,다사76b94b,to_ho_001,0
2024,다사76b95a,to_ho_001,8
2024,다사76b95b,to_ho_001,8
2024,다사76b96b,to_ho_001,5
2024,다사76b97a,to_ho_001,0
2024,다사76b97b,to_ho_001,8
2024,다사76b98a,to_ho_001,18
2024,다사76b98b,to_ho_001,33
2024,다사76b99a,to_ho_001,8
2024,다사76b99b,to_ho_001,8
2024,다사77a00a,to_ho_001,5
2024,다사77a00b,to_ho_001,0
2024,다사77a01a,to_ho_001,56
2024,다사77a01b,to_ho_001,8
2024,다사77a02a,to_ho_001,5
2024,다사77a03a,to_ho_001,8
2024,다사77a04a,to_ho_001,5
2024,다사77a07a,to_ho_001,13
2024,다사77a07b,to_ho_001,5
2024,다사77a08b,to_ho_001,13
2024,다사77a09a,to_ho_001,0
2024,다사77a11a,to_ho_001,23
2024,다사77a11b,to_ho_001,33
2024,다사77a12a,to_ho_001,5
2024,다사77a13b,to_ho_001,13
2024,다사77a14a,to_ho_001,5
2024,다사77a14b,to_ho_001,122
2024,다사77a15a,to_ho_001,13
2024,다사77a16b,to_ho_001,28
2024,다사77a17a,to_ho_001,8
2024,다사77a17b,to_ho_001,18
2024,다사77a18a,to_ho_001,5
2024,다사77a18b,to_ho_001,34
2024,다사77a19a,to_ho_001,18
2024,다사77a19b,to_ho_001,8
2024,다사77a20a,to_ho_001,0
2024,다사77a20b,to_ho_001,21
2024,다사77a21b,to_ho_001,8
2024,다사77a22a,to_ho_001,0
2024,다사77a23a,to_ho_001,8
2024,다사77a23b,to_ho_001,47
2024,다사77a24a,to_ho_001,34
2024,다사77a24b,to_ho_001,39
2024,다사77a25a,to_ho_001,43
2024,다사77a25b,to_ho_001,27
2024,다사77a26a,to_ho_001,716
2024,다사77a26b,to_ho_001,13
2024,다사77a27a,to_ho_001,13
2024,다사77a27b,to_ho_001,5
2024,다사77a28a,to_ho_001,61
2024,다사77a28b,to_ho_001,657
2024,다사77a29a,to_ho_001,384
2024,다사77a29b,to_ho_001,170
2024,다사77a30a,to_ho_001,30
2024,다사77a31a,to_ho_001,36
2024,다사77a31b,to_ho_001,88
2024,다사77a32a,to_ho_001,122
2024,다사77a32b,to_ho_001,265
2024,다사77a33a,to_ho_001,1226
2024,다사77a33b,to_ho_001,142
2024,다사77a34a,to_ho_001,8
2024,다사77a34b,to_ho_001,209
2024,다사77a35a,to_ho_001,783
2024,다사77a35b,to_ho_001,672
2024,다사77a36a,to_ho_001,361
2024,다사77a36b,to_ho_001,647
2024,다사77a37a,to_ho_001,709
2024,다사77a37b,to_ho_001,668
2024,다사77a38a,to_ho_001,33
2024,다사77a38b,to_ho_001,5
2024,다사77a40a,to_ho_001,5
2024,다사77a40b,to_ho_001,5
2024,다사77a41b,to_ho_001,30
2024,다사77a42a,to_ho_001,8
2024,다사77a42b,to_ho_001,0
2024,다사77a43a,to_ho_001,5
2024,다사77a43b,to_ho_001,8
2024,다사77a44b,to_ho_001,0
2024,다사77a45a,to_ho_001,5
2024,다사77a50a,to_ho_001,29
2024,다사77a50b,to_ho_001,28
2024,다사77a53a,to_ho_001,38
2024,다사77a53b,to_ho_001,23
2024,다사77a54b,to_ho_001,8
2024,다사77a55a,to_ho_001,5
2024,다사77a55b,to_ho_001,23
2024,다사77a56a,to_ho_001,5
2024,다사77a56b,to_ho_001,13
2024,다사77a57a,to_ho_001,8
2024,다사77a60a,to_ho_001,336
2024,다사77a60b,to_ho_001,2843
2024,다사77a61a,to_ho_001,1739
2024,다사77a61b,to_ho_001,912
2024,다사77a62a,to_ho_001,2060
2024,다사77a62b,to_ho_001,688
2024,다사77a64b,to_ho_001,8
2024,다사77a65a,to_ho_001,8
2024,다사77a65b,to_ho_001,8
2024,다사77a66a,to_ho_001,23
2024,다사77a72a,to_ho_001,0
2024,다사77a74a,to_ho_001,5
2024,다사77a74b,to_ho_001,5
2024,다사77a75a,to_ho_001,8
2024,다사77a75b,to_ho_001,18
2024,다사77a76a,to_ho_001,18
2024,다사77a77a,to_ho_001,5
2024,다사77a77b,to_ho_001,13
2024,다사77a78a,to_ho_001,8
2024,다사77a84a,to_ho_001,18
2024,다사77a84b,to_ho_001,13
2024,다사77a85a,to_ho_001,8
2024,다사77a85b,to_ho_001,5
2024,다사77a86a,to_ho_001,8
2024,다사77a87a,to_ho_001,5
2024,다사77a87b,to_ho_001,8
2024,다사77a88a,to_ho_001,13
2024,다사77a88b,to_ho_001,8
2024,다사77a89a,to_ho_001,8
2024,다사77a93b,to_ho_001,5
2024,다사77a94a,to_ho_001,47
2024,다사77a94b,to_ho_001,13
2024,다사77a95a,to_ho_001,28
2024,다사77a95b,to_ho_001,0
2024,다사77a96a,to_ho_001,0
2024,다사77a96b,to_ho_001,5
2024,다사77a97a,to_ho_001,38
2024,다사77a97b,to_ho_001,8
2024,다사77a98a,to_ho_001,8
2024,다사77a98b,to_ho_001,8
2024,다사77a99a,to_ho_001,5
2024,다사77a99b,to_ho_001,18
2024,다사77b00b,to_ho_001,5
2024,다사77b01a,to_ho_001,18
2024,다사77b01b,to_ho_001,13
2024,다사77b07a,to_ho_001,38
2024,다사77b10a,to_ho_001,0
2024,다사77b11a,to_ho_001,20
2024,다사77b11b,to_ho_001,68
2024,다사77b13b,to_ho_001,8
2024,다사77b14a,to_ho_001,103
2024,다사77b14b,to_ho_001,42
2024,다사77b16a,to_ho_001,0
2024,다사77b16b,to_ho_001,13
2024,다사77b17b,to_ho_001,17
2024,다사77b18a,to_ho_001,18
2024,다사77b19b,to_ho_001,5
2024,다사77b22a,to_ho_001,5
2024,다사77b22b,to_ho_001,0
2024,다사77b23a,to_ho_001,37
2024,다사77b23b,to_ho_001,78
2024,다사77b24a,to_ho_001,58
2024,다사77b24b,to_ho_001,18
2024,다사77b25a,to_ho_001,5
2024,다사77b25b,to_ho_001,697
2024,다사77b26a,to_ho_001,664
2024,다사77b26b,to_ho_001,211
2024,다사77b27a,to_ho_001,103
2024,다사77b27b,to_ho_001,5
2024,다사77b28a,to_ho_001,24
2024,다사77b28b,to_ho_001,353
2024,다사77b29a,to_ho_001,817
2024,다사77b29b,to_ho_001,744
2024,다사77b30a,to_ho_001,1147
2024,다사77b30b,to_ho_001,162
2024,다사77b31a,to_ho_001,439
2024,다사77b31b,to_ho_001,28
2024,다사77b32a,to_ho_001,23
2024,다사77b32b,to_ho_001,135
2024,다사77b33a,to_ho_001,1452
2024,다사77b33b,to_ho_001,556
2024,다사77b34a,to_ho_001,794
2024,다사77b34b,to_ho_001,1168
2024,다사77b35a,to_ho_001,2113
2024,다사77b35b,to_ho_001,80
2024,다사77b36a,to_ho_001,474
2024,다사77b36b,to_ho_001,929
2024,다사77b37a,to_ho_001,115
2024,다사77b37b,to_ho_001,5
2024,다사77b40a,to_ho_001,26
2024,다사77b40b,to_ho_001,18
2024,다사77b41a,to_ho_001,5
2024,다사77b41b,to_ho_001,13
2024,다사77b42a,to_ho_001,8
2024,다사77b49a,to_ho_001,0
2024,다사77b49b,to_ho_001,57
2024,다사77b53a,to_ho_001,5
2024,다사77b53b,to_ho_001,8
2024,다사77b55b,to_ho_001,18
2024,다사77b56a,to_ho_001,5
2024,다사77b56b,to_ho_001,18
2024,다사77b57a,to_ho_001,5
2024,다사77b60b,to_ho_001,93
2024,다사77b61a,to_ho_001,49
2024,다사77b61b,to_ho_001,964
2024,다사77b62a,to_ho_001,3140
2024,다사77b62b,to_ho_001,1578
2024,다사77b63a,to_ho_001,1443
2024,다사77b63b,to_ho_001,236
2024,다사77b64b,to_ho_001,5
2024,다사77b66a,to_ho_001,18
2024,다사77b66b,to_ho_001,5
2024,다사77b75a,to_ho_001,5
2024,다사77b76b,to_ho_001,5
2024,다사77b77a,to_ho_001,5
2024,다사77b77b,to_ho_001,8
2024,다사77b78a,to_ho_001,18
2024,다사77b84a,to_ho_001,8
2024,다사77b85a,to_ho_001,8
2024,다사77b85b,to_ho_001,43
2024,다사77b86a,to_ho_001,8
2024,다사77b94b,to_ho_001,0
2024,다사77b95a,to_ho_001,0
2024,다사77b95b,to_ho_001,18
2024,다사77b96a,to_ho_001,11
2024,다사77b96b,to_ho_001,23
2024,다사77b97a,to_ho_001,13
2024,다사77b97b,to_ho_001,8
2024,다사77b98a,to_ho_001,5
2024,다사77b99a,to_ho_001,0
2024,다사77b99b,to_ho_001,28
2024,다사78a00a,to_ho_001,0
2024,다사78a00b,to_ho_001,0
2024,다사78a01a,to_ho_001,5
2024,다사78a01b,to_ho_001,5
2024,다사78a02a,to_ho_001,8
2024,다사78a02b,to_ho_001,13
2024,다사78a03a,to_ho_001,20
2024,다사78a04a,to_ho_001,8
2024,다사78a06a,to_ho_001,13
2024,다사78a06b,to_ho_001,13
2024,다사78a07a,to_ho_001,18
2024,다사78a07b,to_ho_001,13
2024,다사78a09b,to_ho_001,5
2024,다사78a10a,to_ho_001,13
2024,다사78a10b,to_ho_001,0
2024,다사78a11b,to_ho_001,34
2024,다사78a12a,to_ho_001,0
2024,다사78a12b,to_ho_001,13
2024,다사78a13a,to_ho_001,48
2024,다사78a13b,to_ho_001,25
2024,다사78a14a,to_ho_001,73
2024,다사78a14b,to_ho_001,17
2024,다사78a15b,to_ho_001,56
2024,다사78a16a,to_ho_001,35
2024,다사78a16b,to_ho_001,13
2024,다사78a17a,to_ho_001,5
2024,다사78a18a,to_ho_001,13
2024,다사78a18b,to_ho_001,18
2024,다사78a20a,to_ho_001,5
2024,다사78a20b,to_ho_001,50
2024,다사78a21a,to_ho_001,0
2024,다사78a22a,to_ho_001,13
2024,다사78a22b,to_ho_001,13
2024,다사78a23a,to_ho_001,13
2024,다사78a23b,to_ho_001,18
2024,다사78a24a,to_ho_001,5
2024,다사78a24b,to_ho_001,53
2024,다사78a25a,to_ho_001,8
2024,다사78a25b,to_ho_001,59
2024,다사78a26a,to_ho_001,902
2024,다사78a26b,to_ho_001,555
2024,다사78a27a,to_ho_001,147
2024,다사78a27b,to_ho_001,258
2024,다사78a28a,to_ho_001,40
2024,다사78a28b,to_ho_001,5
2024,다사78a29b,to_ho_001,47
2024,다사78a30a,to_ho_001,1330
2024,다사78a30b,to_ho_001,440
2024,다사78a31a,to_ho_001,499
2024,다사78a31b,to_ho_001,353
2024,다사78a32a,to_ho_001,130
2024,다사78a32b,to_ho_001,0
2024,다사78a33a,to_ho_001,128
2024,다사78a33b,to_ho_001,1595
2024,다사78a34a,to_ho_001,865
2024,다사78a34b,to_ho_001,734
2024,다사78a35a,to_ho_001,988
2024,다사78a35b,to_ho_001,1104
2024,다사78a36a,to_ho_001,141
2024,다사78a36b,to_ho_001,95
2024,다사78a37a,to_ho_001,241
2024,다사78a39a,to_ho_001,5
2024,다사78a39b,to_ho_001,5
2024,다사78a40a,to_ho_001,5
2024,다사78a40b,to_ho_001,5
2024,다사78a41b,to_ho_001,0
2024,다사78a48b,to_ho_001,5
2024,다사78a49a,to_ho_001,8
2024,다사78a49b,to_ho_001,0
2024,다사78a53b,to_ho_001,5
2024,다사78a55b,to_ho_001,0
2024,다사78a56a,to_ho_001,5
2024,다사78a61a,to_ho_001,2283
2024,다사78a61b,to_ho_001,1736
2024,다사78a62a,to_ho_001,1226
2024,다사78a62b,to_ho_001,228
2024,다사78a63a,to_ho_001,68
2024,다사78a63b,to_ho_001,8
2024,다사78a66a,to_ho_001,5
2024,다사78a66b,to_ho_001,13
2024,다사78a77b,to_ho_001,8
2024,다사78a78a,to_ho_001,13
2024,다사78a78b,to_ho_001,8
2024,다사78a79a,to_ho_001,18
2024,다사78a85a,to_ho_001,5
2024,다사78a85b,to_ho_001,13
2024,다사78a86a,to_ho_001,5
2024,다사78a86b,to_ho_001,5
2024,다사78a96a,to_ho_001,18
2024,다사78a96b,to_ho_001,28
2024,다사78a97a,to_ho_001,8
2024,다사78a97b,to_ho_001,8
2024,다사78a99b,to_ho_001,33
2024,다사78b00b,to_ho_001,5
2024,다사78b01a,to_ho_001,34
2024,다사78b01b,to_ho_001,5
2024,다사78b02a,to_ho_001,13
2024,다사78b02b,to_ho_001,5
2024,다사78b03a,to_ho_001,49
2024,다사78b03b,to_ho_001,13
2024,다사78b04a,to_ho_001,38
2024,다사78b04b,to_ho_001,8
2024,다사78b07b,to_ho_001,5
2024,다사78b09a,to_ho_001,8
2024,다사78b09b,to_ho_001,8
2024,다사78b10a,to_ho_001,33
2024,다사78b11a,to_ho_001,0
2024,다사78b11b,to_ho_001,28
2024,다사78b12a,to_ho_001,0
2024,다사78b13a,to_ho_001,8
2024,다사78b13b,to_ho_001,23
2024,다사78b14a,to_ho_001,13
2024,다사78b14b,to_ho_001,8
2024,다사78b15a,to_ho_001,8
2024,다사78b15b,to_ho_001,5
2024,다사78b16a,to_ho_001,28
2024,다사78b16b,to_ho_001,14
2024,다사78b17a,to_ho_001,8
2024,다사78b18a,to_ho_001,8
2024,다사78b18b,to_ho_001,5
2024,다사78b19a,to_ho_001,5
2024,다사78b20a,to_ho_001,8
2024,다사78b20b,to_ho_001,33
2024,다사78b21a,to_ho_001,8
2024,다사78b23a,to_ho_001,8
2024,다사78b23b,to_ho_001,13
2024,다사78b24a,to_ho_001,0
2024,다사78b24b,to_ho_001,13
2024,다사78b25a,to_ho_001,5
2024,다사78b27b,to_ho_001,86
2024,다사78b28a,to_ho_001,32
2024,다사78b30a,to_ho_001,224
2024,다사78b30b,to_ho_001,1084
2024,다사78b31a,to_ho_001,698
2024,다사78b31b,to_ho_001,8
2024,다사78b32a,to_ho_001,26
2024,다사78b32b,to_ho_001,798
2024,다사78b33b,to_ho_001,38
2024,다사78b34a,to_ho_001,381
2024,다사78b34b,to_ho_001,226
2024,다사78b35a,to_ho_001,1014
2024,다사78b35b,to_ho_001,92
2024,다사78b36a,to_ho_001,281
2024,다사78b36b,to_ho_001,985
2024,다사78b37a,to_ho_001,54
2024,다사78b37b,to_ho_001,5
2024,다사78b38a,to_ho_001,18
2024,다사78b38b,to_ho_001,5
2024,다사78b47a,to_ho_001,5
2024,다사78b48b,to_ho_001,5
2024,다사78b49a,to_ho_001,5
2024,다사78b56a,to_ho_001,23
2024,다사78b56b,to_ho_001,5
2024,다사78b58a,to_ho_001,0
2024,다사78b61a,to_ho_001,609
2024,다사78b61b,to_ho_001,518
2024,다사78b62a,to_ho_001,184
2024,다사78b66b,to_ho_001,8
2024,다사78b79a,to_ho_001,5
2024,다사78b79b,to_ho_001,13
2024,다사78b80a,to_ho_001,19
2024,다사78b80b,to_ho_001,8
2024,다사78b90a,to_ho_001,5
2024,다사78b90b,to_ho_001,5
2024,다사78b91b,to_ho_001,5
2024,다사78b93a,to_ho_001,5
2024,다사78b93b,to_ho_001,8
2024,다사78b94a,to_ho_001,8
2024,다사78b94b,to_ho_001,5
2024,다사78b95a,to_ho_001,5
2024,다사78b96a,to_ho_001,13
2024,다사78b96b,to_ho_001,13
2024,다사78b97a,to_ho_001,5
2024,다사78b97b,to_ho_001,28
2024,다사78b98a,to_ho_001,0
2024,다사78b98b,to_ho_001,8
2024,다사78b99a,to_ho_001,5
2024,다사78b99b,to_ho_001,13
2024,다사79a01a,to_ho_001,38
2024,다사79a01b,to_ho_001,8
2024,다사79a02a,to_ho_001,13
2024,다사79a03a,to_ho_001,5
2024,다사79a03b,to_ho_001,5
2024,다사79a08b,to_ho_001,5
2024,다사79a10a,to_ho_001,5
2024,다사79a14a,to_ho_001,0
2024,다사79a14b,to_ho_001,5
2024,다사79a15a,to_ho_001,5
2024,다사79a15b,to_ho_001,5
2024,다사79a16a,to_ho_001,5
2024,다사79a16b,to_ho_001,13
2024,다사79a17a,to_ho_001,24
2024,다사79a17b,to_ho_001,5
2024,다사79a18a,to_ho_001,91
2024,다사79a18b,to_ho_001,28
2024,다사79a19a,to_ho_001,33
2024,다사79a19b,to_ho_001,5
2024,다사79a21a,to_ho_001,29
2024,다사79a21b,to_ho_001,44
2024,다사79a23a,to_ho_001,8
2024,다사79a23b,to_ho_001,5
2024,다사79a24a,to_ho_001,0
2024,다사79a27b,to_ho_001,5
2024,다사79a30b,to_ho_001,431
2024,다사79a32b,to_ho_001,74
2024,다사79a33a,to_ho_001,168
2024,다사79a33b,to_ho_001,28
2024,다사79a34a,to_ho_001,443
2024,다사79a34b,to_ho_001,59
2024,다사79a35a,to_ho_001,351
2024,다사79a35b,to_ho_001,29
2024,다사79a36b,to_ho_001,509
2024,다사79a37a,to_ho_001,0
2024,다사79a37b,to_ho_001,5
2024,다사79a38a,to_ho_001,8
2024,다사79a38b,to_ho_001,38
2024,다사79a39a,to_ho_001,8
2024,다사79a41b,to_ho_001,5
2024,다사79a42b,to_ho_001,0
2024,다사79a48a,to_ho_001,5
2024,다사79a48b,to_ho_001,0
2024,다사79a56b,to_ho_001,5
2024,다사79a57a,to_ho_001,13
2024,다사79a57b,to_ho_001,5
2024,다사79a58a,to_ho_001,8
2024,다사79a61b,to_ho_001,13
2024,다사79a66b,to_ho_001,8
2024,다사79a67a,to_ho_001,0
2024,다사79a68b,to_ho_001,8
2024,다사79a69a,to_ho_001,8
2024,다사79a69b,to_ho_001,5
2024,다사79a79b,to_ho_001,5
2024,다사79a80a,to_ho_001,18
2024,다사79a80b,to_ho_001,0
2024,다사79a81a,to_ho_001,8
2024,다사79a81b,to_ho_001,12
2024,다사79a89b,to_ho_001,0
2024,다사79a90a,to_ho_001,5
2024,다사79a90b,to_ho_001,8
2024,다사79a91a,to_ho_001,23
2024,다사79a91b,to_ho_001,33
2024,다사79a92a,to_ho_001,20
2024,다사79a92b,to_ho_001,19
2024,다사79a93a,to_ho_001,5
2024,다사79a93b,to_ho_001,5
2024,다사79a94a,to_ho_001,5
2024,다사79a94b,to_ho_001,5
2024,다사79a95b,to_ho_001,5
2024,다사79a96a,to_ho_001,8
2024,다사79a96b,to_ho_001,21
2024,다사79a97a,to_ho_001,8
2024,다사79a97b,to_ho_001,5
2024,다사79a98a,to_ho_001,28
2024,다사79a98b,to_ho_001,0
2024,다사79a99b,to_ho_001,0
2024,다사79b01b,to_ho_001,8
2024,다사79b06b,to_ho_001,0
2024,다사79b08b,to_ho_001,23
2024,다사79b09a,to_ho_001,18
2024,다사79b09b,to_ho_001,18
2024,다사79b10a,to_ho_001,8
2024,다사79b11a,to_ho_001,5
2024,다사79b14a,to_ho_001,43
2024,다사79b14b,to_ho_001,55
2024,다사79b15a,to_ho_001,63
2024,다사79b16a,to_ho_001,8
2024,다사79b16b,to_ho_001,5
2024,다사79b17b,to_ho_001,0
2024,다사79b18a,to_ho_001,8
2024,다사79b18b,to_ho_001,22
2024,다사79b19b,to_ho_001,5
2024,다사79b20a,to_ho_001,5
2024,다사79b21a,to_ho_001,0
2024,다사79b30a,to_ho_001,0
2024,다사79b31a,to_ho_001,13
2024,다사79b32b,to_ho_001,269
2024,다사79b33a,to_ho_001,931
2024,다사79b33b,to_ho_001,924
2024,다사79b34a,to_ho_001,332
2024,다사79b35a,to_ho_001,568
2024,다사79b38a,to_ho_001,8
2024,다사79b38b,to_ho_001,18
2024,다사79b39a,to_ho_001,0
2024,다사79b40b,to_ho_001,19
2024,다사79b41a,to_ho_001,8
2024,다사79b41b,to_ho_001,8
2024,다사79b42a,to_ho_001,5
2024,다사79b45b,to_ho_001,0
2024,다사79b47a,to_ho_001,8
2024,다사79b47b,to_ho_001,13
2024,다사79b52a,to_ho_001,5
2024,다사79b52b,to_ho_001,5
2024,다사79b57a,to_ho_001,18
2024,다사79b57b,to_ho_001,33
2024,다사79b61a,to_ho_001,82
2024,다사79b61b,to_ho_001,1517
2024,다사79b62a,to_ho_001,738
2024,다사79b68b,to_ho_001,5
2024,다사79b69a,to_ho_001,33
2024,다사79b69b,to_ho_001,20
2024,다사79b73a,to_ho_001,5
2024,다사79b80b,to_ho_001,0
2024,다사79b81a,to_ho_001,5
2024,다사79b81b,to_ho_001,23
2024,다사79b82a,to_ho_001,13
2024,다사79b82b,to_ho_001,0
2024,다사79b88b,to_ho_001,0
2024,다사79b89a,to_ho_001,5
2024,다사79b89b,to_ho_001,8
2024,다사79b90a,to_ho_001,13
2024,다사79b90b,to_ho_001,13
2024,다사79b91a,to_ho_001,8
2024,다사79b91b,to_ho_001,5
2024,다사79b92a,to_ho_001,8
2024,다사79b92b,to_ho_001,8
2024,다사79b95b,to_ho_001,0
2024,다사79b97a,to_ho_001,8
2024,다사79b98a,to_ho_001,5
2024,다사79b98b,to_ho_001,5
2024,다사80a00b,to_ho_001,5
2024,다사80a05b,to_ho_001,8
2024,다사80a06a,to_ho_001,13
2024,다사80a06b,to_ho_001,8
2024,다사80a08b,to_ho_001,5
2024,다사80a09b,to_ho_001,5
2024,다사80a10a,to_ho_001,13
2024,다사80a10b,to_ho_001,5
2024,다사80a11b,to_ho_001,5
2024,다사80a12a,to_ho_001,13
2024,다사80a12b,to_ho_001,18
2024,다사80a13a,to_ho_001,8
2024,다사80a13b,to_ho_001,164
2024,다사80a14a,to_ho_001,210
2024,다사80a14b,to_ho_001,51
2024,다사80a15a,to_ho_001,92
2024,다사80a16a,to_ho_001,5
2024,다사80a17a,to_ho_001,28
2024,다사80a17b,to_ho_001,18
2024,다사80a18a,to_ho_001,8
2024,다사80a18b,to_ho_001,13
2024,다사80a20a,to_ho_001,5
2024,다사80a20b,to_ho_001,5
2024,다사80a31a,to_ho_001,18
2024,다사80a31b,to_ho_001,18
2024,다사80a32a,to_ho_001,0
2024,다사80a32b,to_ho_001,5
2024,다사80a33a,to_ho_001,2032
2024,다사80a33b,to_ho_001,585
2024,다사80a35a,to_ho_001,167
2024,다사80a35b,to_ho_001,550
2024,다사80a37b,to_ho_001,23
2024,다사80a38a,to_ho_001,5
2024,다사80a38b,to_ho_001,0
2024,다사80a39a,to_ho_001,8
2024,다사80a39b,to_ho_001,8
2024,다사80a40b,to_ho_001,13
2024,다사80a41b,to_ho_001,5
2024,다사80a42a,to_ho_001,8
2024,다사80a42b,to_ho_001,5
2024,다사80a44a,to_ho_001,0
2024,다사80a46a,to_ho_001,36
2024,다사80a47a,to_ho_001,5
2024,다사80a48a,to_ho_001,0
2024,다사80a52a,to_ho_001,0
2024,다사80a56a,to_ho_001,0
2024,다사80a56b,to_ho_001,0
2024,다사80a57a,to_ho_001,13
2024,다사80a57b,to_ho_001,5
2024,다사80a58a,to_ho_001,0
2024,다사80a58b,to_ho_001,0
2024,다사80a59b,to_ho_001,5
2024,다사80a60a,to_ho_001,13
2024,다사80a61b,to_ho_001,635
2024,다사80a62a,to_ho_001,1418
2024,다사80a62b,to_ho_001,5
2024,다사80a69a,to_ho_001,44
2024,다사80a69b,to_ho_001,40
2024,다사80a70b,to_ho_001,5
2024,다사80a71b,to_ho_001,13
2024,다사80a72a,to_ho_001,13
2024,다사80a73a,to_ho_001,8
2024,다사80a73b,to_ho_001,13
2024,다사80a82a,to_ho_001,8
2024,다사80a82b,to_ho_001,8
2024,다사80a83a,to_ho_001,23
2024,다사80a83b,to_ho_001,0
2024,다사80a84a,to_ho_001,0
2024,다사80a84b,to_ho_001,13
2024,다사80a85a,to_ho_001,5
2024,다사80a86a,to_ho_001,18
2024,다사80a86b,to_ho_001,13
2024,다사80a87a,to_ho_001,18
2024,다사80a87b,to_ho_001,8
2024,다사80a88a,to_ho_001,5
2024,다사80a88b,to_ho_001,33
2024,다사80a89a,to_ho_001,8
2024,다사80a89b,to_ho_001,5
2024,다사80a90a,to_ho_001,8
2024,다사80a90b,to_ho_001,23
2024,다사80a91a,to_ho_001,0
2024,다사80a91b,to_ho_001,5
2024,다사80a92a,to_ho_001,5
2024,다사80a92b,to_ho_001,8
2024,다사80a93a,to_ho_001,5
2024,다사80a94a,to_ho_001,5
2024,다사80a96b,to_ho_001,0
2024,다사80a97a,to_ho_001,79
2024,다사80a97b,to_ho_001,23
2024,다사80a99a,to_ho_001,0
2024,다사80b00a,to_ho_001,0
2024,다사80b01a,to_ho_001,5
2024,다사80b01b,to_ho_001,18
2024,다사80b02a,to_ho_001,18
2024,다사80b02b,to_ho_001,0
2024,다사80b05a,to_ho_001,13
2024,다사80b05b,to_ho_001,13
2024,다사80b06a,to_ho_001,13
2024,다사80b06b,to_ho_001,8
2024,다사80b07a,to_ho_001,18
2024,다사80b13b,to_ho_001,72
2024,다사80b14a,to_ho_001,33
2024,다사80b14b,to_ho_001,606
2024,다사80b15a,to_ho_001,1290
2024,다사80b15b,to_ho_001,69
2024,다사80b16a,to_ho_001,5
2024,다사80b17a,to_ho_001,13
2024,다사80b18a,to_ho_001,18
2024,다사80b18b,to_ho_001,8
2024,다사80b20a,to_ho_001,8
2024,다사80b20b,to_ho_001,8
2024,다사80b21a,to_ho_001,5
2024,다사80b29a,to_ho_001,5
2024,다사80b29b,to_ho_001,5
2024,다사80b31a,to_ho_001,448
2024,다사80b31b,to_ho_001,284
2024,다사80b32a,to_ho_001,16
2024,다사80b32b,to_ho_001,52
2024,다사80b33a,to_ho_001,312
2024,다사80b35a,to_ho_001,8
2024,다사80b35b,to_ho_001,13
2024,다사80b36a,to_ho_001,643
2024,다사80b36b,to_ho_001,68
2024,다사80b37b,to_ho_001,8
2024,다사80b39a,to_ho_001,0
2024,다사80b39b,to_ho_001,5
2024,다사80b41a,to_ho_001,8
2024,다사80b42a,to_ho_001,5
2024,다사80b42b,to_ho_001,13
2024,다사80b43a,to_ho_001,5
2024,다사80b43b,to_ho_001,13
2024,다사80b44a,to_ho_001,23
2024,다사80b44b,to_ho_001,8
2024,다사80b45a,to_ho_001,5
2024,다사80b47b,to_ho_001,8
2024,다사80b48b,to_ho_001,28
2024,다사80b49a,to_ho_001,0
2024,다사80b50a,to_ho_001,0
2024,다사80b51b,to_ho_001,5
2024,다사80b52a,to_ho_001,5
2024,다사80b55a,to_ho_001,13
2024,다사80b55b,to_ho_001,5
2024,다사80b56a,to_ho_001,13
2024,다사80b56b,to_ho_001,13
2024,다사80b57a,to_ho_001,5
2024,다사80b59b,to_ho_001,8
2024,다사80b60a,to_ho_001,8
2024,다사80b60b,to_ho_001,5
2024,다사80b61a,to_ho_001,18
2024,다사80b61b,to_ho_001,285
2024,다사80b62a,to_ho_001,36
2024,다사80b69a,to_ho_001,23
2024,다사80b69b,to_ho_001,13
2024,다사80b70b,to_ho_001,8
2024,다사80b71a,to_ho_001,18
2024,다사80b71b,to_ho_001,38
2024,다사80b73a,to_ho_001,8
2024,다사80b73b,to_ho_001,18
2024,다사80b74a,to_ho_001,8
2024,다사80b75a,to_ho_001,0
2024,다사80b75b,to_ho_001,8
2024,다사80b76a,to_ho_001,0
2024,다사80b80b,to_ho_001,5
2024,다사80b81a,to_ho_001,0
2024,다사80b82a,to_ho_001,8
2024,다사80b82b,to_ho_001,13
2024,다사80b83a,to_ho_001,8
2024,다사80b83b,to_ho_001,0
2024,다사80b84b,to_ho_001,5
2024,다사80b85a,to_ho_001,8
2024,다사80b85b,to_ho_001,8
2024,다사80b86a,to_ho_001,5
2024,다사80b86b,to_ho_001,18
2024,다사80b87a,to_ho_001,8
2024,다사80b87b,to_ho_001,5
2024,다사80b88b,to_ho_001,5
2024,다사80b89a,to_ho_001,5
2024,다사80b91b,to_ho_001,0
2024,다사80b92a,to_ho_001,8
2024,다사80b92b,to_ho_001,5
2024,다사80b93a,to_ho_001,28
2024,다사80b93b,to_ho_001,8
2024,다사80b94a,to_ho_001,5
2024,다사80b97a,to_ho_001,8
2024,다사80b97b,to_ho_001,33
2024,다사80b98a,to_ho_001,8
2024,다사80b98b,to_ho_001,0
2024,다사81a00a,to_ho_001,8
2024,다사81a00b,to_ho_001,0
2024,다사81a01a,to_ho_001,0
2024,다사81a01b,to_ho_001,18
2024,다사81a02a,to_ho_001,5
2024,다사81a04b,to_ho_001,8
2024,다사81a05a,to_ho_001,13
2024,다사81a05b,to_ho_001,8
2024,다사81a06a,to_ho_001,0
2024,다사81a06b,to_ho_001,13
2024,다사81a07a,to_ho_001,18
2024,다사81a09a,to_ho_001,34
2024,다사81a09b,to_ho_001,8
2024,다사81a14a,to_ho_001,258
2024,다사81a14b,to_ho_001,304
2024,다사81a15a,to_ho_001,232
2024,다사81a15b,to_ho_001,92
2024,다사81a18a,to_ho_001,5
2024,다사81a18b,to_ho_001,29
2024,다사81a19a,to_ho_001,13
2024,다사81a19b,to_ho_001,5
2024,다사81a20a,to_ho_001,48
2024,다사81a22b,to_ho_001,5
2024,다사81a23a,to_ho_001,38
2024,다사81a23b,to_ho_001,13
2024,다사81a24b,to_ho_001,0
2024,다사81a29b,to_ho_001,13
2024,다사81a30b,to_ho_001,1201
2024,다사81a31a,to_ho_001,494
2024,다사81a31b,to_ho_001,342
2024,다사81a32a,to_ho_001,407
2024,다사81a32b,to_ho_001,464
2024,다사81a33a,to_ho_001,211
2024,다사81a33b,to_ho_001,25
2024,다사81a34a,to_ho_001,55
2024,다사81a34b,to_ho_001,5
2024,다사81a35a,to_ho_001,68
2024,다사81a35b,to_ho_001,189
2024,다사81a36a,to_ho_001,383
2024,다사81a36b,to_ho_001,19
2024,다사81a37a,to_ho_001,0
2024,다사81a37b,to_ho_001,33
2024,다사81a39a,to_ho_001,0
2024,다사81a39b,to_ho_001,5
2024,다사81a40a,to_ho_001,5
2024,다사81a41a,to_ho_001,8
2024,다사81a42b,to_ho_001,5
2024,다사81a43a,to_ho_001,8
2024,다사81a43b,to_ho_001,0
2024,다사81a46b,to_ho_001,8
2024,다사81a47a,to_ho_001,14
2024,다사81a47b,to_ho_001,23
2024,다사81a48a,to_ho_001,72
2024,다사81a48b,to_ho_001,13
2024,다사81a50a,to_ho_001,53
2024,다사81a51b,to_ho_001,8
2024,다사81a54a,to_ho_001,8
2024,다사81a54b,to_ho_001,0
2024,다사81a55b,to_ho_001,48
2024,다사81a56a,to_ho_001,8
2024,다사81a58a,to_ho_001,5
2024,다사81a58b,to_ho_001,8
2024,다사81a59a,to_ho_001,8
2024,다사81a59b,to_ho_001,5
2024,다사81a60a,to_ho_001,33
2024,다사81a60b,to_ho_001,23
2024,다사81a61a,to_ho_001,13
2024,다사81a61b,to_ho_001,594
2024,다사81a62a,to_ho_001,1017
2024,다사81a64b,to_ho_001,0
2024,다사81a65b,to_ho_001,0
2024,다사81a69b,to_ho_001,13
2024,다사81a70a,to_ho_001,0
2024,다사81a70b,to_ho_001,8
2024,다사81a71a,to_ho_001,23
2024,다사81a71b,to_ho_001,18
2024,다사81a73b,to_ho_001,8
2024,다사81a74a,to_ho_001,44
2024,다사81a75b,to_ho_001,18
2024,다사81a76a,to_ho_001,8
2024,다사81a80a,to_ho_001,5
2024,다사81a80b,to_ho_001,18
2024,다사81a81a,to_ho_001,8
2024,다사81a81b,to_ho_001,0
2024,다사81a82a,to_ho_001,13
2024,다사81a82b,to_ho_001,5
2024,다사81a83b,to_ho_001,5
2024,다사81a88a,to_ho_001,5
2024,다사81a88b,to_ho_001,23
2024,다사81a89a,to_ho_001,8
2024,다사81a91b,to_ho_001,5
2024,다사81a92a,to_ho_001,8
2024,다사81a92b,to_ho_001,5
2024,다사81a93a,to_ho_001,13
2024,다사81a93b,to_ho_001,8
2024,다사81a94a,to_ho_001,5
2024,다사81a98a,to_ho_001,0
2024,다사81a98b,to_ho_001,5
2024,다사81b00a,to_ho_001,18
2024,다사81b00b,to_ho_001,23
2024,다사81b01a,to_ho_001,0
2024,다사81b03b,to_ho_001,5
2024,다사81b04a,to_ho_001,0
2024,다사81b04b,to_ho_001,5
2024,다사81b05b,to_ho_001,8
2024,다사81b06a,to_ho_001,33
2024,다사81b06b,to_ho_001,14
2024,다사81b07a,to_ho_001,5
2024,다사81b07b,to_ho_001,0
2024,다사81b08a,to_ho_001,8
2024,다사81b08b,to_ho_001,48
2024,다사81b09a,to_ho_001,33
2024,다사81b09b,to_ho_001,38
2024,다사81b10a,to_ho_001,38
2024,다사81b12a,to_ho_001,27
2024,다사81b12b,to_ho_001,13
2024,다사81b13a,to_ho_001,8
2024,다사81b13b,to_ho_001,5
2024,다사81b14a,to_ho_001,483
2024,다사81b14b,to_ho_001,5
2024,다사81b15a,to_ho_001,61
2024,다사81b16a,to_ho_001,5
2024,다사81b17b,to_ho_001,8
2024,다사81b18a,to_ho_001,28
2024,다사81b18b,to_ho_001,8
2024,다사81b19b,to_ho_001,13
2024,다사81b20a,to_ho_001,5
2024,다사81b21a,to_ho_001,0
2024,다사81b23a,to_ho_001,18
2024,다사81b23b,to_ho_001,29
2024,다사81b24a,to_ho_001,13
2024,다사81b24b,to_ho_001,5
2024,다사81b29b,to_ho_001,94
2024,다사81b30a,to_ho_001,13
2024,다사81b30b,to_ho_001,879
2024,다사81b31a,to_ho_001,75
2024,다사81b31b,to_ho_001,589
2024,다사81b32a,to_ho_001,1083
2024,다사81b32b,to_ho_001,427
2024,다사81b33a,to_ho_001,780
2024,다사81b33b,to_ho_001,61
2024,다사81b34a,to_ho_001,13
2024,다사81b34b,to_ho_001,190
2024,다사81b35a,to_ho_001,301
2024,다사81b35b,to_ho_001,83
2024,다사81b36a,to_ho_001,13
2024,다사81b36b,to_ho_001,5
2024,다사81b37b,to_ho_001,0
2024,다사81b38b,to_ho_001,5
2024,다사81b42b,to_ho_001,0
2024,다사81b43a,to_ho_001,5
2024,다사81b46a,to_ho_001,8
2024,다사81b46b,to_ho_001,18
2024,다사81b47a,to_ho_001,38
2024,다사81b47b,to_ho_001,0
2024,다사81b48a,to_ho_001,0
2024,다사81b48b,to_ho_001,8
2024,다사81b49a,to_ho_001,5
2024,다사81b49b,to_ho_001,23
2024,다사81b51a,to_ho_001,5
2024,다사81b53b,to_ho_001,0
2024,다사81b54a,to_ho_001,23
2024,다사81b55a,to_ho_001,30
2024,다사81b55b,to_ho_001,23
2024,다사81b58a,to_ho_001,0
2024,다사81b58b,to_ho_001,5
2024,다사81b59a,to_ho_001,23
2024,다사81b59b,to_ho_001,8
2024,다사81b60a,to_ho_001,193
2024,다사81b60b,to_ho_001,18
2024,다사81b61a,to_ho_001,1430
2024,다사81b61b,to_ho_001,457
2024,다사81b62a,to_ho_001,1151
2024,다사81b62b,to_ho_001,322
2024,다사81b63a,to_ho_001,0
2024,다사81b64a,to_ho_001,0
2024,다사81b64b,to_ho_001,18
2024,다사81b65b,to_ho_001,5
2024,다사81b67b,to_ho_001,8
2024,다사81b68a,to_ho_001,5
2024,다사81b68b,to_ho_001,5
2024,다사81b69b,to_ho_001,5
2024,다사81b70a,to_ho_001,23
2024,다사81b70b,to_ho_001,38
2024,다사81b71a,to_ho_001,33
2024,다사81b71b,to_ho_001,8
2024,다사81b73b,to_ho_001,13
2024,다사81b74a,to_ho_001,13
2024,다사81b74b,to_ho_001,18
2024,다사81b75b,to_ho_001,5
2024,다사81b76a,to_ho_001,5
2024,다사81b80a,to_ho_001,5
2024,다사81b80b,to_ho_001,18
2024,다사81b81a,to_ho_001,33
2024,다사81b81b,to_ho_001,5
2024,다사81b83a,to_ho_001,5
2024,다사81b83b,to_ho_001,28
2024,다사81b84a,to_ho_001,5
2024,다사81b84b,to_ho_001,23
2024,다사81b87b,to_ho_001,5
2024,다사81b88a,to_ho_001,13
2024,다사81b88b,to_ho_001,18
2024,다사81b91a,to_ho_001,5
2024,다사81b91b,to_ho_001,8
2024,다사81b92a,to_ho_001,8
2024,다사81b92b,to_ho_001,0
2024,다사81b94a,to_ho_001,13
2024,다사82a00a,to_ho_001,8
2024,다사82a02b,to_ho_001,8
2024,다사82a03a,to_ho_001,0
2024,다사82a03b,to_ho_001,0
2024,다사82a04b,to_ho_001,8
2024,다사82a05a,to_ho_001,0
2024,다사82a05b,to_ho_001,5
2024,다사82a06a,to_ho_001,8
2024,다사82a06b,to_ho_001,8
2024,다사82a07b,to_ho_001,0
2024,다사82a08a,to_ho_001,33
2024,다사82a08b,to_ho_001,8
2024,다사82a09a,to_ho_001,5
2024,다사82a09b,to_ho_001,33
2024,다사82a10a,to_ho_001,8
2024,다사82a10b,to_ho_001,33
2024,다사82a11a,to_ho_001,5
2024,다사82a14a,to_ho_001,13
2024,다사82a14b,to_ho_001,49
2024,다사82a15a,to_ho_001,5
2024,다사82a15b,to_ho_001,48
2024,다사82a18a,to_ho_001,5
2024,다사82a20a,to_ho_001,5
2024,다사82a20b,to_ho_001,8
2024,다사82a23b,to_ho_001,5
2024,다사82a24a,to_ho_001,13
2024,다사82a26b,to_ho_001,22
2024,다사82a28b,to_ho_001,5
2024,다사82a29b,to_ho_001,1150
2024,다사82a30a,to_ho_001,931
2024,다사82a30b,to_ho_001,219
2024,다사82a31a,to_ho_001,187
2024,다사82a31b,to_ho_001,38
2024,다사82a32a,to_ho_001,53
2024,다사82a32b,to_ho_001,54
2024,다사82a33a,to_ho_001,18
2024,다사82a33b,to_ho_001,5
2024,다사82a34a,to_ho_001,5
2024,다사82a34b,to_ho_001,159
2024,다사82a35a,to_ho_001,264
2024,다사82a35b,to_ho_001,0
2024,다사82a36a,to_ho_001,8
2024,다사82a37a,to_ho_001,8
2024,다사82a37b,to_ho_001,0
2024,다사82a38b,to_ho_001,5
2024,다사82a41b,to_ho_001,13
2024,다사82a42a,to_ho_001,8
2024,다사82a43b,to_ho_001,36
2024,다사82a44a,to_ho_001,20
2024,다사82a46a,to_ho_001,28
2024,다사82a46b,to_ho_001,5
2024,다사82a47a,to_ho_001,28
2024,다사82a48a,to_ho_001,8
2024,다사82a48b,to_ho_001,5
2024,다사82a49a,to_ho_001,8
2024,다사82a49b,to_ho_001,13
2024,다사82a51a,to_ho_001,5
2024,다사82a53b,to_ho_001,5
2024,다사82a54a,to_ho_001,18
2024,다사82a54b,to_ho_001,5
2024,다사82a57b,to_ho_001,26
2024,다사82a58a,to_ho_001,13
2024,다사82a58b,to_ho_001,13
2024,다사82a59a,to_ho_001,5
2024,다사82a59b,to_ho_001,298
2024,다사82a60a,to_ho_001,682
2024,다사82a60b,to_ho_001,1737
2024,다사82a61a,to_ho_001,1428
2024,다사82a61b,to_ho_001,938
2024,다사82a62a,to_ho_001,1339
2024,다사82a62b,to_ho_001,1110
2024,다사82a63a,to_ho_001,733
2024,다사82a63b,to_ho_001,16
2024,다사82a64a,to_ho_001,304
2024,다사82a64b,to_ho_001,508
2024,다사82a65a,to_ho_001,195
2024,다사82a65b,to_ho_001,74
2024,다사82a66a,to_ho_001,13
2024,다사82a67b,to_ho_001,13
2024,다사82a68a,to_ho_001,5
2024,다사82a68b,to_ho_001,8
2024,다사82a69a,to_ho_001,13
2024,다사82a69b,to_ho_001,28
2024,다사82a70a,to_ho_001,23
2024,다사82a70b,to_ho_001,18
2024,다사82a71a,to_ho_001,43
2024,다사82a71b,to_ho_001,0
2024,다사82a76a,to_ho_001,6
2024,다사82a80a,to_ho_001,5
2024,다사82a80b,to_ho_001,5
2024,다사82a81a,to_ho_001,26
2024,다사82a81b,to_ho_001,5
2024,다사82a82b,to_ho_001,5
2024,다사82a83a,to_ho_001,0
2024,다사82a83b,to_ho_001,5
2024,다사82a84b,to_ho_001,13
2024,다사82a86a,to_ho_001,0
2024,다사82a86b,to_ho_001,0
2024,다사82a87b,to_ho_001,0
2024,다사82a88a,to_ho_001,23
2024,다사82a88b,to_ho_001,13
2024,다사82a89a,to_ho_001,5
2024,다사82a89b,to_ho_001,0
2024,다사82a90b,to_ho_001,5
2024,다사82a91a,to_ho_001,5
2024,다사82a91b,to_ho_001,5
2024,다사82a92a,to_ho_001,5
2024,다사82a92b,to_ho_001,5
2024,다사82a93a,to_ho_001,13
2024,다사82a93b,to_ho_001,5
2024,다사82a94a,to_ho_001,5
2024,다사82a94b,to_ho_001,5
2024,다사82a99b,to_ho_001,0
2024,다사82b00a,to_ho_001,13
2024,다사82b01b,to_ho_001,0
2024,다사82b02b,to_ho_001,8
2024,다사82b03a,to_ho_001,8
2024,다사82b03b,to_ho_001,23
2024,다사82b04a,to_ho_001,8
2024,다사82b04b,to_ho_001,13
2024,다사82b05b,to_ho_001,8
2024,다사82b06a,to_ho_001,8
2024,다사82b07a,to_ho_001,68
2024,다사82b07b,to_ho_001,8
2024,다사82b08a,to_ho_001,0
2024,다사82b08b,to_ho_001,8
2024,다사82b09a,to_ho_001,8
2024,다사82b09b,to_ho_001,28
2024,다사82b10a,to_ho_001,18
2024,다사82b10b,to_ho_001,78
2024,다사82b11a,to_ho_001,38
2024,다사82b13a,to_ho_001,5
2024,다사82b13b,to_ho_001,5
2024,다사82b14a,to_ho_001,18
2024,다사82b14b,to_ho_001,23
2024,다사82b15a,to_ho_001,6
2024,다사82b15b,to_ho_001,148
2024,다사82b16a,to_ho_001,16
2024,다사82b17a,to_ho_001,8
2024,다사82b20b,to_ho_001,5
2024,다사82b21a,to_ho_001,8
2024,다사82b21b,to_ho_001,0
2024,다사82b23b,to_ho_001,5
2024,다사82b24a,to_ho_001,48
2024,다사82b24b,to_ho_001,5
2024,다사82b25a,to_ho_001,13
2024,다사82b25b,to_ho_001,33
2024,다사82b26a,to_ho_001,8
2024,다사82b26b,to_ho_001,87
2024,다사82b27a,to_ho_001,19
2024,다사82b27b,to_ho_001,8
2024,다사82b28b,to_ho_001,31
2024,다사82b29a,to_ho_001,221
2024,다사82b29b,to_ho_001,256
2024,다사82b30a,to_ho_001,23
2024,다사82b30b,to_ho_001,93
2024,다사82b31a,to_ho_001,194
2024,다사82b31b,to_ho_001,147
2024,다사82b32a,to_ho_001,8
2024,다사82b32b,to_ho_001,5
2024,다사82b33a,to_ho_001,8
2024,다사82b34a,to_ho_001,5
2024,다사82b34b,to_ho_001,8
2024,다사82b35b,to_ho_001,13
2024,다사82b36a,to_ho_001,8
2024,다사82b36b,to_ho_001,43
2024,다사82b37a,to_ho_001,24
2024,다사82b39a,to_ho_001,8
2024,다사82b40b,to_ho_001,168
2024,다사82b41a,to_ho_001,123
2024,다사82b41b,to_ho_001,13
2024,다사82b42a,to_ho_001,23
2024,다사82b42b,to_ho_001,5
2024,다사82b43a,to_ho_001,0
2024,다사82b43b,to_ho_001,34
2024,다사82b44a,to_ho_001,43
2024,다사82b46a,to_ho_001,5
2024,다사82b46b,to_ho_001,0
2024,다사82b48a,to_ho_001,5
2024,다사82b48b,to_ho_001,8
2024,다사82b49b,to_ho_001,14
2024,다사82b50a,to_ho_001,13
2024,다사82b50b,to_ho_001,8
2024,다사82b52a,to_ho_001,0
2024,다사82b53b,to_ho_001,5
2024,다사82b55a,to_ho_001,5
2024,다사82b55b,to_ho_001,5
2024,다사82b57a,to_ho_001,8
2024,다사82b57b,to_ho_001,33
2024,다사82b58a,to_ho_001,38
2024,다사82b58b,to_ho_001,28
2024,다사82b59a,to_ho_001,109
2024,다사82b59b,to_ho_001,1096
2024,다사82b60a,to_ho_001,972
2024,다사82b60b,to_ho_001,1924
2024,다사82b61a,to_ho_001,887
2024,다사82b61b,to_ho_001,1224
2024,다사82b62a,to_ho_001,1436
2024,다사82b62b,to_ho_001,1863
2024,다사82b63a,to_ho_001,2369
2024,다사82b63b,to_ho_001,5
2024,다사82b64a,to_ho_001,122
2024,다사82b64b,to_ho_001,509
2024,다사82b65a,to_ho_001,280
2024,다사82b65b,to_ho_001,13
2024,다사82b66a,to_ho_001,13
2024,다사82b67a,to_ho_001,5
2024,다사82b67b,to_ho_001,8
2024,다사82b68a,to_ho_001,13
2024,다사82b68b,to_ho_001,8
2024,다사82b69a,to_ho_001,33
2024,다사82b69b,to_ho_001,23
2024,다사82b70a,to_ho_001,18
2024,다사82b70b,to_ho_001,23
2024,다사82b71a,to_ho_001,18
2024,다사82b71b,to_ho_001,28
2024,다사82b72a,to_ho_001,33
2024,다사82b72b,to_ho_001,8
2024,다사82b76b,to_ho_001,0
2024,다사82b80b,to_ho_001,5
2024,다사82b82a,to_ho_001,8
2024,다사82b87a,to_ho_001,13
2024,다사82b87b,to_ho_001,5
2024,다사82b88a,to_ho_001,8
2024,다사82b88b,to_ho_001,33
2024,다사82b89a,to_ho_001,13
2024,다사82b89b,to_ho_001,13
2024,다사82b90a,to_ho_001,5
2024,다사82b90b,to_ho_001,28
2024,다사82b91a,to_ho_001,62
2024,다사82b91b,to_ho_001,8
2024,다사82b92a,to_ho_001,13
2024,다사82b92b,to_ho_001,8
2024,다사82b93a,to_ho_001,5
2024,다사82b93b,to_ho_001,28
2024,다사82b94a,to_ho_001,18
2024,다사82b94b,to_ho_001,36
2024,다사82b95a,to_ho_001,18
2024,다사83a00a,to_ho_001,13
2024,다사83a00b,to_ho_001,8
2024,다사83a01a,to_ho_001,0
2024,다사83a01b,to_ho_001,5
2024,다사83a02a,to_ho_001,33
2024,다사83a02b,to_ho_001,36
2024,다사83a03a,to_ho_001,8
2024,다사83a03b,to_ho_001,13
2024,다사83a04a,to_ho_001,18
2024,다사83a05a,to_ho_001,5
2024,다사83a06a,to_ho_001,8
2024,다사83a06b,to_ho_001,8
2024,다사83a07a,to_ho_001,83
2024,다사83a07b,to_ho_001,18
2024,다사83a08a,to_ho_001,5
2024,다사83a08b,to_ho_001,5
2024,다사83a09a,to_ho_001,5
2024,다사83a09b,to_ho_001,8
2024,다사83a10a,to_ho_001,8
2024,다사83a10b,to_ho_001,39
2024,다사83a11a,to_ho_001,37
2024,다사83a11b,to_ho_001,23
2024,다사83a12a,to_ho_001,5
2024,다사83a13a,to_ho_001,13
2024,다사83a13b,to_ho_001,8
2024,다사83a14a,to_ho_001,95
2024,다사83a14b,to_ho_001,103
2024,다사83a15a,to_ho_001,5
2024,다사83a15b,to_ho_001,82
2024,다사83a16a,to_ho_001,46
2024,다사83a16b,to_ho_001,13
2024,다사83a19b,to_ho_001,5
2024,다사83a20a,to_ho_001,13
2024,다사83a20b,to_ho_001,5
2024,다사83a21a,to_ho_001,13
2024,다사83a24b,to_ho_001,8
2024,다사83a25a,to_ho_001,18
2024,다사83a25b,to_ho_001,35
2024,다사83a26a,to_ho_001,20
2024,다사83a26b,to_ho_001,55
2024,다사83a27a,to_ho_001,23
2024,다사83a27b,to_ho_001,0
2024,다사83a28a,to_ho_001,5
2024,다사83a28b,to_ho_001,425
2024,다사83a29a,to_ho_001,1513
2024,다사83a29b,to_ho_001,130
2024,다사83a30b,to_ho_001,23
2024,다사83a31a,to_ho_001,13
2024,다사83a32b,to_ho_001,0
2024,다사83a33a,to_ho_001,0
2024,다사83a33b,to_ho_001,8
2024,다사83a34a,to_ho_001,60
2024,다사83a34b,to_ho_001,5
2024,다사83a35b,to_ho_001,8
2024,다사83a36a,to_ho_001,13
2024,다사83a36b,to_ho_001,8
2024,다사83a37a,to_ho_001,5
2024,다사83a38a,to_ho_001,23
2024,다사83a38b,to_ho_001,5
2024,다사83a39a,to_ho_001,33
2024,다사83a40a,to_ho_001,8
2024,다사83a40b,to_ho_001,405
2024,다사83a41a,to_ho_001,418
2024,다사83a41b,to_ho_001,198
2024,다사83a43a,to_ho_001,5
2024,다사83a44b,to_ho_001,5
2024,다사83a45a,to_ho_001,18
2024,다사83a50a,to_ho_001,13
2024,다사83a50b,to_ho_001,38
2024,다사83a51a,to_ho_001,28
2024,다사83a51b,to_ho_001,0
2024,다사83a52a,to_ho_001,0
2024,다사83a53a,to_ho_001,5
2024,다사83a53b,to_ho_001,5
2024,다사83a54a,to_ho_001,5
2024,다사83a55a,to_ho_001,33
2024,다사83a55b,to_ho_001,23
2024,다사83a57a,to_ho_001,0
2024,다사83a57b,to_ho_001,5
2024,다사83a58b,to_ho_001,5
2024,다사83a59a,to_ho_001,8
2024,다사83a59b,to_ho_001,271
2024,다사83a60a,to_ho_001,8
2024,다사83a60b,to_ho_001,519
2024,다사83a61a,to_ho_001,199
2024,다사83a61b,to_ho_001,270
2024,다사83a62a,to_ho_001,17
2024,다사83a62b,to_ho_001,8
2024,다사83a63a,to_ho_001,51
2024,다사83a64a,to_ho_001,8
2024,다사83a64b,to_ho_001,154
2024,다사83a65a,to_ho_001,105
2024,다사83a65b,to_ho_001,8
2024,다사83a66b,to_ho_001,0
2024,다사83a67a,to_ho_001,8
2024,다사83a67b,to_ho_001,8
2024,다사83a68a,to_ho_001,8
2024,다사83a68b,to_ho_001,100
2024,다사83a69a,to_ho_001,50
2024,다사83a69b,to_ho_001,38
2024,다사83a70a,to_ho_001,38
2024,다사83a70b,to_ho_001,28
2024,다사83a71a,to_ho_001,18
2024,다사83a71b,to_ho_001,49
2024,다사83a72a,to_ho_001,18
2024,다사83a72b,to_ho_001,8
2024,다사83a73a,to_ho_001,5
2024,다사83a76b,to_ho_001,5
2024,다사83a81a,to_ho_001,5
2024,다사83a81b,to_ho_001,8
2024,다사83a88a,to_ho_001,8
2024,다사83a88b,to_ho_001,8
2024,다사83a89a,to_ho_001,33
2024,다사83a89b,to_ho_001,23
2024,다사83a90a,to_ho_001,18
2024,다사83a90b,to_ho_001,58
2024,다사83a91a,to_ho_001,127
2024,다사83a91b,to_ho_001,28
2024,다사83a92a,to_ho_001,13
2024,다사83a92b,to_ho_001,23
2024,다사83a93a,to_ho_001,57
2024,다사83a93b,to_ho_001,23
2024,다사83a94a,to_ho_001,13
2024,다사83a94b,to_ho_001,24
2024,다사83a95a,to_ho_001,151
2024,다사83a98b,to_ho_001,8
2024,다사83a99b,to_ho_001,5
2024,다사83b00b,to_ho_001,0
2024,다사83b02a,to_ho_001,8
2024,다사83b03b,to_ho_001,8
2024,다사83b04a,to_ho_001,8
2024,다사83b04b,to_ho_001,17
2024,다사83b06a,to_ho_001,0
2024,다사83b07a,to_ho_001,23
2024,다사83b07b,to_ho_001,8
2024,다사83b08b,to_ho_001,8
2024,다사83b09a,to_ho_001,5
2024,다사83b09b,to_ho_001,18
2024,다사83b10a,to_ho_001,8
2024,다사83b10b,to_ho_001,43
2024,다사83b11a,to_ho_001,51
2024,다사83b11b,to_ho_001,98
2024,다사83b12b,to_ho_001,5
2024,다사83b13a,to_ho_001,13
2024,다사83b13b,to_ho_001,13
2024,다사83b14a,to_ho_001,11
2024,다사83b14b,to_ho_001,64
2024,다사83b15a,to_ho_001,43
2024,다사83b15b,to_ho_001,58
2024,다사83b16a,to_ho_001,19
2024,다사83b16b,to_ho_001,82
2024,다사83b17a,to_ho_001,5
2024,다사83b19b,to_ho_001,5
2024,다사83b20a,to_ho_001,28
2024,다사83b20b,to_ho_001,8
2024,다사83b21a,to_ho_001,13
2024,다사83b22b,to_ho_001,0
2024,다사83b23a,to_ho_001,8
2024,다사83b23b,to_ho_001,19
2024,다사83b24b,to_ho_001,5
2024,다사83b25a,to_ho_001,8
2024,다사83b25b,to_ho_001,5
2024,다사83b26a,to_ho_001,8
2024,다사83b26b,to_ho_001,194
2024,다사83b27a,to_ho_001,43
2024,다사83b27b,to_ho_001,18
2024,다사83b28a,to_ho_001,29
2024,다사83b28b,to_ho_001,244
2024,다사83b29a,to_ho_001,248
2024,다사83b29b,to_ho_001,48
2024,다사83b30a,to_ho_001,5
2024,다사83b30b,to_ho_001,8
2024,다사83b31a,to_ho_001,8
2024,다사83b32a,to_ho_001,5
2024,다사83b32b,to_ho_001,14
2024,다사83b33a,to_ho_001,23
2024,다사83b33b,to_ho_001,18
2024,다사83b34a,to_ho_001,5
2024,다사83b35a,to_ho_001,8
2024,다사83b35b,to_ho_001,18
2024,다사83b36a,to_ho_001,5
2024,다사83b37a,to_ho_001,76
2024,다사83b37b,to_ho_001,33
2024,다사83b38b,to_ho_001,18
2024,다사83b40a,to_ho_001,53
2024,다사83b40b,to_ho_001,139
2024,다사83b41a,to_ho_001,332
2024,다사83b41b,to_ho_001,481
2024,다사83b42a,to_ho_001,5
2024,다사83b42b,to_ho_001,5
2024,다사83b43a,to_ho_001,18
2024,다사83b45a,to_ho_001,13
2024,다사83b45b,to_ho_001,5
2024,다사83b46b,to_ho_001,5
2024,다사83b48a,to_ho_001,13
2024,다사83b48b,to_ho_001,5
2024,다사83b49a,to_ho_001,478
2024,다사83b49b,to_ho_001,340
2024,다사83b51a,to_ho_001,0
2024,다사83b51b,to_ho_001,8
2024,다사83b52a,to_ho_001,48
2024,다사83b53a,to_ho_001,8
2024,다사83b53b,to_ho_001,0
2024,다사83b54b,to_ho_001,5
2024,다사83b55a,to_ho_001,13
2024,다사83b55b,to_ho_001,5
2024,다사83b58b,to_ho_001,5
2024,다사83b59a,to_ho_001,5
2024,다사83b59b,to_ho_001,8
2024,다사83b61a,to_ho_001,245
2024,다사83b61b,to_ho_001,47
2024,다사83b62a,to_ho_001,58
2024,다사83b62b,to_ho_001,16
2024,다사83b64b,to_ho_001,5
2024,다사83b65a,to_ho_001,118
2024,다사83b65b,to_ho_001,13
2024,다사83b66b,to_ho_001,5
2024,다사83b67a,to_ho_001,18
2024,다사83b67b,to_ho_001,8
2024,다사83b68a,to_ho_001,18
2024,다사83b68b,to_ho_001,23
2024,다사83b69a,to_ho_001,8
2024,다사83b69b,to_ho_001,18
2024,다사83b70a,to_ho_001,28
2024,다사83b76a,to_ho_001,5
2024,다사83b76b,to_ho_001,5
2024,다사83b77a,to_ho_001,8
2024,다사83b78a,to_ho_001,5
2024,다사83b78b,to_ho_001,5
2024,다사83b79a,to_ho_001,8
2024,다사83b81a,to_ho_001,0
2024,다사83b81b,to_ho_001,5
2024,다사83b87a,to_ho_001,0
2024,다사83b88b,to_ho_001,0
2024,다사83b89a,to_ho_001,5
2024,다사83b90a,to_ho_001,5
2024,다사83b90b,to_ho_001,13
2024,다사83b91a,to_ho_001,8
2024,다사83b91b,to_ho_001,18
2024,다사83b92b,to_ho_001,8
2024,다사83b93a,to_ho_001,5
2024,다사83b93b,to_ho_001,33
2024,다사83b94a,to_ho_001,56
2024,다사83b94b,to_ho_001,43
2024,다사83b95a,to_ho_001,513
2024,다사83b95b,to_ho_001,77
2024,다사83b96a,to_ho_001,8
2024,다사83b97b,to_ho_001,8
2024,다사83b98a,to_ho_001,5
2024,다사83b98b,to_ho_001,38
2024,다사83b99a,to_ho_001,18
2024,다사83b99b,to_ho_001,0
2024,다사84a00a,to_ho_001,0
2024,다사84a00b,to_ho_001,18
2024,다사84a04a,to_ho_001,23
2024,다사84a04b,to_ho_001,0
2024,다사84a07a,to_ho_001,13
2024,다사84a07b,to_ho_001,18
2024,다사84a08a,to_ho_001,43
2024,다사84a08b,to_ho_001,8
2024,다사84a09a,to_ho_001,33
2024,다사84a09b,to_ho_001,5
2024,다사84a10a,to_ho_001,8
2024,다사84a11a,to_ho_001,13
2024,다사84a11b,to_ho_001,99
2024,다사84a12a,to_ho_001,18
2024,다사84a12b,to_ho_001,91
2024,다사84a13a,to_ho_001,59
2024,다사84a13b,to_ho_001,5
2024,다사84a14a,to_ho_001,78
2024,다사84a14b,to_ho_001,63
2024,다사84a15a,to_ho_001,8
2024,다사84a15b,to_ho_001,48
2024,다사84a16a,to_ho_001,8
2024,다사84a16b,to_ho_001,33
2024,다사84a17a,to_ho_001,44
2024,다사84a20a,to_ho_001,24
2024,다사84a20b,to_ho_001,50
2024,다사84a21a,to_ho_001,35
2024,다사84a22b,to_ho_001,0
2024,다사84a23a,to_ho_001,13
2024,다사84a23b,to_ho_001,5
2024,다사84a25a,to_ho_001,8
2024,다사84a25b,to_ho_001,5
2024,다사84a26a,to_ho_001,13
2024,다사84a26b,to_ho_001,161
2024,다사84a27a,to_ho_001,5
2024,다사84a28a,to_ho_001,175
2024,다사84a28b,to_ho_001,238
2024,다사84a29a,to_ho_001,5
2024,다사84a29b,to_ho_001,16
2024,다사84a30a,to_ho_001,31
2024,다사84a30b,to_ho_001,13
2024,다사84a31a,to_ho_001,52
2024,다사84a31b,to_ho_001,8
2024,다사84a32a,to_ho_001,8
2024,다사84a32b,to_ho_001,28
2024,다사84a33a,to_ho_001,8
2024,다사84a34b,to_ho_001,8
2024,다사84a35a,to_ho_001,73
2024,다사84a35b,to_ho_001,58
2024,다사84a36a,to_ho_001,5
2024,다사84a36b,to_ho_001,33
2024,다사84a37a,to_ho_001,48
2024,다사84a37b,to_ho_001,38
2024,다사84a38a,to_ho_001,33
2024,다사84a38b,to_ho_001,13
2024,다사84a39a,to_ho_001,23
2024,다사84a39b,to_ho_001,51
2024,다사84a40a,to_ho_001,75
2024,다사84a40b,to_ho_001,71
2024,다사84a41a,to_ho_001,327
2024,다사84a41b,to_ho_001,0
2024,다사84a42a,to_ho_001,5
2024,다사84a42b,to_ho_001,18
2024,다사84a43a,to_ho_001,0
2024,다사84a45a,to_ho_001,59
2024,다사84a45b,to_ho_001,0
2024,다사84a46a,to_ho_001,0
2024,다사84a46b,to_ho_001,0
2024,다사84a47a,to_ho_001,13
2024,다사84a47b,to_ho_001,5
2024,다사84a49a,to_ho_001,123
2024,다사84a49b,to_ho_001,310
2024,다사84a50a,to_ho_001,90
2024,다사84a51b,to_ho_001,23
2024,다사84a52a,to_ho_001,58
2024,다사84a52b,to_ho_001,13
2024,다사84a54a,to_ho_001,8
2024,다사84a54b,to_ho_001,18
2024,다사84a59a,to_ho_001,8
2024,다사84a59b,to_ho_001,13
2024,다사84a60a,to_ho_001,0
2024,다사84a61a,to_ho_001,652
2024,다사84a61b,to_ho_001,37
2024,다사84a62a,to_ho_001,372
2024,다사84a62b,to_ho_001,60
2024,다사84a63a,to_ho_001,5
2024,다사84a65a,to_ho_001,8
2024,다사84a65b,to_ho_001,5
2024,다사84a66a,to_ho_001,5
2024,다사84a67a,to_ho_001,85
2024,다사84a67b,to_ho_001,119
2024,다사84a68a,to_ho_001,175
2024,다사84a68b,to_ho_001,43
2024,다사84a69a,to_ho_001,18
2024,다사84a69b,to_ho_001,0
2024,다사84a70a,to_ho_001,58
2024,다사84a75b,to_ho_001,5
2024,다사84a76a,to_ho_001,34
2024,다사84a76b,to_ho_001,23
2024,다사84a77a,to_ho_001,13
2024,다사84a79a,to_ho_001,13
2024,다사84a79b,to_ho_001,23
2024,다사84a80a,to_ho_001,5
2024,다사84a80b,to_ho_001,5
2024,다사84a81a,to_ho_001,0
2024,다사84a81b,to_ho_001,0
2024,다사84a89a,to_ho_001,5
2024,다사84a90b,to_ho_001,0
2024,다사84a91b,to_ho_001,0
2024,다사84a93b,to_ho_001,23
2024,다사84a94a,to_ho_001,18
2024,다사84a94b,to_ho_001,251
2024,다사84a95a,to_ho_001,475
2024,다사84a95b,to_ho_001,33
2024,다사84a96a,to_ho_001,18
2024,다사84a96b,to_ho_001,18
2024,다사84a97a,to_ho_001,5
2024,다사84a97b,to_ho_001,33
2024,다사84a98a,to_ho_001,43
2024,다사84a98b,to_ho_001,18
2024,다사84a99a,to_ho_001,5
2024,다사84a99b,to_ho_001,5
2024,다사84b00a,to_ho_001,5
2024,다사84b00b,to_ho_001,8
2024,다사84b03b,to_ho_001,0
2024,다사84b04a,to_ho_001,13
2024,다사84b06a,to_ho_001,5
2024,다사84b06b,to_ho_001,8
2024,다사84b07a,to_ho_001,5
2024,다사84b07b,to_ho_001,8
2024,다사84b08a,to_ho_001,35
2024,다사84b08b,to_ho_001,13
2024,다사84b09a,to_ho_001,13
2024,다사84b09b,to_ho_001,5
2024,다사84b10a,to_ho_001,8
2024,다사84b10b,to_ho_001,48
2024,다사84b11a,to_ho_001,33
2024,다사84b11b,to_ho_001,5
2024,다사84b12b,to_ho_001,0
2024,다사84b13a,to_ho_001,0
2024,다사84b15a,to_ho_001,13
2024,다사84b15b,to_ho_001,103
2024,다사84b16a,to_ho_001,13
2024,다사84b16b,to_ho_001,5
2024,다사84b17a,to_ho_001,13
2024,다사84b17b,to_ho_001,0
2024,다사84b18a,to_ho_001,8
2024,다사84b18b,to_ho_001,0
2024,다사84b19a,to_ho_001,0
2024,다사84b20a,to_ho_001,5
2024,다사84b20b,to_ho_001,5
2024,다사84b21a,to_ho_001,8
2024,다사84b21b,to_ho_001,23
2024,다사84b22a,to_ho_001,24
2024,다사84b22b,to_ho_001,68
2024,다사84b23a,to_ho_001,8
2024,다사84b24b,to_ho_001,5
2024,다사84b25a,to_ho_001,5
2024,다사84b25b,to_ho_001,8
2024,다사84b26a,to_ho_001,8
2024,다사84b26b,to_ho_001,0
2024,다사84b28a,to_ho_001,309
2024,다사84b28b,to_ho_001,1507
2024,다사84b29b,to_ho_001,5
2024,다사84b30a,to_ho_001,8
2024,다사84b30b,to_ho_001,8
2024,다사84b31a,to_ho_001,5
2024,다사84b31b,to_ho_001,8
2024,다사84b32a,to_ho_001,8
2024,다사84b32b,to_ho_001,8
2024,다사84b33a,to_ho_001,5
2024,다사84b35a,to_ho_001,18
2024,다사84b35b,to_ho_001,53
2024,다사84b37a,to_ho_001,5
2024,다사84b39a,to_ho_001,0
2024,다사84b39b,to_ho_001,205
2024,다사84b40a,to_ho_001,572
2024,다사84b40b,to_ho_001,31
2024,다사84b41a,to_ho_001,5
2024,다사84b44b,to_ho_001,5
2024,다사84b45a,to_ho_001,0
2024,다사84b45b,to_ho_001,0
2024,다사84b49a,to_ho_001,196
2024,다사84b49b,to_ho_001,263
2024,다사84b50a,to_ho_001,118
2024,다사84b50b,to_ho_001,23
2024,다사84b51a,to_ho_001,8
2024,다사84b52a,to_ho_001,5
2024,다사84b52b,to_ho_001,8
2024,다사84b53a,to_ho_001,18
2024,다사84b53b,to_ho_001,5
2024,다사84b54a,to_ho_001,5
2024,다사84b54b,to_ho_001,18
2024,다사84b58b,to_ho_001,0
2024,다사84b60b,to_ho_001,8
2024,다사84b61a,to_ho_001,70
2024,다사84b61b,to_ho_001,8
2024,다사84b62a,to_ho_001,5
2024,다사84b62b,to_ho_001,13
2024,다사84b64a,to_ho_001,8
2024,다사84b64b,to_ho_001,23
2024,다사84b65a,to_ho_001,5
2024,다사84b65b,to_ho_001,8
2024,다사84b66a,to_ho_001,0
2024,다사84b66b,to_ho_001,13
2024,다사84b67a,to_ho_001,161
2024,다사84b67b,to_ho_001,63
2024,다사84b68a,to_ho_001,38
2024,다사84b68b,to_ho_001,8
2024,다사84b69a,to_ho_001,0
2024,다사84b70a,to_ho_001,8
2024,다사84b70b,to_ho_001,13
2024,다사84b76b,to_ho_001,0
2024,다사84b77a,to_ho_001,8
2024,다사84b78a,to_ho_001,5
2024,다사84b79b,to_ho_001,23
2024,다사84b80a,to_ho_001,8
2024,다사84b81b,to_ho_001,5
2024,다사84b82a,to_ho_001,8
2024,다사84b94a,to_ho_001,5
2024,다사84b94b,to_ho_001,74
2024,다사84b95a,to_ho_001,5
2024,다사84b96a,to_ho_001,18
2024,다사84b96b,to_ho_001,28
2024,다사84b97a,to_ho_001,13
2024,다사84b97b,to_ho_001,33
2024,다사84b98a,to_ho_001,13
2024,다사84b98b,to_ho_001,39
2024,다사84b99a,to_ho_001,13
2024,다사84b99b,to_ho_001,0
2024,다사85a00a,to_ho_001,5
2024,다사85a04b,to_ho_001,5
2024,다사85a05a,to_ho_001,33
2024,다사85a05b,to_ho_001,8
2024,다사85a06a,to_ho_001,8
2024,다사85a06b,to_ho_001,18
2024,다사85a07a,to_ho_001,18
2024,다사85a07b,to_ho_001,8
2024,다사85a08b,to_ho_001,5
2024,다사85a09a,to_ho_001,8
2024,다사85a09b,to_ho_001,5
2024,다사85a10a,to_ho_001,0
2024,다사85a10b,to_ho_001,0
2024,다사85a11a,to_ho_001,5
2024,다사85a11b,to_ho_001,13
2024,다사85a12a,to_ho_001,5
2024,다사85a15a,to_ho_001,0
2024,다사85a15b,to_ho_001,8
2024,다사85a16a,to_ho_001,0
2024,다사85a16b,to_ho_001,5
2024,다사85a17b,to_ho_001,8
2024,다사85a18a,to_ho_001,45
2024,다사85a18b,to_ho_001,61
2024,다사85a19a,to_ho_001,13
2024,다사85a19b,to_ho_001,5
2024,다사85a20a,to_ho_001,5
2024,다사85a20b,to_ho_001,8
2024,다사85a21a,to_ho_001,5
2024,다사85a21b,to_ho_001,27
2024,다사85a22a,to_ho_001,99
2024,다사85a22b,to_ho_001,171
2024,다사85a23a,to_ho_001,8
2024,다사85a23b,to_ho_001,0
2024,다사85a24a,to_ho_001,372
2024,다사85a24b,to_ho_001,328
2024,다사85a25a,to_ho_001,222
2024,다사85a25b,to_ho_001,13
2024,다사85a26a,to_ho_001,5
2024,다사85a26b,to_ho_001,8
2024,다사85a27a,to_ho_001,0
2024,다사85a27b,to_ho_001,0
2024,다사85a28a,to_ho_001,44
2024,다사85a28b,to_ho_001,131
2024,다사85a29a,to_ho_001,8
2024,다사85a29b,to_ho_001,5
2024,다사85a30a,to_ho_001,5
2024,다사85a30b,to_ho_001,66
2024,다사85a31a,to_ho_001,23
2024,다사85a31b,to_ho_001,8
2024,다사85a35b,to_ho_001,8
2024,다사85a39a,to_ho_001,380
2024,다사85a39b,to_ho_001,338
2024,다사85a40a,to_ho_001,63
2024,다사85a40b,to_ho_001,0
2024,다사85a41a,to_ho_001,5
2024,다사85a43a,to_ho_001,8
2024,다사85a47b,to_ho_001,23
2024,다사85a48a,to_ho_001,0
2024,다사85a48b,to_ho_001,5
2024,다사85a49a,to_ho_001,5
2024,다사85a49b,to_ho_001,135
2024,다사85a50a,to_ho_001,8
2024,다사85a50b,to_ho_001,5
2024,다사85a51a,to_ho_001,13
2024,다사85a51b,to_ho_001,8
2024,다사85a52a,to_ho_001,5
2024,다사85a53a,to_ho_001,5
2024,다사85a53b,to_ho_001,8
2024,다사85a54a,to_ho_001,33
2024,다사85a54b,to_ho_001,13
2024,다사85a55a,to_ho_001,42
2024,다사85a55b,to_ho_001,8
2024,다사85a59a,to_ho_001,0
2024,다사85a60b,to_ho_001,5
2024,다사85a61a,to_ho_001,25
2024,다사85a61b,to_ho_001,180
2024,다사85a62a,to_ho_001,65
2024,다사85a62b,to_ho_001,23
2024,다사85a64b,to_ho_001,23
2024,다사85a65a,to_ho_001,53
2024,다사85a65b,to_ho_001,5
2024,다사85a66a,to_ho_001,13
2024,다사85a66b,to_ho_001,38
2024,다사85a67a,to_ho_001,63
2024,다사85a67b,to_ho_001,8
2024,다사85a68a,to_ho_001,5
2024,다사85a77a,to_ho_001,5
2024,다사85a77b,to_ho_001,8
2024,다사85a78a,to_ho_001,18
2024,다사85a79b,to_ho_001,5
2024,다사85a80a,to_ho_001,8
2024,다사85a81a,to_ho_001,5
2024,다사85a81b,to_ho_001,18
2024,다사85a82a,to_ho_001,0
2024,다사85a93b,to_ho_001,5
2024,다사85a94a,to_ho_001,13
2024,다사85a95a,to_ho_001,5
2024,다사85a95b,to_ho_001,23
2024,다사85a96a,to_ho_001,28
2024,다사85a96b,to_ho_001,18
2024,다사85a97a,to_ho_001,33
2024,다사85a97b,to_ho_001,0
2024,다사85a98a,to_ho_001,5
2024,다사85a98b,to_ho_001,5
2024,다사85a99a,to_ho_001,5
2024,다사85a99b,to_ho_001,5
2024,다사85b00a,to_ho_001,8
2024,다사85b00b,to_ho_001,5
2024,다사85b04b,to_ho_001,23
2024,다사85b05a,to_ho_001,28
2024,다사85b05b,to_ho_001,5
2024,다사85b06a,to_ho_001,33
2024,다사85b06b,to_ho_001,63
2024,다사85b07a,to_ho_001,28
2024,다사85b07b,to_ho_001,8
2024,다사85b08a,to_ho_001,0
2024,다사85b08b,to_ho_001,8
2024,다사85b09a,to_ho_001,0
2024,다사85b09b,to_ho_001,0
2024,다사85b10a,to_ho_001,13
2024,다사85b10b,to_ho_001,18
2024,다사85b11a,to_ho_001,43
2024,다사85b11b,to_ho_001,38
2024,다사85b14b,to_ho_001,5
2024,다사85b15a,to_ho_001,15
2024,다사85b15b,to_ho_001,51
2024,다사85b16a,to_ho_001,5
2024,다사85b16b,to_ho_001,5
2024,다사85b17a,to_ho_001,5
2024,다사85b17b,to_ho_001,0
2024,다사85b18b,to_ho_001,33
2024,다사85b19a,to_ho_001,38
2024,다사85b19b,to_ho_001,43
2024,다사85b20a,to_ho_001,8
2024,다사85b20b,to_ho_001,0
2024,다사85b21b,to_ho_001,5
2024,다사85b22a,to_ho_001,28
2024,다사85b23b,to_ho_001,5
2024,다사85b24a,to_ho_001,5
2024,다사85b24b,to_ho_001,46
2024,다사85b25a,to_ho_001,13
2024,다사85b25b,to_ho_001,5
2024,다사85b26a,to_ho_001,5
2024,다사85b26b,to_ho_001,46
2024,다사85b27a,to_ho_001,746
2024,다사85b27b,to_ho_001,226
2024,다사85b28a,to_ho_001,19
2024,다사85b28b,to_ho_001,8
2024,다사85b29a,to_ho_001,5
2024,다사85b30a,to_ho_001,0
2024,다사85b30b,to_ho_001,5
2024,다사85b31a,to_ho_001,13
2024,다사85b31b,to_ho_001,18
2024,다사85b32a,to_ho_001,5
2024,다사85b32b,to_ho_001,30
2024,다사85b33a,to_ho_001,5
2024,다사85b35a,to_ho_001,0
2024,다사85b39a,to_ho_001,312
2024,다사85b39b,to_ho_001,17
2024,다사85b47b,to_ho_001,13
2024,다사85b48b,to_ho_001,8
2024,다사85b49a,to_ho_001,8
2024,다사85b49b,to_ho_001,18
2024,다사85b50a,to_ho_001,33
2024,다사85b50b,to_ho_001,8
2024,다사85b52b,to_ho_001,5
2024,다사85b53a,to_ho_001,5
2024,다사85b54b,to_ho_001,13
2024,다사85b55a,to_ho_001,41
2024,다사85b55b,to_ho_001,23
2024,다사85b56a,to_ho_001,13
2024,다사85b56b,to_ho_001,5
2024,다사85b57a,to_ho_001,23
2024,다사85b59a,to_ho_001,8
2024,다사85b61a,to_ho_001,603
2024,다사85b61b,to_ho_001,1291
2024,다사85b62a,to_ho_001,37
2024,다사85b62b,to_ho_001,23
2024,다사85b63a,to_ho_001,13
2024,다사85b64b,to_ho_001,23
2024,다사85b65a,to_ho_001,37
2024,다사85b65b,to_ho_001,8
2024,다사85b66a,to_ho_001,40
2024,다사85b66b,to_ho_001,23
2024,다사85b67a,to_ho_001,33
2024,다사85b67b,to_ho_001,18
2024,다사85b68a,to_ho_001,5
2024,다사85b74b,to_ho_001,0
2024,다사85b77a,to_ho_001,8
2024,다사85b77b,to_ho_001,13
2024,다사85b78a,to_ho_001,38
2024,다사85b78b,to_ho_001,8
2024,다사85b79a,to_ho_001,0
2024,다사85b79b,to_ho_001,5
2024,다사85b80a,to_ho_001,42
2024,다사85b81a,to_ho_001,0
2024,다사85b81b,to_ho_001,23
2024,다사85b82a,to_ho_001,5
2024,다사85b83a,to_ho_001,61
2024,다사85b83b,to_ho_001,0
2024,다사85b93a,to_ho_001,8
2024,다사85b93b,to_ho_001,5
2024,다사85b95a,to_ho_001,8
2024,다사85b95b,to_ho_001,8
2024,다사85b96a,to_ho_001,5
2024,다사85b97a,to_ho_001,0
2024,다사85b97b,to_ho_001,8
2024,다사85b98a,to_ho_001,13
2024,다사85b99a,to_ho_001,0
2024,다사85b99b,to_ho_001,5
2024,다사86a01a,to_ho_001,5
2024,다사86a02b,to_ho_001,5
2024,다사86a03a,to_ho_001,5
2024,다사86a05a,to_ho_001,8
2024,다사86a05b,to_ho_001,38
2024,다사86a06a,to_ho_001,18
2024,다사86a06b,to_ho_001,69
2024,다사86a07a,to_ho_001,24
2024,다사86a07b,to_ho_001,0
2024,다사86a08a,to_ho_001,13
2024,다사86a08b,to_ho_001,5
2024,다사86a09a,to_ho_001,18
2024,다사86a09b,to_ho_001,8
2024,다사86a10a,to_ho_001,8
2024,다사86a11a,to_ho_001,28
2024,다사86a11b,to_ho_001,5
2024,다사86a13a,to_ho_001,18
2024,다사86a13b,to_ho_001,5
2024,다사86a15a,to_ho_001,8
2024,다사86a15b,to_ho_001,8
2024,다사86a16a,to_ho_001,8
2024,다사86a16b,to_ho_001,5
2024,다사86a17a,to_ho_001,18
2024,다사86a17b,to_ho_001,5
2024,다사86a18a,to_ho_001,5
2024,다사86a18b,to_ho_001,13
2024,다사86a19a,to_ho_001,8
2024,다사86a19b,to_ho_001,5
2024,다사86a20a,to_ho_001,5
2024,다사86a20b,to_ho_001,51
2024,다사86a22a,to_ho_001,5
2024,다사86a22b,to_ho_001,13
2024,다사86a24a,to_ho_001,13
2024,다사86a24b,to_ho_001,18
2024,다사86a25a,to_ho_001,12
2024,다사86a26b,to_ho_001,45
2024,다사86a27a,to_ho_001,220
2024,다사86a27b,to_ho_001,530
2024,다사86a28a,to_ho_001,154
2024,다사86a28b,to_ho_001,13
2024,다사86a32a,to_ho_001,13
2024,다사86a32b,to_ho_001,0
2024,다사86a34b,to_ho_001,5
2024,다사86a35a,to_ho_001,5
2024,다사86a38b,to_ho_001,5
2024,다사86a39a,to_ho_001,131
2024,다사86a41b,to_ho_001,23
2024,다사86a47b,to_ho_001,18
2024,다사86a48a,to_ho_001,5
2024,다사86a50a,to_ho_001,5
2024,다사86a50b,to_ho_001,13
2024,다사86a51a,to_ho_001,8
2024,다사86a51b,to_ho_001,0
2024,다사86a52b,to_ho_001,0
2024,다사86a54a,to_ho_001,5
2024,다사86a55a,to_ho_001,5
2024,다사86a55b,to_ho_001,8
2024,다사86a56a,to_ho_001,0
2024,다사86a56b,to_ho_001,8
2024,다사86a57a,to_ho_001,33
2024,다사86a57b,to_ho_001,33
2024,다사86a58a,to_ho_001,8
2024,다사86a59a,to_ho_001,8
2024,다사86a61a,to_ho_001,0
2024,다사86a61b,to_ho_001,1173
2024,다사86a62a,to_ho_001,98
2024,다사86a62b,to_ho_001,57
2024,다사86a63a,to_ho_001,5
2024,다사86a65a,to_ho_001,23
2024,다사86a65b,to_ho_001,28
2024,다사86a66a,to_ho_001,13
2024,다사86a66b,to_ho_001,13
2024,다사86a67a,to_ho_001,13
2024,다사86a68a,to_ho_001,5
2024,다사86a68b,to_ho_001,0
2024,다사86a74b,to_ho_001,8
2024,다사86a75a,to_ho_001,0
2024,다사86a76a,to_ho_001,13
2024,다사86a77a,to_ho_001,5
2024,다사86a77b,to_ho_001,33
2024,다사86a78a,to_ho_001,18
2024,다사86a78b,to_ho_001,8
2024,다사86a79a,to_ho_001,5
2024,다사86a79b,to_ho_001,5
2024,다사86a80a,to_ho_001,121
2024,다사86a80b,to_ho_001,43
2024,다사86a81a,to_ho_001,48
2024,다사86a81b,to_ho_001,75
2024,다사86a83a,to_ho_001,53
2024,다사86a84a,to_ho_001,11
2024,다사86a84b,to_ho_001,19
2024,다사86a89a,to_ho_001,5
2024,다사86a90a,to_ho_001,5
2024,다사86a93a,to_ho_001,23
2024,다사86a93b,to_ho_001,5
2024,다사86a94b,to_ho_001,0
2024,다사86a95a,to_ho_001,8
2024,다사86a95b,to_ho_001,8
2024,다사86a97a,to_ho_001,23
2024,다사86a97b,to_ho_001,18
2024,다사86a98a,to_ho_001,5
2024,다사86a98b,to_ho_001,0
2024,다사86a99a,to_ho_001,5
2024,다사86a99b,to_ho_001,23
2024,다사86b01a,to_ho_001,0
2024,다사86b01b,to_ho_001,5
2024,다사86b02b,to_ho_001,13
2024,다사86b03a,to_ho_001,5
2024,다사86b05b,to_ho_001,0
2024,다사86b06a,to_ho_001,24
2024,다사86b06b,to_ho_001,8
2024,다사86b07a,to_ho_001,0
2024,다사86b08a,to_ho_001,8
2024,다사86b08b,to_ho_001,5
2024,다사86b09a,to_ho_001,13
2024,다사86b11a,to_ho_001,18
2024,다사86b12b,to_ho_001,13
2024,다사86b13a,to_ho_001,23
2024,다사86b15a,to_ho_001,5
2024,다사86b15b,to_ho_001,18
2024,다사86b16a,to_ho_001,51
2024,다사86b16b,to_ho_001,44
2024,다사86b17a,to_ho_001,220
2024,다사86b17b,to_ho_001,116
2024,다사86b18a,to_ho_001,5
2024,다사86b18b,to_ho_001,13
2024,다사86b19a,to_ho_001,8
2024,다사86b19b,to_ho_001,18
2024,다사86b20a,to_ho_001,43
2024,다사86b20b,to_ho_001,24
2024,다사86b21b,to_ho_001,18
2024,다사86b22a,to_ho_001,5
2024,다사86b22b,to_ho_001,8
2024,다사86b23a,to_ho_001,42
2024,다사86b23b,to_ho_001,8
2024,다사86b24a,to_ho_001,23
2024,다사86b24b,to_ho_001,13
2024,다사86b26b,to_ho_001,303
2024,다사86b27a,to_ho_001,220
2024,다사86b27b,to_ho_001,53
2024,다사86b28a,to_ho_001,5
2024,다사86b29a,to_ho_001,0
2024,다사86b29b,to_ho_001,13
2024,다사86b30a,to_ho_001,5
2024,다사86b37b,to_ho_001,5
2024,다사86b38a,to_ho_001,13
2024,다사86b38b,to_ho_001,13
2024,다사86b41b,to_ho_001,28
2024,다사86b42a,to_ho_001,5
2024,다사86b47b,to_ho_001,8
2024,다사86b48a,to_ho_001,8
2024,다사86b50a,to_ho_001,5
2024,다사86b50b,to_ho_001,5
2024,다사86b51a,to_ho_001,8
2024,다사86b51b,to_ho_001,0
2024,다사86b54a,to_ho_001,18
2024,다사86b54b,to_ho_001,13
2024,다사86b55a,to_ho_001,28
2024,다사86b55b,to_ho_001,13
2024,다사86b56a,to_ho_001,123
2024,다사86b56b,to_ho_001,43
2024,다사86b57a,to_ho_001,38
2024,다사86b57b,to_ho_001,13
2024,다사86b58a,to_ho_001,5
2024,다사86b59a,to_ho_001,8
2024,다사86b61b,to_ho_001,5
2024,다사86b62a,to_ho_001,67
2024,다사86b62b,to_ho_001,8
2024,다사86b65a,to_ho_001,8
2024,다사86b65b,to_ho_001,18
2024,다사86b66a,to_ho_001,18
2024,다사86b71b,to_ho_001,8
2024,다사86b72a,to_ho_001,14
2024,다사86b74b,to_ho_001,5
2024,다사86b75a,to_ho_001,8
2024,다사86b76a,to_ho_001,43
2024,다사86b76b,to_ho_001,13
2024,다사86b77a,to_ho_001,20
2024,다사86b77b,to_ho_001,28
2024,다사86b78a,to_ho_001,8
2024,다사86b78b,to_ho_001,48
2024,다사86b79a,to_ho_001,185
2024,다사86b79b,to_ho_001,158
2024,다사86b80a,to_ho_001,518
2024,다사86b80b,to_ho_001,90
2024,다사86b81b,to_ho_001,5
2024,다사86b82a,to_ho_001,8
2024,다사86b82b,to_ho_001,13
2024,다사86b83a,to_ho_001,33
2024,다사86b83b,to_ho_001,38
2024,다사86b84a,to_ho_001,5
2024,다사86b84b,to_ho_001,18
2024,다사86b85a,to_ho_001,28
2024,다사86b85b,to_ho_001,8
2024,다사86b87b,to_ho_001,5
2024,다사86b88a,to_ho_001,0
2024,다사86b88b,to_ho_001,0
2024,다사86b92b,to_ho_001,8
2024,다사86b93a,to_ho_001,5
2024,다사86b93b,to_ho_001,5
2024,다사86b94b,to_ho_001,5
2024,다사86b95b,to_ho_001,8
2024,다사86b97a,to_ho_001,5
2024,다사86b97b,to_ho_001,13
2024,다사86b98a,to_ho_001,18
2024,다사86b99a,to_ho_001,0
2024,다사86b99b,to_ho_001,28
2024,다사87a01a,to_ho_001,8
2024,다사87a01b,to_ho_001,8
2024,다사87a02a,to_ho_001,5
2024,다사87a02b,to_ho_001,8
2024,다사87a03a,to_ho_001,5
2024,다사87a04a,to_ho_001,5
2024,다사87a04b,to_ho_001,8
2024,다사87a05a,to_ho_001,0
2024,다사87a06b,to_ho_001,28
2024,다사87a07a,to_ho_001,13
2024,다사87a08a,to_ho_001,13
2024,다사87a08b,to_ho_001,28
2024,다사87a09a,to_ho_001,5
2024,다사87a09b,to_ho_001,8
2024,다사87a10a,to_ho_001,8
2024,다사87a10b,to_ho_001,23
2024,다사87a11a,to_ho_001,5
2024,다사87a12a,to_ho_001,18
2024,다사87a12b,to_ho_001,88
2024,다사87a13a,to_ho_001,17
2024,다사87a15b,to_ho_001,13
2024,다사87a16a,to_ho_001,8
2024,다사87a16b,to_ho_001,336
2024,다사87a17a,to_ho_001,1118
2024,다사87a17b,to_ho_001,899
2024,다사87a18a,to_ho_001,13
2024,다사87a18b,to_ho_001,28
2024,다사87a19a,to_ho_001,13
2024,다사87a19b,to_ho_001,23
2024,다사87a20a,to_ho_001,8
2024,다사87a23b,to_ho_001,5
2024,다사87a27a,to_ho_001,8
2024,다사87a27b,to_ho_001,8
2024,다사87a28a,to_ho_001,0
2024,다사87a28b,to_ho_001,5
2024,다사87a29a,to_ho_001,5
2024,다사87a29b,to_ho_001,13
2024,다사87a30a,to_ho_001,18
2024,다사87a30b,to_ho_001,5
2024,다사87a31a,to_ho_001,18
2024,다사87a31b,to_ho_001,8
2024,다사87a32a,to_ho_001,8
2024,다사87a32b,to_ho_001,5
2024,다사87a36b,to_ho_001,5
2024,다사87a37a,to_ho_001,18
2024,다사87a37b,to_ho_001,13
2024,다사87a38a,to_ho_001,14
2024,다사87a38b,to_ho_001,0
2024,다사87a40b,to_ho_001,0
2024,다사87a41a,to_ho_001,18
2024,다사87a41b,to_ho_001,18
2024,다사87a48a,to_ho_001,5
2024,다사87a48b,to_ho_001,0
2024,다사87a50b,to_ho_001,31
2024,다사87a51a,to_ho_001,71
2024,다사87a51b,to_ho_001,5
2024,다사87a53b,to_ho_001,8
2024,다사87a54a,to_ho_001,18
2024,다사87a54b,to_ho_001,8
2024,다사87a55a,to_ho_001,30
2024,다사87a55b,to_ho_001,63
2024,다사87a56a,to_ho_001,145
2024,다사87a56b,to_ho_001,23
2024,다사87a57a,to_ho_001,53
2024,다사87a57b,to_ho_001,68
2024,다사87a58a,to_ho_001,33
2024,다사87a58b,to_ho_001,8
2024,다사87a59a,to_ho_001,13
2024,다사87a59b,to_ho_001,43
2024,다사87a60a,to_ho_001,8
2024,다사87a60b,to_ho_001,0
2024,다사87a61b,to_ho_001,5
2024,다사87a62a,to_ho_001,28
2024,다사87a62b,to_ho_001,38
2024,다사87a63a,to_ho_001,0
2024,다사87a63b,to_ho_001,8
2024,다사87a65b,to_ho_001,54
2024,다사87a66a,to_ho_001,34
2024,다사87a71b,to_ho_001,13
2024,다사87a72a,to_ho_001,33
2024,다사87a72b,to_ho_001,8
2024,다사87a73a,to_ho_001,13
2024,다사87a73b,to_ho_001,8
2024,다사87a74a,to_ho_001,38
2024,다사87a74b,to_ho_001,8
2024,다사87a75a,to_ho_001,18
2024,다사87a75b,to_ho_001,8
2024,다사87a76a,to_ho_001,28
2024,다사87a76b,to_ho_001,5
2024,다사87a77a,to_ho_001,5
2024,다사87a77b,to_ho_001,23
2024,다사87a78a,to_ho_001,62
2024,다사87a78b,to_ho_001,96
2024,다사87a79a,to_ho_001,48
2024,다사87a79b,to_ho_001,20
2024,다사87a80a,to_ho_001,112
2024,다사87a80b,to_ho_001,23
2024,다사87a81a,to_ho_001,5
2024,다사87a81b,to_ho_001,13
2024,다사87a82a,to_ho_001,13
2024,다사87a82b,to_ho_001,33
2024,다사87a83a,to_ho_001,43
2024,다사87a83b,to_ho_001,13
2024,다사87a84a,to_ho_001,18
2024,다사87a84b,to_ho_001,13
2024,다사87a85a,to_ho_001,8
2024,다사87a85b,to_ho_001,19
2024,다사87a86a,to_ho_001,5
2024,다사87a86b,to_ho_001,5
2024,다사87a87a,to_ho_001,18
2024,다사87a87b,to_ho_001,0
2024,다사87a93b,to_ho_001,8
2024,다사87a94b,to_ho_001,8
2024,다사87a95b,to_ho_001,5
2024,다사87a98a,to_ho_001,5
2024,다사87a98b,to_ho_001,5
2024,다사87a99a,to_ho_001,38
2024,다사87a99b,to_ho_001,8
2024,다사87b00b,to_ho_001,5
2024,다사87b01a,to_ho_001,5
2024,다사87b01b,to_ho_001,23
2024,다사87b02a,to_ho_001,0
2024,다사87b02b,to_ho_001,13
2024,다사87b03a,to_ho_001,18
2024,다사87b03b,to_ho_001,5
2024,다사87b04a,to_ho_001,8
2024,다사87b04b,to_ho_001,8
2024,다사87b05a,to_ho_001,8
2024,다사87b05b,to_ho_001,8
2024,다사87b06b,to_ho_001,34
2024,다사87b07a,to_ho_001,41
2024,다사87b07b,to_ho_001,0
2024,다사87b08a,to_ho_001,18
2024,다사87b08b,to_ho_001,18
2024,다사87b09a,to_ho_001,0
2024,다사87b09b,to_ho_001,28
2024,다사87b10a,to_ho_001,8
2024,다사87b10b,to_ho_001,28
2024,다사87b11a,to_ho_001,5
2024,다사87b11b,to_ho_001,43
2024,다사87b12a,to_ho_001,28
2024,다사87b12b,to_ho_001,33
2024,다사87b13b,to_ho_001,23
2024,다사87b14a,to_ho_001,15
2024,다사87b15a,to_ho_001,117
2024,다사87b15b,to_ho_001,55
2024,다사87b16a,to_ho_001,152
2024,다사87b16b,to_ho_001,176
2024,다사87b17a,to_ho_001,296
2024,다사87b17b,to_ho_001,8
2024,다사87b19b,to_ho_001,8
2024,다사87b20a,to_ho_001,5
2024,다사87b21b,to_ho_001,0
2024,다사87b25b,to_ho_001,0
2024,다사87b26b,to_ho_001,5
2024,다사87b27a,to_ho_001,0
2024,다사87b27b,to_ho_001,5
2024,다사87b28b,to_ho_001,5
2024,다사87b31b,to_ho_001,5
2024,다사87b32b,to_ho_001,13
2024,다사87b36b,to_ho_001,5
2024,다사87b37a,to_ho_001,52
2024,다사87b37b,to_ho_001,33
2024,다사87b38a,to_ho_001,5
2024,다사87b38b,to_ho_001,18
2024,다사87b39a,to_ho_001,0
2024,다사87b41a,to_ho_001,8
2024,다사87b42a,to_ho_001,0
2024,다사87b47a,to_ho_001,8
2024,다사87b47b,to_ho_001,13
2024,다사87b50b,to_ho_001,54
2024,다사87b51a,to_ho_001,5
2024,다사87b52b,to_ho_001,5
2024,다사87b53a,to_ho_001,18
2024,다사87b53b,to_ho_001,28
2024,다사87b54a,to_ho_001,8
2024,다사87b55a,to_ho_001,23
2024,다사87b55b,to_ho_001,78
2024,다사87b56a,to_ho_001,18
2024,다사87b56b,to_ho_001,59
2024,다사87b57a,to_ho_001,5
2024,다사87b57b,to_ho_001,8
2024,다사87b58a,to_ho_001,13
2024,다사87b58b,to_ho_001,23
2024,다사87b59a,to_ho_001,28
2024,다사87b59b,to_ho_001,53
2024,다사87b60a,to_ho_001,20
2024,다사87b60b,to_ho_001,101
2024,다사87b61a,to_ho_001,5
2024,다사87b61b,to_ho_001,5
2024,다사87b62a,to_ho_001,13
2024,다사87b62b,to_ho_001,59
2024,다사87b63a,to_ho_001,0
2024,다사87b63b,to_ho_001,29
2024,다사87b64a,to_ho_001,0
2024,다사87b65b,to_ho_001,13
2024,다사87b66a,to_ho_001,8
2024,다사87b66b,to_ho_001,5
2024,다사87b71b,to_ho_001,5
2024,다사87b72a,to_ho_001,18
2024,다사87b72b,to_ho_001,38
2024,다사87b73a,to_ho_001,28
2024,다사87b73b,to_ho_001,28
2024,다사87b74a,to_ho_001,68
2024,다사87b74b,to_ho_001,27
2024,다사87b75a,to_ho_001,28
2024,다사87b75b,to_ho_001,13
2024,다사87b76a,to_ho_001,23
2024,다사87b76b,to_ho_001,38
2024,다사87b77a,to_ho_001,18
2024,다사87b77b,to_ho_001,28
2024,다사87b78a,to_ho_001,13
2024,다사87b78b,to_ho_001,8
2024,다사87b79a,to_ho_001,28
2024,다사87b79b,to_ho_001,18
2024,다사87b80a,to_ho_001,13
2024,다사87b80b,to_ho_001,28
2024,다사87b81a,to_ho_001,18
2024,다사87b81b,to_ho_001,38
2024,다사87b82a,to_ho_001,8
2024,다사87b82b,to_ho_001,23
2024,다사87b83a,to_ho_001,0
2024,다사87b84b,to_ho_001,8
2024,다사87b85b,to_ho_001,0
2024,다사87b86a,to_ho_001,13
2024,다사87b86b,to_ho_001,18
2024,다사87b87a,to_ho_001,18
2024,다사87b93b,to_ho_001,0
2024,다사87b94b,to_ho_001,5
2024,다사87b99a,to_ho_001,5
2024,다사87b99b,to_ho_001,5
2024,다사88a00a,to_ho_001,5
2024,다사88a00b,to_ho_001,8
2024,다사88a01a,to_ho_001,8
2024,다사88a01b,to_ho_001,5
2024,다사88a02a,to_ho_001,0
2024,다사88a02b,to_ho_001,5
2024,다사88a03b,to_ho_001,13
2024,다사88a04a,to_ho_001,5
2024,다사88a04b,to_ho_001,19
2024,다사88a05a,to_ho_001,23
2024,다사88a05b,to_ho_001,13
2024,다사88a06a,to_ho_001,0
2024,다사88a06b,to_ho_001,8
2024,다사88a07a,to_ho_001,220
2024,다사88a08a,to_ho_001,5
2024,다사88a08b,to_ho_001,5
2024,다사88a09a,to_ho_001,5
2024,다사88a10a,to_ho_001,8
2024,다사88a10b,to_ho_001,23
2024,다사88a11a,to_ho_001,38
2024,다사88a11b,to_ho_001,8
2024,다사88a12b,to_ho_001,5
2024,다사88a13a,to_ho_001,8
2024,다사88a13b,to_ho_001,33
2024,다사88a14a,to_ho_001,8
2024,다사88a14b,to_ho_001,44
2024,다사88a15a,to_ho_001,152
2024,다사88a16a,to_ho_001,47
2024,다사88a16b,to_ho_001,13
2024,다사88a17a,to_ho_001,15
2024,다사88a17b,to_ho_001,29
2024,다사88a21b,to_ho_001,0
2024,다사88a22a,to_ho_001,0
2024,다사88a22b,to_ho_001,5
2024,다사88a23a,to_ho_001,5
2024,다사88a23b,to_ho_001,0
2024,다사88a24a,to_ho_001,8
2024,다사88a24b,to_ho_001,23
2024,다사88a25a,to_ho_001,8
2024,다사88a25b,to_ho_001,13
2024,다사88a26a,to_ho_001,19
2024,다사88a26b,to_ho_001,25
2024,다사88a27a,to_ho_001,5
2024,다사88a27b,to_ho_001,5
2024,다사88a28a,to_ho_001,130
2024,다사88a28b,to_ho_001,219
2024,다사88a29a,to_ho_001,8
2024,다사88a30a,to_ho_001,5
2024,다사88a36a,to_ho_001,5
2024,다사88a36b,to_ho_001,13
2024,다사88a37a,to_ho_001,28
2024,다사88a37b,to_ho_001,5
2024,다사88a38a,to_ho_001,5
2024,다사88a38b,to_ho_001,8
2024,다사88a41a,to_ho_001,0
2024,다사88a42a,to_ho_001,5
2024,다사88a43a,to_ho_001,5
2024,다사88a45b,to_ho_001,5
2024,다사88a46a,to_ho_001,5
2024,다사88a48a,to_ho_001,8
2024,다사88a49b,to_ho_001,5
2024,다사88a50a,to_ho_001,23
2024,다사88a50b,to_ho_001,28
2024,다사88a52b,to_ho_001,0
2024,다사88a53b,to_ho_001,5
2024,다사88a54a,to_ho_001,5
2024,다사88a55a,to_ho_001,5
2024,다사88a55b,to_ho_001,32
2024,다사88a56a,to_ho_001,39
2024,다사88a56b,to_ho_001,5
2024,다사88a57a,to_ho_001,5
2024,다사88a58a,to_ho_001,13
2024,다사88a58b,to_ho_001,23
2024,다사88a59a,to_ho_001,5
2024,다사88a59b,to_ho_001,13
2024,다사88a60a,to_ho_001,5
2024,다사88a60b,to_ho_001,5
2024,다사88a61a,to_ho_001,52
2024,다사88a61b,to_ho_001,28
2024,다사88a62a,to_ho_001,8
2024,다사88a62b,to_ho_001,31
2024,다사88a63a,to_ho_001,13
2024,다사88a63b,to_ho_001,13
2024,다사88a64a,to_ho_001,13
2024,다사88a64b,to_ho_001,0
2024,다사88a65a,to_ho_001,8
2024,다사88a65b,to_ho_001,8
2024,다사88a66a,to_ho_001,18
2024,다사88a66b,to_ho_001,5
2024,다사88a72a,to_ho_001,8
2024,다사88a72b,to_ho_001,8
2024,다사88a73b,to_ho_001,5
2024,다사88a74a,to_ho_001,23
2024,다사88a74b,to_ho_001,13
2024,다사88a75a,to_ho_001,13
2024,다사88a75b,to_ho_001,13
2024,다사88a76a,to_ho_001,34
2024,다사88a76b,to_ho_001,23
2024,다사88a77a,to_ho_001,18
2024,다사88a77b,to_ho_001,8
2024,다사88a78b,to_ho_001,13
2024,다사88a79a,to_ho_001,23
2024,다사88a79b,to_ho_001,13
2024,다사88a80a,to_ho_001,13
2024,다사88a80b,to_ho_001,23
2024,다사88a81a,to_ho_001,43
2024,다사88a81b,to_ho_001,5
2024,다사88a84b,to_ho_001,8
2024,다사88a85a,to_ho_001,5
2024,다사88a87a,to_ho_001,23
2024,다사88a87b,to_ho_001,8
2024,다사88a88a,to_ho_001,5
2024,다사88a88b,to_ho_001,5
2024,다사88a99b,to_ho_001,0
2024,다사88b00a,to_ho_001,8
2024,다사88b00b,to_ho_001,8
2024,다사88b01a,to_ho_001,23
2024,다사88b01b,to_ho_001,8
2024,다사88b02a,to_ho_001,8
2024,다사88b02b,to_ho_001,23
2024,다사88b03a,to_ho_001,5
2024,다사88b03b,to_ho_001,5
2024,다사88b04a,to_ho_001,8
2024,다사88b04b,to_ho_001,23
2024,다사88b05b,to_ho_001,0
2024,다사88b06a,to_ho_001,5
2024,다사88b06b,to_ho_001,18
2024,다사88b07a,to_ho_001,314
2024,다사88b07b,to_ho_001,52
2024,다사88b08a,to_ho_001,31
2024,다사88b08b,to_ho_001,18
2024,다사88b09a,to_ho_001,8
2024,다사88b09b,to_ho_001,22
2024,다사88b10a,to_ho_001,13
2024,다사88b10b,to_ho_001,8
2024,다사88b11a,to_ho_001,8
2024,다사88b11b,to_ho_001,5
2024,다사88b12a,to_ho_001,13
2024,다사88b12b,to_ho_001,0
2024,다사88b13a,to_ho_001,18
2024,다사88b13b,to_ho_001,45
2024,다사88b14a,to_ho_001,5
2024,다사88b14b,to_ho_001,59
2024,다사88b15a,to_ho_001,5
2024,다사88b15b,to_ho_001,8
2024,다사88b16a,to_ho_001,21
2024,다사88b16b,to_ho_001,68
2024,다사88b17a,to_ho_001,13
2024,다사88b17b,to_ho_001,5
2024,다사88b18a,to_ho_001,5
2024,다사88b20b,to_ho_001,13
2024,다사88b21a,to_ho_001,38
2024,다사88b22a,to_ho_001,44
2024,다사88b22b,to_ho_001,38
2024,다사88b23a,to_ho_001,0
2024,다사88b24a,to_ho_001,5
2024,다사88b24b,to_ho_001,13
2024,다사88b25a,to_ho_001,8
2024,다사88b25b,to_ho_001,20
2024,다사88b26a,to_ho_001,37
2024,다사88b26b,to_ho_001,5
2024,다사88b27a,to_ho_001,5
2024,다사88b28b,to_ho_001,116
2024,다사88b29a,to_ho_001,33
2024,다사88b29b,to_ho_001,18
2024,다사88b30a,to_ho_001,8
2024,다사88b30b,to_ho_001,5
2024,다사88b36a,to_ho_001,5
2024,다사88b36b,to_ho_001,5
2024,다사88b37a,to_ho_001,18
2024,다사88b41a,to_ho_001,13
2024,다사88b41b,to_ho_001,8
2024,다사88b42a,to_ho_001,8
2024,다사88b42b,to_ho_001,5
2024,다사88b43a,to_ho_001,8
2024,다사88b44a,to_ho_001,5
2024,다사88b44b,to_ho_001,18
2024,다사88b45a,to_ho_001,23
2024,다사88b45b,to_ho_001,13
2024,다사88b47a,to_ho_001,25
2024,다사88b47b,to_ho_001,5
2024,다사88b48a,to_ho_001,13
2024,다사88b48b,to_ho_001,8
2024,다사88b49a,to_ho_001,5
2024,다사88b49b,to_ho_001,63
2024,다사88b50a,to_ho_001,18
2024,다사88b50b,to_ho_001,28
2024,다사88b51a,to_ho_001,13
2024,다사88b51b,to_ho_001,0
2024,다사88b52a,to_ho_001,0
2024,다사88b55a,to_ho_001,38
2024,다사88b55b,to_ho_001,49
2024,다사88b56a,to_ho_001,33
2024,다사88b56b,to_ho_001,13
2024,다사88b57a,to_ho_001,5
2024,다사88b57b,to_ho_001,0
2024,다사88b59b,to_ho_001,5
2024,다사88b60a,to_ho_001,13
2024,다사88b60b,to_ho_001,23
2024,다사88b61b,to_ho_001,18
2024,다사88b62a,to_ho_001,23
2024,다사88b62b,to_ho_001,0
2024,다사88b63a,to_ho_001,28
2024,다사88b63b,to_ho_001,31
2024,다사88b64a,to_ho_001,8
2024,다사88b64b,to_ho_001,76
2024,다사88b65a,to_ho_001,95
2024,다사88b65b,to_ho_001,30
2024,다사88b66a,to_ho_001,5
2024,다사88b67a,to_ho_001,0
2024,다사88b72b,to_ho_001,13
2024,다사88b73a,to_ho_001,18
2024,다사88b73b,to_ho_001,48
2024,다사88b74a,to_ho_001,31
2024,다사88b74b,to_ho_001,33
2024,다사88b75a,to_ho_001,13
2024,다사88b75b,to_ho_001,8
2024,다사88b76a,to_ho_001,23
2024,다사88b76b,to_ho_001,18
2024,다사88b77a,to_ho_001,8
2024,다사88b77b,to_ho_001,28
2024,다사88b78a,to_ho_001,18
2024,다사88b78b,to_ho_001,5
2024,다사88b79a,to_ho_001,8
2024,다사88b79b,to_ho_001,5
2024,다사88b81b,to_ho_001,0
2024,다사88b82b,to_ho_001,8
2024,다사88b83a,to_ho_001,13
2024,다사88b83b,to_ho_001,5
2024,다사88b84b,to_ho_001,8
2024,다사88b85a,to_ho_001,13
2024,다사88b87a,to_ho_001,5
2024,다사88b87b,to_ho_001,8
2024,다사88b88a,to_ho_001,18
2024,다사88b88b,to_ho_001,13
2024,다사88b89a,to_ho_001,8
2024,다사88b99a,to_ho_001,5
2024,다사88b99b,to_ho_001,5
2024,다사89a00a,to_ho_001,28
2024,다사89a00b,to_ho_001,8
2024,다사89a01a,to_ho_001,13
2024,다사89a01b,to_ho_001,13
2024,다사89a02a,to_ho_001,18
2024,다사89a02b,to_ho_001,8
2024,다사89a03a,to_ho_001,38
2024,다사89a03b,to_ho_001,5
2024,다사89a04a,to_ho_001,5
2024,다사89a04b,to_ho_001,0
2024,다사89a05b,to_ho_001,23
2024,다사89a06a,to_ho_001,41
2024,다사89a06b,to_ho_001,25
2024,다사89a07a,to_ho_001,224
2024,다사89a07b,to_ho_001,33
2024,다사89a08a,to_ho_001,0
2024,다사89a08b,to_ho_001,8
2024,다사89a09a,to_ho_001,33
2024,다사89a10a,to_ho_001,5
2024,다사89a11a,to_ho_001,8
2024,다사89a11b,to_ho_001,43
2024,다사89a12a,to_ho_001,13
2024,다사89a13a,to_ho_001,5
2024,다사89a13b,to_ho_001,0
2024,다사89a14b,to_ho_001,24
2024,다사89a15a,to_ho_001,5
2024,다사89a15b,to_ho_001,5
2024,다사89a16b,to_ho_001,0
2024,다사89a17a,to_ho_001,18
2024,다사89a17b,to_ho_001,18
2024,다사89a18a,to_ho_001,8
2024,다사89a18b,to_ho_001,5
2024,다사89a19a,to_ho_001,13
2024,다사89a20b,to_ho_001,63
2024,다사89a21a,to_ho_001,18
2024,다사89a21b,to_ho_001,5
2024,다사89a22a,to_ho_001,28
2024,다사89a22b,to_ho_001,28
2024,다사89a23a,to_ho_001,81
2024,다사89a23b,to_ho_001,8
2024,다사89a24b,to_ho_001,0
2024,다사89a25a,to_ho_001,23
2024,다사89a25b,to_ho_001,37
2024,다사89a26a,to_ho_001,5
2024,다사89a26b,to_ho_001,0
2024,다사89a27a,to_ho_001,8
2024,다사89a27b,to_ho_001,5
2024,다사89a28a,to_ho_001,8
2024,다사89a28b,to_ho_001,29
2024,다사89a29a,to_ho_001,28
2024,다사89a29b,to_ho_001,8
2024,다사89a30a,to_ho_001,28
2024,다사89a30b,to_ho_001,18
2024,다사89a31a,to_ho_001,5
2024,다사89a35b,to_ho_001,8
2024,다사89a36a,to_ho_001,8
2024,다사89a38b,to_ho_001,13
2024,다사89a39a,to_ho_001,5
2024,다사89a39b,to_ho_001,8
2024,다사89a40a,to_ho_001,5
2024,다사89a40b,to_ho_001,8
2024,다사89a41a,to_ho_001,23
2024,다사89a41b,to_ho_001,13
2024,다사89a42a,to_ho_001,5
2024,다사89a42b,to_ho_001,28
2024,다사89a44a,to_ho_001,8
2024,다사89a44b,to_ho_001,5
2024,다사89a47a,to_ho_001,5
2024,다사89a47b,to_ho_001,13
2024,다사89a48a,to_ho_001,33
2024,다사89a48b,to_ho_001,8
2024,다사89a49b,to_ho_001,23
2024,다사89a50a,to_ho_001,5
2024,다사89a50b,to_ho_001,38
2024,다사89a51a,to_ho_001,85
2024,다사89a51b,to_ho_001,13
2024,다사89a54a,to_ho_001,5
2024,다사89a54b,to_ho_001,23
2024,다사89a55a,to_ho_001,38
2024,다사89a55b,to_ho_001,18
2024,다사89a56a,to_ho_001,23
2024,다사89a56b,to_ho_001,49
2024,다사89a57a,to_ho_001,8
2024,다사89a57b,to_ho_001,0
2024,다사89a58b,to_ho_001,5
2024,다사89a59a,to_ho_001,5
2024,다사89a59b,to_ho_001,13
2024,다사89a60a,to_ho_001,5
2024,다사89a60b,to_ho_001,48
2024,다사89a61a,to_ho_001,5
2024,다사89a61b,to_ho_001,5
2024,다사89a62a,to_ho_001,19
2024,다사89a62b,to_ho_001,5
2024,다사89a63b,to_ho_001,8
2024,다사89a64a,to_ho_001,26
2024,다사89a64b,to_ho_001,132
2024,다사89a65a,to_ho_001,8
2024,다사89a65b,to_ho_001,8
2024,다사89a66a,to_ho_001,23
2024,다사89a66b,to_ho_001,23
2024,다사89a68b,to_ho_001,5
2024,다사89a72b,to_ho_001,18
2024,다사89a73a,to_ho_001,5
2024,다사89a73b,to_ho_001,18
2024,다사89a74a,to_ho_001,41
2024,다사89a74b,to_ho_001,13
2024,다사89a75a,to_ho_001,8
2024,다사89a76a,to_ho_001,5
2024,다사89a77a,to_ho_001,5
2024,다사89a77b,to_ho_001,8
2024,다사89a78b,to_ho_001,5
2024,다사89a79b,to_ho_001,8
2024,다사89a80a,to_ho_001,13
2024,다사89a82b,to_ho_001,5
2024,다사89a83a,to_ho_001,13
2024,다사89a83b,to_ho_001,18
2024,다사89a88b,to_ho_001,5
2024,다사89a89a,to_ho_001,28
2024,다사89a89b,to_ho_001,23
2024,다사89a99a,to_ho_001,5
2024,다사89a99b,to_ho_001,8
2024,다사89b00a,to_ho_001,33
2024,다사89b01b,to_ho_001,0
2024,다사89b02a,to_ho_001,33
2024,다사89b02b,to_ho_001,8
2024,다사89b03a,to_ho_001,0
2024,다사89b03b,to_ho_001,5
2024,다사89b04b,to_ho_001,0
2024,다사89b05a,to_ho_001,16
2024,다사89b05b,to_ho_001,5
2024,다사89b06a,to_ho_001,13
2024,다사89b06b,to_ho_001,71
2024,다사89b07b,to_ho_001,5
2024,다사89b08a,to_ho_001,28
2024,다사89b08b,to_ho_001,5
2024,다사89b10a,to_ho_001,5
2024,다사89b10b,to_ho_001,0
2024,다사89b11a,to_ho_001,5
2024,다사89b11b,to_ho_001,8
2024,다사89b12a,to_ho_001,8
2024,다사89b12b,to_ho_001,8
2024,다사89b13a,to_ho_001,0
2024,다사89b15a,to_ho_001,18
2024,다사89b15b,to_ho_001,23
2024,다사89b16b,to_ho_001,5
2024,다사89b17a,to_ho_001,8
2024,다사89b17b,to_ho_001,13
2024,다사89b18a,to_ho_001,13
2024,다사89b18b,to_ho_001,5
2024,다사89b19a,to_ho_001,5
2024,다사89b19b,to_ho_001,0
2024,다사89b20a,to_ho_001,5
2024,다사89b20b,to_ho_001,5
2024,다사89b21a,to_ho_001,73
2024,다사89b21b,to_ho_001,82
2024,다사89b22a,to_ho_001,5
2024,다사89b22b,to_ho_001,18
2024,다사89b23a,to_ho_001,53
2024,다사89b23b,to_ho_001,23
2024,다사89b24a,to_ho_001,5
2024,다사89b24b,to_ho_001,13
2024,다사89b25a,to_ho_001,8
2024,다사89b25b,to_ho_001,19
2024,다사89b26a,to_ho_001,5
2024,다사89b27b,to_ho_001,0
2024,다사89b28a,to_ho_001,5
2024,다사89b28b,to_ho_001,8
2024,다사89b29b,to_ho_001,8
2024,다사89b30a,to_ho_001,28
2024,다사89b30b,to_ho_001,13
2024,다사89b32b,to_ho_001,13
2024,다사89b38b,to_ho_001,5
2024,다사89b39a,to_ho_001,8
2024,다사89b39b,to_ho_001,8
2024,다사89b40a,to_ho_001,5
2024,다사89b40b,to_ho_001,18
2024,다사89b41a,to_ho_001,23
2024,다사89b41b,to_ho_001,43
2024,다사89b42a,to_ho_001,5
2024,다사89b42b,to_ho_001,18
2024,다사89b43a,to_ho_001,8
2024,다사89b43b,to_ho_001,8
2024,다사89b44a,to_ho_001,5
2024,다사89b45a,to_ho_001,0
2024,다사89b45b,to_ho_001,8
2024,다사89b46a,to_ho_001,5
2024,다사89b46b,to_ho_001,18
2024,다사89b47a,to_ho_001,5
2024,다사89b48a,to_ho_001,78
2024,다사89b48b,to_ho_001,38
2024,다사89b49a,to_ho_001,0
2024,다사89b49b,to_ho_001,8
2024,다사89b50a,to_ho_001,13
2024,다사89b50b,to_ho_001,15
2024,다사89b51a,to_ho_001,23
2024,다사89b51b,to_ho_001,8
2024,다사89b52a,to_ho_001,5
2024,다사89b53a,to_ho_001,5
2024,다사89b53b,to_ho_001,0
2024,다사89b54a,to_ho_001,8
2024,다사89b54b,to_ho_001,33
2024,다사89b55a,to_ho_001,28
2024,다사89b55b,to_ho_001,33
2024,다사89b56a,to_ho_001,5
2024,다사89b56b,to_ho_001,5
2024,다사89b57b,to_ho_001,5
2024,다사89b59a,to_ho_001,5
2024,다사89b59b,to_ho_001,28
2024,다사89b60a,to_ho_001,13
2024,다사89b60b,to_ho_001,33
2024,다사89b61b,to_ho_001,0
2024,다사89b62a,to_ho_001,8
2024,다사89b62b,to_ho_001,8
2024,다사89b63a,to_ho_001,23
2024,다사89b63b,to_ho_001,8
2024,다사89b64a,to_ho_001,5
2024,다사89b64b,to_ho_001,5
2024,다사89b65a,to_ho_001,5
2024,다사89b65b,to_ho_001,5
2024,다사89b66a,to_ho_001,18
2024,다사89b66b,to_ho_001,8
2024,다사89b68a,to_ho_001,0
2024,다사89b68b,to_ho_001,8
2024,다사89b70a,to_ho_001,13
2024,다사89b74a,to_ho_001,8
2024,다사89b74b,to_ho_001,8
2024,다사89b75a,to_ho_001,18
2024,다사89b77a,to_ho_001,14
2024,다사89b77b,to_ho_001,5
2024,다사89b78a,to_ho_001,8
2024,다사89b78b,to_ho_001,13
2024,다사89b80a,to_ho_001,13
2024,다사89b80b,to_ho_001,18
2024,다사89b81a,to_ho_001,0
2024,다사89b82b,to_ho_001,5
2024,다사89b83a,to_ho_001,8
2024,다사89b83b,to_ho_001,5
2024,다사89b89a,to_ho_001,0
2024,다사89b89b,to_ho_001,18
2024,다사89b90a,to_ho_001,8
2024,다사89b90b,to_ho_001,5
2024,다사90a00a,to_ho_001,23
2024,다사90a00b,to_ho_001,13
2024,다사90a01a,to_ho_001,0
2024,다사90a01b,to_ho_001,5
2024,다사90a02a,to_ho_001,5
2024,다사90a03a,to_ho_001,13
2024,다사90a03b,to_ho_001,5
2024,다사90a04b,to_ho_001,5
2024,다사90a05a,to_ho_001,21
2024,다사90a06a,to_ho_001,0
2024,다사90a06b,to_ho_001,8
2024,다사90a07a,to_ho_001,0
2024,다사90a07b,to_ho_001,5
2024,다사90a08a,to_ho_001,8
2024,다사90a08b,to_ho_001,0
2024,다사90a09b,to_ho_001,0
2024,다사90a10a,to_ho_001,0
2024,다사90a10b,to_ho_001,5
2024,다사90a11a,to_ho_001,0
2024,다사90a12a,to_ho_001,5
2024,다사90a12b,to_ho_001,8
2024,다사90a13a,to_ho_001,5
2024,다사90a13b,to_ho_001,0
2024,다사90a14b,to_ho_001,5
2024,다사90a15a,to_ho_001,8
2024,다사90a15b,to_ho_001,0
2024,다사90a16a,to_ho_001,5
2024,다사90a16b,to_ho_001,18
2024,다사90a17a,to_ho_001,8
2024,다사90a17b,to_ho_001,23
2024,다사90a18a,to_ho_001,5
2024,다사90a20a,to_ho_001,0
2024,다사90a20b,to_ho_001,0
2024,다사90a21a,to_ho_001,53
2024,다사90a21b,to_ho_001,53
2024,다사90a22a,to_ho_001,8
2024,다사90a22b,to_ho_001,107
2024,다사90a23a,to_ho_001,5
2024,다사90a23b,to_ho_001,13
2024,다사90a25a,to_ho_001,5
2024,다사90a25b,to_ho_001,13
2024,다사90a26a,to_ho_001,18
2024,다사90a26b,to_ho_001,5
2024,다사90a27a,to_ho_001,5
2024,다사90a27b,to_ho_001,13
2024,다사90a28a,to_ho_001,5
2024,다사90a28b,to_ho_001,25
2024,다사90a29b,to_ho_001,8
2024,다사90a30a,to_ho_001,23
2024,다사90a30b,to_ho_001,35
2024,다사90a31a,to_ho_001,5
2024,다사90a31b,to_ho_001,53
2024,다사90a32a,to_ho_001,28
2024,다사90a32b,to_ho_001,5
2024,다사90a38b,to_ho_001,18
2024,다사90a39a,to_ho_001,8
2024,다사90a39b,to_ho_001,23
2024,다사90a40a,to_ho_001,33
2024,다사90a41a,to_ho_001,18
2024,다사90a41b,to_ho_001,5
2024,다사90a42a,to_ho_001,41
2024,다사90a42b,to_ho_001,28
2024,다사90a43a,to_ho_001,28
2024,다사90a43b,to_ho_001,18
2024,다사90a44b,to_ho_001,5
2024,다사90a45a,to_ho_001,8
2024,다사90a45b,to_ho_001,8
2024,다사90a46a,to_ho_001,25
2024,다사90a46b,to_ho_001,28
2024,다사90a47a,to_ho_001,53
2024,다사90a48a,to_ho_001,23
2024,다사90a50a,to_ho_001,0
2024,다사90a51a,to_ho_001,8
2024,다사90a51b,to_ho_001,5
2024,다사90a52b,to_ho_001,8
2024,다사90a53a,to_ho_001,23
2024,다사90a53b,to_ho_001,63
2024,다사90a54a,to_ho_001,91
2024,다사90a54b,to_ho_001,23
2024,다사90a55a,to_ho_001,18
2024,다사90a55b,to_ho_001,63
2024,다사90a56a,to_ho_001,38
2024,다사90a59b,to_ho_001,13
2024,다사90a60a,to_ho_001,38
2024,다사90a60b,to_ho_001,19
2024,다사90a61a,to_ho_001,8
2024,다사90a61b,to_ho_001,29
2024,다사90a62a,to_ho_001,5
2024,다사90a62b,to_ho_001,0
2024,다사90a63a,to_ho_001,13
2024,다사90a63b,to_ho_001,13
2024,다사90a64b,to_ho_001,5
2024,다사90a65a,to_ho_001,5
2024,다사90a65b,to_ho_001,13
2024,다사90a66a,to_ho_001,8
2024,다사90a66b,to_ho_001,5
2024,다사90a67a,to_ho_001,5
2024,다사90a67b,to_ho_001,0
2024,다사90a68a,to_ho_001,8
2024,다사90a69b,to_ho_001,0
2024,다사90a70a,to_ho_001,8
2024,다사90a70b,to_ho_001,5
2024,다사90a73a,to_ho_001,8
2024,다사90a73b,to_ho_001,13
2024,다사90a74a,to_ho_001,23
2024,다사90a74b,to_ho_001,13
2024,다사90a77b,to_ho_001,33
2024,다사90a78a,to_ho_001,8
2024,다사90a79a,to_ho_001,0
2024,다사90a80b,to_ho_001,0
2024,다사90a81b,to_ho_001,0
2024,다사90a82a,to_ho_001,0
2024,다사90a82b,to_ho_001,5
2024,다사90a90a,to_ho_001,8
2024,다사90a90b,to_ho_001,13
2024,다사90a91a,to_ho_001,5
2024,다사90b00a,to_ho_001,8
2024,다사90b00b,to_ho_001,5
2024,다사90b01a,to_ho_001,8
2024,다사90b01b,to_ho_001,28
2024,다사90b03a,to_ho_001,5
2024,다사90b03b,to_ho_001,51
2024,다사90b04a,to_ho_001,55
2024,다사90b04b,to_ho_001,8
2024,다사90b05a,to_ho_001,5
2024,다사90b05b,to_ho_001,0
2024,다사90b06a,to_ho_001,0
2024,다사90b06b,to_ho_001,5
2024,다사90b07a,to_ho_001,13
2024,다사90b07b,to_ho_001,0
2024,다사90b08a,to_ho_001,8
2024,다사90b08b,to_ho_001,24
2024,다사90b09b,to_ho_001,5
2024,다사90b10b,to_ho_001,5
2024,다사90b11a,to_ho_001,5
2024,다사90b12b,to_ho_001,43
2024,다사90b13a,to_ho_001,31
2024,다사90b13b,to_ho_001,8
2024,다사90b16b,to_ho_001,28
2024,다사90b17a,to_ho_001,8
2024,다사90b17b,to_ho_001,5
2024,다사90b18a,to_ho_001,8
2024,다사90b18b,to_ho_001,0
2024,다사90b19a,to_ho_001,5
2024,다사90b19b,to_ho_001,5
2024,다사90b20a,to_ho_001,28
2024,다사90b20b,to_ho_001,5
2024,다사90b21a,to_ho_001,0
2024,다사90b21b,to_ho_001,8
2024,다사90b22a,to_ho_001,5
2024,다사90b22b,to_ho_001,67
2024,다사90b23a,to_ho_001,8
2024,다사90b23b,to_ho_001,67
2024,다사90b24a,to_ho_001,5
2024,다사90b25a,to_ho_001,18
2024,다사90b25b,to_ho_001,55
2024,다사90b26a,to_ho_001,5
2024,다사90b26b,to_ho_001,0
2024,다사90b27a,to_ho_001,5
2024,다사90b27b,to_ho_001,5
2024,다사90b28a,to_ho_001,5
2024,다사90b28b,to_ho_001,8
2024,다사90b29a,to_ho_001,5
2024,다사90b29b,to_ho_001,5
2024,다사90b30a,to_ho_001,5
2024,다사90b30b,to_ho_001,5
2024,다사90b31a,to_ho_001,13
2024,다사90b31b,to_ho_001,8
2024,다사90b32a,to_ho_001,0
2024,다사90b33a,to_ho_001,13
2024,다사90b33b,to_ho_001,5
2024,다사90b37b,to_ho_001,5
2024,다사90b38a,to_ho_001,5
2024,다사90b38b,to_ho_001,13
2024,다사90b39a,to_ho_001,13
2024,다사90b39b,to_ho_001,28
2024,다사90b40a,to_ho_001,43
2024,다사90b40b,to_ho_001,23
2024,다사90b41a,to_ho_001,43
2024,다사90b41b,to_ho_001,23
2024,다사90b42a,to_ho_001,43
2024,다사90b42b,to_ho_001,23
2024,다사90b43a,to_ho_001,5
2024,다사90b43b,to_ho_001,5
2024,다사90b44b,to_ho_001,33
2024,다사90b45a,to_ho_001,43
2024,다사90b45b,to_ho_001,8
2024,다사90b46a,to_ho_001,156
2024,다사90b46b,to_ho_001,42
2024,다사90b47a,to_ho_001,18
2024,다사90b53a,to_ho_001,5
2024,다사90b53b,to_ho_001,43
2024,다사90b54a,to_ho_001,18
2024,다사90b55b,to_ho_001,23
2024,다사90b56a,to_ho_001,18
2024,다사90b56b,to_ho_001,0
2024,다사90b59a,to_ho_001,5
2024,다사90b59b,to_ho_001,48
2024,다사90b60a,to_ho_001,23
2024,다사90b63a,to_ho_001,13
2024,다사90b64b,to_ho_001,5
2024,다사90b65b,to_ho_001,5
2024,다사90b66a,to_ho_001,18
2024,다사90b66b,to_ho_001,13
2024,다사90b67a,to_ho_001,5
2024,다사90b67b,to_ho_001,0
2024,다사90b69a,to_ho_001,8
2024,다사90b69b,to_ho_001,8
2024,다사90b70a,to_ho_001,18
2024,다사90b70b,to_ho_001,5
2024,다사90b73a,to_ho_001,32
2024,다사90b73b,to_ho_001,18
2024,다사90b74a,to_ho_001,53
2024,다사90b74b,to_ho_001,8
2024,다사90b75a,to_ho_001,23
2024,다사90b75b,to_ho_001,8
2024,다사90b77a,to_ho_001,5
2024,다사90b77b,to_ho_001,8
2024,다사90b79a,to_ho_001,0
2024,다사90b79b,to_ho_001,0
2024,다사90b80a,to_ho_001,5
2024,다사90b83b,to_ho_001,5
2024,다사90b84a,to_ho_001,5
2024,다사90b84b,to_ho_001,13
2024,다사90b90b,to_ho_001,0
2024,다사90b91a,to_ho_001,5
2024,다사90b91b,to_ho_001,5
2024,다사91a00a,to_ho_001,5
2024,다사91a00b,to_ho_001,5
2024,다사91a01a,to_ho_001,28
2024,다사91a01b,to_ho_001,0
2024,다사91a02b,to_ho_001,5
2024,다사91a03a,to_ho_001,13
2024,다사91a03b,to_ho_001,5
2024,다사91a04a,to_ho_001,39
2024,다사91a04b,to_ho_001,8
2024,다사91a05a,to_ho_001,33
2024,다사91a06a,to_ho_001,8
2024,다사91a06b,to_ho_001,8
2024,다사91a07a,to_ho_001,5
2024,다사91a07b,to_ho_001,8
2024,다사91a08a,to_ho_001,5
2024,다사91a08b,to_ho_001,8
2024,다사91a11a,to_ho_001,13
2024,다사91a11b,to_ho_001,8
2024,다사91a12a,to_ho_001,8
2024,다사91a12b,to_ho_001,0
2024,다사91a13a,to_ho_001,5
2024,다사91a13b,to_ho_001,33
2024,다사91a14a,to_ho_001,18
2024,다사91a14b,to_ho_001,5
2024,다사91a15a,to_ho_001,0
2024,다사91a16b,to_ho_001,8
2024,다사91a17a,to_ho_001,0
2024,다사91a17b,to_ho_001,8
2024,다사91a18a,to_ho_001,8
2024,다사91a18b,to_ho_001,5
2024,다사91a19a,to_ho_001,8
2024,다사91a19b,to_ho_001,43
2024,다사91a20a,to_ho_001,5
2024,다사91a20b,to_ho_001,8
2024,다사91a21a,to_ho_001,33
2024,다사91a21b,to_ho_001,8
2024,다사91a22a,to_ho_001,13
2024,다사91a22b,to_ho_001,5
2024,다사91a23a,to_ho_001,429
2024,다사91a23b,to_ho_001,40
2024,다사91a24a,to_ho_001,230
2024,다사91a24b,to_ho_001,8
2024,다사91a25b,to_ho_001,5
2024,다사91a26b,to_ho_001,5
2024,다사91a27a,to_ho_001,8
2024,다사91a28a,to_ho_001,5
2024,다사91a28b,to_ho_001,13
2024,다사91a29a,to_ho_001,8
2024,다사91a29b,to_ho_001,18
2024,다사91a30a,to_ho_001,8
2024,다사91a30b,to_ho_001,43
2024,다사91a31a,to_ho_001,5
2024,다사91a31b,to_ho_001,5
2024,다사91a32b,to_ho_001,13
2024,다사91a33a,to_ho_001,8
2024,다사91a33b,to_ho_001,5
2024,다사91a37a,to_ho_001,0
2024,다사91a37b,to_ho_001,8
2024,다사91a38a,to_ho_001,33
2024,다사91a38b,to_ho_001,33
2024,다사91a39a,to_ho_001,28
2024,다사91a39b,to_ho_001,8
2024,다사91a40a,to_ho_001,43
2024,다사91a40b,to_ho_001,29
2024,다사91a41a,to_ho_001,23
2024,다사91a41b,to_ho_001,5
2024,다사91a42a,to_ho_001,33
2024,다사91a42b,to_ho_001,23
2024,다사91a43a,to_ho_001,18
2024,다사91a43b,to_ho_001,18
2024,다사91a44a,to_ho_001,0
2024,다사91a44b,to_ho_001,18
2024,다사91a45a,to_ho_001,23
2024,다사91a45b,to_ho_001,77
2024,다사91a46a,to_ho_001,126
2024,다사91a46b,to_ho_001,94
2024,다사91a47a,to_ho_001,59
2024,다사91a47b,to_ho_001,5
2024,다사91a53a,to_ho_001,8
2024,다사91a53b,to_ho_001,5
2024,다사91a54a,to_ho_001,8
2024,다사91a55b,to_ho_001,5
2024,다사91a56a,to_ho_001,13
2024,다사91a59a,to_ho_001,8
2024,다사91a59b,to_ho_001,13
2024,다사91a60a,to_ho_001,8
2024,다사91a60b,to_ho_001,5
2024,다사91a66a,to_ho_001,8
2024,다사91a67a,to_ho_001,8
2024,다사91a67b,to_ho_001,8
2024,다사91a68a,to_ho_001,0
2024,다사91a68b,to_ho_001,28
2024,다사91a69a,to_ho_001,28
2024,다사91a70a,to_ho_001,5
2024,다사91a72b,to_ho_001,13
2024,다사91a73a,to_ho_001,13
2024,다사91a73b,to_ho_001,18
2024,다사91a74a,to_ho_001,5
2024,다사91a76a,to_ho_001,0
2024,다사91a84a,to_ho_001,0
2024,다사91a85a,to_ho_001,0
2024,다사91b00a,to_ho_001,23
2024,다사91b01b,to_ho_001,5
2024,다사91b02b,to_ho_001,5
2024,다사91b03a,to_ho_001,28
2024,다사91b03b,to_ho_001,8
2024,다사91b04a,to_ho_001,18
2024,다사91b04b,to_ho_001,8
2024,다사91b05a,to_ho_001,8
2024,다사91b05b,to_ho_001,13
2024,다사91b07a,to_ho_001,0
2024,다사91b08a,to_ho_001,0
2024,다사91b10a,to_ho_001,5
2024,다사91b10b,to_ho_001,5
2024,다사91b11a,to_ho_001,28
2024,다사91b11b,to_ho_001,23
2024,다사91b12a,to_ho_001,33
2024,다사91b12b,to_ho_001,13
2024,다사91b13a,to_ho_001,8
2024,다사91b13b,to_ho_001,5
2024,다사91b14a,to_ho_001,8
2024,다사91b14b,to_ho_001,5
2024,다사91b15b,to_ho_001,11
2024,다사91b16a,to_ho_001,5
2024,다사91b16b,to_ho_001,5
2024,다사91b17a,to_ho_001,53
2024,다사91b17b,to_ho_001,54
2024,다사91b18a,to_ho_001,29
2024,다사91b19b,to_ho_001,13
2024,다사91b20a,to_ho_001,13
2024,다사91b21a,to_ho_001,19
2024,다사91b21b,to_ho_001,164
2024,다사91b22a,to_ho_001,61
2024,다사91b22b,to_ho_001,139
2024,다사91b23a,to_ho_001,313
2024,다사91b23b,to_ho_001,5
2024,다사91b24a,to_ho_001,127
2024,다사91b24b,to_ho_001,28
2024,다사91b26b,to_ho_001,18
2024,다사91b27a,to_ho_001,46
2024,다사91b27b,to_ho_001,8
2024,다사91b28a,to_ho_001,28
2024,다사91b28b,to_ho_001,13
2024,다사91b29a,to_ho_001,5
2024,다사91b29b,to_ho_001,50
2024,다사91b30a,to_ho_001,45
2024,다사91b30b,to_ho_001,13
2024,다사91b31a,to_ho_001,5
2024,다사91b31b,to_ho_001,13
2024,다사91b32a,to_ho_001,28
2024,다사91b32b,to_ho_001,18
2024,다사91b33a,to_ho_001,8
2024,다사91b37a,to_ho_001,8
2024,다사91b37b,to_ho_001,8
2024,다사91b38a,to_ho_001,13
2024,다사91b38b,to_ho_001,8
2024,다사91b39a,to_ho_001,5
2024,다사91b41a,to_ho_001,5
2024,다사91b41b,to_ho_001,5
2024,다사91b42a,to_ho_001,33
2024,다사91b42b,to_ho_001,8
2024,다사91b43a,to_ho_001,0
2024,다사91b43b,to_ho_001,13
2024,다사91b44a,to_ho_001,5
2024,다사91b44b,to_ho_001,58
2024,다사91b45a,to_ho_001,53
2024,다사91b45b,to_ho_001,33
2024,다사91b46a,to_ho_001,74
2024,다사91b46b,to_ho_001,80
2024,다사91b47a,to_ho_001,73
2024,다사91b47b,to_ho_001,13
2024,다사91b48a,to_ho_001,18
2024,다사91b48b,to_ho_001,8
2024,다사91b49a,to_ho_001,5
2024,다사91b51b,to_ho_001,5
2024,다사91b52a,to_ho_001,0
2024,다사91b53a,to_ho_001,8
2024,다사91b55a,to_ho_001,5
2024,다사91b55b,to_ho_001,27
2024,다사91b56a,to_ho_001,0
2024,다사91b59b,to_ho_001,8
2024,다사91b60a,to_ho_001,8
2024,다사91b65b,to_ho_001,5
2024,다사91b68a,to_ho_001,18
2024,다사91b69a,to_ho_001,8
2024,다사91b69b,to_ho_001,23
2024,다사91b70a,to_ho_001,0
2024,다사91b70b,to_ho_001,5
2024,다사91b72b,to_ho_001,8
2024,다사91b73a,to_ho_001,5
2024,다사91b76b,to_ho_001,0
2024,다사91b80b,to_ho_001,5
2024,다사92a00a,to_ho_001,0
2024,다사92a00b,to_ho_001,5
2024,다사92a01a,to_ho_001,18
2024,다사92a02a,to_ho_001,8
2024,다사92a02b,to_ho_001,23
2024,다사92a03a,to_ho_001,24
2024,다사92a04b,to_ho_001,5
2024,다사92a05a,to_ho_001,5
2024,다사92a11a,to_ho_001,8
2024,다사92a11b,to_ho_001,5
2024,다사92a12a,to_ho_001,0
2024,다사92a12b,to_ho_001,5
2024,다사92a13a,to_ho_001,8
2024,다사92a13b,to_ho_001,33
2024,다사92a15b,to_ho_001,27
2024,다사92a16a,to_ho_001,31
2024,다사92a16b,to_ho_001,8
2024,다사92a17a,to_ho_001,13
2024,다사92a17b,to_ho_001,5
2024,다사92a19b,to_ho_001,0
2024,다사92a21a,to_ho_001,16
2024,다사92a21b,to_ho_001,148
2024,다사92a22a,to_ho_001,173
2024,다사92a22b,to_ho_001,17
2024,다사92a23a,to_ho_001,91
2024,다사92a23b,to_ho_001,23
2024,다사92a24a,to_ho_001,64
2024,다사92a24b,to_ho_001,67
2024,다사92a25a,to_ho_001,32
2024,다사92a26a,to_ho_001,5
2024,다사92a26b,to_ho_001,18
2024,다사92a27a,to_ho_001,5
2024,다사92a27b,to_ho_001,8
2024,다사92a28a,to_ho_001,8
2024,다사92a29a,to_ho_001,8
2024,다사92a29b,to_ho_001,28
2024,다사92a30a,to_ho_001,18
2024,다사92a30b,to_ho_001,8
2024,다사92a31b,to_ho_001,5
2024,다사92a32a,to_ho_001,8
2024,다사92a36a,to_ho_001,5
2024,다사92a36b,to_ho_001,5
2024,다사92a37b,to_ho_001,0
2024,다사92a38b,to_ho_001,8
2024,다사92a39a,to_ho_001,23
2024,다사92a39b,to_ho_001,8
2024,다사92a40a,to_ho_001,8
2024,다사92a40b,to_ho_001,28
2024,다사92a41a,to_ho_001,33
2024,다사92a41b,to_ho_001,18
2024,다사92a42a,to_ho_001,5
2024,다사92a42b,to_ho_001,5
2024,다사92a43a,to_ho_001,5
2024,다사92a43b,to_ho_001,18
2024,다사92a44a,to_ho_001,41
2024,다사92a45a,to_ho_001,8
2024,다사92a45b,to_ho_001,23
2024,다사92a46a,to_ho_001,20
2024,다사92a46b,to_ho_001,60
2024,다사92a47a,to_ho_001,68
2024,다사92a47b,to_ho_001,33
2024,다사92a48a,to_ho_001,23
2024,다사92a48b,to_ho_001,23
2024,다사92a49a,to_ho_001,5
2024,다사92a51b,to_ho_001,13
2024,다사92a52a,to_ho_001,13
2024,다사92a52b,to_ho_001,8
2024,다사92a53a,to_ho_001,28
2024,다사92a53b,to_ho_001,8
2024,다사92a55a,to_ho_001,5
2024,다사92a55b,to_ho_001,23
2024,다사92a56a,to_ho_001,5
2024,다사92a59b,to_ho_001,18
2024,다사92a60a,to_ho_001,8
2024,다사92a60b,to_ho_001,8
2024,다사92a68b,to_ho_001,0
2024,다사92a69b,to_ho_001,101
2024,다사92a70a,to_ho_001,660
2024,다사92a70b,to_ho_001,52
2024,다사92a71a,to_ho_001,18
2024,다사92a71b,to_ho_001,5
2024,다사92a72b,to_ho_001,8
2024,다사92a73a,to_ho_001,23
2024,다사92a96b,to_ho_001,8
2024,다사92b00b,to_ho_001,8
2024,다사92b01a,to_ho_001,5
2024,다사92b01b,to_ho_001,5
2024,다사92b02a,to_ho_001,5
2024,다사92b02b,to_ho_001,8
2024,다사92b03a,to_ho_001,5
2024,다사92b03b,to_ho_001,5
2024,다사92b04a,to_ho_001,5
2024,다사92b04b,to_ho_001,0
2024,다사92b11b,to_ho_001,8
2024,다사92b12a,to_ho_001,23
2024,다사92b12b,to_ho_001,13
2024,다사92b13a,to_ho_001,33
2024,다사92b13b,to_ho_001,28
2024,다사92b14a,to_ho_001,8
2024,다사92b14b,to_ho_001,5
2024,다사92b15a,to_ho_001,0
2024,다사92b15b,to_ho_001,8
2024,다사92b16a,to_ho_001,58
2024,다사92b16b,to_ho_001,13
2024,다사92b17a,to_ho_001,0
2024,다사92b17b,to_ho_001,0
2024,다사92b21a,to_ho_001,0
2024,다사92b21b,to_ho_001,247
2024,다사92b22a,to_ho_001,82
2024,다사92b22b,to_ho_001,14
2024,다사92b23a,to_ho_001,39
2024,다사92b23b,to_ho_001,8
2024,다사92b24a,to_ho_001,48
2024,다사92b24b,to_ho_001,43
2024,다사92b25a,to_ho_001,18
2024,다사92b28a,to_ho_001,18
2024,다사92b28b,to_ho_001,8
2024,다사92b29a,to_ho_001,8
2024,다사92b30a,to_ho_001,18
2024,다사92b30b,to_ho_001,8
2024,다사92b32a,to_ho_001,0
2024,다사92b32b,to_ho_001,8
2024,다사92b35b,to_ho_001,0
2024,다사92b36a,to_ho_001,8
2024,다사92b36b,to_ho_001,8
2024,다사92b39a,to_ho_001,0
2024,다사92b39b,to_ho_001,13
2024,다사92b40a,to_ho_001,38
2024,다사92b40b,to_ho_001,18
2024,다사92b41a,to_ho_001,28
2024,다사92b41b,to_ho_001,43
2024,다사92b42a,to_ho_001,23
2024,다사92b42b,to_ho_001,28
2024,다사92b43a,to_ho_001,23
2024,다사92b43b,to_ho_001,38
2024,다사92b44a,to_ho_001,43
2024,다사92b44b,to_ho_001,22
2024,다사92b45a,to_ho_001,0
2024,다사92b45b,to_ho_001,38
2024,다사92b46a,to_ho_001,28
2024,다사92b46b,to_ho_001,13
2024,다사92b47a,to_ho_001,35
2024,다사92b47b,to_ho_001,23
2024,다사92b48a,to_ho_001,28
2024,다사92b48b,to_ho_001,63
2024,다사92b49a,to_ho_001,48
2024,다사92b49b,to_ho_001,5
2024,다사92b50a,to_ho_001,18
2024,다사92b51b,to_ho_001,28
2024,다사92b52a,to_ho_001,28
2024,다사92b52b,to_ho_001,8
2024,다사92b53a,to_ho_001,13
2024,다사92b53b,to_ho_001,18
2024,다사92b54a,to_ho_001,8
2024,다사92b54b,to_ho_001,5
2024,다사92b55a,to_ho_001,0
2024,다사92b55b,to_ho_001,13
2024,다사92b56a,to_ho_001,28
2024,다사92b56b,to_ho_001,8
2024,다사92b57a,to_ho_001,8
2024,다사92b59a,to_ho_001,0
2024,다사92b59b,to_ho_001,8
2024,다사92b60a,to_ho_001,5
2024,다사92b60b,to_ho_001,18
2024,다사92b61a,to_ho_001,8
2024,다사92b65a,to_ho_001,0
2024,다사92b69b,to_ho_001,5
2024,다사92b70a,to_ho_001,459
2024,다사92b70b,to_ho_001,582
2024,다사92b71a,to_ho_001,582
2024,다사92b71b,to_ho_001,29
2024,다사92b72b,to_ho_001,5
2024,다사92b95a,to_ho_001,0
2024,다사92b96a,to_ho_001,8
2024,다사92b96b,to_ho_001,5
2024,다사93a00a,to_ho_001,0
2024,다사93a00b,to_ho_001,0
2024,다사93a01a,to_ho_001,0
2024,다사93a01b,to_ho_001,0
2024,다사93a02b,to_ho_001,5
2024,다사93a03a,to_ho_001,0
2024,다사93a08a,to_ho_001,5
2024,다사93a08b,to_ho_001,5
2024,다사93a09a,to_ho_001,11
2024,다사93a09b,to_ho_001,5
2024,다사93a10a,to_ho_001,13
2024,다사93a10b,to_ho_001,18
2024,다사93a11b,to_ho_001,8
2024,다사93a12a,to_ho_001,13
2024,다사93a12b,to_ho_001,0
2024,다사93a13a,to_ho_001,0
2024,다사93a13b,to_ho_001,182
2024,다사93a14a,to_ho_001,33
2024,다사93a14b,to_ho_001,13
2024,다사93a15a,to_ho_001,63
2024,다사93a15b,to_ho_001,24
2024,다사93a16a,to_ho_001,5
2024,다사93a16b,to_ho_001,8
2024,다사93a17b,to_ho_001,5
2024,다사93a21a,to_ho_001,5
2024,다사93a21b,to_ho_001,283
2024,다사93a22a,to_ho_001,149
2024,다사93a22b,to_ho_001,5
2024,다사93a23a,to_ho_001,8
2024,다사93a23b,to_ho_001,115
2024,다사93a24a,to_ho_001,368
2024,다사93a24b,to_ho_001,63
2024,다사93a25a,to_ho_001,33
2024,다사93a25b,to_ho_001,28
2024,다사93a28a,to_ho_001,18
2024,다사93a28b,to_ho_001,8
2024,다사93a29a,to_ho_001,18
2024,다사93a29b,to_ho_001,0
2024,다사93a30a,to_ho_001,5
2024,다사93a30b,to_ho_001,13
2024,다사93a31a,to_ho_001,5
2024,다사93a32b,to_ho_001,8
2024,다사93a34b,to_ho_001,5
2024,다사93a35a,to_ho_001,18
2024,다사93a35b,to_ho_001,0
2024,다사93a40a,to_ho_001,5
2024,다사93a40b,to_ho_001,13
2024,다사93a41a,to_ho_001,8
2024,다사93a41b,to_ho_001,18
2024,다사93a42a,to_ho_001,33
2024,다사93a42b,to_ho_001,13
2024,다사93a43a,to_ho_001,28
2024,다사93a43b,to_ho_001,8
2024,다사93a44a,to_ho_001,18
2024,다사93a44b,to_ho_001,18
2024,다사93a45a,to_ho_001,8
2024,다사93a45b,to_ho_001,46
2024,다사93a46a,to_ho_001,33
2024,다사93a46b,to_ho_001,28
2024,다사93a47a,to_ho_001,38
2024,다사93a47b,to_ho_001,33
2024,다사93a48a,to_ho_001,13
2024,다사93a48b,to_ho_001,38
2024,다사93a49a,to_ho_001,28
2024,다사93a49b,to_ho_001,23
2024,다사93a50a,to_ho_001,18
2024,다사93a51b,to_ho_001,8
2024,다사93a52a,to_ho_001,8
2024,다사93a52b,to_ho_001,23
2024,다사93a53a,to_ho_001,13
2024,다사93a53b,to_ho_001,13
2024,다사93a54b,to_ho_001,8
2024,다사93a55a,to_ho_001,8
2024,다사93a55b,to_ho_001,21
2024,다사93a56a,to_ho_001,13
2024,다사93a56b,to_ho_001,8
2024,다사93a57a,to_ho_001,5
2024,다사93a58a,to_ho_001,5
2024,다사93a58b,to_ho_001,5
2024,다사93a59a,to_ho_001,8
2024,다사93a59b,to_ho_001,8
2024,다사93a60a,to_ho_001,13
2024,다사93a60b,to_ho_001,5
2024,다사93a61a,to_ho_001,8
2024,다사93a69a,to_ho_001,0
2024,다사93a70a,to_ho_001,33
2024,다사93a70b,to_ho_001,136
2024,다사93a71a,to_ho_001,538
2024,다사93a71b,to_ho_001,0
2024,다사93a72a,to_ho_001,13
2024,다사93a74a,to_ho_001,8
2024,다사93a79a,to_ho_001,0
2024,다사93a95b,to_ho_001,5
2024,다사93a96a,to_ho_001,8
2024,다사93a96b,to_ho_001,8
2024,다사93a97a,to_ho_001,5
2024,다사93b00a,to_ho_001,23
2024,다사93b00b,to_ho_001,13
2024,다사93b01a,to_ho_001,8
2024,다사93b01b,to_ho_001,55
2024,다사93b02a,to_ho_001,18
2024,다사93b02b,to_ho_001,18
2024,다사93b03a,to_ho_001,0
2024,다사93b03b,to_ho_001,0
2024,다사93b07a,to_ho_001,28
2024,다사93b07b,to_ho_001,8
2024,다사93b08a,to_ho_001,5
2024,다사93b08b,to_ho_001,33
2024,다사93b09a,to_ho_001,23
2024,다사93b09b,to_ho_001,23
2024,다사93b10a,to_ho_001,0
2024,다사93b10b,to_ho_001,18
2024,다사93b11a,to_ho_001,5
2024,다사93b11b,to_ho_001,5
2024,다사93b12a,to_ho_001,8
2024,다사93b12b,to_ho_001,38
2024,다사93b13b,to_ho_001,32
2024,다사93b14a,to_ho_001,29
2024,다사93b15a,to_ho_001,5
2024,다사93b15b,to_ho_001,5
2024,다사93b16a,to_ho_001,288
2024,다사93b16b,to_ho_001,5
2024,다사93b17a,to_ho_001,5
2024,다사93b17b,to_ho_001,13
2024,다사93b18a,to_ho_001,5
2024,다사93b18b,to_ho_001,5
2024,다사93b19a,to_ho_001,5
2024,다사93b20a,to_ho_001,0
2024,다사93b20b,to_ho_001,51
2024,다사93b21a,to_ho_001,8
2024,다사93b21b,to_ho_001,1010
2024,다사93b22a,to_ho_001,169
2024,다사93b22b,to_ho_001,174
2024,다사93b23a,to_ho_001,8
2024,다사93b23b,to_ho_001,94
2024,다사93b24a,to_ho_001,8
2024,다사93b24b,to_ho_001,0
2024,다사93b25a,to_ho_001,23
2024,다사93b25b,to_ho_001,5
2024,다사93b29a,to_ho_001,8
2024,다사93b29b,to_ho_001,13
2024,다사93b30a,to_ho_001,5
2024,다사93b30b,to_ho_001,5
2024,다사93b31a,to_ho_001,13
2024,다사93b31b,to_ho_001,24
2024,다사93b32b,to_ho_001,5
2024,다사93b33a,to_ho_001,8
2024,다사93b33b,to_ho_001,8
2024,다사93b34b,to_ho_001,28
2024,다사93b35a,to_ho_001,8
2024,다사93b41a,to_ho_001,13
2024,다사93b42a,to_ho_001,8
2024,다사93b42b,to_ho_001,5
2024,다사93b43a,to_ho_001,0
2024,다사93b43b,to_ho_001,5
2024,다사93b44a,to_ho_001,33
2024,다사93b44b,to_ho_001,103
2024,다사93b45b,to_ho_001,5
2024,다사93b46a,to_ho_001,13
2024,다사93b46b,to_ho_001,5
2024,다사93b47a,to_ho_001,5
2024,다사93b47b,to_ho_001,23
2024,다사93b48a,to_ho_001,13
2024,다사93b48b,to_ho_001,5
2024,다사93b51b,to_ho_001,5
2024,다사93b52a,to_ho_001,8
2024,다사93b53a,to_ho_001,5
2024,다사93b53b,to_ho_001,13
2024,다사93b54a,to_ho_001,5
2024,다사93b55a,to_ho_001,18
2024,다사93b55b,to_ho_001,38
2024,다사93b56a,to_ho_001,18
2024,다사93b56b,to_ho_001,18
2024,다사93b59a,to_ho_001,0
2024,다사93b59b,to_ho_001,13
2024,다사93b60a,to_ho_001,8
2024,다사93b60b,to_ho_001,33
2024,다사93b61a,to_ho_001,5
2024,다사93b68b,to_ho_001,5
2024,다사93b69a,to_ho_001,8
2024,다사93b69b,to_ho_001,13
2024,다사93b70a,to_ho_001,8
2024,다사93b70b,to_ho_001,97
2024,다사93b71a,to_ho_001,18
2024,다사93b71b,to_ho_001,16
2024,다사93b72a,to_ho_001,8
2024,다사93b73a,to_ho_001,5
2024,다사93b73b,to_ho_001,18
2024,다사93b74a,to_ho_001,5
2024,다사93b76a,to_ho_001,5
2024,다사93b76b,to_ho_001,28
2024,다사93b77a,to_ho_001,5
2024,다사93b79a,to_ho_001,13
2024,다사93b96a,to_ho_001,5
2024,다사93b96b,to_ho_001,8
2024,다사93b98a,to_ho_001,5
2024,다사93b99a,to_ho_001,5
2024,다사94a00a,to_ho_001,13
2024,다사94a00b,to_ho_001,13
2024,다사94a01a,to_ho_001,5
2024,다사94a02a,to_ho_001,13
2024,다사94a02b,to_ho_001,8
2024,다사94a03a,to_ho_001,13
2024,다사94a03b,to_ho_001,8
2024,다사94a04a,to_ho_001,8
2024,다사94a04b,to_ho_001,5
2024,다사94a06a,to_ho_001,0
2024,다사94a06b,to_ho_001,39
2024,다사94a07a,to_ho_001,13
2024,다사94a07b,to_ho_001,8
2024,다사94a08b,to_ho_001,5
2024,다사94a09a,to_ho_001,8
2024,다사94a09b,to_ho_001,8
2024,다사94a10a,to_ho_001,5
2024,다사94a10b,to_ho_001,19
2024,다사94a11a,to_ho_001,5
2024,다사94a11b,to_ho_001,24
2024,다사94a12a,to_ho_001,23
2024,다사94a14a,to_ho_001,13
2024,다사94a14b,to_ho_001,33
2024,다사94a15a,to_ho_001,34
2024,다사94a15b,to_ho_001,59
2024,다사94a16a,to_ho_001,123
2024,다사94a16b,to_ho_001,8
2024,다사94a17a,to_ho_001,23
2024,다사94a17b,to_ho_001,18
2024,다사94a18a,to_ho_001,13
2024,다사94a18b,to_ho_001,358
2024,다사94a19a,to_ho_001,326
2024,다사94a19b,to_ho_001,592
2024,다사94a20a,to_ho_001,764
2024,다사94a20b,to_ho_001,554
2024,다사94a21a,to_ho_001,15
2024,다사94a21b,to_ho_001,1178
2024,다사94a22a,to_ho_001,1298
2024,다사94a22b,to_ho_001,11
2024,다사94a23a,to_ho_001,5
2024,다사94a23b,to_ho_001,8
2024,다사94a24a,to_ho_001,8
2024,다사94a24b,to_ho_001,180
2024,다사94a25a,to_ho_001,29
2024,다사94a25b,to_ho_001,8
2024,다사94a29b,to_ho_001,0
2024,다사94a30a,to_ho_001,8
2024,다사94a30b,to_ho_001,18
2024,다사94a31a,to_ho_001,13
2024,다사94a33a,to_ho_001,13
2024,다사94a33b,to_ho_001,28
2024,다사94a34b,to_ho_001,5
2024,다사94a41a,to_ho_001,5
2024,다사94a42a,to_ho_001,0
2024,다사94a43b,to_ho_001,5
2024,다사94a44a,to_ho_001,28
2024,다사94a44b,to_ho_001,43
2024,다사94a45a,to_ho_001,28
2024,다사94a45b,to_ho_001,28
2024,다사94a46a,to_ho_001,18
2024,다사94a46b,to_ho_001,5
2024,다사94a47a,to_ho_001,8
2024,다사94a47b,to_ho_001,13
2024,다사94a48a,to_ho_001,0
2024,다사94a48b,to_ho_001,5
2024,다사94a52a,to_ho_001,8
2024,다사94a55a,to_ho_001,23
2024,다사94a57a,to_ho_001,13
2024,다사94a57b,to_ho_001,18
2024,다사94a59a,to_ho_001,0
2024,다사94a59b,to_ho_001,13
2024,다사94a60a,to_ho_001,8
2024,다사94a60b,to_ho_001,8
2024,다사94a61a,to_ho_001,8
2024,다사94a61b,to_ho_001,5
2024,다사94a62a,to_ho_001,0
2024,다사94a70b,to_ho_001,18
2024,다사94a71a,to_ho_001,5
2024,다사94a71b,to_ho_001,33
2024,다사94a72a,to_ho_001,8
2024,다사94a72b,to_ho_001,8
2024,다사94a73a,to_ho_001,18
2024,다사94a73b,to_ho_001,5
2024,다사94a75a,to_ho_001,8
2024,다사94a75b,to_ho_001,13
2024,다사94a76a,to_ho_001,28
2024,다사94a76b,to_ho_001,23
2024,다사94a77a,to_ho_001,28
2024,다사94a77b,to_ho_001,13
2024,다사94a78b,to_ho_001,8
2024,다사94a79a,to_ho_001,28
2024,다사94a79b,to_ho_001,5
2024,다사94a80b,to_ho_001,0
2024,다사94a81a,to_ho_001,8
2024,다사94a96a,to_ho_001,0
2024,다사94a98a,to_ho_001,5
2024,다사94a98b,to_ho_001,8
2024,다사94a99a,to_ho_001,5
2024,다사94b00a,to_ho_001,5
2024,다사94b00b,to_ho_001,0
2024,다사94b01a,to_ho_001,5
2024,다사94b01b,to_ho_001,38
2024,다사94b02a,to_ho_001,5
2024,다사94b02b,to_ho_001,8
2024,다사94b03a,to_ho_001,18
2024,다사94b03b,to_ho_001,33
2024,다사94b04a,to_ho_001,0
2024,다사94b04b,to_ho_001,0
2024,다사94b05b,to_ho_001,0
2024,다사94b06a,to_ho_001,0
2024,다사94b06b,to_ho_001,5
2024,다사94b07a,to_ho_001,8
2024,다사94b07b,to_ho_001,8
2024,다사94b08a,to_ho_001,5
2024,다사94b08b,to_ho_001,5
2024,다사94b09a,to_ho_001,5
2024,다사94b10a,to_ho_001,0
2024,다사94b10b,to_ho_001,5
2024,다사94b12a,to_ho_001,8
2024,다사94b15b,to_ho_001,33
2024,다사94b16a,to_ho_001,13
2024,다사94b16b,to_ho_001,76
2024,다사94b17a,to_ho_001,8
2024,다사94b17b,to_ho_001,0
2024,다사94b18b,to_ho_001,513
2024,다사94b19b,to_ho_001,681
2024,다사94b20a,to_ho_001,736
2024,다사94b20b,to_ho_001,1108
2024,다사94b21a,to_ho_001,40
2024,다사94b21b,to_ho_001,512
2024,다사94b22a,to_ho_001,124
2024,다사94b22b,to_ho_001,5
2024,다사94b23a,to_ho_001,25
2024,다사94b23b,to_ho_001,54
2024,다사94b24a,to_ho_001,74
2024,다사94b24b,to_ho_001,189
2024,다사94b25a,to_ho_001,8
2024,다사94b25b,to_ho_001,18
2024,다사94b26a,to_ho_001,48
2024,다사94b26b,to_ho_001,18
2024,다사94b30a,to_ho_001,5
2024,다사94b30b,to_ho_001,23
2024,다사94b31a,to_ho_001,26
2024,다사94b31b,to_ho_001,13
2024,다사94b32a,to_ho_001,8
2024,다사94b32b,to_ho_001,8
2024,다사94b33a,to_ho_001,61
2024,다사94b33b,to_ho_001,38
2024,다사94b34a,to_ho_001,13
2024,다사94b34b,to_ho_001,0
2024,다사94b36a,to_ho_001,18
2024,다사94b40b,to_ho_001,5
2024,다사94b42b,to_ho_001,5
2024,다사94b44a,to_ho_001,13
2024,다사94b44b,to_ho_001,23
2024,다사94b45a,to_ho_001,8
2024,다사94b45b,to_ho_001,37
2024,다사94b46a,to_ho_001,37
2024,다사94b46b,to_ho_001,43
2024,다사94b47a,to_ho_001,8
2024,다사94b47b,to_ho_001,13
2024,다사94b48a,to_ho_001,5
2024,다사94b54b,to_ho_001,5
2024,다사94b57a,to_ho_001,13
2024,다사94b57b,to_ho_001,23
2024,다사94b58b,to_ho_001,5
2024,다사94b59a,to_ho_001,22
2024,다사94b59b,to_ho_001,33
2024,다사94b60a,to_ho_001,0
2024,다사94b60b,to_ho_001,5
2024,다사94b61a,to_ho_001,13
2024,다사94b61b,to_ho_001,8
2024,다사94b62a,to_ho_001,8
2024,다사94b63a,to_ho_001,0
2024,다사94b64a,to_ho_001,5
2024,다사94b66a,to_ho_001,5
2024,다사94b68a,to_ho_001,8
2024,다사94b72b,to_ho_001,5
2024,다사94b73a,to_ho_001,49
2024,다사94b73b,to_ho_001,0
2024,다사94b74b,to_ho_001,13
2024,다사94b75a,to_ho_001,33
2024,다사94b75b,to_ho_001,5
2024,다사94b76a,to_ho_001,8
2024,다사94b76b,to_ho_001,8
2024,다사94b77b,to_ho_001,0
2024,다사94b79a,to_ho_001,18
2024,다사94b79b,to_ho_001,8
2024,다사94b80b,to_ho_001,13
2024,다사94b81a,to_ho_001,5
2024,다사94b88b,to_ho_001,5
2024,다사94b90a,to_ho_001,8
2024,다사94b90b,to_ho_001,8
2024,다사94b95b,to_ho_001,0
2024,다사94b96a,to_ho_001,0
2024,다사94b97a,to_ho_001,8
2024,다사94b98a,to_ho_001,5
2024,다사94b98b,to_ho_001,8
2024,다사94b99a,to_ho_001,8
2024,다사95a01a,to_ho_001,0
2024,다사95a01b,to_ho_001,8
2024,다사95a03b,to_ho_001,0
2024,다사95a04a,to_ho_001,5
2024,다사95a09a,to_ho_001,0
2024,다사95a10b,to_ho_001,5
2024,다사95a11a,to_ho_001,73
2024,다사95a11b,to_ho_001,28
2024,다사95a13a,to_ho_001,8
2024,다사95a13b,to_ho_001,5
2024,다사95a14b,to_ho_001,5
2024,다사95a16a,to_ho_001,5
2024,다사95a16b,to_ho_001,0
2024,다사95a17a,to_ho_001,0
2024,다사95a17b,to_ho_001,18
2024,다사95a18a,to_ho_001,38
2024,다사95a18b,to_ho_001,5
2024,다사95a19a,to_ho_001,16
2024,다사95a19b,to_ho_001,647
2024,다사95a20a,to_ho_001,986
2024,다사95a20b,to_ho_001,1400
2024,다사95a21a,to_ho_001,1848
2024,다사95a21b,to_ho_001,38
2024,다사95a22a,to_ho_001,49
2024,다사95a22b,to_ho_001,24
2024,다사95a23a,to_ho_001,28
2024,다사95a23b,to_ho_001,13
2024,다사95a24a,to_ho_001,5
2024,다사95a24b,to_ho_001,8
2024,다사95a25a,to_ho_001,30
2024,다사95a25b,to_ho_001,13
2024,다사95a26a,to_ho_001,60
2024,다사95a26b,to_ho_001,28
2024,다사95a30a,to_ho_001,5
2024,다사95a30b,to_ho_001,13
2024,다사95a31a,to_ho_001,8
2024,다사95a31b,to_ho_001,18
2024,다사95a32a,to_ho_001,0
2024,다사95a32b,to_ho_001,18
2024,다사95a33a,to_ho_001,18
2024,다사95a33b,to_ho_001,35
2024,다사95a34a,to_ho_001,28
2024,다사95a34b,to_ho_001,20
2024,다사95a35a,to_ho_001,5
2024,다사95a35b,to_ho_001,13
2024,다사95a36b,to_ho_001,5
2024,다사95a42b,to_ho_001,18
2024,다사95a43a,to_ho_001,8
2024,다사95a44b,to_ho_001,5
2024,다사95a45a,to_ho_001,5
2024,다사95a45b,to_ho_001,69
2024,다사95a46a,to_ho_001,43
2024,다사95a46b,to_ho_001,8
2024,다사95a47a,to_ho_001,38
2024,다사95a47b,to_ho_001,8
2024,다사95a48b,to_ho_001,5
2024,다사95a50a,to_ho_001,5
2024,다사95a50b,to_ho_001,5
2024,다사95a57a,to_ho_001,8
2024,다사95a57b,to_ho_001,23
2024,다사95a58a,to_ho_001,13
2024,다사95a58b,to_ho_001,8
2024,다사95a59b,to_ho_001,8
2024,다사95a61a,to_ho_001,18
2024,다사95a61b,to_ho_001,28
2024,다사95a62a,to_ho_001,13
2024,다사95a62b,to_ho_001,28
2024,다사95a63a,to_ho_001,0
2024,다사95a64a,to_ho_001,0
2024,다사95a66a,to_ho_001,5
2024,다사95a66b,to_ho_001,5
2024,다사95a67a,to_ho_001,26
2024,다사95a67b,to_ho_001,13
2024,다사95a68a,to_ho_001,0
2024,다사95a71b,to_ho_001,0
2024,다사95a73b,to_ho_001,8
2024,다사95a74a,to_ho_001,8
2024,다사95a79a,to_ho_001,18
2024,다사95a79b,to_ho_001,8
2024,다사95a80a,to_ho_001,31
2024,다사95a80b,to_ho_001,13
2024,다사95a89b,to_ho_001,13
2024,다사95a90a,to_ho_001,13
2024,다사95a95b,to_ho_001,5
2024,다사95a96a,to_ho_001,8
2024,다사95a97a,to_ho_001,5
2024,다사95a97b,to_ho_001,13
2024,다사95a98a,to_ho_001,0
2024,다사95a98b,to_ho_001,5
2024,다사95b00b,to_ho_001,8
2024,다사95b01a,to_ho_001,5
2024,다사95b07a,to_ho_001,8
2024,다사95b09a,to_ho_001,5
2024,다사95b10a,to_ho_001,5
2024,다사95b10b,to_ho_001,8
2024,다사95b11a,to_ho_001,18
2024,다사95b11b,to_ho_001,5
2024,다사95b12a,to_ho_001,5
2024,다사95b12b,to_ho_001,18
2024,다사95b13a,to_ho_001,8
2024,다사95b13b,to_ho_001,73
2024,다사95b14a,to_ho_001,62
2024,다사95b15a,to_ho_001,0
2024,다사95b15b,to_ho_001,25
2024,다사95b16a,to_ho_001,18
2024,다사95b17a,to_ho_001,13
2024,다사95b17b,to_ho_001,8
2024,다사95b18a,to_ho_001,33
2024,다사95b18b,to_ho_001,33
2024,다사95b19a,to_ho_001,254
2024,다사95b19b,to_ho_001,1624
2024,다사95b20a,to_ho_001,1110
2024,다사95b20b,to_ho_001,1332
2024,다사95b21a,to_ho_001,821
2024,다사95b21b,to_ho_001,1571
2024,다사95b22a,to_ho_001,71
2024,다사95b22b,to_ho_001,8
2024,다사95b23a,to_ho_001,5
2024,다사95b23b,to_ho_001,38
2024,다사95b24a,to_ho_001,8
2024,다사95b24b,to_ho_001,18
2024,다사95b25a,to_ho_001,49
2024,다사95b25b,to_ho_001,23
2024,다사95b26a,to_ho_001,58
2024,다사95b26b,to_ho_001,18
2024,다사95b29a,to_ho_001,8
2024,다사95b30b,to_ho_001,5
2024,다사95b31a,to_ho_001,13
2024,다사95b31b,to_ho_001,28
2024,다사95b32a,to_ho_001,13
2024,다사95b32b,to_ho_001,18
2024,다사95b33a,to_ho_001,23
2024,다사95b33b,to_ho_001,13
2024,다사95b34a,to_ho_001,0
2024,다사95b34b,to_ho_001,32
2024,다사95b35a,to_ho_001,13
2024,다사95b35b,to_ho_001,8
2024,다사95b36a,to_ho_001,13
2024,다사95b37a,to_ho_001,5
2024,다사95b37b,to_ho_001,5
2024,다사95b41a,to_ho_001,8
2024,다사95b41b,to_ho_001,13
2024,다사95b42a,to_ho_001,8
2024,다사95b42b,to_ho_001,8
2024,다사95b43a,to_ho_001,0
2024,다사95b44a,to_ho_001,5
2024,다사95b45a,to_ho_001,0
2024,다사95b45b,to_ho_001,13
2024,다사95b46a,to_ho_001,56
2024,다사95b46b,to_ho_001,33
2024,다사95b47a,to_ho_001,51
2024,다사95b47b,to_ho_001,33
2024,다사95b48a,to_ho_001,8
2024,다사95b48b,to_ho_001,8
2024,다사95b49b,to_ho_001,28
2024,다사95b50a,to_ho_001,33
2024,다사95b50b,to_ho_001,38
2024,다사95b51a,to_ho_001,0
2024,다사95b54a,to_ho_001,5
2024,다사95b57b,to_ho_001,24
2024,다사95b58a,to_ho_001,8
2024,다사95b61a,to_ho_001,13
2024,다사95b62b,to_ho_001,8
2024,다사95b63a,to_ho_001,5
2024,다사95b64a,to_ho_001,0
2024,다사95b66b,to_ho_001,13
2024,다사95b67a,to_ho_001,12
2024,다사95b67b,to_ho_001,5
2024,다사95b68a,to_ho_001,5
2024,다사95b71a,to_ho_001,0
2024,다사95b73b,to_ho_001,13
2024,다사95b74a,to_ho_001,23
2024,다사95b74b,to_ho_001,34
2024,다사95b75a,to_ho_001,0
2024,다사95b76a,to_ho_001,8
2024,다사95b76b,to_ho_001,8
2024,다사95b79a,to_ho_001,8
2024,다사95b79b,to_ho_001,5
2024,다사95b80a,to_ho_001,13
2024,다사95b80b,to_ho_001,8
2024,다사95b88a,to_ho_001,5
2024,다사95b88b,to_ho_001,13
2024,다사95b89a,to_ho_001,13
2024,다사95b89b,to_ho_001,18
2024,다사95b90a,to_ho_001,5
2024,다사95b95b,to_ho_001,5
2024,다사95b96b,to_ho_001,8
2024,다사95b97a,to_ho_001,5
2024,다사95b98a,to_ho_001,0
2024,다사95b98b,to_ho_001,0
2024,다사96a00a,to_ho_001,0
2024,다사96a00b,to_ho_001,18
2024,다사96a01a,to_ho_001,28
2024,다사96a01b,to_ho_001,23
2024,다사96a04b,to_ho_001,8
2024,다사96a06a,to_ho_001,18
2024,다사96a06b,to_ho_001,13
2024,다사96a07a,to_ho_001,33
2024,다사96a08a,to_ho_001,0
2024,다사96a08b,to_ho_001,5
2024,다사96a09a,to_ho_001,8
2024,다사96a09b,to_ho_001,33
2024,다사96a10a,to_ho_001,25
2024,다사96a10b,to_ho_001,5
2024,다사96a11a,to_ho_001,61
2024,다사96a11b,to_ho_001,104
2024,다사96a12a,to_ho_001,13
2024,다사96a12b,to_ho_001,83
2024,다사96a13a,to_ho_001,15
2024,다사96a13b,to_ho_001,101
2024,다사96a14a,to_ho_001,8
2024,다사96a15b,to_ho_001,5
2024,다사96a16a,to_ho_001,23
2024,다사96a16b,to_ho_001,5
2024,다사96a17a,to_ho_001,96
2024,다사96a17b,to_ho_001,74
2024,다사96a18a,to_ho_001,29
2024,다사96a18b,to_ho_001,13
2024,다사96a19a,to_ho_001,5
2024,다사96a19b,to_ho_001,432
2024,다사96a20a,to_ho_001,1640
2024,다사96a20b,to_ho_001,1167
2024,다사96a21a,to_ho_001,755
2024,다사96a21b,to_ho_001,909
2024,다사96a22a,to_ho_001,246
2024,다사96a22b,to_ho_001,0
2024,다사96a23a,to_ho_001,277
2024,다사96a23b,to_ho_001,5
2024,다사96a24a,to_ho_001,33
2024,다사96a24b,to_ho_001,33
2024,다사96a25a,to_ho_001,5
2024,다사96a25b,to_ho_001,5
2024,다사96a26a,to_ho_001,23
2024,다사96a26b,to_ho_001,51
2024,다사96a27a,to_ho_001,28
2024,다사96a29a,to_ho_001,5
2024,다사96a31a,to_ho_001,0
2024,다사96a31b,to_ho_001,0
2024,다사96a33a,to_ho_001,0
2024,다사96a33b,to_ho_001,0
2024,다사96a34b,to_ho_001,8
2024,다사96a35a,to_ho_001,18
2024,다사96a35b,to_ho_001,42
2024,다사96a36a,to_ho_001,0
2024,다사96a37a,to_ho_001,8
2024,다사96a39b,to_ho_001,0
2024,다사96a41a,to_ho_001,33
2024,다사96a41b,to_ho_001,8
2024,다사96a42a,to_ho_001,55
2024,다사96a42b,to_ho_001,33
2024,다사96a43a,to_ho_001,13
2024,다사96a43b,to_ho_001,48
2024,다사96a44a,to_ho_001,23
2024,다사96a44b,to_ho_001,6
2024,다사96a45a,to_ho_001,23
2024,다사96a45b,to_ho_001,18
2024,다사96a46a,to_ho_001,63
2024,다사96a46b,to_ho_001,135
2024,다사96a47a,to_ho_001,98
2024,다사96a47b,to_ho_001,30
2024,다사96a48a,to_ho_001,23
2024,다사96a48b,to_ho_001,43
2024,다사96a49a,to_ho_001,8
2024,다사96a49b,to_ho_001,13
2024,다사96a50a,to_ho_001,38
2024,다사96a50b,to_ho_001,13
2024,다사96a53b,to_ho_001,8
2024,다사96a54a,to_ho_001,28
2024,다사96a54b,to_ho_001,5
2024,다사96a63a,to_ho_001,5
2024,다사96a63b,to_ho_001,23
2024,다사96a64a,to_ho_001,8
2024,다사96a66a,to_ho_001,5
2024,다사96a66b,to_ho_001,8
2024,다사96a67b,to_ho_001,5
2024,다사96a68a,to_ho_001,5
2024,다사96a68b,to_ho_001,13
2024,다사96a69a,to_ho_001,8
2024,다사96a69b,to_ho_001,8
2024,다사96a74a,to_ho_001,48
2024,다사96a74b,to_ho_001,33
2024,다사96a75a,to_ho_001,18
2024,다사96a75b,to_ho_001,5
2024,다사96a76a,to_ho_001,13
2024,다사96a79a,to_ho_001,5
2024,다사96a79b,to_ho_001,43
2024,다사96a80a,to_ho_001,0
2024,다사96a89a,to_ho_001,33
2024,다사96a89b,to_ho_001,8
2024,다사96a96a,to_ho_001,8
2024,다사96a96b,to_ho_001,13
2024,다사96a97b,to_ho_001,5
2024,다사96a98b,to_ho_001,0
2024,다사96b00a,to_ho_001,39
2024,다사96b00b,to_ho_001,18
2024,다사96b01a,to_ho_001,18
2024,다사96b01b,to_ho_001,8
2024,다사96b02a,to_ho_001,0
2024,다사96b02b,to_ho_001,8
2024,다사96b03b,to_ho_001,0
2024,다사96b04a,to_ho_001,5
2024,다사96b04b,to_ho_001,5
2024,다사96b06a,to_ho_001,0
2024,다사96b06b,to_ho_001,0
2024,다사96b07a,to_ho_001,8
2024,다사96b09a,to_ho_001,18
2024,다사96b09b,to_ho_001,13
2024,다사96b10a,to_ho_001,18
2024,다사96b10b,to_ho_001,13
2024,다사96b11a,to_ho_001,57
2024,다사96b11b,to_ho_001,22
2024,다사96b12a,to_ho_001,5
2024,다사96b12b,to_ho_001,23
2024,다사96b13a,to_ho_001,5
2024,다사96b14b,to_ho_001,0
2024,다사96b15b,to_ho_001,8
2024,다사96b16a,to_ho_001,49
2024,다사96b16b,to_ho_001,23
2024,다사96b17a,to_ho_001,43
2024,다사96b17b,to_ho_001,54
2024,다사96b18a,to_ho_001,5
2024,다사96b19b,to_ho_001,149
2024,다사96b20a,to_ho_001,811
2024,다사96b20b,to_ho_001,394
2024,다사96b21a,to_ho_001,619
2024,다사96b21b,to_ho_001,5
2024,다사96b22a,to_ho_001,8
2024,다사96b22b,to_ho_001,55
2024,다사96b23a,to_ho_001,212
2024,다사96b23b,to_ho_001,5
2024,다사96b24a,to_ho_001,8
2024,다사96b24b,to_ho_001,8
2024,다사96b25a,to_ho_001,5
2024,다사96b25b,to_ho_001,71
2024,다사96b26a,to_ho_001,13
2024,다사96b26b,to_ho_001,47
2024,다사96b27a,to_ho_001,28
2024,다사96b29a,to_ho_001,5
2024,다사96b29b,to_ho_001,5
2024,다사96b30b,to_ho_001,5
2024,다사96b31a,to_ho_001,13
2024,다사96b31b,to_ho_001,8
2024,다사96b33a,to_ho_001,5
2024,다사96b33b,to_ho_001,5
2024,다사96b35b,to_ho_001,38
2024,다사96b36a,to_ho_001,5
2024,다사96b36b,to_ho_001,13
2024,다사96b39b,to_ho_001,5
2024,다사96b40a,to_ho_001,0
2024,다사96b40b,to_ho_001,5
2024,다사96b41a,to_ho_001,48
2024,다사96b41b,to_ho_001,35
2024,다사96b42a,to_ho_001,48
2024,다사96b42b,to_ho_001,18
2024,다사96b43a,to_ho_001,38
2024,다사96b43b,to_ho_001,13
2024,다사96b44a,to_ho_001,8
2024,다사96b44b,to_ho_001,19
2024,다사96b45a,to_ho_001,53
2024,다사96b45b,to_ho_001,23
2024,다사96b46a,to_ho_001,54
2024,다사96b46b,to_ho_001,233
2024,다사96b47a,to_ho_001,18
2024,다사96b47b,to_ho_001,78
2024,다사96b48a,to_ho_001,13
2024,다사96b48b,to_ho_001,28
2024,다사96b49a,to_ho_001,63
2024,다사96b49b,to_ho_001,8
2024,다사96b50a,to_ho_001,5
2024,다사96b50b,to_ho_001,8
2024,다사96b51a,to_ho_001,5
2024,다사96b51b,to_ho_001,5
2024,다사96b54a,to_ho_001,13
2024,다사96b63b,to_ho_001,5
2024,다사96b65a,to_ho_001,5
2024,다사96b65b,to_ho_001,5
2024,다사96b66a,to_ho_001,0
2024,다사96b66b,to_ho_001,25
2024,다사96b67b,to_ho_001,8
2024,다사96b68b,to_ho_001,8
2024,다사96b69a,to_ho_001,23
2024,다사96b69b,to_ho_001,5
2024,다사96b70a,to_ho_001,0
2024,다사96b74a,to_ho_001,13
2024,다사96b74b,to_ho_001,8
2024,다사96b75a,to_ho_001,8
2024,다사96b75b,to_ho_001,18
2024,다사96b76a,to_ho_001,8
2024,다사96b76b,to_ho_001,5
2024,다사96b79a,to_ho_001,0
2024,다사96b79b,to_ho_001,5
2024,다사96b84a,to_ho_001,8
2024,다사96b89a,to_ho_001,5
2024,다사96b96a,to_ho_001,13
2024,다사97a00a,to_ho_001,8
2024,다사97a00b,to_ho_001,5
2024,다사97a01a,to_ho_001,23
2024,다사97a01b,to_ho_001,5
2024,다사97a02a,to_ho_001,13
2024,다사97a02b,to_ho_001,13
2024,다사97a03a,to_ho_001,13
2024,다사97a03b,to_ho_001,0
2024,다사97a04a,to_ho_001,8
2024,다사97a05b,to_ho_001,5
2024,다사97a06a,to_ho_001,5
2024,다사97a06b,to_ho_001,13
2024,다사97a07a,to_ho_001,8
2024,다사97a07b,to_ho_001,8
2024,다사97a08a,to_ho_001,13
2024,다사97a08b,to_ho_001,13
2024,다사97a09a,to_ho_001,13
2024,다사97a09b,to_ho_001,18
2024,다사97a10a,to_ho_001,33
2024,다사97a10b,to_ho_001,13
2024,다사97a13a,to_ho_001,40
2024,다사97a13b,to_ho_001,31
2024,다사97a14a,to_ho_001,8
2024,다사97a15b,to_ho_001,0
2024,다사97a16a,to_ho_001,0
2024,다사97a16b,to_ho_001,5
2024,다사97a17a,to_ho_001,141
2024,다사97a17b,to_ho_001,176
2024,다사97a18a,to_ho_001,109
2024,다사97a19b,to_ho_001,13
2024,다사97a20a,to_ho_001,23
2024,다사97a20b,to_ho_001,74
2024,다사97a21a,to_ho_001,194
2024,다사97a22a,to_ho_001,8
2024,다사97a22b,to_ho_001,865
2024,다사97a23a,to_ho_001,163
2024,다사97a23b,to_ho_001,8
2024,다사97a24a,to_ho_001,538
2024,다사97a24b,to_ho_001,51
2024,다사97a25a,to_ho_001,54
2024,다사97a25b,to_ho_001,36
2024,다사97a26a,to_ho_001,41
2024,다사97a26b,to_ho_001,5
2024,다사97a27a,to_ho_001,39
2024,다사97a27b,to_ho_001,5
2024,다사97a29b,to_ho_001,5
2024,다사97a30a,to_ho_001,8
2024,다사97a30b,to_ho_001,8
2024,다사97a31a,to_ho_001,0
2024,다사97a33b,to_ho_001,0
2024,다사97a34a,to_ho_001,0
2024,다사97a35a,to_ho_001,8
2024,다사97a35b,to_ho_001,38
2024,다사97a36a,to_ho_001,8
2024,다사97a36b,to_ho_001,13
2024,다사97a37a,to_ho_001,0
2024,다사97a39b,to_ho_001,5
2024,다사97a40a,to_ho_001,28
2024,다사97a40b,to_ho_001,23
2024,다사97a41a,to_ho_001,53
2024,다사97a41b,to_ho_001,23
2024,다사97a42a,to_ho_001,21
2024,다사97a42b,to_ho_001,18
2024,다사97a43a,to_ho_001,33
2024,다사97a43b,to_ho_001,18
2024,다사97a44b,to_ho_001,8
2024,다사97a45a,to_ho_001,58
2024,다사97a45b,to_ho_001,23
2024,다사97a46a,to_ho_001,67
2024,다사97a46b,to_ho_001,28
2024,다사97a47a,to_ho_001,28
2024,다사97a47b,to_ho_001,5
2024,다사97a48a,to_ho_001,58
2024,다사97a48b,to_ho_001,23
2024,다사97a49a,to_ho_001,0
2024,다사97a49b,to_ho_001,38
2024,다사97a50a,to_ho_001,5
2024,다사97a51a,to_ho_001,5
2024,다사97a59b,to_ho_001,0
2024,다사97a60a,to_ho_001,5
2024,다사97a64a,to_ho_001,13
2024,다사97a64b,to_ho_001,13
2024,다사97a65a,to_ho_001,5
2024,다사97a67b,to_ho_001,13
2024,다사97a69b,to_ho_001,8
2024,다사97a70a,to_ho_001,18
2024,다사97a70b,to_ho_001,13
2024,다사97a74a,to_ho_001,5
2024,다사97a75b,to_ho_001,49
2024,다사97a76a,to_ho_001,26
2024,다사97a76b,to_ho_001,5
2024,다사97a77a,to_ho_001,5
2024,다사97a79a,to_ho_001,18
2024,다사97a79b,to_ho_001,8
2024,다사97a81a,to_ho_001,5
2024,다사97a84a,to_ho_001,5
2024,다사97a84b,to_ho_001,13
2024,다사97a89a,to_ho_001,5
2024,다사97a89b,to_ho_001,8
2024,다사97a90a,to_ho_001,0
2024,다사97a95a,to_ho_001,5
2024,다사97a96a,to_ho_001,13
2024,다사97b00b,to_ho_001,0
2024,다사97b01a,to_ho_001,5
2024,다사97b01b,to_ho_001,33
2024,다사97b02a,to_ho_001,8
2024,다사97b02b,to_ho_001,8
2024,다사97b03a,to_ho_001,8
2024,다사97b03b,to_ho_001,13
2024,다사97b04a,to_ho_001,8
2024,다사97b05a,to_ho_001,8
2024,다사97b05b,to_ho_001,13
2024,다사97b06a,to_ho_001,0
2024,다사97b06b,to_ho_001,23
2024,다사97b07a,to_ho_001,17
2024,다사97b07b,to_ho_001,43
2024,다사97b08a,to_ho_001,23
2024,다사97b08b,to_ho_001,8
2024,다사97b09a,to_ho_001,23
2024,다사97b09b,to_ho_001,18
2024,다사97b10a,to_ho_001,8
2024,다사97b10b,to_ho_001,8
2024,다사97b11b,to_ho_001,5
2024,다사97b12b,to_ho_001,5
2024,다사97b13a,to_ho_001,8
2024,다사97b13b,to_ho_001,33
2024,다사97b14a,to_ho_001,23
2024,다사97b14b,to_ho_001,40
2024,다사97b15a,to_ho_001,28
2024,다사97b15b,to_ho_001,363
2024,다사97b16a,to_ho_001,78
2024,다사97b16b,to_ho_001,5
2024,다사97b17a,to_ho_001,8
2024,다사97b17b,to_ho_001,881
2024,다사97b18a,to_ho_001,417
2024,다사97b18b,to_ho_001,27
2024,다사97b19a,to_ho_001,13
2024,다사97b19b,to_ho_001,70
2024,다사97b20a,to_ho_001,5
2024,다사97b20b,to_ho_001,0
2024,다사97b22a,to_ho_001,64
2024,다사97b22b,to_ho_001,323
2024,다사97b23a,to_ho_001,22
2024,다사97b23b,to_ho_001,5
2024,다사97b24b,to_ho_001,8
2024,다사97b25a,to_ho_001,13
2024,다사97b25b,to_ho_001,13
2024,다사97b26a,to_ho_001,43
2024,다사97b26b,to_ho_001,5
2024,다사97b27a,to_ho_001,13
2024,다사97b27b,to_ho_001,0
2024,다사97b28a,to_ho_001,5
2024,다사97b29b,to_ho_001,8
2024,다사97b30a,to_ho_001,8
2024,다사97b30b,to_ho_001,13
2024,다사97b33b,to_ho_001,5
2024,다사97b34a,to_ho_001,13
2024,다사97b34b,to_ho_001,5
2024,다사97b35a,to_ho_001,0
2024,다사97b35b,to_ho_001,18
2024,다사97b36a,to_ho_001,28
2024,다사97b36b,to_ho_001,23
2024,다사97b37a,to_ho_001,5
2024,다사97b38a,to_ho_001,5
2024,다사97b38b,to_ho_001,0
2024,다사97b39b,to_ho_001,0
2024,다사97b40a,to_ho_001,42
2024,다사97b40b,to_ho_001,48
2024,다사97b41a,to_ho_001,66
2024,다사97b41b,to_ho_001,23
2024,다사97b42a,to_ho_001,137
2024,다사97b42b,to_ho_001,8
2024,다사97b43a,to_ho_001,496
2024,다사97b43b,to_ho_001,45
2024,다사97b44b,to_ho_001,47
2024,다사97b45a,to_ho_001,48
2024,다사97b45b,to_ho_001,18
2024,다사97b46a,to_ho_001,8
2024,다사97b46b,to_ho_001,13
2024,다사97b47a,to_ho_001,33
2024,다사97b47b,to_ho_001,92
2024,다사97b48a,to_ho_001,23
2024,다사97b48b,to_ho_001,8
2024,다사97b49b,to_ho_001,8
2024,다사97b50a,to_ho_001,8
2024,다사97b59a,to_ho_001,8
2024,다사97b59b,to_ho_001,18
2024,다사97b60a,to_ho_001,18
2024,다사97b60b,to_ho_001,8
2024,다사97b61a,to_ho_001,18
2024,다사97b63b,to_ho_001,5
2024,다사97b64a,to_ho_001,16
2024,다사97b65a,to_ho_001,8
2024,다사97b65b,to_ho_001,18
2024,다사97b66b,to_ho_001,8
2024,다사97b67a,to_ho_001,0
2024,다사97b67b,to_ho_001,0
2024,다사97b70a,to_ho_001,5
2024,다사97b70b,to_ho_001,13
2024,다사97b74a,to_ho_001,5
2024,다사97b75a,to_ho_001,5
2024,다사97b75b,to_ho_001,8
2024,다사97b76a,to_ho_001,54
2024,다사97b77a,to_ho_001,5
2024,다사97b77b,to_ho_001,23
2024,다사97b78b,to_ho_001,13
2024,다사97b79a,to_ho_001,13
2024,다사97b81a,to_ho_001,8
2024,다사97b84b,to_ho_001,5
2024,다사97b89a,to_ho_001,8
2024,다사97b89b,to_ho_001,5
2024,다사97b90a,to_ho_001,5
2024,다사97b94b,to_ho_001,14
2024,다사97b95a,to_ho_001,23
2024,다사97b95b,to_ho_001,13
2024,다사98a00a,to_ho_001,5
2024,다사98a00b,to_ho_001,5
2024,다사98a01a,to_ho_001,0
2024,다사98a01b,to_ho_001,5
2024,다사98a02a,to_ho_001,0
2024,다사98a02b,to_ho_001,8
2024,다사98a03a,to_ho_001,18
2024,다사98a03b,to_ho_001,5
2024,다사98a04a,to_ho_001,8
2024,다사98a04b,to_ho_001,5
2024,다사98a05a,to_ho_001,21
2024,다사98a05b,to_ho_001,63
2024,다사98a06a,to_ho_001,8
2024,다사98a06b,to_ho_001,13
2024,다사98a07a,to_ho_001,55
2024,다사98a07b,to_ho_001,98
2024,다사98a08a,to_ho_001,65
2024,다사98a08b,to_ho_001,0
2024,다사98a09a,to_ho_001,8
2024,다사98a09b,to_ho_001,8
2024,다사98a10a,to_ho_001,5
2024,다사98a10b,to_ho_001,0
2024,다사98a11b,to_ho_001,18
2024,다사98a12a,to_ho_001,48
2024,다사98a13a,to_ho_001,5
2024,다사98a13b,to_ho_001,33
2024,다사98a14a,to_ho_001,18
2024,다사98a14b,to_ho_001,0
2024,다사98a15a,to_ho_001,5
2024,다사98a15b,to_ho_001,30
2024,다사98a16a,to_ho_001,605
2024,다사98a17a,to_ho_001,5
2024,다사98a17b,to_ho_001,1093
2024,다사98a18a,to_ho_001,319
2024,다사98a19a,to_ho_001,8
2024,다사98a19b,to_ho_001,5
2024,다사98a20a,to_ho_001,137
2024,다사98a20b,to_ho_001,205
2024,다사98a21b,to_ho_001,0
2024,다사98a22a,to_ho_001,5
2024,다사98a22b,to_ho_001,8
2024,다사98a23a,to_ho_001,8
2024,다사98a23b,to_ho_001,13
2024,다사98a24a,to_ho_001,5
2024,다사98a24b,to_ho_001,18
2024,다사98a25a,to_ho_001,28
2024,다사98a25b,to_ho_001,8
2024,다사98a26a,to_ho_001,5
2024,다사98a26b,to_ho_001,28
2024,다사98a27a,to_ho_001,23
2024,다사98a27b,to_ho_001,23
2024,다사98a28a,to_ho_001,5
2024,다사98a29b,to_ho_001,0
2024,다사98a31a,to_ho_001,0
2024,다사98a32a,to_ho_001,0
2024,다사98a32b,to_ho_001,5
2024,다사98a33b,to_ho_001,8
2024,다사98a34a,to_ho_001,5
2024,다사98a34b,to_ho_001,5
2024,다사98a35b,to_ho_001,5
2024,다사98a36a,to_ho_001,13
2024,다사98a36b,to_ho_001,23
2024,다사98a37a,to_ho_001,13
2024,다사98a37b,to_ho_001,5
2024,다사98a38a,to_ho_001,13
2024,다사98a38b,to_ho_001,23
2024,다사98a39a,to_ho_001,0
2024,다사98a39b,to_ho_001,33
2024,다사98a40a,to_ho_001,18
2024,다사98a40b,to_ho_001,43
2024,다사98a41a,to_ho_001,54
2024,다사98a41b,to_ho_001,50
2024,다사98a42a,to_ho_001,18
2024,다사98a42b,to_ho_001,18
2024,다사98a43a,to_ho_001,784
2024,다사98a43b,to_ho_001,0
2024,다사98a44a,to_ho_001,20
2024,다사98a44b,to_ho_001,13
2024,다사98a45a,to_ho_001,99
2024,다사98a45b,to_ho_001,23
2024,다사98a46a,to_ho_001,8
2024,다사98a46b,to_ho_001,8
2024,다사98a47a,to_ho_001,64
2024,다사98a47b,to_ho_001,28
2024,다사98a48a,to_ho_001,23
2024,다사98a57a,to_ho_001,13
2024,다사98a59a,to_ho_001,18
2024,다사98a59b,to_ho_001,18
2024,다사98a60a,to_ho_001,18
2024,다사98a60b,to_ho_001,13
2024,다사98a61a,to_ho_001,8
2024,다사98a61b,to_ho_001,13
2024,다사98a62a,to_ho_001,8
2024,다사98a62b,to_ho_001,18
2024,다사98a63a,to_ho_001,32
2024,다사98a63b,to_ho_001,38
2024,다사98a64a,to_ho_001,114
2024,다사98a64b,to_ho_001,8
2024,다사98a65a,to_ho_001,8
2024,다사98a65b,to_ho_001,5
2024,다사98a66a,to_ho_001,8
2024,다사98a66b,to_ho_001,5
2024,다사98a67b,to_ho_001,8
2024,다사98a68b,to_ho_001,5
2024,다사98a69a,to_ho_001,5
2024,다사98a73b,to_ho_001,5
2024,다사98a74a,to_ho_001,5
2024,다사98a75a,to_ho_001,5
2024,다사98a76a,to_ho_001,36
2024,다사98a77a,to_ho_001,5
2024,다사98a77b,to_ho_001,8
2024,다사98a78a,to_ho_001,18
2024,다사98a78b,to_ho_001,18
2024,다사98a80b,to_ho_001,8
2024,다사98a83a,to_ho_001,5
2024,다사98a84a,to_ho_001,5
2024,다사98a84b,to_ho_001,0
2024,다사98a89a,to_ho_001,8
2024,다사98a92b,to_ho_001,0
2024,다사98a94a,to_ho_001,5
2024,다사98a94b,to_ho_001,28
2024,다사98a95a,to_ho_001,0
2024,다사98a95b,to_ho_001,0
2024,다사98b00a,to_ho_001,8
2024,다사98b00b,to_ho_001,28
2024,다사98b01a,to_ho_001,5
2024,다사98b01b,to_ho_001,13
2024,다사98b02a,to_ho_001,0
2024,다사98b02b,to_ho_001,0
2024,다사98b03a,to_ho_001,5
2024,다사98b03b,to_ho_001,5
2024,다사98b04a,to_ho_001,13
2024,다사98b04b,to_ho_001,8
2024,다사98b05a,to_ho_001,5
2024,다사98b05b,to_ho_001,13
2024,다사98b06b,to_ho_001,5
2024,다사98b07a,to_ho_001,23
2024,다사98b07b,to_ho_001,13
2024,다사98b08a,to_ho_001,34
2024,다사98b08b,to_ho_001,13
2024,다사98b09a,to_ho_001,43
2024,다사98b09b,to_ho_001,5
2024,다사98b10a,to_ho_001,8
2024,다사98b10b,to_ho_001,8
2024,다사98b11b,to_ho_001,5
2024,다사98b12a,to_ho_001,5
2024,다사98b13a,to_ho_001,0
2024,다사98b13b,to_ho_001,8
2024,다사98b15a,to_ho_001,5
2024,다사98b15b,to_ho_001,5
2024,다사98b16a,to_ho_001,550
2024,다사98b17a,to_ho_001,66
2024,다사98b17b,to_ho_001,209
2024,다사98b18a,to_ho_001,43
2024,다사98b18b,to_ho_001,18
2024,다사98b19a,to_ho_001,18
2024,다사98b19b,to_ho_001,265
2024,다사98b20a,to_ho_001,160
2024,다사98b20b,to_ho_001,1110
2024,다사98b21a,to_ho_001,39
2024,다사98b22a,to_ho_001,0
2024,다사98b23a,to_ho_001,33
2024,다사98b23b,to_ho_001,48
2024,다사98b24a,to_ho_001,18
2024,다사98b24b,to_ho_001,33
2024,다사98b25a,to_ho_001,8
2024,다사98b25b,to_ho_001,0
2024,다사98b26a,to_ho_001,26
2024,다사98b26b,to_ho_001,18
2024,다사98b27a,to_ho_001,33
2024,다사98b27b,to_ho_001,38
2024,다사98b28a,to_ho_001,18
2024,다사98b29a,to_ho_001,8
2024,다사98b30b,to_ho_001,5
2024,다사98b32a,to_ho_001,13
2024,다사98b32b,to_ho_001,0
2024,다사98b33b,to_ho_001,13
2024,다사98b34a,to_ho_001,8
2024,다사98b35a,to_ho_001,13
2024,다사98b36b,to_ho_001,8
2024,다사98b37a,to_ho_001,5
2024,다사98b37b,to_ho_001,8
2024,다사98b38a,to_ho_001,28
2024,다사98b38b,to_ho_001,13
2024,다사98b39a,to_ho_001,18
2024,다사98b39b,to_ho_001,33
2024,다사98b40a,to_ho_001,29
2024,다사98b40b,to_ho_001,83
2024,다사98b41a,to_ho_001,58
2024,다사98b41b,to_ho_001,43
2024,다사98b42a,to_ho_001,154
2024,다사98b42b,to_ho_001,51
2024,다사98b43a,to_ho_001,23
2024,다사98b43b,to_ho_001,494
2024,다사98b44a,to_ho_001,517
2024,다사98b44b,to_ho_001,28
2024,다사98b45a,to_ho_001,5
2024,다사98b45b,to_ho_001,8
2024,다사98b46a,to_ho_001,35
2024,다사98b46b,to_ho_001,38
2024,다사98b47a,to_ho_001,13
2024,다사98b47b,to_ho_001,43
2024,다사98b48a,to_ho_001,33
2024,다사98b48b,to_ho_001,28
2024,다사98b54b,to_ho_001,8
2024,다사98b55a,to_ho_001,5
2024,다사98b57a,to_ho_001,8
2024,다사98b57b,to_ho_001,5
2024,다사98b58a,to_ho_001,5
2024,다사98b58b,to_ho_001,13
2024,다사98b59a,to_ho_001,18
2024,다사98b59b,to_ho_001,8
2024,다사98b60b,to_ho_001,0
2024,다사98b61a,to_ho_001,13
2024,다사98b61b,to_ho_001,5
2024,다사98b62b,to_ho_001,5
2024,다사98b63a,to_ho_001,8
2024,다사98b63b,to_ho_001,21
2024,다사98b64a,to_ho_001,21
2024,다사98b64b,to_ho_001,33
2024,다사98b65a,to_ho_001,13
2024,다사98b65b,to_ho_001,38
2024,다사98b66a,to_ho_001,8
2024,다사98b66b,to_ho_001,0
2024,다사98b67a,to_ho_001,0
2024,다사98b67b,to_ho_001,5
2024,다사98b68a,to_ho_001,13
2024,다사98b68b,to_ho_001,13
2024,다사98b69a,to_ho_001,8
2024,다사98b69b,to_ho_001,0
2024,다사98b73a,to_ho_001,5
2024,다사98b73b,to_ho_001,8
2024,다사98b75b,to_ho_001,0
2024,다사98b77b,to_ho_001,8
2024,다사98b78a,to_ho_001,28
2024,다사98b78b,to_ho_001,13
2024,다사98b79a,to_ho_001,13
2024,다사98b79b,to_ho_001,5
2024,다사98b80b,to_ho_001,5
2024,다사98b81a,to_ho_001,8
2024,다사98b81b,to_ho_001,5
2024,다사98b82a,to_ho_001,8
2024,다사98b82b,to_ho_001,51
2024,다사98b83a,to_ho_001,24
2024,다사98b88a,to_ho_001,8
2024,다사98b88b,to_ho_001,5
2024,다사98b92b,to_ho_001,5
2024,다사98b93a,to_ho_001,5
2024,다사98b93b,to_ho_001,0
2024,다사98b94b,to_ho_001,0
2024,다사99a00b,to_ho_001,19
2024,다사99a01a,to_ho_001,33
2024,다사99a01b,to_ho_001,29
2024,다사99a02a,to_ho_001,8
2024,다사99a03b,to_ho_001,5
2024,다사99a04a,to_ho_001,53
2024,다사99a04b,to_ho_001,5
2024,다사99a05a,to_ho_001,33
2024,다사99a05b,to_ho_001,5
2024,다사99a06a,to_ho_001,8
2024,다사99a06b,to_ho_001,13
2024,다사99a07a,to_ho_001,13
2024,다사99a07b,to_ho_001,5
2024,다사99a08a,to_ho_001,28
2024,다사99a08b,to_ho_001,8
2024,다사99a09a,to_ho_001,8
2024,다사99a09b,to_ho_001,5
2024,다사99a10a,to_ho_001,5
2024,다사99a10b,to_ho_001,8
2024,다사99a11a,to_ho_001,0
2024,다사99a11b,to_ho_001,0
2024,다사99a12b,to_ho_001,0
2024,다사99a13a,to_ho_001,26
2024,다사99a13b,to_ho_001,191
2024,다사99a14a,to_ho_001,36
2024,다사99a14b,to_ho_001,191
2024,다사99a15a,to_ho_001,170
2024,다사99a15b,to_ho_001,301
2024,다사99a16a,to_ho_001,1151
2024,다사99a16b,to_ho_001,596
2024,다사99a17a,to_ho_001,1346
2024,다사99a17b,to_ho_001,632
2024,다사99a18a,to_ho_001,5
2024,다사99a18b,to_ho_001,18
2024,다사99a19a,to_ho_001,13
2024,다사99a19b,to_ho_001,34
2024,다사99a20a,to_ho_001,27
2024,다사99a20b,to_ho_001,141
2024,다사99a21a,to_ho_001,54
2024,다사99a22a,to_ho_001,5
2024,다사99a22b,to_ho_001,33
2024,다사99a23a,to_ho_001,5
2024,다사99a23b,to_ho_001,5
2024,다사99a24a,to_ho_001,18
2024,다사99a24b,to_ho_001,5
2024,다사99a25b,to_ho_001,5
2024,다사99a26a,to_ho_001,16
2024,다사99a26b,to_ho_001,253
2024,다사99a27a,to_ho_001,28
2024,다사99a27b,to_ho_001,76
2024,다사99a28a,to_ho_001,18
2024,다사99a28b,to_ho_001,5
2024,다사99a29a,to_ho_001,38
2024,다사99a29b,to_ho_001,5
2024,다사99a30a,to_ho_001,5
2024,다사99a30b,to_ho_001,5
2024,다사99a31a,to_ho_001,18
2024,다사99a32a,to_ho_001,18
2024,다사99a32b,to_ho_001,5
2024,다사99a33b,to_ho_001,0
2024,다사99a35a,to_ho_001,5
2024,다사99a35b,to_ho_001,8
2024,다사99a37a,to_ho_001,32
2024,다사99a37b,to_ho_001,49
2024,다사99a38a,to_ho_001,8
2024,다사99a39a,to_ho_001,8
2024,다사99a39b,to_ho_001,48
2024,다사99a40a,to_ho_001,43
2024,다사99a40b,to_ho_001,48
2024,다사99a41a,to_ho_001,38
2024,다사99a41b,to_ho_001,8
2024,다사99a42a,to_ho_001,35
2024,다사99a43a,to_ho_001,349
2024,다사99a43b,to_ho_001,1211
2024,다사99a44a,to_ho_001,1755
2024,다사99a44b,to_ho_001,358
2024,다사99a45a,to_ho_001,13
2024,다사99a45b,to_ho_001,18
2024,다사99a46a,to_ho_001,66
2024,다사99a46b,to_ho_001,8
2024,다사99a47a,to_ho_001,31
2024,다사99a47b,to_ho_001,52
2024,다사99a48a,to_ho_001,23
2024,다사99a48b,to_ho_001,58
2024,다사99a54b,to_ho_001,8
2024,다사99a55a,to_ho_001,23
2024,다사99a55b,to_ho_001,28
2024,다사99a56a,to_ho_001,23
2024,다사99a56b,to_ho_001,8
2024,다사99a57a,to_ho_001,8
2024,다사99a57b,to_ho_001,13
2024,다사99a58a,to_ho_001,13
2024,다사99a58b,to_ho_001,13
2024,다사99a60b,to_ho_001,8
2024,다사99a61a,to_ho_001,13
2024,다사99a61b,to_ho_001,5
2024,다사99a62a,to_ho_001,5
2024,다사99a62b,to_ho_001,5
2024,다사99a63a,to_ho_001,23
2024,다사99a63b,to_ho_001,39
2024,다사99a64a,to_ho_001,267
2024,다사99a64b,to_ho_001,243
2024,다사99a65a,to_ho_001,114
2024,다사99a65b,to_ho_001,33
2024,다사99a66a,to_ho_001,0
2024,다사99a66b,to_ho_001,23
2024,다사99a67a,to_ho_001,0
2024,다사99a67b,to_ho_001,5
2024,다사99a68a,to_ho_001,8
2024,다사99a68b,to_ho_001,5
2024,다사99a73a,to_ho_001,5
2024,다사99a73b,to_ho_001,0
2024,다사99a77a,to_ho_001,5
2024,다사99a77b,to_ho_001,8
2024,다사99a78a,to_ho_001,5
2024,다사99a78b,to_ho_001,8
2024,다사99a79a,to_ho_001,13
2024,다사99a80a,to_ho_001,5
2024,다사99a80b,to_ho_001,8
2024,다사99a81a,to_ho_001,48
2024,다사99a81b,to_ho_001,45
2024,다사99a82a,to_ho_001,13
2024,다사99a82b,to_ho_001,13
2024,다사99a83a,to_ho_001,8
2024,다사99a88a,to_ho_001,5
2024,다사99a88b,to_ho_001,8
2024,다사99a90a,to_ho_001,5
2024,다사99a90b,to_ho_001,0
2024,다사99a91a,to_ho_001,5
2024,다사99a91b,to_ho_001,8
2024,다사99a92a,to_ho_001,5
2024,다사99a92b,to_ho_001,5
2024,다사99a93a,to_ho_001,5
2024,다사99b00a,to_ho_001,18
2024,다사99b00b,to_ho_001,31
2024,다사99b01a,to_ho_001,5
2024,다사99b01b,to_ho_001,8
2024,다사99b03b,to_ho_001,5
2024,다사99b04a,to_ho_001,5
2024,다사99b04b,to_ho_001,28
2024,다사99b05a,to_ho_001,8
2024,다사99b05b,to_ho_001,0
2024,다사99b06a,to_ho_001,5
2024,다사99b06b,to_ho_001,5
2024,다사99b07a,to_ho_001,5
2024,다사99b07b,to_ho_001,5
2024,다사99b08a,to_ho_001,5
2024,다사99b08b,to_ho_001,5
2024,다사99b09a,to_ho_001,5
2024,다사99b09b,to_ho_001,5
2024,다사99b10a,to_ho_001,28
2024,다사99b10b,to_ho_001,8
2024,다사99b11a,to_ho_001,5
2024,다사99b11b,to_ho_001,8
2024,다사99b12a,to_ho_001,5
2024,다사99b12b,to_ho_001,5
2024,다사99b13a,to_ho_001,13
2024,다사99b13b,to_ho_001,186
2024,다사99b14a,to_ho_001,27
2024,다사99b14b,to_ho_001,352
2024,다사99b15a,to_ho_001,118
2024,다사99b15b,to_ho_001,141
2024,다사99b16a,to_ho_001,215
2024,다사99b16b,to_ho_001,711
2024,다사99b17a,to_ho_001,8
2024,다사99b17b,to_ho_001,74
2024,다사99b18a,to_ho_001,18
2024,다사99b18b,to_ho_001,5
2024,다사99b19a,to_ho_001,5
2024,다사99b19b,to_ho_001,13
2024,다사99b20a,to_ho_001,170
2024,다사99b20b,to_ho_001,40
2024,다사99b22b,to_ho_001,16
2024,다사99b23a,to_ho_001,5
2024,다사99b23b,to_ho_001,8
2024,다사99b24a,to_ho_001,5
2024,다사99b24b,to_ho_001,33
2024,다사99b25a,to_ho_001,8
2024,다사99b25b,to_ho_001,18
2024,다사99b26a,to_ho_001,40
2024,다사99b26b,to_ho_001,39
2024,다사99b27a,to_ho_001,38
2024,다사99b27b,to_ho_001,13
2024,다사99b28a,to_ho_001,48
2024,다사99b28b,to_ho_001,8
2024,다사99b29a,to_ho_001,8
2024,다사99b29b,to_ho_001,5
2024,다사99b30a,to_ho_001,5
2024,다사99b30b,to_ho_001,5
2024,다사99b31a,to_ho_001,8
2024,다사99b31b,to_ho_001,8
2024,다사99b32b,to_ho_001,5
2024,다사99b33a,to_ho_001,5
2024,다사99b33b,to_ho_001,5
2024,다사99b35a,to_ho_001,18
2024,다사99b35b,to_ho_001,13
2024,다사99b37a,to_ho_001,8
2024,다사99b37b,to_ho_001,83
2024,다사99b38a,to_ho_001,13
2024,다사99b38b,to_ho_001,5
2024,다사99b40b,to_ho_001,18
2024,다사99b41a,to_ho_001,5
2024,다사99b41b,to_ho_001,5
2024,다사99b42a,to_ho_001,304
2024,다사99b42b,to_ho_001,160
2024,다사99b43a,to_ho_001,596
2024,다사99b43b,to_ho_001,794
2024,다사99b44a,to_ho_001,365
2024,다사99b44b,to_ho_001,112
2024,다사99b45a,to_ho_001,74
2024,다사99b45b,to_ho_001,38
2024,다사99b46a,to_ho_001,8
2024,다사99b47a,to_ho_001,8
2024,다사99b47b,to_ho_001,48
2024,다사99b48a,to_ho_001,0
2024,다사99b48b,to_ho_001,5
2024,다사99b49a,to_ho_001,18
2024,다사99b49b,to_ho_001,63
2024,다사99b50b,to_ho_001,5
2024,다사99b51a,to_ho_001,5
2024,다사99b55a,to_ho_001,13
2024,다사99b55b,to_ho_001,13
2024,다사99b56a,to_ho_001,0
2024,다사99b56b,to_ho_001,5
2024,다사99b57a,to_ho_001,8
2024,다사99b57b,to_ho_001,28
2024,다사99b58a,to_ho_001,13
2024,다사99b58b,to_ho_001,28
2024,다사99b59a,to_ho_001,13
2024,다사99b60a,to_ho_001,13
2024,다사99b60b,to_ho_001,23
2024,다사99b61a,to_ho_001,18
2024,다사99b61b,to_ho_001,0
2024,다사99b62a,to_ho_001,0
2024,다사99b63a,to_ho_001,5
2024,다사99b63b,to_ho_001,19
2024,다사99b64a,to_ho_001,69
2024,다사99b64b,to_ho_001,83
2024,다사99b65a,to_ho_001,38
2024,다사99b65b,to_ho_001,33
2024,다사99b66a,to_ho_001,14
2024,다사99b66b,to_ho_001,5
2024,다사99b68a,to_ho_001,8
2024,다사99b68b,to_ho_001,8
2024,다사99b69a,to_ho_001,8
2024,다사99b70b,to_ho_001,0
2024,다사99b71a,to_ho_001,5
2024,다사99b71b,to_ho_001,8
2024,다사99b72a,to_ho_001,13
2024,다사99b72b,to_ho_001,5
2024,다사99b73a,to_ho_001,8
2024,다사99b73b,to_ho_001,5
2024,다사99b74a,to_ho_001,0
2024,다사99b77b,to_ho_001,8
2024,다사99b78a,to_ho_001,8
2024,다사99b78b,to_ho_001,8
2024,다사99b79a,to_ho_001,18
2024,다사99b80a,to_ho_001,18
2024,다사99b80b,to_ho_001,8
2024,다사99b81a,to_ho_001,13
2024,다사99b81b,to_ho_001,13
2024,다사99b82a,to_ho_001,13
2024,다사99b82b,to_ho_001,5
2024,다사99b83a,to_ho_001,58
2024,다사99b83b,to_ho_001,13
2024,다사99b88b,to_ho_001,8
2024,다사99b90a,to_ho_001,5
2024,다사99b90b,to_ho_001,18
2024,다사99b91a,to_ho_001,5
2024,다사99b91b,to_ho_001,13
