접근수단,시군구_격자,행정동_격자,중분류,평균_H3SFCA,중앙값_H3SFCA,격자수,평균_접근가능가맹점수
대중교통,강남구,개포1동,공연,0.0005447985749809938,0.0005600499854717162,141,25.18439716312057
대중교통,강남구,개포1동,관광지,0.00010196990801286119,0.00010175583003271334,141,4.7304964539007095
대중교통,강남구,개포1동,미술,0.0021531440721358013,0.0021709421417366918,142,89.20422535211267
대중교통,강남구,개포1동,스포츠관람,0.00018760921862941168,0.0001876092186294117,86,8.0
대중교통,강남구,개포2동,공연,0.0015108261760197349,0.0005087129611204061,224,26.357142857142858
대중교통,강남구,개포2동,관광지,9.967714956982266e-05,9.952114723658005e-05,218,6.178899082568807
대중교통,강남구,개포2동,미술,0.002016159439063566,0.002035498744313255,220,112.71818181818182
대중교통,강남구,개포2동,스포츠관람,0.0001876092186294117,0.0001876092186294117,192,8.0
대중교통,강남구,개포3동,공연,0.0004207997217087188,0.00044785225345743147,126,26.88095238095238
대중교통,강남구,개포3동,관광지,9.929089918805493e-05,9.779820113866298e-05,126,7.507936507936508
대중교통,강남구,개포3동,미술,0.0022028077613040578,0.001864170949274431,132,124.25757575757575
대중교통,강남구,개포3동,스포츠관람,0.0001876092186294117,0.0001876092186294117,110,8.0
대중교통,강남구,개포4동,공연,0.0005991896813655322,0.000606272633748,140,30.27857142857143
대중교통,강남구,개포4동,관광지,0.00010371913786174402,0.0001034808642782221,140,5.621428571428571
대중교통,강남구,개포4동,미술,0.0022770435230580082,0.0022860723957689555,140,102.3
대중교통,강남구,개포4동,스포츠관람,0.0001876092186294117,0.0001876092186294117,82,8.0
대중교통,강남구,논현1동,공연,0.0006840910776929269,0.0006814906892775524,124,63.45967741935484
대중교통,강남구,논현1동,관광지,0.00012585064351157776,0.00012566484472103658,124,13.516129032258064
대중교통,강남구,논현1동,미술,0.002671999593223939,0.0026711090972162815,124,222.45967741935485
대중교통,강남구,논현1동,스포츠관람,0.00011475834393858658,0.00012993735370014312,124,9.161290322580646
대중교통,강남구,논현2동,공연,0.0008958569698503656,0.0006368401432460696,146,60.73972602739726
대중교통,강남구,논현2동,관광지,0.00011450265556636586,0.00011566053203549487,145,13.489655172413793
대중교통,강남구,논현2동,미술,0.0025461430645552187,0.002547043091121319,145,216.12413793103448
대중교통,강남구,논현2동,스포츠관람,0.00015930461914861113,0.00016119271802654962,145,9.358620689655172
대중교통,강남구,대치1동,공연,0.001020630380252413,0.0005633430297387054,82,33.98780487804878
대중교통,강남구,대치1동,관광지,0.00010064128018767685,0.00010083257334088467,81,8.08641975308642
대중교통,강남구,대치1동,미술,0.0021914211826646306,0.002218280966328806,81,141.30864197530863
대중교통,강남구,대치1동,스포츠관람,0.00018752789324572432,0.0001876092186294117,81,8.024691358024691
대중교통,강남구,대치2동,공연,0.0005193411187004427,0.0005237119084505243,182,35.13186813186813
대중교통,강남구,대치2동,관광지,9.950397580745072e-05,9.962115980911298e-05,182,9.010989010989011
대중교통,강남구,대치2동,미술,0.0021853914841561887,0.002119733777883147,183,164.02732240437157
대중교통,강남구,대치2동,스포츠관람,0.00018709782880420894,0.0001876092186294117,182,8.175824175824175
대중교통,강남구,대치4동,공연,0.0005753241048162568,0.0005722297929072269,70,37.042857142857144
대중교통,강남구,대치4동,관광지,0.00010168164867911158,0.00010178646456284673,70,9.5
대중교통,강남구,대치4동,미술,0.0022867399894942624,0.0022854124844861245,70,166.65714285714284
대중교통,강남구,대치4동,스포츠관람,0.0001854393895657975,0.00018431163214624642,70,8.571428571428571
대중교통,강남구,도곡1동,공연,0.0006380130978976373,0.0006356911927706337,104,35.20192307692308
대중교통,강남구,도곡1동,관광지,0.00010470150759406148,0.00010473003845892935,104,7.096153846153846
대중교통,강남구,도곡1동,미술,0.0024073921285338515,0.002417233369034272,104,132.39423076923077
대중교통,강남구,도곡1동,스포츠관람,0.00018409424768707082,0.0001876092186294117,96,8.375
대중교통,강남구,도곡2동,공연,0.0009865150534500008,0.0006024490138030061,99,34.44444444444444
대중교통,강남구,도곡2동,관광지,0.0001026836066207844,0.00010259748778197549,98,7.36734693877551
대중교통,강남구,도곡2동,미술,0.0023127288867879174,0.0023070376512159185,98,129.46938775510205
대중교통,강남구,도곡2동,스포츠관람,0.00018734174656273928,0.0001876092186294117,98,8.051020408163266
대중교통,강남구,삼성1동,공연,0.000528123098991743,0.0005358224096336211,157,37.17197452229299
대중교통,강남구,삼성1동,관광지,0.00023897112081550814,0.0001026573824574622,183,8.770491803278688
대중교통,강남구,삼성1동,미술,0.005331584910172849,0.0022697908345174133,196,145.34183673469389
대중교통,강남구,삼성1동,스포츠관람,0.0001834833304921934,0.00018345979536057408,148,8.763513513513514
대중교통,강남구,삼성2동,공연,0.0008993519208383707,0.0005955689925037501,125,42.136
대중교통,강남구,삼성2동,관광지,0.00010442952440471477,0.00010411334968834756,124,10.806451612903226
대중교통,강남구,삼성2동,미술,0.002402583420769686,0.0024019613823532057,124,187.16129032258064
대중교통,강남구,삼성2동,스포츠관람,0.00017955614914783377,0.00018056483226868566,124,8.951612903225806
대중교통,강남구,세곡동,공연,0.0002105048365713725,0.00021238061454183064,594,5.78956228956229
대중교통,강남구,세곡동,관광지,0.0002167200698626457,0.00020939742037011573,584,4.655821917808219
대중교통,강남구,세곡동,미술,0.0014626213792508253,0.001457373027760857,605,59.80330578512397
대중교통,강남구,세곡동,스포츠관람,0.0001876092186294117,0.0001876092186294117,57,8.0
대중교통,강남구,수서동,공연,0.00026499030500473994,0.0002796675836032877,158,13.373417721518987
대중교통,강남구,수서동,관광지,0.00011187061931753437,0.00011494445378793221,153,7.183006535947713
대중교통,강남구,수서동,미술,0.0015705619820524466,0.001583036084831191,159,96.11949685534591
대중교통,강남구,수서동,스포츠관람,0.0001876092186294117,0.0001876092186294117,112,8.0
대중교통,강남구,신사동,공연,0.0006905493986102896,0.000694171361560864,201,78.71144278606965
대중교통,강남구,신사동,관광지,0.00015026982859640763,0.00014729877419419527,201,12.626865671641792
대중교통,강남구,신사동,미술,0.0028150292323980736,0.002802263822341461,201,232.16915422885572
대중교통,강남구,신사동,스포츠관람,4.265532725542245e-05,2.992276058500881e-05,201,5.9054726368159205
대중교통,강남구,압구정동,공연,0.0008613808449575344,0.0006438696600996916,227,67.60352422907489
대중교통,강남구,압구정동,관광지,0.00013515548846025545,0.00012604174776257345,233,11.978540772532188
대중교통,강남구,압구정동,미술,0.004218630994118043,0.002613120666511477,233,199.59656652360516
대중교통,강남구,압구정동,스포츠관람,7.833940282563842e-05,9.958869855737355e-05,224,6.973214285714286
대중교통,강남구,역삼1동,공연,0.000657730239182994,0.0006557086475341696,235,41.340425531914896
대중교통,강남구,역삼1동,관광지,0.0001092948492050743,0.00010703325037038374,235,8.948936170212766
대중교통,강남구,역삼1동,미술,0.0025384027875513747,0.002529744537534422,235,164.64255319148936
대중교통,강남구,역삼1동,스포츠관람,0.00017405538826720384,0.0001760999720556451,234,8.948717948717949
대중교통,강남구,역삼2동,공연,0.0006172334071915971,0.0006198891928905905,113,38.02654867256637
대중교통,강남구,역삼2동,관광지,0.00010390888086009422,0.00010387645447127171,113,8.646017699115044
대중교통,강남구,역삼2동,미술,0.002422659467423778,0.0024223025424678054,113,154.41592920353983
대중교통,강남구,역삼2동,스포츠관람,0.00018221842051533078,0.0001813843042954517,113,8.778761061946902
대중교통,강남구,일원1동,공연,0.00037318494264682815,0.00040126151982181085,95,22.652631578947368
대중교통,강남구,일원1동,관광지,0.00010452891651174653,0.00010571751185732237,95,7.852631578947369
대중교통,강남구,일원1동,미술,0.0017890978250507208,0.0017777636436076883,95,122.4
대중교통,강남구,일원1동,스포츠관람,0.0001876092186294117,0.0001876092186294117,93,8.0
대중교통,강남구,일원본동,공연,0.000354850398140102,0.000365520864771721,233,17.012875536480685
대중교통,강남구,일원본동,관광지,0.00010480190621604201,0.0001061807407697406,233,5.969957081545064
대중교통,강남구,일원본동,미술,0.0017434607194843224,0.0017329848274112696,234,92.85470085470085
대중교통,강남구,일원본동,스포츠관람,0.0001876092186294117,0.0001876092186294117,157,8.0
대중교통,강남구,청담동,공연,0.0006281715075700555,0.0005687203024979996,199,45.678391959798994
대중교통,강남구,청담동,관광지,0.00015868049136550893,0.00010840138301071995,223,9.632286995515695
대중교통,강남구,청담동,미술,0.006091743833398651,0.002411608075740546,233,154.27467811158797
대중교통,강남구,청담동,스포츠관람,0.00015176028125030706,0.00016814338167443917,183,8.120218579234972
대중교통,강동구,강일동,공연,0.00011913313332387036,0.00011993850264925764,207,2.869565217391304
대중교통,강동구,강일동,관광지,8.02887655347987e-05,8.290506287309348e-05,190,1.6578947368421053
대중교통,강동구,강일동,미술,0.0012459504242673632,0.001247744345031902,208,33.30288461538461
대중교통,강동구,고덕1동,공연,0.00011930419777905204,0.0001202054405874548,146,4.835616438356165
대중교통,강동구,고덕1동,관광지,8.05325933879171e-05,8.078301747929441e-05,122,5.19672131147541
대중교통,강동구,고덕1동,미술,0.0012716454744336474,0.0012674778151556816,149,65.58389261744966
대중교통,강동구,고덕2동,공연,0.00011798749707182623,0.0001203403016161834,226,3.004424778761062
대중교통,강동구,고덕2동,관광지,7.890769760734653e-05,7.890465092689515e-05,173,3.30635838150289
대중교통,강동구,고덕2동,미술,0.0012533035751255994,0.0012518282785507757,232,42.60775862068966
대중교통,강동구,길동,공연,0.00011855510215529152,0.000118686120937802,162,7.950617283950617
대중교통,강동구,길동,관광지,8.663771969342812e-05,8.634729898029619e-05,162,7.9753086419753085
대중교통,강동구,길동,미술,0.0013119515976244577,0.0013064722545543463,163,106.58895705521472
대중교통,강동구,길동,스포츠관람,0.0001876092186294117,0.0001876092186294117,8,8.0
대중교통,강동구,둔촌1동,공연,0.00011748304067000084,0.00011647183152255725,88,8.227272727272727
대중교통,강동구,둔촌1동,관광지,8.861968618010542e-05,8.857729693807661e-05,88,7.159090909090909
대중교통,강동구,둔촌1동,미술,0.0013380926954761766,0.0013292378219994813,89,101.41573033707866
대중교통,강동구,둔촌1동,스포츠관람,0.0001876092186294117,0.0001876092186294117,12,8.0
대중교통,강동구,둔촌2동,공연,0.00011660916491786447,0.0001171264544620139,153,8.065359477124183
대중교통,강동구,둔촌2동,관광지,8.791024072720888e-05,8.81851945135075e-05,153,7.294117647058823
대중교통,강동구,둔촌2동,미술,0.0016427140870766167,0.0013151853772145573,156,101.8525641025641
대중교통,강동구,둔촌2동,스포츠관람,0.013092470598200486,0.01739409105805751,4,2.75
대중교통,강동구,명일1동,공연,0.00012115479796977158,0.00012139909138677345,63,7.841269841269841
대중교통,강동구,명일1동,관광지,8.327504822265072e-05,8.355974801670879e-05,63,7.920634920634921
대중교통,강동구,명일1동,미술,0.0013322350435230322,0.001290291449930031,66,107.01515151515152
대중교통,강동구,명일2동,공연,0.00011878406757394345,0.00011949485675078129,89,7.191011235955056
대중교통,강동구,명일2동,관광지,8.36823369982048e-05,8.355952109285613e-05,89,7.449438202247191
대중교통,강동구,명일2동,미술,0.0012949081940537746,0.0012850432620599775,90,97.26666666666667
대중교통,강동구,상일1동,공연,0.00011828692295046978,0.00011839710040455067,181,5.2430939226519335
대중교통,강동구,상일1동,관광지,8.260159799284837e-05,8.25694664661411e-05,181,5.033149171270718
대중교통,강동구,상일1동,미술,0.0012687584438824896,0.0012711708741314095,181,73.59116022099448
대중교통,강동구,상일2동,공연,0.00011696755778436094,0.00011614385572700739,99,3.696969696969697
대중교통,강동구,상일2동,관광지,8.318233998297759e-05,8.290506287309348e-05,99,2.404040404040404
대중교통,강동구,상일2동,미술,0.0012605905676847974,0.0012581396080779757,99,55.60606060606061
대중교통,강동구,성내1동,공연,0.00014431803509842218,0.00014050300106795957,67,12.611940298507463
대중교통,강동구,성내1동,관광지,9.084040290411376e-05,9.117429871735442e-05,67,10.746268656716419
대중교통,강동구,성내1동,미술,0.00138145728084162,0.001381036696896879,67,133.4179104477612
대중교통,강동구,성내1동,스포츠관람,0.0001876092186294117,0.0001876092186294117,67,8.0
대중교통,강동구,성내2동,공연,0.00013506708616030182,0.00013330991692589634,62,11.53225806451613
대중교통,강동구,성내2동,관광지,9.031814653004488e-05,9.092331264688569e-05,62,10.17741935483871
대중교통,강동구,성내2동,미술,0.0013712455831630466,0.0013604187732664899,63,128.84126984126985
대중교통,강동구,성내2동,스포츠관람,0.0001876092186294117,0.0001876092186294117,50,8.0
대중교통,강동구,성내3동,공연,0.00012563138592117985,0.00012587822389316568,62,9.758064516129032
대중교통,강동구,성내3동,관광지,8.9411768129098e-05,8.905784138588732e-05,62,8.919354838709678
대중교통,강동구,성내3동,미술,0.0013918227209116173,0.0013506995314284116,65,113.0
대중교통,강동구,성내3동,스포츠관람,0.0001876092186294117,0.0001876092186294117,41,8.0
대중교통,강동구,암사1동,공연,0.00012406871305046063,0.00012453997414780296,78,7.987179487179487
대중교통,강동구,암사1동,관광지,8.515607100181562e-05,8.501379862729955e-05,78,8.179487179487179
대중교통,강동구,암사1동,미술,0.001300752404316697,0.0012983551865374159,78,109.35897435897436
대중교통,강동구,암사2동,공연,0.00012454795720395932,0.00012296484287535898,210,6.757142857142857
대중교통,강동구,암사2동,관광지,0.0003020888054881826,8.715548161661208e-05,210,6.504761904761905
대중교통,강동구,암사2동,미술,0.0012784817868864244,0.0012864612658558176,211,84.47867298578198
대중교통,강동구,암사3동,공연,0.00012211708225229716,0.00012182670859872489,154,6.779220779220779
대중교통,강동구,암사3동,관광지,0.00039481640427574155,7.942812747973881e-05,145,6.689655172413793
대중교통,강동구,암사3동,미술,0.0012689557112637972,0.0012640957669200763,162,92.53086419753086
대중교통,강동구,천호1동,공연,0.00012152759735203468,0.00012141529958691063,65,8.092307692307692
대중교통,강동구,천호1동,관광지,8.613836233995044e-05,8.553961981436826e-05,65,8.276923076923078
대중교통,강동구,천호1동,미술,0.0013328735922259766,0.0013032478657268277,67,107.86567164179104
대중교통,강동구,천호1동,스포츠관람,0.0001876092186294117,0.0001876092186294117,2,8.0
대중교통,강동구,천호2동,공연,0.00013780967708805118,0.00013009647912852473,177,10.677966101694915
대중교통,강동구,천호2동,관광지,0.0003384481202772244,9.0550928314006e-05,182,8.637362637362637
대중교통,강동구,천호2동,미술,0.0013250142509017614,0.001334201973405083,181,119.50828729281768
대중교통,강동구,천호2동,스포츠관람,0.0001876092186294117,0.0001876092186294117,53,8.0
대중교통,강동구,천호3동,공연,0.00012907128987430875,0.00012173770906065084,57,10.228070175438596
대중교통,강동구,천호3동,관광지,8.948510353577812e-05,9.008815966410085e-05,57,9.350877192982455
대중교통,강동구,천호3동,미술,0.0013334778676713898,0.0013315635365504556,57,126.05263157894737
대중교통,강동구,천호3동,스포츠관람,0.0001876092186294117,0.0001876092186294117,23,8.0
대중교통,강북구,미아동,공연,0.00037088380002942006,0.0003778671165906852,86,61.01162790697674
대중교통,강북구,미아동,관광지,7.372557378783681e-05,7.335414569716638e-05,86,12.465116279069768
대중교통,강북구,미아동,미술,0.0011862259832888893,0.0011541938215436868,86,206.75581395348837
대중교통,강북구,미아동,스포츠관람,2.1217683739293547e-05,2.1149126635490736e-05,16,1.5625
대중교통,강북구,번1동,공연,0.00028122705067610003,0.000287820688404373,63,50.95238095238095
대중교통,강북구,번1동,관광지,6.997560539882107e-05,7.014954411041521e-05,63,12.095238095238095
대중교통,강북구,번1동,미술,0.0010613801612974082,0.0010630968790583358,63,189.8095238095238
대중교통,강북구,번2동,공연,0.00031683852545128427,0.00032480366335700916,96,51.84375
대중교통,강북구,번2동,관광지,7.111112635560038e-05,7.071563901314996e-05,96,12.21875
대중교통,강북구,번2동,미술,0.0011061852766809422,0.0010885355185144482,96,197.02083333333334
대중교통,강북구,번2동,스포츠관람,2.325904348029506e-05,2.5288783621256716e-05,4,1.75
대중교통,강북구,번3동,공연,0.00040408931466688467,0.0004044914270965596,108,65.23148148148148
대중교통,강북구,번3동,관광지,7.382759529426393e-05,7.358641441196554e-05,108,14.074074074074074
대중교통,강북구,번3동,미술,0.0011945494901615926,0.001169279460523255,108,242.09259259259258
대중교통,강북구,번3동,스포츠관람,2.267690418829429e-05,2.521418226523719e-05,22,1.8636363636363635
대중교통,강북구,삼각산동,공연,0.00047978130934160315,0.000486384634907772,57,70.78947368421052
대중교통,강북구,삼각산동,관광지,8.845161794354049e-05,8.684653034889666e-05,57,13.736842105263158
대중교통,강북구,삼각산동,미술,0.0015456455576984504,0.0015589334285127515,57,259.859649122807
대중교통,강북구,삼각산동,스포츠관람,2.6155910863803636e-05,2.528640370778425e-05,43,2.7906976744186047
대중교통,강북구,삼양동,공연,0.00044740087182536763,0.00045004276362234125,86,68.40697674418605
대중교통,강북구,삼양동,관광지,8.23593443567562e-05,8.263148523187931e-05,86,13.174418604651162
대중교통,강북구,삼양동,미술,0.0014000471238913587,0.0013967008947842233,86,242.0
대중교통,강북구,삼양동,스포츠관람,2.447000551783473e-05,2.5290346470658495e-05,47,2.2127659574468086
대중교통,강북구,송중동,공연,0.0009611142759355361,0.00046981080469599243,109,71.80733944954129
대중교통,강북구,송중동,관광지,8.0446214954566e-05,8.04343317964949e-05,108,15.62037037037037
대중교통,강북구,송중동,미술,0.001464720249620717,0.0014522356598176936,109,282.7798165137615
대중교통,강북구,송중동,스포츠관람,2.7327112270193384e-05,2.5297463870092306e-05,80,3.0875
대중교통,강북구,송천동,공연,0.0004731816556091773,0.00047772201480876265,87,74.24137931034483
대중교통,강북구,송천동,관광지,8.303163101335909e-05,8.310270031968268e-05,87,15.735632183908047
대중교통,강북구,송천동,미술,0.0014933089840790167,0.001507305723786302,87,290.9425287356322
대중교통,강북구,송천동,스포츠관람,2.7222028240704e-05,2.530424873882257e-05,73,3.0136986301369864
대중교통,강북구,수유1동,공연,0.00027075999040941705,0.00032610718002254447,164,38.201219512195124
대중교통,강북구,수유1동,관광지,7.094101811788677e-05,7.249876838801161e-05,160,8.1875
대중교통,강북구,수유1동,미술,0.0011269964347382165,0.0011374235925660078,165,134.38181818181818
대중교통,강북구,수유1동,스포츠관람,1.896788872413225e-05,1.716182387511293e-05,9,1.2222222222222223
대중교통,강북구,수유2동,공연,0.0002375128704721622,0.00025196512573609703,56,40.607142857142854
대중교통,강북구,수유2동,관광지,7.002068192947637e-05,7.017044118194299e-05,56,10.571428571428571
대중교통,강북구,수유2동,미술,0.00104539489074663,0.0010527684446960922,56,163.76785714285714
대중교통,강북구,수유3동,공연,0.001011486288695962,0.0002882034521262724,75,49.42666666666667
대중교통,강북구,수유3동,관광지,7.064337395890835e-05,7.033270525903431e-05,74,11.297297297297296
대중교통,강북구,수유3동,미술,0.0011311900663832318,0.0010688919234992775,75,174.92
대중교통,강북구,우이동,공연,0.00011487856950232152,0.0001021747005649504,437,7.553775743707094
대중교통,강북구,우이동,관광지,6.792960500875457e-05,6.814146468499279e-05,416,4.382211538461538
대중교통,강북구,우이동,미술,0.0009992467255159094,0.000983859164251871,546,51.64835164835165
대중교통,강북구,인수동,공연,0.00019927847531536337,0.0001339633721851997,216,25.962962962962962
대중교통,강북구,인수동,관광지,6.866374917744128e-05,7.03347695213924e-05,201,7.024875621890548
대중교통,강북구,인수동,미술,0.00104434330267139,0.0010412532423582565,219,104.05479452054794
대중교통,강서구,가양1동,공연,0.00017166120101893932,0.00017044297889859533,427,11.269320843091334
대중교통,강서구,가양1동,관광지,4.96967811525297e-05,4.9915270573720885e-05,402,4.4502487562189055
대중교통,강서구,가양1동,미술,0.0012743661133724868,0.0012329084937478109,458,80.52838427947599
대중교통,강서구,가양1동,스포츠관람,2.0662027665257827e-05,2.069990197214653e-05,342,1.0321637426900585
대중교통,강서구,가양2동,공연,0.00020345725252719323,0.0002024129664252126,56,25.053571428571427
대중교통,강서구,가양2동,관광지,5.397225239239699e-05,5.396082186386894e-05,54,7.777777777777778
대중교통,강서구,가양2동,미술,0.001288364652727474,0.0012447328325528946,66,121.12121212121212
대중교통,강서구,가양2동,스포츠관람,2.0299514895843478e-05,2.069990197214653e-05,54,1.2037037037037037
대중교통,강서구,가양3동,공연,0.00022672958868287426,0.00021779259621280907,47,28.29787234042553
대중교통,강서구,가양3동,관광지,5.9457989659297014e-05,5.7526708078532586e-05,47,8.340425531914894
대중교통,강서구,가양3동,미술,0.0013010527873944038,0.0012568494780739895,47,152.29787234042553
대중교통,강서구,가양3동,스포츠관람,1.8148988930328933e-05,1.8052383258106515e-05,40,1.875
대중교통,강서구,공항동,공연,0.00017531752085541184,0.00016917695483501706,679,5.499263622974963
대중교통,강서구,공항동,관광지,4.8403359510554035e-05,4.966231178471791e-05,479,2.8663883089770357
대중교통,강서구,공항동,미술,0.0012748559870514526,0.0012217411395877757,756,48.673280423280424
대중교통,강서구,공항동,스포츠관람,2.069990197214653e-05,2.069990197214653e-05,670,1.0
대중교통,강서구,등촌1동,공연,0.00021603711144048185,0.0002151277216513245,66,29.727272727272727
대중교통,강서구,등촌1동,관광지,5.842033512684718e-05,5.8079114384611426e-05,66,8.878787878787879
대중교통,강서구,등촌1동,미술,0.0012624852631949628,0.0012555424198551356,66,164.56060606060606
대중교통,강서구,등촌1동,스포츠관람,1.788464032179685e-05,1.7991017579273152e-05,66,1.878787878787879
대중교통,강서구,등촌2동,공연,0.00019948339188675623,0.00020210194178563442,95,26.157894736842106
대중교통,강서구,등촌2동,관광지,6.044099822343779e-05,6.091267521500002e-05,95,8.473684210526315
대중교통,강서구,등촌2동,미술,0.001232054481712707,0.0012323366526997782,95,153.55789473684212
대중교통,강서구,등촌2동,스포츠관람,1.5154765958003003e-05,1.4573101922235157e-05,85,1.7294117647058824
대중교통,강서구,등촌3동,공연,0.00018621890204045084,0.0001861815454093288,105,21.866666666666667
대중교통,강서구,등촌3동,관광지,5.379544652702346e-05,5.3574200787249836e-05,105,7.504761904761905
대중교통,강서구,등촌3동,미술,0.0012390777097161638,0.0012263927563547048,106,133.60377358490567
대중교통,강서구,등촌3동,스포츠관람,2.0319162082555646e-05,2.069990197214653e-05,105,1.2285714285714286
대중교통,강서구,발산1동,공연,0.0001612821814185783,0.00016111994905163604,286,11.615384615384615
대중교통,강서구,발산1동,관광지,5.292571085520261e-05,5.2626502517659836e-05,286,5.398601398601398
대중교통,강서구,발산1동,미술,0.0011838049524637107,0.0011843185590852397,286,100.8881118881119
대중교통,강서구,발산1동,스포츠관람,2.0297264336335043e-05,2.069990197214653e-05,286,1.332167832167832
대중교통,강서구,방화1동,공연,0.00017136650797652586,0.00017093198381692992,150,8.366666666666667
대중교통,강서구,방화1동,관광지,4.878872987655828e-05,4.8790384882804276e-05,150,3.48
대중교통,강서구,방화1동,미술,0.0012526777093661706,0.0012442097183990376,151,81.94039735099338
대중교통,강서구,방화1동,스포츠관람,2.069990197214653e-05,2.069990197214653e-05,150,1.0
대중교통,강서구,방화2동,공연,0.0001760455161595413,0.00017682587362348353,448,4.571428571428571
대중교통,강서구,방화2동,관광지,4.687477034491284e-05,4.765058217669154e-05,360,2.263888888888889
대중교통,강서구,방화2동,미술,0.0013927027287362612,0.001290004964720243,512,37.609375
대중교통,강서구,방화2동,스포츠관람,2.069990197214653e-05,2.069990197214653e-05,331,1.0
대중교통,강서구,방화3동,공연,0.0001757721792477765,0.00017477968038941334,217,5.258064516129032
대중교통,강서구,방화3동,관광지,4.652195374105244e-05,4.704753637737077e-05,186,2.4731182795698925
대중교통,강서구,방화3동,미술,0.0012635774587277328,0.0012803800531670084,227,41.5726872246696
대중교통,강서구,방화3동,스포츠관람,2.069990197214653e-05,2.069990197214653e-05,135,1.0
대중교통,강서구,염창동,공연,0.00024686410102092384,0.0002510370471073396,173,25.289017341040463
대중교통,강서구,염창동,관광지,6.137832500408e-05,6.0727408797700745e-05,173,7.086705202312139
대중교통,강서구,염창동,미술,0.0013650631137726535,0.0013524968506372472,174,142.367816091954
대중교통,강서구,염창동,스포츠관람,1.66209786067241e-05,1.645768464511438e-05,108,1.7777777777777777
대중교통,강서구,우장산동,공연,0.0001712001858450687,0.00016745314402296946,125,18.272
대중교통,강서구,우장산동,관광지,5.590039591266774e-05,5.5787017136098306e-05,125,7.408
대중교통,강서구,우장산동,미술,0.0011943318024951095,0.0011919801568448598,125,122.312
대중교통,강서구,우장산동,스포츠관람,1.916121912348364e-05,1.890532515074293e-05,125,1.792
대중교통,강서구,화곡1동,공연,0.00016901113538087724,0.00016610041377951583,112,21.669642857142858
대중교통,강서구,화곡1동,관광지,6.282272740694863e-05,6.217686783014203e-05,112,8.392857142857142
대중교통,강서구,화곡1동,미술,0.001186311652869421,0.0011850586132827654,112,140.11607142857142
대중교통,강서구,화곡1동,스포츠관람,1.6994341947620078e-05,1.7419770069576347e-05,112,1.9821428571428572
대중교통,강서구,화곡2동,공연,0.000180191540705804,0.00018549645072370424,44,23.772727272727273
대중교통,강서구,화곡2동,관광지,6.503946734856275e-05,6.536970796322043e-05,44,8.931818181818182
대중교통,강서구,화곡2동,미술,0.0012046374882157388,0.0012135995015364644,44,152.02272727272728
대중교통,강서구,화곡2동,스포츠관람,1.5826706778319143e-05,1.5945033209701476e-05,44,1.9772727272727273
대중교통,강서구,화곡3동,공연,0.00015931364270201884,0.00016051569245811588,54,14.87037037037037
대중교통,강서구,화곡3동,관광지,5.663779591051017e-05,5.730923050041937e-05,54,6.925925925925926
대중교통,강서구,화곡3동,미술,0.0011714644045369674,0.0011745385800633825,54,113.12962962962963
대중교통,강서구,화곡3동,스포츠관람,1.911805673925128e-05,1.8819760070349823e-05,54,1.7962962962962963
대중교통,강서구,화곡4동,공연,0.00017287146763294962,0.00016638784167292406,79,18.645569620253166
대중교통,강서구,화곡4동,관광지,6.190820739738406e-05,6.237987296439254e-05,79,7.8734177215189876
대중교통,강서구,화곡4동,미술,0.001185969634997993,0.0011843355346346242,79,131.60759493670886
대중교통,강서구,화곡4동,스포츠관람,1.387786479580977e-05,1.4347360574491863e-05,58,1.7758620689655173
대중교통,강서구,화곡6동,공연,0.00019372083525200984,0.0001989552132997229,102,23.88235294117647
대중교통,강서구,화곡6동,관광지,5.751192793243915e-05,5.787492584266819e-05,102,8.088235294117647
대중교통,강서구,화곡6동,미술,0.0012130559683939555,0.001218335832092616,102,139.8235294117647
대중교통,강서구,화곡6동,스포츠관람,1.906822496089641e-05,1.8610765274977553e-05,102,1.7450980392156863
대중교통,강서구,화곡8동,공연,0.000462001458240906,0.0001609901965292292,59,17.389830508474578
대중교통,강서구,화곡8동,관광지,6.130899980585595e-05,6.103849986151953e-05,58,7.5
대중교통,강서구,화곡8동,미술,0.0014515502281286488,0.0011699198356140599,59,123.61016949152543
대중교통,강서구,화곡8동,스포츠관람,1.7409728867895308e-05,1.7643719343524068e-05,58,1.8275862068965518
대중교통,강서구,화곡본동,공연,0.00015944973783543092,0.0001599445674609952,97,14.824742268041238
대중교통,강서구,화곡본동,관광지,5.724363376141265e-05,5.804376071809912e-05,97,6.494845360824742
대중교통,강서구,화곡본동,미술,0.0011604698562911531,0.0011597080647512362,97,112.38144329896907
대중교통,강서구,화곡본동,스포츠관람,1.894659607855621e-05,1.8402014377285316e-05,95,1.7052631578947368
대중교통,관악구,낙성대동,공연,0.0005313951744518763,0.0005164586749220023,159,18.943396226415093
대중교통,관악구,낙성대동,관광지,8.361930827867822e-05,8.185744895701216e-05,173,4.797687861271676
대중교통,관악구,낙성대동,미술,0.0013563250510536665,0.0013897393446757954,207,80.28502415458937
대중교통,관악구,난곡동,공연,0.00013670033583264478,0.00013682049912021316,97,10.721649484536082
대중교통,관악구,난곡동,관광지,7.423634448806103e-05,7.373190515903363e-05,97,7.525773195876289
대중교통,관악구,난곡동,미술,0.0011097871190746556,0.001115307560852581,97,102.69072164948453
대중교통,관악구,난곡동,스포츠관람,1.0930451109883284e-05,1.0930451109883283e-05,55,1.0
대중교통,관악구,난향동,공연,0.00013088497298036344,0.00012967425435327212,80,8.7
대중교통,관악구,난향동,관광지,7.43364392793671e-05,7.47506426565507e-05,80,6.3125
대중교통,관악구,난향동,미술,0.0011135808904964573,0.0011198962725420254,80,92.0875
대중교통,관악구,난향동,스포츠관람,1.0930451109883283e-05,1.0930451109883283e-05,29,1.0
대중교통,관악구,남현동,공연,0.0009088968336122888,0.0006456054202540642,230,14.256521739130434
대중교통,관악구,남현동,관광지,9.390206192093063e-05,9.25527513833038e-05,162,3.185185185185185
대중교통,관악구,남현동,미술,0.0017792995560002385,0.001809376463088038,207,60.97584541062802
대중교통,관악구,대학동,공연,0.00039028742198388307,0.0002716925577875099,144,11.9375
대중교통,관악구,대학동,관광지,7.535989844972859e-05,7.650190595890633e-05,169,4.088757396449704
대중교통,관악구,대학동,미술,0.0012121191754488143,0.001228914982510469,285,49.64561403508772
대중교통,관악구,미성동,공연,0.00015464688020400052,0.00014963591413418633,135,15.503703703703703
대중교통,관악구,미성동,관광지,7.577089622618604e-05,7.60490113519152e-05,135,9.814814814814815
대중교통,관악구,미성동,미술,0.0011478867294815902,0.001149920726970291,135,126.74814814814815
대중교통,관악구,미성동,스포츠관람,1.0930451109883283e-05,1.0930451109883283e-05,119,1.0
대중교통,관악구,보라매동,공연,0.00022013600159809777,0.00022687541931094949,72,21.86111111111111
대중교통,관악구,보라매동,관광지,7.693033708332827e-05,7.667656054676818e-05,72,9.902777777777779
대중교통,관악구,보라매동,미술,0.0012358314236362784,0.0012379841406496169,72,136.29166666666666
대중교통,관악구,보라매동,스포츠관람,1.0930451109883283e-05,1.0930451109883283e-05,50,1.0
대중교통,관악구,삼성동,공연,0.00015013626766944397,0.0001303360484291682,243,7.2633744855967075
대중교통,관악구,삼성동,관광지,7.369596306147213e-05,7.401179001198197e-05,248,4.693548387096774
대중교통,관악구,삼성동,미술,0.001147012429759556,0.001147868088963074,260,75.17692307692307
대중교통,관악구,삼성동,스포츠관람,1.0930451109883283e-05,1.0930451109883283e-05,5,1.0
대중교통,관악구,서림동,공연,0.00043300067694183663,0.0002767001324729375,94,16.20212765957447
대중교통,관악구,서림동,관광지,7.65156735806274e-05,7.533594426916806e-05,90,6.333333333333333
대중교통,관악구,서림동,미술,0.0012461195754903942,0.0012234249756852764,94,94.63829787234043
대중교통,관악구,서림동,스포츠관람,1.0930451109883283e-05,1.0930451109883283e-05,16,1.0
대중교통,관악구,서원동,공연,0.00029628613805525916,0.00026845221856271656,61,22.229508196721312
대중교통,관악구,서원동,관광지,7.682290921467858e-05,7.70107506264175e-05,61,8.327868852459016
대중교통,관악구,서원동,미술,0.001252677960909195,0.001249282217494513,61,121.91803278688525
대중교통,관악구,서원동,스포츠관람,1.0930451109883283e-05,1.0930451109883283e-05,34,1.0
대중교통,관악구,성현동,공연,0.00038988546980704534,0.00038531462443744727,69,29.405797101449274
대중교통,관악구,성현동,관광지,8.658472069800302e-05,8.638047559674207e-05,69,9.927536231884059
대중교통,관악구,성현동,미술,0.0014143928540693387,0.0014088754521796362,69,144.66666666666666
대중교통,관악구,성현동,스포츠관람,2.1130748865967554e-05,2.067697556012956e-05,10,1.2
대중교통,관악구,신림동,공연,0.0002349898926176167,0.00023439060503341287,54,27.35185185185185
대중교통,관악구,신림동,관광지,7.749025714352878e-05,7.684285806499916e-05,54,11.296296296296296
대중교통,관악구,신림동,미술,0.001239708478755444,0.0012438719445688373,54,154.64814814814815
대중교통,관악구,신림동,스포츠관람,1.0930451109883283e-05,1.0930451109883283e-05,54,1.0
대중교통,관악구,신사동,공연,0.00016762788267152113,0.00015971974674311519,61,18.770491803278688
대중교통,관악구,신사동,관광지,7.63433795628768e-05,7.638667701268585e-05,61,11.0
대중교통,관악구,신사동,미술,0.002821696665634687,0.0011735350766988529,63,142.53968253968253
대중교통,관악구,신사동,스포츠관람,1.0930451109883283e-05,1.0930451109883283e-05,61,1.0
대중교통,관악구,신원동,공연,0.00020370956269201402,0.00020840369027676542,53,21.358490566037737
대중교통,관악구,신원동,관광지,7.594923633376064e-05,7.615722801500286e-05,53,10.018867924528301
대중교통,관악구,신원동,미술,0.0011984369235097216,0.0011966938887729378,53,130.77358490566039
대중교통,관악구,신원동,스포츠관람,1.0930451109883283e-05,1.0930451109883283e-05,46,1.0
대중교통,관악구,은천동,공연,0.0003287472351171053,0.00034222062839143515,79,29.11392405063291
대중교통,관악구,은천동,관광지,8.13305390345887e-05,8.13107735185189e-05,79,10.594936708860759
대중교통,관악구,은천동,미술,0.0013274177635707507,0.0013283644080188657,79,145.08860759493672
대중교통,관악구,은천동,스포츠관람,1.1611296666439867e-05,1.0930451109883283e-05,61,1.0655737704918034
대중교통,관악구,인헌동,공연,0.0005181638317265629,0.0005612268133707272,77,15.168831168831169
대중교통,관악구,인헌동,관광지,8.928016542045067e-05,8.90068636130621e-05,90,2.8666666666666667
대중교통,관악구,인헌동,미술,0.0015007596257175415,0.0013841268916773009,106,56.64150943396226
대중교통,관악구,조원동,공연,0.000157155878495244,0.00015768145918167278,65,19.246153846153845
대중교통,관악구,조원동,관광지,7.663564077776657e-05,7.66459333299191e-05,65,11.015384615384615
대중교통,관악구,조원동,미술,0.0011685467410005122,0.0011709730794908567,65,156.2923076923077
대중교통,관악구,조원동,스포츠관람,1.0930451109883283e-05,1.0930451109883283e-05,65,1.0
대중교통,관악구,중앙동,공연,0.00041763988415261546,0.0004191348174195593,39,31.46153846153846
대중교통,관악구,중앙동,관광지,8.355704279980996e-05,8.372514638936331e-05,39,10.179487179487179
대중교통,관악구,중앙동,미술,0.0013850937858128577,0.001394758347530572,39,144.69230769230768
대중교통,관악구,중앙동,스포츠관람,1.0930451109883283e-05,1.0930451109883283e-05,16,1.0
대중교통,관악구,청룡동,공연,0.0004329060308531024,0.00041502837195494987,119,22.30252100840336
대중교통,관악구,청룡동,관광지,7.862278484479509e-05,7.7959848590235e-05,117,7.282051282051282
대중교통,관악구,청룡동,미술,0.001314316387967241,0.00132522906849268,120,115.36666666666666
대중교통,관악구,청룡동,스포츠관람,1.0930451109883281e-05,1.0930451109883283e-05,12,1.0
대중교통,관악구,청림동,공연,0.00043860207841924133,0.0004248309745189784,28,28.75
대중교통,관악구,청림동,관광지,9.001087807011606e-05,9.061554020032308e-05,28,9.428571428571429
대중교통,관악구,청림동,미술,0.0014840540792627874,0.001475716872011099,28,145.28571428571428
대중교통,관악구,청림동,스포츠관람,3.1557933274970823e-05,3.1557933274970823e-05,4,1.0
대중교통,관악구,행운동,공연,0.0004936480195095836,0.0004979116237803314,74,26.04054054054054
대중교통,관악구,행운동,관광지,8.39906320887028e-05,8.418960389264802e-05,74,7.702702702702703
대중교통,관악구,행운동,미술,0.0014562046053663723,0.0014426063035769114,74,131.05405405405406
대중교통,광진구,광장동,공연,0.00017568183442787149,0.0001769167297850701,242,15.132231404958677
대중교통,광진구,광장동,관광지,9.148895261106181e-05,9.326760519265466e-05,242,9.293388429752065
대중교통,광진구,광장동,미술,0.001351961670097812,0.0013564016429471447,242,155.23140495867767
대중교통,광진구,광장동,스포츠관람,0.00018718626145534806,0.0001876092186294117,85,8.035294117647059
대중교통,광진구,구의1동,공연,0.0002559878786212162,0.0002525398946892076,55,24.545454545454547
대중교통,광진구,구의1동,관광지,9.739385352342576e-05,9.752578994862085e-05,55,12.10909090909091
대중교통,광진구,구의1동,미술,0.0016274391521016406,0.0014900323956057704,57,208.05263157894737
대중교통,광진구,구의1동,스포츠관람,0.0001702931635443134,0.00017467784138864616,45,8.28888888888889
대중교통,광진구,구의2동,공연,0.00019618812054215284,0.00020875470217966385,140,18.292857142857144
대중교통,광진구,구의2동,관광지,9.373830829142191e-05,9.446620783296652e-05,140,9.935714285714285
대중교통,광진구,구의2동,미술,0.0013931514747591556,0.0013673664422920887,141,171.70212765957447
대중교통,광진구,구의2동,스포츠관람,0.00015416988837247764,0.00016874391281861812,29,8.137931034482758
대중교통,광진구,구의3동,공연,0.0002262624950968046,0.00023160691179763802,99,20.828282828282827
대중교통,광진구,구의3동,관광지,9.439175107156913e-05,9.529987414452747e-05,99,11.0
대중교통,광진구,구의3동,미술,0.001458857874806572,0.0014675163992902741,99,200.44444444444446
대중교통,광진구,구의3동,스포츠관람,0.00018679677494179395,0.0001876092186294117,91,8.054945054945055
대중교통,광진구,군자동,공연,0.0003973542629618798,0.00040322888782134844,75,68.4
대중교통,광진구,군자동,관광지,0.00010099386293009389,0.00010052977256093162,75,15.933333333333334
대중교통,광진구,군자동,미술,0.0015491757803639445,0.001537654107385517,75,273.64
대중교통,광진구,군자동,스포츠관람,4.1097748677320006e-05,1.716182387511293e-05,75,2.6133333333333333
대중교통,광진구,능동,공연,0.00027395464338115464,0.0002676356360665752,111,32.13513513513514
대중교통,광진구,능동,관광지,9.992130275910852e-05,9.983667659140013e-05,111,12.054054054054054
대중교통,광진구,능동,미술,0.0014395867302388545,0.0014429525218056368,111,207.95495495495496
대중교통,광진구,능동,스포츠관람,5.481958678318652e-05,1.716182387511293e-05,57,3.1052631578947367
대중교통,광진구,자양1동,공연,0.0003016883531503901,0.0002978793161045423,57,27.57894736842105
대중교통,광진구,자양1동,관광지,9.816481531230271e-05,9.790385615194894e-05,57,12.596491228070175
대중교통,광진구,자양1동,미술,0.0016024954932042984,0.0016031157930922928,57,225.0701754385965
대중교통,광진구,자양1동,스포츠관람,0.00017833012531380565,0.00017683983295689528,57,8.701754385964913
대중교통,광진구,자양2동,공연,0.00026355045789957967,0.0002717392399723901,164,17.847560975609756
대중교통,광진구,자양2동,관광지,9.585571668499567e-05,9.615124740996646e-05,164,10.115853658536585
대중교통,광진구,자양2동,미술,0.0016100173657700154,0.0015565171864770095,166,153.95180722891567
대중교통,광진구,자양2동,스포츠관람,0.00018410331883012915,0.0001876092186294117,109,8.321100917431192
대중교통,광진구,자양3동,공연,0.0003324159984650381,0.0003378585720678941,92,26.597826086956523
대중교통,광진구,자양3동,관광지,0.00036126366888085333,0.0001006016667614255,92,11.48913043478261
대중교통,광진구,자양3동,미술,0.0019515455831242605,0.0016796349372794014,114,154.52631578947367
대중교통,광진구,자양3동,스포츠관람,0.00015205199781622724,0.00016376345995258642,63,8.222222222222221
대중교통,광진구,자양4동,공연,0.00037988375887122,0.00040918505235649827,87,35.689655172413794
대중교통,광진구,자양4동,관광지,0.00029118217677108173,0.00010265891583158255,77,12.116883116883116
대중교통,광진구,자양4동,미술,0.002605763855206929,0.0017832478578911032,117,141.23076923076923
대중교통,광진구,자양4동,스포츠관람,0.0001531732276320288,0.00016352434223794213,68,8.294117647058824
대중교통,광진구,중곡1동,공연,0.0003717718810131503,0.00039099419547182994,59,65.44067796610169
대중교통,광진구,중곡1동,관광지,0.00017670686471945871,9.687277650382867e-05,60,16.6
대중교통,광진구,중곡1동,미술,0.0015594152616893655,0.0014095364320662464,60,264.3833333333333
대중교통,광진구,중곡1동,스포츠관람,1.759340420171295e-05,1.716182387511293e-05,59,1.1016949152542372
대중교통,광진구,중곡2동,공연,0.00026975478697966376,0.00026157948157385226,53,38.58490566037736
대중교통,광진구,중곡2동,관광지,0.00018598770937263288,9.639236494010561e-05,54,13.24074074074074
대중교통,광진구,중곡2동,미술,0.0015197595308546808,0.0013674979885607923,54,224.87037037037038
대중교통,광진구,중곡2동,스포츠관람,1.716182387511293e-05,1.716182387511293e-05,37,1.0
대중교통,광진구,중곡3동,공연,0.00031691465077090934,0.0003065975564792553,57,51.80701754385965
대중교통,광진구,중곡3동,관광지,0.000406136548557831,9.091827041306435e-05,61,15.639344262295081
대중교통,광진구,중곡3동,미술,0.0018736497056928785,0.0013346938488419976,61,229.54098360655738
대중교통,광진구,중곡3동,스포츠관람,1.716182387511293e-05,1.716182387511293e-05,54,1.0
대중교통,광진구,중곡4동,공연,0.00014135811519200558,0.00011448297047426403,208,9.033653846153847
대중교통,광진구,중곡4동,관광지,7.859291363888374e-05,8.745889743437633e-05,153,6.856209150326797
대중교통,광진구,중곡4동,미술,0.0012052717912015664,0.0012201762633957105,172,102.34883720930233
대중교통,광진구,중곡4동,스포츠관람,1.716182387511293e-05,1.716182387511293e-05,20,1.0
대중교통,광진구,화양동,공연,0.0003552619480799735,0.0003611973158359838,109,43.39449541284404
대중교통,광진구,화양동,관광지,0.00023028226303060053,0.00010249497360763081,112,13.267857142857142
대중교통,광진구,화양동,미술,0.0019343938214708017,0.0016213148456748015,115,223.22608695652173
대중교통,광진구,화양동,스포츠관람,9.956715804081854e-05,0.00014774840481287849,92,5.630434782608695
대중교통,구로구,가리봉동,공연,0.00014876379727624058,0.00014849549787473206,40,18.875
대중교통,구로구,가리봉동,관광지,7.589544808666508e-05,7.58170549461674e-05,40,10.9
대중교통,구로구,가리봉동,미술,0.0011434895579002916,0.0011460545155411897,40,161.275
대중교통,구로구,가리봉동,스포츠관람,1.0930451109883283e-05,1.0930451109883283e-05,40,1.0
대중교통,구로구,개봉1동,공연,0.00015561647564654626,0.00015584423577244847,136,17.801470588235293
대중교통,구로구,개봉1동,관광지,7.063896382518452e-05,7.010266995680045e-05,136,9.955882352941176
대중교통,구로구,개봉1동,미술,0.0011512118714827023,0.001152401915919467,136,144.2058823529412
대중교통,구로구,개봉1동,스포츠관람,1.2436521061634633e-05,1.253532949666187e-05,136,1.8970588235294117
대중교통,구로구,개봉2동,공연,0.000148737434659171,0.00014883914309691247,69,15.72463768115942
대중교통,구로구,개봉2동,관광지,7.25180396101105e-05,7.26932274025067e-05,69,9.710144927536232
대중교통,구로구,개봉2동,미술,0.0011397840418110037,0.0011399451057331673,69,145.08695652173913
대중교통,구로구,개봉2동,스포츠관람,1.1660028534196643e-05,1.1818436932761542e-05,69,1.6956521739130435
대중교통,구로구,개봉3동,공연,0.00014998206890029227,0.00014701880527936997,84,11.476190476190476
대중교통,구로구,개봉3동,관광지,7.170144917883891e-05,7.202496701044633e-05,80,6.7125
대중교통,구로구,개봉3동,미술,0.001146928440622166,0.0011423417787817152,80,99.0
대중교통,구로구,개봉3동,스포츠관람,1.098451817105645e-05,1.0930451109883283e-05,80,1.0625
대중교통,구로구,고척1동,공연,0.00016040219795520518,0.00015825289522269855,117,20.71794871794872
대중교통,구로구,고척1동,관광지,7.299441213334285e-05,7.314791383478906e-05,117,12.042735042735043
대중교통,구로구,고척1동,미술,0.001168302696998432,0.0011659903729108246,117,167.85470085470087
대중교통,구로구,고척1동,스포츠관람,1.1346268038931194e-05,1.1519955923327163e-05,117,1.547008547008547
대중교통,구로구,고척2동,공연,0.00016261637084696103,0.0001592964200501705,99,20.92929292929293
대중교통,구로구,고척2동,관광지,7.008258295170917e-05,6.994459680596187e-05,99,10.777777777777779
대중교통,구로구,고척2동,미술,0.0011605750549178136,0.0011566010483478862,99,156.07070707070707
대중교통,구로구,고척2동,스포츠관람,1.2135493858336634e-05,1.214317994105727e-05,99,1.8585858585858586
대중교통,구로구,구로1동,공연,0.00015447249473585914,0.0001511798634391059,88,18.863636363636363
대중교통,구로구,구로1동,관광지,0.00013312728765473892,7.558906340522406e-05,102,10.186274509803921
대중교통,구로구,구로1동,미술,0.0011619247686702422,0.001152179401638368,88,169.14772727272728
대중교통,구로구,구로1동,스포츠관람,1.0930451109883283e-05,1.0930451109883283e-05,88,1.0
대중교통,구로구,구로2동,공연,0.00016955170456861213,0.00016745823805794748,163,25.87116564417178
대중교통,구로구,구로2동,관광지,9.006392199852936e-05,7.52588590946526e-05,169,11.976331360946746
대중교통,구로구,구로2동,미술,0.0011998529465586502,0.001197555947033255,164,192.9329268292683
대중교통,구로구,구로2동,스포츠관람,1.0944432192262612e-05,1.0930451109883283e-05,163,1.0245398773006136
대중교통,구로구,구로3동,공연,0.00015778100987770812,0.00015771741418013705,102,20.84313725490196
대중교통,구로구,구로3동,관광지,7.650419587558679e-05,7.651151150610014e-05,102,11.303921568627452
대중교통,구로구,구로3동,미술,0.0016786078979984305,0.001173670913171294,105,165.44761904761904
대중교통,구로구,구로3동,스포츠관람,1.0930451109883283e-05,1.0930451109883283e-05,102,1.0
대중교통,구로구,구로4동,공연,0.00016549371939864104,0.0001650206800910562,47,23.574468085106382
대중교통,구로구,구로4동,관광지,7.613307948197192e-05,7.605032169664955e-05,47,11.914893617021276
대중교통,구로구,구로4동,미술,0.0022446318650060793,0.001191453479919664,52,169.32692307692307
대중교통,구로구,구로4동,스포츠관람,1.0930451109883283e-05,1.0930451109883283e-05,47,1.0
대중교통,구로구,구로5동,공연,0.000748800998145695,0.00019024523818011308,95,30.126315789473683
대중교통,구로구,구로5동,관광지,8.954673825383796e-05,7.648512167629659e-05,95,12.2
대중교통,구로구,구로5동,미술,0.002283758946586466,0.0012371494970749844,96,204.44791666666666
대중교통,구로구,구로5동,스포츠관람,1.0930451109883283e-05,1.0930451109883283e-05,92,1.0
대중교통,구로구,수궁동,공연,0.00015980379939253852,0.000157261651075843,255,9.68235294117647
대중교통,구로구,수궁동,관광지,6.851263562668411e-05,6.841407967919877e-05,255,4.631372549019608
대중교통,구로구,수궁동,미술,0.0011805486840368177,0.001157356253808944,259,78.28571428571429
대중교통,구로구,수궁동,스포츠관람,1.3090306303817381e-05,1.3112094827314908e-05,238,1.684873949579832
대중교통,구로구,신도림동,공연,0.0001950105887064596,0.00019571823338867037,119,31.15126050420168
대중교통,구로구,신도림동,관광지,8.496741479073629e-05,7.433852915772132e-05,122,12.081967213114755
대중교통,구로구,신도림동,미술,0.0012412789860549319,0.0012470409838157795,119,204.7983193277311
대중교통,구로구,신도림동,스포츠관람,1.0945609043503746e-05,1.0930451109883283e-05,119,1.0168067226890756
대중교통,구로구,오류1동,공연,0.00015719432241790386,0.00015585886967590067,68,14.867647058823529
대중교통,구로구,오류1동,관광지,8.294313403074476e-05,7.099833553776062e-05,68,7.970588235294118
대중교통,구로구,오류1동,미술,0.0011500955320855653,0.001152308697895957,66,129.3030303030303
대중교통,구로구,오류1동,스포츠관람,1.2218230332173912e-05,1.234336681660377e-05,66,1.8484848484848484
대중교통,구로구,오류2동,공연,0.00015658888361042638,0.00015434215975260477,302,10.78476821192053
대중교통,구로구,오류2동,관광지,7.174517844636519e-05,7.062442478949861e-05,294,5.6020408163265305
대중교통,구로구,오류2동,미술,0.0011677459286870478,0.0011571650479674093,295,90.44745762711864
대중교통,구로구,오류2동,스포츠관람,1.1290561475294007e-05,1.0930451109883283e-05,282,1.2695035460992907
대중교통,구로구,항동,공연,0.00016311526025428874,0.0001579766152826072,147,7.741496598639456
대중교통,구로구,항동,관광지,6.867066916363717e-05,6.839770881383333e-05,147,3.9183673469387754
대중교통,구로구,항동,미술,0.0012029025226602697,0.001183075351863336,147,58.93197278911565
대중교통,구로구,항동,스포츠관람,1.1445792517633089e-05,1.0930451109883283e-05,134,1.2462686567164178
대중교통,금천구,가산동,공연,0.0001425368705334146,0.00014348043229534189,247,16.663967611336034
대중교통,금천구,가산동,관광지,7.907921162243382e-05,7.572920097384207e-05,249,9.863453815261044
대중교통,금천구,가산동,미술,0.001127326937185932,0.001127755479386925,247,149.27125506072875
대중교통,금천구,가산동,스포츠관람,1.0930451109883283e-05,1.0930451109883283e-05,247,1.0
대중교통,금천구,독산1동,공연,0.00013553988609196847,0.0001336294556127465,206,12.58252427184466
대중교통,금천구,독산1동,관광지,8.195455066261923e-05,7.597766010521237e-05,209,8.636363636363637
대중교통,금천구,독산1동,미술,0.001105962939987413,0.0011016248519761585,206,122.21844660194175
대중교통,금천구,독산1동,스포츠관람,1.0930451109883284e-05,1.0930451109883283e-05,206,1.0
대중교통,금천구,독산2동,공연,0.00013278427690798934,0.00013123862957290953,62,10.790322580645162
대중교통,금천구,독산2동,관광지,7.567396001823811e-05,7.563324391712505e-05,62,8.306451612903226
대중교통,금천구,독산2동,미술,0.0010988667666760768,0.001098155201922562,62,115.43548387096774
대중교통,금천구,독산2동,스포츠관람,1.0930451109883283e-05,1.0930451109883283e-05,62,1.0
대중교통,금천구,독산3동,공연,0.0001451137696633016,0.00014542602097183013,95,15.91578947368421
대중교통,금천구,독산3동,관광지,7.614698876801866e-05,7.63001346361494e-05,95,10.652631578947368
대중교통,금천구,독산3동,미술,0.0011366783381848774,0.0011347219341824395,95,140.14736842105262
대중교통,금천구,독산3동,스포츠관람,1.0930451109883283e-05,1.0930451109883283e-05,95,1.0
대중교통,금천구,독산4동,공연,0.00013827009942923884,0.00013975362824306686,58,14.120689655172415
대중교통,금천구,독산4동,관광지,7.579013697666824e-05,7.599678762319141e-05,58,9.758620689655173
대중교통,금천구,독산4동,미술,0.001116607065208912,0.0011191275889068952,58,129.93103448275863
대중교통,금천구,독산4동,스포츠관람,1.0930451109883283e-05,1.0930451109883283e-05,58,1.0
대중교통,금천구,시흥1동,공연,0.0001296005321696539,0.00012948389427805494,141,8.092198581560284
대중교통,금천구,시흥1동,관광지,0.0001065740092174257,7.605087132271224e-05,152,6.5
대중교통,금천구,시흥1동,미술,0.0010889979350280046,0.001088764607272681,141,92.42553191489361
대중교통,금천구,시흥1동,스포츠관람,1.0930451109883283e-05,1.0930451109883283e-05,131,1.0
대중교통,금천구,시흥2동,공연,0.00012718861322867794,0.00012759962081558408,136,6.404411764705882
대중교통,금천구,시흥2동,관광지,7.616506726126162e-05,7.608168181614019e-05,136,4.345588235294118
대중교통,금천구,시흥2동,미술,0.0010971404524234673,0.0010971911209500139,136,68.29411764705883
대중교통,금천구,시흥2동,스포츠관람,1.0930451109883283e-05,1.0930451109883283e-05,26,1.0
대중교통,금천구,시흥3동,공연,0.0001274221179544161,0.00012793399306134412,100,6.28
대중교통,금천구,시흥3동,관광지,8.140847425751746e-05,7.697829602784703e-05,101,3.8217821782178216
대중교통,금천구,시흥3동,미술,0.0010992470439657245,0.0010815454580017537,121,48.03305785123967
대중교통,금천구,시흥3동,스포츠관람,1.0930451109883283e-05,1.0930451109883283e-05,21,1.0
대중교통,금천구,시흥4동,공연,0.00012940147165643482,0.00012878703644210023,85,8.211764705882352
대중교통,금천구,시흥4동,관광지,7.56265413474021e-05,7.554461787307527e-05,85,6.658823529411765
대중교통,금천구,시흥4동,미술,0.0010810274244304257,0.0010811577740359561,85,93.45882352941176
대중교통,금천구,시흥4동,스포츠관람,1.0930451109883283e-05,1.0930451109883283e-05,65,1.0
대중교통,금천구,시흥5동,공연,0.00012682856456752457,0.00012774843386489807,134,5.723880597014926
대중교통,금천구,시흥5동,관광지,7.681842991845176e-05,7.65769238765736e-05,134,4.231343283582089
대중교통,금천구,시흥5동,미술,0.0010876731455029495,0.0010849513735195569,134,60.54477611940298
대중교통,금천구,시흥5동,스포츠관람,1.0930451109883283e-05,1.0930451109883283e-05,44,1.0
대중교통,노원구,공릉1동,공연,0.0001959955030608601,0.0001867652289177915,122,30.9672131147541
대중교통,노원구,공릉1동,관광지,0.00010854175196924885,6.908281271522251e-05,123,11.447154471544716
대중교통,노원구,공릉1동,미술,0.0012626349519036554,0.0010485057447159256,124,204.20967741935485
대중교통,노원구,공릉2동,공연,0.00010181649323648037,0.00010209841293245246,623,8.30016051364366
대중교통,노원구,공릉2동,관광지,7.580423507489e-05,7.402526846549316e-05,689,7.251088534107402
대중교통,노원구,공릉2동,미술,0.0010304853711327784,0.0010172643831235083,693,111.17316017316017
대중교통,노원구,상계10동,공연,0.00010481940016942143,0.00010511184159505961,80,9.5375
대중교통,노원구,상계10동,관광지,9.214017452709145e-05,9.273845955620213e-05,80,9.7
대중교통,노원구,상계10동,미술,0.0009481054917680065,0.0009488684534625787,80,126.9125
대중교통,노원구,상계1동,공연,0.00010207112234424904,0.00010294047347815627,283,5.6219081272084805
대중교통,노원구,상계1동,관광지,7.535883314516385e-05,7.070012031717976e-05,323,5.975232198142415
대중교통,노원구,상계1동,미술,0.000971344608127859,0.0009469360244724226,362,59.828729281767956
대중교통,노원구,상계2동,공연,0.0015467884010661867,0.0001072154819739314,62,10.209677419354838
대중교통,노원구,상계2동,관광지,0.00010220533349416001,0.00010132700891601058,60,10.166666666666666
대중교통,노원구,상계2동,미술,0.0011104700971171703,0.0009553575570986903,62,134.2741935483871
대중교통,노원구,상계3·4동,공연,0.00010917708422344654,0.00010843601137501739,272,5.106617647058823
대중교통,노원구,상계3·4동,관광지,0.0002143337800642258,0.00015876396886538129,286,6.4020979020979025
대중교통,노원구,상계3·4동,미술,0.0010050802596554048,0.0009449894106797431,319,55.84639498432602
대중교통,노원구,상계5동,공연,0.00010541027466576148,0.00010573793402061859,92,7.6521739130434785
대중교통,노원구,상계5동,관광지,0.00010140350193408673,0.00010289254127583857,92,8.782608695652174
대중교통,노원구,상계5동,미술,0.000993615863054132,0.0009411304476350618,93,102.94623655913979
대중교통,노원구,상계6·7동,공연,0.00011162896498543165,0.00010972630473159923,147,12.428571428571429
대중교통,노원구,상계6·7동,관광지,8.498467168384472e-05,8.549737199661584e-05,147,10.680272108843537
대중교통,노원구,상계6·7동,미술,0.0009615782120056313,0.0009607395865966409,147,151.3265306122449
대중교통,노원구,상계8동,공연,0.0001035522846517999,0.00010364246059454389,48,8.0625
대중교통,노원구,상계8동,관광지,9.06250773574578e-05,9.087190254427612e-05,48,9.166666666666666
대중교통,노원구,상계8동,미술,0.0017519652407942676,0.0009439049392338774,49,109.59183673469387
대중교통,노원구,상계9동,공연,0.00010408888425764593,0.0001039226451902436,72,8.125
대중교통,노원구,상계9동,관광지,9.665259313174163e-05,9.67869159750229e-05,72,9.13888888888889
대중교통,노원구,상계9동,미술,0.0009438776834773291,0.000944446521561858,72,112.0
대중교통,노원구,월계1동,공연,0.00033938204169583136,0.0003403069060755597,113,57.008849557522126
대중교통,노원구,월계1동,관광지,7.106488087998508e-05,7.091614771396015e-05,113,13.15929203539823
대중교통,노원구,월계1동,미술,0.0011202017173915322,0.0011017593548656055,116,220.3448275862069
대중교통,노원구,월계1동,스포츠관람,1.716182387511293e-05,1.716182387511293e-05,11,1.0
대중교통,노원구,월계2동,공연,0.0002511790454837001,0.00027395117335002523,184,38.64673913043478
대중교통,노원구,월계2동,관광지,6.83635940106017e-05,6.845542967998247e-05,184,11.559782608695652
대중교통,노원구,월계2동,미술,0.0010676030322183923,0.0010455941510071854,192,178.58333333333334
대중교통,노원구,월계2동,스포츠관람,1.716182387511293e-05,1.716182387511293e-05,1,1.0
대중교통,노원구,월계3동,공연,0.00024068856504469557,0.00025337988730974025,105,37.371428571428574
대중교통,노원구,월계3동,관광지,9.245246843452406e-05,6.9347279664008e-05,111,10.756756756756756
대중교통,노원구,월계3동,미술,0.0010747172016385967,0.0010618159375780675,106,200.83018867924528
대중교통,노원구,월계3동,스포츠관람,1.716182387511293e-05,1.716182387511293e-05,3,1.0
대중교통,노원구,중계1동,공연,0.00011125580549484994,0.00011077217164737069,64,12.015625
대중교통,노원구,중계1동,관광지,9.519282883722382e-05,9.442032373868363e-05,64,10.875
대중교통,노원구,중계1동,미술,0.0009671804768427364,0.0009689053130099638,64,153.71875
대중교통,노원구,중계2·3동,공연,0.00014360157407120484,0.00013178368992754525,92,21.130434782608695
대중교통,노원구,중계2·3동,관광지,8.316435037340072e-05,8.330368687352956e-05,92,11.945652173913043
대중교통,노원구,중계2·3동,미술,0.0013839566510984184,0.0009874992802643497,93,175.8709677419355
대중교통,노원구,중계4동,공연,0.00010576304901175327,0.00010599650157467802,145,6.0137931034482754
대중교통,노원구,중계4동,관광지,8.837884487762275e-05,8.830072119449276e-05,142,6.887323943661972
대중교통,노원구,중계4동,미술,0.0009551382010726029,0.0009450862183846066,149,76.2751677852349
대중교통,노원구,중계본동,공연,0.00010355191397279565,0.00010518064120294474,200,6.98
대중교통,노원구,중계본동,관광지,7.324347690614331e-05,6.789104042781036e-05,219,7.3881278538812785
대중교통,노원구,중계본동,미술,0.0009398010562262659,0.0009384132604017966,219,92.99086757990868
대중교통,노원구,하계1동,공연,0.00014257844651248882,0.00012918460681518465,150,19.5
대중교통,노원구,하계1동,관광지,7.657176709273099e-05,7.938779872624827e-05,150,11.466666666666667
대중교통,노원구,하계1동,미술,0.0009980194043574416,0.000997213621637824,150,175.12666666666667
대중교통,노원구,하계2동,공연,0.00022128656342852466,0.00022387049500817752,50,35.28
대중교통,노원구,하계2동,관광지,7.275577623207921e-05,6.882945330955176e-05,50,12.16
대중교통,노원구,하계2동,미술,0.0010213575913630985,0.0010224350418783492,50,194.2
대중교통,도봉구,도봉1동,공연,9.886655712567575e-05,0.00010072533203382525,198,6.085858585858586
대중교통,도봉구,도봉1동,관광지,7.342237369671234e-05,7.154770445024655e-05,318,4.3930817610062896
대중교통,도봉구,도봉1동,미술,0.0009630116266744834,0.0009467260393364593,364,46.010989010989015
대중교통,도봉구,도봉2동,공연,0.00010198244093424836,0.00010193634888009813,102,7.205882352941177
대중교통,도봉구,도봉2동,관광지,7.10953131643692e-05,6.959102656345654e-05,102,7.431372549019608
대중교통,도봉구,도봉2동,미술,0.0024087564541117024,0.0009453187409067961,111,84.64864864864865
대중교통,도봉구,방학1동,공연,0.00010586777458699407,0.00010641209721144748,100,9.66
대중교통,도봉구,방학1동,관광지,7.781181227846363e-05,8.092015570971393e-05,100,8.86
대중교통,도봉구,방학1동,미술,0.0009684205610045787,0.0009536597702405705,102,116.2843137254902
대중교통,도봉구,방학2동,공연,0.0001022392785290826,0.00010253180061616037,109,7.504587155963303
대중교통,도봉구,방학2동,관광지,6.987382077980668e-05,6.932268132243987e-05,110,6.545454545454546
대중교통,도봉구,방학2동,미술,0.0009478227354044919,0.0009466185148942895,110,88.4090909090909
대중교통,도봉구,방학3동,공연,0.00010590462037347875,0.00010455877791781859,188,8.702127659574469
대중교통,도봉구,방학3동,관광지,6.91828951116166e-05,6.86472865302979e-05,193,6.575129533678757
대중교통,도봉구,방학3동,미술,0.0009548843211428414,0.000955601654605036,193,94.25906735751295
대중교통,도봉구,쌍문1동,공연,0.00014248012086764015,0.00012447522536630199,115,18.869565217391305
대중교통,도봉구,쌍문1동,관광지,6.823419300337951e-05,6.775432928276016e-05,115,8.652173913043478
대중교통,도봉구,쌍문1동,미술,0.0009911874489439915,0.0009861004570105,115,128.73043478260868
대중교통,도봉구,쌍문2동,공연,0.00011739062987211895,0.00011082020214302937,58,13.46551724137931
대중교통,도봉구,쌍문2동,관광지,6.933414581191972e-05,6.818981692904616e-05,58,9.120689655172415
대중교통,도봉구,쌍문2동,미술,0.0009671883327361863,0.0009659847959995111,58,129.24137931034483
대중교통,도봉구,쌍문3동,공연,0.00018562831907306435,0.0001912982257742424,53,30.90566037735849
대중교통,도봉구,쌍문3동,관광지,6.902618142096029e-05,6.917555099089524e-05,53,10.39622641509434
대중교통,도봉구,쌍문3동,미술,0.0010076878286731192,0.001007491287941951,53,155.18867924528303
대중교통,도봉구,쌍문4동,공연,0.0001247693563926159,0.00011914601675696993,53,15.075471698113208
대중교통,도봉구,쌍문4동,관광지,6.793832988851498e-05,6.775423909064456e-05,53,8.849056603773585
대중교통,도봉구,쌍문4동,미술,0.0009740836631606488,0.0009746452033876941,53,128.81132075471697
대중교통,도봉구,창1동,공연,0.000633289405245123,0.00012351845774765825,109,18.376146788990827
대중교통,도봉구,창1동,관광지,7.185383168579561e-05,6.782012091228069e-05,108,10.268518518518519
대중교통,도봉구,창1동,미술,0.001023281134881071,0.0009791875144902458,109,150.5137614678899
대중교통,도봉구,창2동,공연,0.00018605000513767096,0.00019479879561168018,66,30.757575757575758
대중교통,도봉구,창2동,관광지,6.799191742930332e-05,6.824758712894668e-05,66,10.636363636363637
대중교통,도봉구,창2동,미술,0.001008413641330424,0.0010069233687061844,66,163.1060606060606
대중교통,도봉구,창3동,공연,0.00021360750895902143,0.00021884821869297722,67,34.582089552238806
대중교통,도봉구,창3동,관광지,6.800310528408441e-05,6.855655841101418e-05,67,10.925373134328359
대중교통,도봉구,창3동,미술,0.0010212841498109854,0.0010224763992883678,67,171.4179104477612
대중교통,도봉구,창4동,공연,0.0011154500241078822,0.00010895798669232686,107,12.981308411214954
대중교통,도봉구,창4동,관광지,7.969522815935843e-05,8.129709725369898e-05,105,10.257142857142858
대중교통,도봉구,창4동,미술,0.0010786988338057555,0.0009619896712891671,111,137.59459459459458
대중교통,도봉구,창5동,공연,0.0008816290802922782,0.00011051079310004771,71,13.19718309859155
대중교통,도봉구,창5동,관광지,7.339558421274692e-05,6.859444664606654e-05,70,9.6
대중교통,도봉구,창5동,미술,0.0010523289168465808,0.0009671926959429597,73,128.3013698630137
대중교통,동대문구,답십리1동,공연,0.0005500391257463162,0.0005495156345201259,78,88.64102564102564
대중교통,동대문구,답십리1동,관광지,9.6254102750943e-05,9.589886411176406e-05,78,17.692307692307693
대중교통,동대문구,답십리1동,미술,0.0018152917314835893,0.0018200995371795892,78,352.47435897435895
대중교통,동대문구,답십리1동,스포츠관람,2.9593767628466986e-05,2.981659717164519e-05,78,4.6923076923076925
대중교통,동대문구,답십리2동,공연,0.0005110309959869294,0.0005156423446856524,88,82.9090909090909
대중교통,동대문구,답십리2동,관광지,9.062545453638955e-05,9.029816375503774e-05,88,16.556818181818183
대중교통,동대문구,답십리2동,미술,0.0015873774748642294,0.0015976979391112492,88,315.46590909090907
대중교통,동대문구,답십리2동,스포츠관람,2.7044120390346364e-05,2.884656738044501e-05,88,3.727272727272727
대중교통,동대문구,용신동,공연,0.0006032687842965249,0.0006055906475651314,161,93.96894409937889
대중교통,동대문구,용신동,관광지,0.00010672332287902811,0.00010435663260916857,161,20.093167701863354
대중교통,동대문구,용신동,미술,0.0022174117146881883,0.002233393840806443,161,384.8695652173913
대중교통,동대문구,용신동,스포츠관람,3.094975471543328e-05,3.0976111182499604e-05,161,4.9937888198757765
대중교통,동대문구,이문1동,공연,0.0003818875602991439,0.0004033544110926574,96,60.677083333333336
대중교통,동대문구,이문1동,관광지,8.774045774741461e-05,7.565589446255527e-05,99,13.16161616161616
대중교통,동대문구,이문1동,미술,0.0022403277137887775,0.0012468932369642117,99,243.36363636363637
대중교통,동대문구,이문1동,스포츠관람,2.115741867840593e-05,1.716182387511293e-05,75,2.066666666666667
대중교통,동대문구,이문2동,공연,0.00032760806123746905,0.00032661907824886995,68,56.3235294117647
대중교통,동대문구,이문2동,관광지,9.061909416196617e-05,7.27964366206512e-05,71,13.19718309859155
대중교통,동대문구,이문2동,미술,0.0012176238089158747,0.0011741684084218978,73,228.58904109589042
대중교통,동대문구,이문2동,스포츠관람,1.7791153181793367e-05,1.716182387511293e-05,55,1.1636363636363636
대중교통,동대문구,장안1동,공연,0.00047055273862784135,0.00047537633260042887,133,77.47368421052632
대중교통,동대문구,장안1동,관광지,9.364357143760844e-05,9.477480269106251e-05,133,15.218045112781954
대중교통,동대문구,장안1동,미술,0.0014870037616642442,0.0014692758554434098,133,283.43609022556393
대중교통,동대문구,장안1동,스포츠관람,2.2810675318499337e-05,2.1903362755086837e-05,133,2.5037593984962405
대중교통,동대문구,장안2동,공연,0.0004291001352200407,0.00045092413733557814,99,69.70707070707071
대중교통,동대문구,장안2동,관광지,8.59638345385853e-05,8.514165212640467e-05,99,15.222222222222221
대중교통,동대문구,장안2동,미술,0.001381449046551579,0.0013771637050683891,99,263.06060606060606
대중교통,동대문구,장안2동,스포츠관람,2.1838403037760843e-05,2.1912093738077355e-05,94,2.2872340425531914
대중교통,동대문구,전농1동,공연,0.0012700555514932048,0.000545144391221401,105,86.78095238095239
대중교통,동대문구,전농1동,관광지,0.0001064466399739726,9.154172671176548e-05,107,19.411214953271028
대중교통,동대문구,전농1동,미술,0.0017677778319624892,0.0017650462412834083,103,352.40776699029124
대중교통,동대문구,전농1동,스포츠관람,2.9834392793479135e-05,2.9919936551754988e-05,103,4.718446601941747
대중교통,동대문구,전농2동,공연,0.0004484334800294252,0.0004900045125758766,99,70.39393939393939
대중교통,동대문구,전농2동,관광지,8.039641975701136e-05,8.333360611627762e-05,99,14.343434343434344
대중교통,동대문구,전농2동,미술,0.00145108742314093,0.0014662678053106461,99,266.6161616161616
대중교통,동대문구,전농2동,스포츠관람,2.4543112058509e-05,2.8484278972205515e-05,89,3.0224719101123596
대중교통,동대문구,제기동,공연,0.0005689242491014875,0.0005704918585384582,118,90.76271186440678
대중교통,동대문구,제기동,관광지,9.673042464486002e-05,9.647457391447967e-05,118,19.652542372881356
대중교통,동대문구,제기동,미술,0.0019947946192553586,0.0019800071061527014,118,374.59322033898303
대중교통,동대문구,제기동,스포츠관람,3.0512853993872955e-05,3.0489914429451355e-05,118,5.0
대중교통,동대문구,청량리동,공연,0.0005310535626576292,0.0005339883824237915,123,86.15447154471545
대중교통,동대문구,청량리동,관광지,8.869848412044544e-05,8.937970251635378e-05,123,19.048780487804876
대중교통,동대문구,청량리동,미술,0.0017328071928221958,0.001742519279969532,123,347.3089430894309
대중교통,동대문구,청량리동,스포츠관람,2.9423832000872622e-05,2.9996122278119154e-05,123,4.520325203252033
대중교통,동대문구,회기동,공연,0.0004310353920702728,0.0004930135544351374,78,63.205128205128204
대중교통,동대문구,회기동,관광지,7.91520518912012e-05,8.004309185138378e-05,78,11.948717948717949
대중교통,동대문구,회기동,미술,0.0014309117204884582,0.0014681283464782193,78,245.37179487179486
대중교통,동대문구,회기동,스포츠관람,2.582629758064359e-05,2.918330936227679e-05,58,3.310344827586207
대중교통,동대문구,휘경1동,공연,0.0004646904255173193,0.000469962703841552,48,77.3125
대중교통,동대문구,휘경1동,관광지,9.523199381631856e-05,7.817427993036888e-05,50,16.78
대중교통,동대문구,휘경1동,미술,0.0013984308155164046,0.001354685323763232,49,294.3061224489796
대중교통,동대문구,휘경1동,스포츠관람,2.459987208082432e-05,2.3191401471436908e-05,47,2.9574468085106385
대중교통,동대문구,휘경2동,공연,0.00042058557775313734,0.0004281416331929545,112,68.52678571428571
대중교통,동대문구,휘경2동,관광지,7.79452490284129e-05,7.796499766213127e-05,112,15.357142857142858
대중교통,동대문구,휘경2동,미술,0.0013367248100125179,0.0013071041561602517,112,260.42857142857144
대중교통,동대문구,휘경2동,스포츠관람,2.1174042198470837e-05,1.716182387511293e-05,109,2.055045871559633
대중교통,동작구,노량진1동,공연,0.0004336251954282212,0.0004374445823197085,157,52.32484076433121
대중교통,동작구,노량진1동,관광지,0.00011429193834854347,0.00011163552121105393,152,14.947368421052632
대중교통,동작구,노량진1동,미술,0.0018889946561729894,0.0018323000208312176,152,244.84868421052633
대중교통,동작구,노량진1동,스포츠관람,3.031651887497566e-05,3.145505954909967e-05,143,4.433566433566433
대중교통,동작구,노량진2동,공연,0.00033562332137936594,0.0003403983278408075,57,43.719298245614034
대중교통,동작구,노량진2동,관광지,9.749917454550858e-05,9.76157450975048e-05,57,14.719298245614034
대중교통,동작구,노량진2동,미술,0.0015821854214098546,0.0015513772771269857,57,216.64912280701753
대중교통,동작구,노량진2동,스포츠관람,2.2998901579719338e-05,2.193797986163256e-05,51,2.9411764705882355
대중교통,동작구,대방동,공연,0.0002953266266964364,0.00029035966813184804,156,39.6025641025641
대중교통,동작구,대방동,관광지,8.771108077952412e-05,8.690479683985742e-05,156,14.044871794871796
대중교통,동작구,대방동,미술,0.00148025152799298,0.0014661727942529837,157,218.80891719745222
대중교통,동작구,대방동,스포츠관람,1.6005382745405113e-05,1.687384577208909e-05,154,2.1233766233766236
대중교통,동작구,사당1동,공연,0.0006074539312144309,0.0006329256966929102,64,26.03125
대중교통,동작구,사당1동,관광지,9.230569505682764e-05,9.251400987002499e-05,64,5.609375
대중교통,동작구,사당1동,미술,0.0017719968167718575,0.0018637105622124645,64,125.578125
대중교통,동작구,사당2동,공연,0.0005566171640890425,0.0005960626908290605,272,24.84926470588235
대중교통,동작구,사당2동,관광지,0.00011091840615571546,0.00010697145270027774,269,5.5464684014869885
대중교통,동작구,사당2동,미술,0.0021395015178855828,0.001970571506530181,275,108.66909090909091
대중교통,동작구,사당2동,스포츠관람,0.0012969914893712078,3.0111643458411913e-05,41,1.3658536585365855
대중교통,동작구,사당3동,공연,0.0005696413576864885,0.0005776699319992385,90,27.044444444444444
대중교통,동작구,사당3동,관광지,9.587150687559338e-05,9.586369240129801e-05,90,6.611111111111111
대중교통,동작구,사당3동,미술,0.0017704881567763174,0.001786135839567467,91,127.45054945054945
대중교통,동작구,사당3동,스포츠관람,3.1557933274970823e-05,3.1557933274970823e-05,1,1.0
대중교통,동작구,사당4동,공연,0.0005635635383228676,0.0005659912591013701,40,23.5
대중교통,동작구,사당4동,관광지,8.952236352044065e-05,8.82095122481125e-05,40,5.275
대중교통,동작구,사당4동,미술,0.0016467347899067003,0.0015911974624274409,41,114.3170731707317
대중교통,동작구,사당5동,공연,0.000545333217215277,0.0005712281595681888,67,30.01492537313433
대중교통,동작구,사당5동,관광지,9.255513744626234e-05,9.422769290831944e-05,67,9.313432835820896
대중교통,동작구,사당5동,미술,0.0016414808632861989,0.0016604483008708887,70,142.45714285714286
대중교통,동작구,상도1동,공연,0.0004329959902581168,0.00043443261532204484,145,36.26896551724138
대중교통,동작구,상도1동,관광지,0.00010024261044083737,9.902482697670762e-05,144,11.319444444444445
대중교통,동작구,상도1동,미술,0.0016132789051539348,0.0016121446001114796,147,173.40816326530611
대중교통,동작구,상도1동,스포츠관람,3.126983295260059e-05,3.1557933274970823e-05,95,2.2526315789473683
대중교통,동작구,상도2동,공연,0.0003499845581479982,0.00034553966188268187,76,44.19736842105263
대중교통,동작구,상도2동,관광지,9.59755306277304e-05,9.593530295241995e-05,76,14.526315789473685
대중교통,동작구,상도2동,미술,0.0015355377630363863,0.0015246594631168659,76,211.8815789473684
대중교통,동작구,상도2동,스포츠관람,2.2841981885751054e-05,2.180958594119575e-05,75,2.7066666666666666
대중교통,동작구,상도3동,공연,0.00021668007168913268,0.00020456064635344685,62,18.822580645161292
대중교통,동작구,상도3동,관광지,7.92247117443126e-05,8.058600203583635e-05,62,9.46774193548387
대중교통,동작구,상도3동,미술,0.0012819441844530877,0.0012770410411820266,62,136.7741935483871
대중교통,동작구,상도3동,스포츠관람,1.1824772194529403e-05,1.0930451109883283e-05,35,1.1428571428571428
대중교통,동작구,상도4동,공연,0.0002964208836051227,0.0002946120346183203,94,26.329787234042552
대중교통,동작구,상도4동,관광지,8.924431508783499e-05,8.926068028008961e-05,94,10.712765957446809
대중교통,동작구,상도4동,미술,0.0014190511864572877,0.0014210528826858375,94,154.01063829787233
대중교통,동작구,상도4동,스포츠관람,2.272026368793463e-05,2.347690174826648e-05,44,1.75
대중교통,동작구,신대방1동,공연,0.00016950560730967092,0.00016830974991918903,67,20.029850746268657
대중교통,동작구,신대방1동,관광지,7.726964881308271e-05,7.710683379908288e-05,67,11.104477611940299
대중교통,동작구,신대방1동,미술,0.003413629884951208,0.0011995428851293538,70,155.04285714285714
대중교통,동작구,신대방1동,스포츠관람,1.0930451109883283e-05,1.0930451109883283e-05,67,1.0
대중교통,동작구,신대방2동,공연,0.00021481391042879236,0.00021944683037914867,93,26.688172043010752
대중교통,동작구,신대방2동,관광지,7.97316399496844e-05,8.043907425631035e-05,93,11.827956989247312
대중교통,동작구,신대방2동,미술,0.0012789241560611567,0.001288792801483618,93,172.7741935483871
대중교통,동작구,신대방2동,스포츠관람,1.0930451109883283e-05,1.0930451109883283e-05,93,1.0
대중교통,동작구,흑석동,공연,0.0005057179822045552,0.0005257603897820557,169,45.69230769230769
대중교통,동작구,흑석동,관광지,0.00011796733267893226,0.00011958443870751198,165,12.963636363636363
대중교통,동작구,흑석동,미술,0.0020674441777130312,0.0019270746309737984,168,207.75595238095238
대중교통,동작구,흑석동,스포츠관람,0.00014268887814116666,3.1557933274970823e-05,157,3.050955414012739
대중교통,마포구,공덕동,공연,0.0006304907044036038,0.0006170327239580437,100,100.38
대중교통,마포구,공덕동,관광지,0.00015555394578768833,0.000155046624698411,99,16.050505050505052
대중교통,마포구,공덕동,미술,0.0028252164827439153,0.0028129073076826683,100,333.24
대중교통,마포구,공덕동,스포츠관람,3.391302068495633e-05,3.396390036598231e-05,99,5.040404040404041
대중교통,마포구,대흥동,공연,0.0005592558755117091,0.0005640835726019047,83,93.71084337349397
대중교통,마포구,대흥동,관광지,0.00014789016830408133,0.0001407372284408615,85,15.905882352941177
대중교통,마포구,대흥동,미술,0.002567378645910723,0.0025883308225051944,83,322.32530120481925
대중교통,마포구,대흥동,스포츠관람,3.382853158843236e-05,3.383807181792285e-05,83,5.0
대중교통,마포구,도화동,공연,0.000550569903466419,0.0005571753281833497,62,85.88709677419355
대중교통,마포구,도화동,관광지,0.00014427034585059534,0.00014641131435420927,62,17.43548387096774
대중교통,마포구,도화동,미술,0.0025315402691818457,0.002549006564731735,62,323.98387096774195
대중교통,마포구,도화동,스포츠관람,3.331425894325706e-05,3.360205447547741e-05,62,5.225806451612903
대중교통,마포구,망원1동,공연,0.00043657707076885866,0.00040021029142116435,111,34.08108108108108
대중교통,마포구,망원1동,관광지,0.00013839863456426488,7.997193328910478e-05,111,8.135135135135135
대중교통,마포구,망원1동,미술,0.001784665744165542,0.0018656159585389845,109,173.76146788990826
대중교통,마포구,망원1동,스포츠관람,0.00022431023170253547,3.197646286533217e-05,73,3.4794520547945207
대중교통,마포구,망원2동,공연,0.00038125939037614905,0.0003904242565844169,68,40.1764705882353
대중교통,마포구,망원2동,관광지,7.314835483546648e-05,7.610481523588263e-05,67,10.0
대중교통,마포구,망원2동,미술,0.001742794960974238,0.0017901131656328458,68,220.7941176470588
대중교통,마포구,망원2동,스포츠관람,3.0440822681813318e-05,2.9577225147228103e-05,64,3.234375
대중교통,마포구,상암동,공연,0.0003028929762375922,0.0003154659489697194,820,25.897560975609757
대중교통,마포구,상암동,관광지,5.9556122543397213e-05,5.218194746109567e-05,821,4.633373934226553
대중교통,마포구,상암동,미술,0.0014457115587563026,0.0014726230766180046,819,130.31623931623932
대중교통,마포구,상암동,스포츠관람,6.08919257239485e-05,2.8169865829710995e-05,201,1.7810945273631842
대중교통,마포구,서강동,공연,0.000472933663476549,0.0004695038001641289,148,57.66891891891892
대중교통,마포구,서강동,관광지,0.00011275622271607593,0.00011116848239249013,148,15.391891891891891
대중교통,마포구,서강동,미술,0.002220975990815268,0.00222385320412874,148,284.2027027027027
대중교통,마포구,서강동,스포츠관람,3.307259588461575e-05,3.3555024781188094e-05,146,4.767123287671233
대중교통,마포구,서교동,공연,0.0004590744954254727,0.00045496716525862896,159,63.490566037735846
대중교통,마포구,서교동,관광지,0.00010876879827227459,9.681653225150271e-05,162,15.771604938271604
대중교통,마포구,서교동,미술,0.0029288043536445357,0.002125257198190852,162,309.6358024691358
대중교통,마포구,서교동,스포츠관람,3.2931919334005455e-05,3.26611331308869e-05,159,5.144654088050315
대중교통,마포구,성산1동,공연,0.0004221057956489238,0.0004249880789020052,85,51.07058823529412
대중교통,마포구,성산1동,관광지,8.398358807714443e-05,8.472451341889203e-05,85,12.776470588235295
대중교통,마포구,성산1동,미술,0.0019499757697413144,0.0019531554013009463,85,275.3764705882353
대중교통,마포구,성산1동,스포츠관람,3.335066160708808e-05,3.392989501542871e-05,85,4.023529411764706
대중교통,마포구,성산2동,공연,0.0005644454521688232,0.00037897969640913857,192,40.510416666666664
대중교통,마포구,성산2동,관광지,0.0002721856297574765,6.902045929795432e-05,192,9.166666666666666
대중교통,마포구,성산2동,미술,0.0017531450642416376,0.0017195056647074563,181,225.29834254143645
대중교통,마포구,성산2동,스포츠관람,0.0004644142965342143,2.9606688859633893e-05,179,3.083798882681564
대중교통,마포구,신수동,공연,0.0005035032785678267,0.0005011383181017148,79,69.88607594936708
대중교통,마포구,신수동,관광지,0.0001372051133994953,0.0001269347481627102,81,16.17283950617284
대중교통,마포구,신수동,미술,0.002355173437108681,0.0023608967753108796,79,298.39240506329116
대중교통,마포구,신수동,스포츠관람,3.324773222913965e-05,3.363323042487115e-05,79,4.848101265822785
대중교통,마포구,아현동,공연,0.0008206862049184697,0.0006089481902360296,71,83.02816901408451
대중교통,마포구,아현동,관광지,0.00014917681096347795,0.00014892096823706472,63,15.761904761904763
대중교통,마포구,아현동,미술,0.0032067365388119343,0.0027884500685609196,71,279.1830985915493
대중교통,마포구,아현동,스포츠관람,3.386120593438342e-05,3.387491698968615e-05,63,5.015873015873016
대중교통,마포구,연남동,공연,0.00046780906341393954,0.0004611571534016859,62,66.7258064516129
대중교통,마포구,연남동,관광지,9.955219557651494e-05,9.661846300018763e-05,62,14.596774193548388
대중교통,마포구,연남동,미술,0.0021698399507469085,0.0021515202390769254,62,287.1774193548387
대중교통,마포구,연남동,스포츠관람,3.390177221636275e-05,3.400031726749327e-05,62,4.435483870967742
대중교통,마포구,염리동,공연,0.0005731112572322629,0.0005692065878241045,53,81.41509433962264
대중교통,마포구,염리동,관광지,0.00014405183513424653,0.00014686017332199357,53,15.622641509433961
대중교통,마포구,염리동,미술,0.0026260403557984598,0.00262114131386972,53,294.1698113207547
대중교통,마포구,염리동,스포츠관람,3.375477956874829e-05,3.375105691377961e-05,53,4.962264150943396
대중교통,마포구,용강동,공연,0.0005276549111782557,0.0005260578393740317,78,76.12820512820512
대중교통,마포구,용강동,관광지,0.00013919540189165691,0.00013954270889582685,78,16.41025641025641
대중교통,마포구,용강동,미술,0.0024454660352866966,0.002474724099658738,78,307.56410256410254
대중교통,마포구,용강동,스포츠관람,3.3356901329821885e-05,3.35877508780477e-05,78,5.141025641025641
대중교통,마포구,합정동,공연,0.00041165756807978374,0.0004127997872472672,169,39.19526627218935
대중교통,마포구,합정동,관광지,9.09836195560288e-05,8.416927604257927e-05,168,10.482142857142858
대중교통,마포구,합정동,미술,0.001918327741859649,0.0019015210462251405,169,212.9467455621302
대중교통,마포구,합정동,스포츠관람,2.998196441235023e-05,3.0895634177226244e-05,142,4.056338028169014
대중교통,서대문구,남가좌1동,공연,0.0004255925834577005,0.0004316966712626856,46,51.130434782608695
대중교통,서대문구,남가좌1동,관광지,9.323502690556305e-05,8.872555329332721e-05,47,11.638297872340425
대중교통,서대문구,남가좌1동,미술,0.0019323117888184118,0.0019643520288989843,46,255.02173913043478
대중교통,서대문구,남가좌1동,스포츠관람,3.372385472453555e-05,3.401126543184664e-05,46,3.9347826086956523
대중교통,서대문구,남가좌2동,공연,0.00041494529548653016,0.00041579801417386834,79,45.30379746835443
대중교통,서대문구,남가좌2동,관광지,8.384349647105184e-05,8.682909493384826e-05,79,9.620253164556962
대중교통,서대문구,남가좌2동,미술,0.0018636917670007197,0.0018859171684395455,79,224.41772151898735
대중교통,서대문구,남가좌2동,스포츠관람,3.294072716716251e-05,3.384261153801188e-05,79,3.7721518987341773
대중교통,서대문구,북가좌1동,공연,0.0003799884366527846,0.000377165320529695,60,42.75
대중교통,서대문구,북가좌1동,관광지,6.920080991053083e-05,6.803633344271876e-05,60,8.95
대중교통,서대문구,북가좌1동,미술,0.0017108507164827088,0.0017165348780668753,60,213.5
대중교통,서대문구,북가좌1동,스포츠관람,3.1447002866875796e-05,3.165531022642151e-05,60,3.316666666666667
대중교통,서대문구,북가좌2동,공연,0.00036469452488074243,0.00036462957040538145,82,37.91463414634146
대중교통,서대문구,북가좌2동,관광지,6.368257807547643e-05,6.668091374873011e-05,82,6.7926829268292686
대중교통,서대문구,북가좌2동,미술,0.0016077940306567571,0.0015965122268165933,82,170.1951219512195
대중교통,서대문구,북가좌2동,스포츠관람,2.944754540593783e-05,2.9576966517377104e-05,81,2.6790123456790123
대중교통,서대문구,북아현동,공연,0.0006088865602354615,0.0006188063532965337,47,98.0
대중교통,서대문구,북아현동,관광지,0.0001490616118731325,0.0001518286340237805,47,15.042553191489361
대중교통,서대문구,북아현동,미술,0.0027938828403587953,0.0028353864532768246,47,308.27659574468083
대중교통,서대문구,북아현동,스포츠관람,3.395012844530883e-05,3.398873703186391e-05,47,5.0
대중교통,서대문구,신촌동,공연,0.0005694053108483847,0.0005732141560905265,265,79.21509433962264
대중교통,서대문구,신촌동,관광지,0.0001293876330485984,0.00012976046267165335,264,12.416666666666666
대중교통,서대문구,신촌동,미술,0.002625182916648689,0.002636374478597367,265,260.0188679245283
대중교통,서대문구,신촌동,스포츠관람,3.3381415110118694e-05,3.3613602646282884e-05,264,4.6893939393939394
대중교통,서대문구,연희동,공연,0.00046571862008584416,0.00046416108605437136,294,54.697278911564624
대중교통,서대문구,연희동,관광지,9.969859267237645e-05,0.00010271542495652388,271,10.77490774907749
대중교통,서대문구,연희동,미술,0.0021013321776513862,0.002124379458309366,294,225.9251700680272
대중교통,서대문구,연희동,스포츠관람,3.29469993615324e-05,3.3663465916139145e-05,280,3.975
대중교통,서대문구,천연동,공연,0.000641811195554312,0.0006466714484428328,100,95.39
대중교통,서대문구,천연동,관광지,0.00014891757537086278,0.00015347152331982933,100,12.72
대중교통,서대문구,천연동,미술,0.003236668856122146,0.002966684203311366,103,282.5533980582524
대중교통,서대문구,천연동,스포츠관람,3.3728921492143855e-05,3.381077682771677e-05,100,4.93
대중교통,서대문구,충현동,공연,0.0006382595639604296,0.0006456932184064692,106,99.39622641509433
대중교통,서대문구,충현동,관광지,0.00015612807118320208,0.00015595199414383782,106,14.283018867924529
대중교통,서대문구,충현동,미술,0.0032057258694360136,0.0029602491923683577,107,307.7943925233645
대중교통,서대문구,충현동,스포츠관람,3.3945202423828e-05,3.3956114976317575e-05,106,5.0
대중교통,서대문구,홍은1동,공연,0.0005150068881921425,0.000539939951868733,158,48.0126582278481
대중교통,서대문구,홍은1동,관광지,0.0001089257663168476,0.00011290389719792644,148,5.986486486486487
대중교통,서대문구,홍은1동,미술,0.0025088421707491894,0.002543438094115343,159,185.37735849056602
대중교통,서대문구,홍은1동,스포츠관람,3.1796518146564966e-05,3.3298819110111456e-05,151,3.6953642384105962
대중교통,서대문구,홍은2동,공연,0.00044572246125359463,0.0004551254707125566,207,50.792270531400966
대중교통,서대문구,홍은2동,관광지,9.812947233198953e-05,0.00010464333266596831,190,7.589473684210526
대중교통,서대문구,홍은2동,미술,0.0020245037634335854,0.0020906528824834922,207,200.6425120772947
대중교통,서대문구,홍은2동,스포츠관람,3.20933877112552e-05,3.3271932528441396e-05,191,3.7905759162303663
대중교통,서대문구,홍제1동,공연,0.0005492408350852467,0.0005620754501017327,120,74.125
대중교통,서대문구,홍제1동,관광지,0.00012130535504640595,0.00011688642352387075,118,9.754237288135593
대중교통,서대문구,홍제1동,미술,0.00273031606073419,0.002561057940502401,123,237.40650406504065
대중교통,서대문구,홍제1동,스포츠관람,3.3167504884323323e-05,3.345148839624672e-05,119,4.470588235294118
대중교통,서대문구,홍제2동,공연,0.0006081327372991723,0.0006076225497379087,68,83.02941176470588
대중교통,서대문구,홍제2동,관광지,0.00013186013100468795,0.0001359734470090378,68,9.794117647058824
대중교통,서대문구,홍제2동,미술,0.0028678882365065256,0.002713113045233705,69,247.65217391304347
대중교통,서대문구,홍제2동,스포츠관람,3.362594949335301e-05,3.362611741485249e-05,68,4.75
대중교통,서대문구,홍제3동,공연,0.0005256210471783985,0.000570200479977534,108,61.74074074074074
대중교통,서대문구,홍제3동,관광지,0.0001253700494872383,0.00012163209656923676,103,7.388349514563107
대중교통,서대문구,홍제3동,미술,0.002379145367581901,0.002577608771471452,114,193.23684210526315
대중교통,서대문구,홍제3동,스포츠관람,3.312631789377058e-05,3.342141920864282e-05,91,4.483516483516484
대중교통,서초구,내곡동,공연,0.000543029045529961,0.000566008435540001,871,12.36280137772675
대중교통,서초구,내곡동,관광지,0.0002191912568925689,0.00022616696799323714,789,2.4714828897338403
대중교통,서초구,내곡동,미술,0.0020410391026658534,0.002138408909917444,972,36.129629629629626
대중교통,서초구,반포1동,공연,0.0006844125446408502,0.0006942896766253965,95,41.92631578947368
대중교통,서초구,반포1동,관광지,0.00012936501432817433,0.00013244476498145194,95,8.294736842105262
대중교통,서초구,반포1동,미술,0.0029519850586995433,0.0026260072748594374,98,158.9387755102041
대중교통,서초구,반포1동,스포츠관람,0.00076127944331759,3.100663918057248e-05,76,5.7631578947368425
대중교통,서초구,반포2동,공연,0.0006200671749842786,0.0006870861081377255,128,40.40625
대중교통,서초구,반포2동,관광지,0.00015777237568600366,0.00015246895699453083,128,7.765625
대중교통,서초구,반포2동,미술,0.002976698114196769,0.002581547546149225,132,154.6969696969697
대중교통,서초구,반포2동,스포츠관람,0.0008723603107740073,3.2439560918618166e-05,103,3.854368932038835
대중교통,서초구,반포3동,공연,0.0006515521017666161,0.0006912218778610802,103,44.48543689320388
대중교통,서초구,반포3동,관광지,0.00020319573830878527,0.00015038016242204538,104,8.134615384615385
대중교통,서초구,반포3동,미술,0.0027308281405961374,0.00265708507292193,104,175.95192307692307
대중교통,서초구,반포3동,스포츠관람,2.673898493614447e-05,2.9718130305431954e-05,90,3.5
대중교통,서초구,반포4동,공연,0.0006848969795779301,0.00068809309915029,138,40.7536231884058
대중교통,서초구,반포4동,관광지,0.00021073520192826023,0.0001429570391931101,140,8.014285714285714
대중교통,서초구,반포4동,미술,0.0028636182856331747,0.0025744972982064203,143,165.0
대중교통,서초구,반포4동,스포츠관람,3.307701256280127e-05,2.360226301022131e-05,86,3.3488372093023258
대중교통,서초구,반포본동,공연,0.000533377080893224,0.0006508813980252454,85,24.44705882352941
대중교통,서초구,반포본동,관광지,0.00014250209271595606,0.00013482524613153536,85,6.176470588235294
대중교통,서초구,반포본동,미술,0.0030045361846625833,0.00236873415327604,89,101.24719101123596
대중교통,서초구,반포본동,스포츠관람,0.00123756445896038,3.23507479568455e-05,43,2.5348837209302326
대중교통,서초구,방배1동,공연,0.0006476410469154127,0.0006484596108505731,60,31.633333333333333
대중교통,서초구,방배1동,관광지,0.0001066168093270668,0.00010197432470721305,60,6.666666666666667
대중교통,서초구,방배1동,미술,0.002197858036008565,0.0021985879112911954,60,138.56666666666666
대중교통,서초구,방배2동,공연,0.0006533596957945344,0.0006444229624017237,152,25.289473684210527
대중교통,서초구,방배2동,관광지,9.573879905008705e-05,9.48813874531826e-05,134,5.649253731343284
대중교통,서초구,방배2동,미술,0.0019793852589408303,0.0019767742417927114,153,110.2156862745098
대중교통,서초구,방배3동,공연,0.0006279451929737617,0.0006396089868767462,238,26.176470588235293
대중교통,서초구,방배3동,관광지,9.736980780580266e-05,9.819295353143179e-05,233,4.51931330472103
대중교통,서초구,방배3동,미술,0.00206642145095329,0.0021191310439337835,239,101.52301255230125
대중교통,서초구,방배4동,공연,0.0006494435281814683,0.0006467019554695147,83,33.36144578313253
대중교통,서초구,방배4동,관광지,0.00011712656587623772,0.00011987287108880602,83,8.204819277108435
대중교통,서초구,방배4동,미술,0.002191266568354395,0.002208473515620095,83,151.49397590361446
대중교통,서초구,방배4동,스포츠관람,1.716182387511293e-05,1.716182387511293e-05,5,1.0
대중교통,서초구,방배본동,공연,0.00065237447006877,0.0006505175982784274,66,35.43939393939394
대중교통,서초구,방배본동,관광지,0.0001276681709029575,0.00013075445849416724,66,9.363636363636363
대중교통,서초구,방배본동,미술,0.0022760313849004205,0.002281422964122471,66,160.95454545454547
대중교통,서초구,방배본동,스포츠관람,2.031525692716519e-05,1.716182387511293e-05,21,1.380952380952381
대중교통,서초구,서초1동,공연,0.0006754293265151333,0.0006756823592821341,136,32.11764705882353
대중교통,서초구,서초1동,관광지,0.000111737118690713,0.00010818014889019296,136,6.6838235294117645
대중교통,서초구,서초1동,미술,0.0025032685788868012,0.0024163345694311576,137,125.85401459854015
대중교통,서초구,서초1동,스포츠관람,0.0001838956235475728,0.0001876092186294117,59,8.254237288135593
대중교통,서초구,서초2동,공연,0.0006738946228211178,0.0006720181602126367,123,35.65853658536585
대중교통,서초구,서초2동,관광지,0.00010971058119219552,0.00010757885561789548,123,7.073170731707317
대중교통,서초구,서초2동,미술,0.002492079749755537,0.002480995187917658,123,142.1382113821138
대중교통,서초구,서초2동,스포츠관람,0.00017116708332008177,0.00017408767311907772,99,8.404040404040405
대중교통,서초구,서초3동,공연,0.0006672595177331864,0.0006707878114071734,294,32.28231292517007
대중교통,서초구,서초3동,관광지,0.00011960086026011447,0.00012129587712324887,293,6.924914675767918
대중교통,서초구,서초3동,미술,0.002381501233137583,0.0023736845507864816,294,134.47619047619048
대중교통,서초구,서초3동,스포츠관람,0.00013296057007846726,0.00016724853775458288,56,6.839285714285714
대중교통,서초구,서초4동,공연,0.0006832459160621959,0.0006818323732864704,87,39.367816091954026
대중교통,서초구,서초4동,관광지,0.0001233258915022638,0.00012508791644745776,87,8.298850574712644
대중교통,서초구,서초4동,미술,0.0025606253417622014,0.002554226062753582,87,164.2528735632184
대중교통,서초구,서초4동,스포츠관람,0.00015245311098108978,0.00016714951782230105,61,8.311475409836065
대중교통,서초구,양재1동,공연,0.0006215496118582587,0.0006294440257109262,529,23.93383742911153
대중교통,서초구,양재1동,관광지,0.00010500967531671655,0.00010415607531681154,454,3.8237885462555066
대중교통,서초구,양재1동,미술,0.002332626353073099,0.002374640584379396,555,65.28828828828829
대중교통,서초구,양재1동,스포츠관람,0.00018730116855153106,0.0001876092186294117,66,8.030303030303031
대중교통,서초구,양재2동,공연,0.0006166759626797353,0.0006239799660703707,381,23.007874015748033
대중교통,서초구,양재2동,관광지,0.00012233052964692991,0.0001176501860838835,328,4.234756097560975
대중교통,서초구,양재2동,미술,0.0022979748490839324,0.002318719476406619,401,64.26184538653366
대중교통,서초구,양재2동,스포츠관람,0.0001876092186294117,0.0001876092186294117,16,8.0
대중교통,서초구,잠원동,공연,0.0006815073469036519,0.0006893253476596969,143,58.32867132867133
대중교통,서초구,잠원동,관광지,0.00014035761477069445,0.00014252991669000886,143,10.307692307692308
대중교통,서초구,잠원동,미술,0.0029280983571482195,0.002713609326172744,145,201.60689655172413
대중교통,서초구,잠원동,스포츠관람,3.7490539905061714e-05,2.968715840665408e-05,122,5.098360655737705
대중교통,성동구,금호1가동,공연,0.0006308685274368786,0.0006300931505315387,43,95.95348837209302
대중교통,성동구,금호1가동,관광지,0.00012976806771020303,0.00013172778175199343,43,20.325581395348838
대중교통,성동구,금호1가동,미술,0.002506545139322815,0.002492676251057584,43,347.7906976744186
대중교통,성동구,금호1가동,스포츠관람,3.000963290035895e-05,3.018816141466431e-05,43,5.0
대중교통,성동구,금호2·3가동,공연,0.000647197962857332,0.0006445663918719921,61,96.49180327868852
대중교통,성동구,금호2·3가동,관광지,0.00013960649975326898,0.0001382857391612358,61,18.868852459016395
대중교통,성동구,금호2·3가동,미술,0.0026233994608046408,0.0026034314095800476,61,332.3606557377049
대중교통,성동구,금호2·3가동,스포츠관람,2.9407659013219363e-05,2.9363696350769747e-05,61,5.0
대중교통,성동구,금호4가동,공연,0.0006232917817322,0.0006229829358223803,85,96.89411764705882
대중교통,성동구,금호4가동,관광지,0.0001368574019457785,0.0001388780194819706,85,18.44705882352941
대중교통,성동구,금호4가동,미술,0.0025435575455679377,0.002533283564468623,85,316.2823529411765
대중교통,성동구,금호4가동,스포츠관람,2.7436739604581887e-05,2.7918453409374424e-05,85,4.729411764705882
대중교통,성동구,마장동,공연,0.0006685660793106733,0.0005911915522938117,102,89.77450980392157
대중교통,성동구,마장동,관광지,0.00010276402190382421,0.00010229725954607558,98,17.93877551020408
대중교통,성동구,마장동,미술,0.0024088619638104047,0.002133642333307189,102,351.88235294117646
대중교통,성동구,마장동,스포츠관람,3.0290391853907e-05,3.0383981272486142e-05,98,4.989795918367347
대중교통,성동구,사근동,공연,0.0009274605573872526,0.0005822356003212186,110,88.6
대중교통,성동구,사근동,관광지,0.00010671275167326355,0.00010364165094609026,110,16.89090909090909
대중교통,성동구,사근동,미술,0.0022002940046089376,0.002126747533496478,111,318.6306306306306
대중교통,성동구,사근동,스포츠관람,2.949953318563754e-05,2.962478110355988e-05,109,4.724770642201835
대중교통,성동구,성수1가1동,공연,0.0009491203708280764,0.0005531586372303102,186,78.27956989247312
대중교통,성동구,성수1가1동,관광지,0.00011179462473844508,0.00011127870365096426,188,15.563829787234043
대중교통,성동구,성수1가1동,미술,0.002599256912539699,0.002199339990779422,188,261.1329787234043
대중교통,성동구,성수1가1동,스포츠관람,4.419065709458231e-05,2.6709306124655293e-05,183,5.185792349726776
대중교통,성동구,성수1가2동,공연,0.0005662727923325326,0.0005673140293361223,88,93.86363636363636
대중교통,성동구,성수1가2동,관광지,0.00011145104380398002,0.00010519766603383994,89,18.56179775280899
대중교통,성동구,성수1가2동,미술,0.002287548486901588,0.0021440027720007093,91,323.4945054945055
대중교통,성동구,성수1가2동,스포츠관람,3.159378295404862e-05,2.9092504782650783e-05,88,5.068181818181818
대중교통,성동구,성수2가1동,공연,0.0004640573560880067,0.0004583212016997,105,53.46666666666667
대중교통,성동구,성수2가1동,관광지,0.0001067903205324909,0.00010361586400680058,114,12.429824561403509
대중교통,성동구,성수2가1동,미술,0.0036312253296774772,0.001974430665167304,117,203.27350427350427
대중교통,성동구,성수2가1동,스포츠관람,0.0001221709336962044,0.00014811363570520723,103,7.252427184466019
대중교통,성동구,성수2가3동,공연,0.000492843677203235,0.0004927508918669606,103,83.05825242718447
대중교통,성동구,성수2가3동,관광지,0.00010333631583130512,0.0001033372881038349,103,17.067961165048544
대중교통,성동구,성수2가3동,미술,0.0019638208288196247,0.0018371811974358064,106,294.1320754716981
대중교통,성동구,성수2가3동,스포츠관람,8.427811603382265e-05,0.00010094495251109477,103,7.213592233009709
대중교통,성동구,송정동,공연,0.0004421698841870519,0.00044068407965961647,65,70.8923076923077
대중교통,성동구,송정동,관광지,0.00010162212470590632,0.00010199965913488556,65,16.523076923076925
대중교통,성동구,송정동,미술,0.0016823427535933683,0.0016289151310627489,65,283.44615384615383
대중교통,성동구,송정동,스포츠관람,4.1928997309513465e-05,2.455614352132329e-05,64,3.609375
대중교통,성동구,옥수동,공연,0.0006886298407491437,0.0006437419049622777,175,67.23428571428572
대중교통,성동구,옥수동,관광지,0.00016279672176815137,0.0001448595449989924,183,10.573770491803279
대중교통,성동구,옥수동,미술,0.00350901827959495,0.0026974873880918028,177,209.6045197740113
대중교통,성동구,옥수동,스포츠관람,2.597603816726739e-05,2.6889027881408916e-05,169,3.289940828402367
대중교통,성동구,왕십리2동,공연,0.000625159082463676,0.0006273005068332018,36,93.91666666666667
대중교통,성동구,왕십리2동,관광지,0.00011861184053947271,0.00012132849709184395,36,18.944444444444443
대중교통,성동구,왕십리2동,미술,0.0024233395017974634,0.00242159932905436,36,353.55555555555554
대중교통,성동구,왕십리2동,스포츠관람,3.07836131537878e-05,3.093884036506829e-05,36,5.0
대중교통,성동구,왕십리도선동,공연,0.0006213303335125695,0.0006211936209937169,72,97.125
대중교통,성동구,왕십리도선동,관광지,0.00011766186113762862,0.0001190530032297226,72,20.73611111111111
대중교통,성동구,왕십리도선동,미술,0.0023710033952295895,0.0023675883133742488,72,383.8888888888889
대중교통,성동구,왕십리도선동,스포츠관람,3.112187713547653e-05,3.114880738188819e-05,72,5.0
대중교통,성동구,용답동,공연,0.0004532644950091984,0.00047472503252542664,229,57.7117903930131
대중교통,성동구,용답동,관광지,9.925120393993547e-05,9.954582956641062e-05,226,11.81858407079646
대중교통,성동구,용답동,미술,0.0016793917220648863,0.001643155355725004,229,220.58951965065503
대중교통,성동구,용답동,스포츠관람,2.3029621228201753e-05,2.2169558740212372e-05,190,2.594736842105263
대중교통,성동구,응봉동,공연,0.0006020447228471004,0.0006026958448897625,47,95.36170212765957
대중교통,성동구,응봉동,관광지,0.00017000616878587763,0.00012306832710073457,54,17.14814814814815
대중교통,성동구,응봉동,미술,0.002341349002145477,0.0023411358088831205,47,342.8085106382979
대중교통,성동구,응봉동,스포츠관람,2.8525896471301275e-05,2.8389197848975337e-05,47,4.9787234042553195
대중교통,성동구,행당1동,공연,0.001347993334901328,0.0006063912319909134,54,94.57407407407408
대중교통,성동구,행당1동,관광지,0.00012080575720721241,0.0001150774682968048,53,20.60377358490566
대중교통,성동구,행당1동,미술,0.002424498996836404,0.0022959274152724984,53,374.811320754717
대중교통,성동구,행당1동,스포츠관람,3.0462316372346168e-05,3.057661301266805e-05,52,5.0
대중교통,성동구,행당2동,공연,0.0006919830326196276,0.0006089173072906553,49,90.95918367346938
대중교통,성동구,행당2동,관광지,0.00011656990973856209,0.00011607324002472668,47,19.617021276595743
대중교통,성동구,행당2동,미술,0.0026511758993366837,0.002343709609905824,49,337.18367346938777
대중교통,성동구,행당2동,스포츠관람,3.0135552480476937e-05,3.025955079044913e-05,47,5.0
대중교통,성북구,길음1동,공연,0.0012348839828343061,0.0005506058053093359,80,79.3375
대중교통,성북구,길음1동,관광지,9.713573166393466e-05,9.688142706337091e-05,79,17.063291139240505
대중교통,성북구,길음1동,미술,0.001931654022400548,0.0019041401165422384,80,310.9875
대중교통,성북구,길음1동,스포츠관람,3.075793420407559e-05,3.148967037965035e-05,78,4.32051282051282
대중교통,성북구,길음2동,공연,0.0005290381617802268,0.0005313280783254153,58,81.84482758620689
대중교통,성북구,길음2동,관광지,8.992399044375097e-05,8.966256845447442e-05,58,18.517241379310345
대중교통,성북구,길음2동,미술,0.0017453858586633072,0.0017600511572820727,58,340.2241379310345
대중교통,성북구,길음2동,스포츠관람,3.079582777828797e-05,3.13982964540469e-05,58,4.310344827586207
대중교통,성북구,돈암1동,공연,0.0005634739476811695,0.0005726994665177807,47,82.48936170212765
대중교통,성북구,돈암1동,관광지,0.0001017735255237949,9.987970564015367e-05,47,17.19148936170213
대중교통,성북구,돈암1동,미술,0.0020008977379186678,0.002091367053939625,47,327.25531914893617
대중교통,성북구,돈암1동,스포츠관람,3.114320633124498e-05,3.156897514405323e-05,47,4.574468085106383
대중교통,성북구,돈암2동,공연,0.0006117851938899212,0.0006009855878172148,52,84.40384615384616
대중교통,성북구,돈암2동,관광지,0.00011375580965722157,0.00011253316238818228,52,15.51923076923077
대중교통,성북구,돈암2동,미술,0.0023909676892588413,0.002300332918017907,52,314.5576923076923
대중교통,성북구,돈암2동,스포츠관람,3.194687990904786e-05,3.1860218624503114e-05,52,4.923076923076923
대중교통,성북구,동선동,공연,0.0013187844567294359,0.0006045316070477244,77,85.01298701298701
대중교통,성북구,동선동,관광지,0.00010940914620342869,0.00010899030926494992,76,16.57894736842105
대중교통,성북구,동선동,미술,0.0023267119457764576,0.002284963762363775,77,340.35064935064935
대중교통,성북구,동선동,스포츠관람,3.153958160509486e-05,3.1745390039085856e-05,76,4.894736842105263
대중교통,성북구,보문동,공연,0.0006213353594543413,0.0006175781464548375,55,90.98181818181818
대중교통,성북구,보문동,관광지,0.00011225183572838692,0.00011113774578863074,55,16.927272727272726
대중교통,성북구,보문동,미술,0.0023998085449166238,0.0023575286118468434,55,361.1818181818182
대중교통,성북구,보문동,스포츠관람,3.1186337321453365e-05,3.113636008579631e-05,55,5.0
대중교통,성북구,삼선동,공연,0.0006310791733134765,0.0006317338448564305,89,87.59550561797752
대중교통,성북구,삼선동,관광지,0.00011401263367689608,0.00011265586353818785,89,16.224719101123597
대중교통,성북구,삼선동,미술,0.002527768592858885,0.0025477048639336282,89,340.60674157303373
대중교통,성북구,삼선동,스포츠관람,3.222619335596672e-05,3.24581408094812e-05,89,5.0
대중교통,성북구,석관동,공연,0.00030738393499572396,0.0003268104247124207,170,47.794117647058826
대중교통,성북구,석관동,관광지,7.24598062847169e-05,7.284203036711523e-05,170,11.988235294117647
대중교통,성북구,석관동,미술,0.0011484073308485445,0.001147457492231356,171,212.85380116959064
대중교통,성북구,석관동,스포츠관람,1.7234824721052397e-05,1.716182387511293e-05,76,1.013157894736842
대중교통,성북구,성북동,공연,0.0006432392917164586,0.000649561965768049,281,76.41992882562278
대중교통,성북구,성북동,관광지,0.00012295870559050743,0.0001222635740625456,275,10.385454545454545
대중교통,성북구,성북동,미술,0.002695566475377441,0.00274511339867524,285,229.40701754385964
대중교통,성북구,성북동,스포츠관람,3.1846105286687165e-05,3.227051715383865e-05,249,4.614457831325301
대중교통,성북구,안암동,공연,0.0006409585249327678,0.0005838059089675311,136,81.23529411764706
대중교통,성북구,안암동,관광지,0.00010821565334988469,0.00010509635818870191,130,15.13076923076923
대중교통,성북구,안암동,미술,0.0021951296286742603,0.002140451640287284,136,309.8897058823529
대중교통,성북구,안암동,스포츠관람,2.9954673487285372e-05,3.075935697277784e-05,129,4.511627906976744
대중교통,성북구,월곡1동,공연,0.0004795237838666764,0.0004947798376956736,82,74.7439024390244
대중교통,성북구,월곡1동,관광지,8.308025041940183e-05,8.347655829785616e-05,82,16.341463414634145
대중교통,성북구,월곡1동,미술,0.0015083101445913267,0.0015511424898804775,82,303.3048780487805
대중교통,성북구,월곡1동,스포츠관람,2.7445156332858543e-05,2.9535084684877394e-05,70,3.2714285714285714
대중교통,성북구,월곡2동,공연,0.000448907608101066,0.00047358299333525043,133,64.73684210526316
대중교통,성북구,월곡2동,관광지,7.951308392751497e-05,8.095370733085594e-05,132,13.462121212121213
대중교통,성북구,월곡2동,미술,0.0013968948258323663,0.0013916533268358029,133,253.2781954887218
대중교통,성북구,월곡2동,스포츠관람,2.446199661994848e-05,2.3747350145464572e-05,90,2.8666666666666667
대중교통,성북구,장위1동,공연,0.00044627561657084326,0.00044221032810524757,70,69.37142857142857
대중교통,성북구,장위1동,관광지,7.748595101812361e-05,7.686489360205981e-05,70,15.057142857142857
대중교통,성북구,장위1동,미술,0.0013030289612124208,0.0012643733248803557,70,275.07142857142856
대중교통,성북구,장위1동,스포츠관람,2.4728284578457293e-05,2.529485081482048e-05,36,2.361111111111111
대중교통,성북구,장위2동,공연,0.0004230691895507958,0.0004271270396548494,69,66.97101449275362
대중교통,성북구,장위2동,관광지,7.653760879096263e-05,7.577225701873376e-05,69,14.289855072463768
대중교통,성북구,장위2동,미술,0.0012295081276830907,0.0012280378726707759,69,253.68115942028984
대중교통,성북구,장위2동,스포츠관람,1.8426330654797087e-05,1.716182387511293e-05,39,1.205128205128205
대중교통,성북구,장위3동,공연,0.0003991751223187491,0.00039869217351802403,66,66.83333333333333
대중교통,성북구,장위3동,관광지,7.374311080428938e-05,7.35997077846965e-05,66,14.530303030303031
대중교통,성북구,장위3동,미술,0.0011790054488511233,0.0011633041213296243,66,256.43939393939394
대중교통,성북구,장위3동,스포츠관람,1.8516627250703818e-05,1.716182387511293e-05,30,1.1666666666666667
대중교통,성북구,정릉1동,공연,0.0005751618412411667,0.0005765026126415645,41,83.92682926829268
대중교통,성북구,정릉1동,관광지,0.00010288873794101219,0.00010267910922720222,41,17.951219512195124
대중교통,성북구,정릉1동,미술,0.0020717238784171764,0.00206609731536753,41,337.7317073170732
대중교통,성북구,정릉1동,스포츠관람,3.151178172214721e-05,3.1700559123354154e-05,41,4.829268292682927
대중교통,성북구,정릉2동,공연,0.0005872433749128446,0.0005836719733185085,94,80.90425531914893
대중교통,성북구,정릉2동,관광지,0.00011259229233910848,0.00010884910844910773,94,14.77659574468085
대중교통,성북구,정릉2동,미술,0.002190707624218942,0.002144174850712049,94,296.90425531914894
대중교통,성북구,정릉2동,스포츠관람,3.1194482226694794e-05,3.164552748216552e-05,92,4.510869565217392
대중교통,성북구,정릉3동,공연,0.0005283410753397428,0.0005318618816385124,282,61.62056737588652
대중교통,성북구,정릉3동,관광지,0.00011831338150222208,0.00011116744002474254,260,8.930769230769231
대중교통,성북구,정릉3동,미술,0.002064238828624036,0.0019685207886857227,313,176.3003194888179
대중교통,성북구,정릉3동,스포츠관람,2.842895611125267e-05,3.0786108773100397e-05,180,3.25
대중교통,성북구,정릉4동,공연,0.00038820486263858764,0.0004490541285925738,137,47.2992700729927
대중교통,성북구,정릉4동,관광지,9.651584702601857e-05,9.722946466308543e-05,125,8.824
대중교통,성북구,정릉4동,미술,0.001570779845105214,0.0015076864171573259,175,131.42285714285714
대중교통,성북구,정릉4동,스포츠관람,2.940401735210157e-05,3.126837137958062e-05,57,3.6842105263157894
대중교통,성북구,종암동,공연,0.0005269590841535562,0.0005261008494415827,142,80.72535211267606
대중교통,성북구,종암동,관광지,9.493842431749217e-05,9.104887608860494e-05,142,15.971830985915492
대중교통,성북구,종암동,미술,0.0017629044163026018,0.0017445374546333175,142,319.056338028169
대중교통,성북구,종암동,스포츠관람,2.905363076891533e-05,2.9854982930269986e-05,140,4.0
대중교통,송파구,가락1동,공연,0.00023247324555283088,0.0002285241880519085,137,15.861313868613138
대중교통,송파구,가락1동,관광지,9.864589557645439e-05,9.911158835917569e-05,137,8.94890510948905
대중교통,송파구,가락1동,미술,0.0015552699199172665,0.001494427310392142,138,121.6231884057971
대중교통,송파구,가락1동,스포츠관람,0.0001876092186294117,0.0001876092186294117,135,8.0
대중교통,송파구,가락2동,공연,0.00014465491679390173,0.00013963231657046333,90,10.022222222222222
대중교통,송파구,가락2동,관광지,9.489349947235203e-05,9.151405204098104e-05,90,8.577777777777778
대중교통,송파구,가락2동,미술,0.001485960610514516,0.0013903082006564288,92,103.25
대중교통,송파구,가락2동,스포츠관람,0.0001876092186294117,0.0001876092186294117,75,8.0
대중교통,송파구,가락본동,공연,0.00017296647079489922,0.0001761000997034003,104,13.413461538461538
대중교통,송파구,가락본동,관광지,9.455806281896123e-05,9.167663000198535e-05,104,9.173076923076923
대중교통,송파구,가락본동,미술,0.001490083401538546,0.001415554034965797,105,116.17142857142858
대중교통,송파구,가락본동,스포츠관람,0.00018760921862941168,0.0001876092186294117,104,8.0
대중교통,송파구,거여1동,공연,0.00012084335239590248,0.00012032873949144418,51,6.627450980392157
대중교통,송파구,거여1동,관광지,9.101865064604369e-05,9.04812936774923e-05,47,6.297872340425532
대중교통,송파구,거여1동,미술,0.0013631405837095515,0.001368162659987421,51,88.27450980392157
대중교통,송파구,거여1동,스포츠관람,0.00018760921862941173,0.0001876092186294117,11,8.0
대중교통,송파구,거여2동,공연,0.00011974866963512542,0.00011970782771049243,51,6.235294117647059
대중교통,송파구,거여2동,관광지,9.1063880709694e-05,9.003088413623591e-05,51,4.96078431372549
대중교통,송파구,거여2동,미술,0.001367157809552329,0.001366515999484205,51,86.76470588235294
대중교통,송파구,거여2동,스포츠관람,0.0001876092186294117,0.0001876092186294117,1,8.0
대중교통,송파구,마천1동,공연,0.00011592251186708033,0.00011673944897195495,48,5.770833333333333
대중교통,송파구,마천1동,관광지,8.8511621535925e-05,8.891400436114385e-05,46,3.239130434782609
대중교통,송파구,마천1동,미술,0.0014443570626240594,0.0013597850190180873,53,70.69811320754717
대중교통,송파구,마천2동,공연,0.00011626578023437076,0.00011725820732310012,89,6.157303370786517
대중교통,송파구,마천2동,관광지,8.87649219026644e-05,8.975462750062378e-05,81,4.469135802469136
대중교통,송파구,마천2동,미술,0.0013510198449786786,0.0013546002612112955,89,80.98876404494382
대중교통,송파구,마천2동,스포츠관람,0.0001876092186294117,0.0001876092186294117,1,8.0
대중교통,송파구,문정1동,공연,0.00015981115848661732,0.00016425147061571233,63,10.34920634920635
대중교통,송파구,문정1동,관광지,0.0001025045311044833,0.00010320894644895261,63,8.714285714285714
대중교통,송파구,문정1동,미술,0.0014057177842661769,0.0014060692303417934,63,107.03174603174604
대중교통,송파구,문정1동,스포츠관람,0.0001876092186294117,0.0001876092186294117,57,8.0
대중교통,송파구,문정2동,공연,0.00017748486751840368,0.00017649664695831483,213,8.647887323943662
대중교통,송파구,문정2동,관광지,0.00012308322164257518,0.00011563475030717952,212,7.10377358490566
대중교통,송파구,문정2동,미술,0.00144065000883408,0.0014256437973873008,213,87.71830985915493
대중교통,송파구,문정2동,스포츠관람,0.0001876092186294117,0.0001876092186294117,99,8.0
대중교통,송파구,방이1동,공연,0.00016066961750868668,0.00015556599724912142,60,13.316666666666666
대중교통,송파구,방이1동,관광지,9.150209300310896e-05,9.146673817265466e-05,60,9.0
대중교통,송파구,방이1동,미술,0.0014034564353432504,0.0013911536314472673,60,118.93333333333334
대중교통,송파구,방이1동,스포츠관람,0.00018760921862941173,0.0001876092186294117,60,8.0
대중교통,송파구,방이2동,공연,0.0001966872648155949,0.00019286057013735014,75,17.186666666666667
대중교통,송파구,방이2동,관광지,9.231892545183719e-05,9.19397526901589e-05,75,9.32
대중교통,송파구,방이2동,미술,0.001659345426083993,0.0014682738099259817,76,139.05263157894737
대중교통,송파구,방이2동,스포츠관람,0.0004140102954639919,0.0001876092186294117,76,7.907894736842105
대중교통,송파구,삼전동,공연,0.00035109252370960103,0.00035395358572511853,95,29.42105263157895
대중교통,송파구,삼전동,관광지,9.482761687635358e-05,9.437239098506902e-05,95,9.042105263157895
대중교통,송파구,삼전동,미술,0.0016655870276968525,0.0016626923675759767,95,157.7157894736842
대중교통,송파구,삼전동,스포츠관람,0.0001876092186294117,0.0001876092186294117,95,8.0
대중교통,송파구,석촌동,공연,0.00025179543227367673,0.000247106981593291,94,22.170212765957448
대중교통,송파구,석촌동,관광지,9.32819476676779e-05,9.27732078441841e-05,94,9.297872340425531
대중교통,송파구,석촌동,미술,0.0015348133824716142,0.001521369178918949,94,146.96808510638297
대중교통,송파구,석촌동,스포츠관람,0.0001876092186294117,0.0001876092186294117,94,8.0
대중교통,송파구,송파1동,공연,0.00021432030079226997,0.000213953449819613,69,19.318840579710145
대중교통,송파구,송파1동,관광지,9.258137294020208e-05,9.209527378602005e-05,69,9.391304347826088
대중교통,송파구,송파1동,미술,0.0014860241887517981,0.0014838963725495515,69,144.63768115942028
대중교통,송파구,송파1동,스포츠관람,0.0001876092186294117,0.0001876092186294117,69,8.0
대중교통,송파구,송파2동,공연,0.00018856712540475914,0.00019252336590566427,59,15.11864406779661
대중교통,송파구,송파2동,관광지,0.0008513794894071733,9.174278042881987e-05,60,8.733333333333333
대중교통,송파구,송파2동,미술,0.0014425450455226305,0.001443002380966695,59,125.50847457627118
대중교통,송파구,송파2동,스포츠관람,0.0001876092186294117,0.0001876092186294117,59,8.0
대중교통,송파구,오금동,공연,0.00013410354372401031,0.00013199349507174625,162,9.555555555555555
대중교통,송파구,오금동,관광지,9.08456387074349e-05,9.10731339660375e-05,159,8.40251572327044
대중교통,송파구,오금동,미술,0.0014267622157839597,0.0013736829229566505,164,101.88414634146342
대중교통,송파구,오금동,스포츠관람,0.0001876092186294117,0.0001876092186294117,124,8.0
대중교통,송파구,오륜동,공연,0.00013458190937391126,0.00012519007643051357,311,9.52411575562701
대중교통,송파구,오륜동,관광지,9.009547147042373e-05,9.00173812481976e-05,311,7.765273311897106
대중교통,송파구,오륜동,미술,0.0014160470494080422,0.0013585298687579788,312,104.24038461538461
대중교통,송파구,오륜동,스포츠관람,0.0002931704569081117,0.0001876092186294117,163,7.957055214723926
대중교통,송파구,위례동,공연,0.00012339911451628673,0.0001233922356268917,226,5.207964601769912
대중교통,송파구,위례동,관광지,0.00011632630499987167,0.00012084500675592141,216,4.435185185185185
대중교통,송파구,위례동,미술,0.0013906877259134188,0.001385876586499339,231,71.05627705627705
대중교통,송파구,잠실2동,공연,0.0003006648428044861,0.0003242216519939647,213,15.23943661971831
대중교통,송파구,잠실2동,관광지,9.630038769890869e-05,9.488270568525691e-05,210,6.90952380952381
대중교통,송파구,잠실2동,미술,0.005210100106956315,0.001768619730559695,266,76.38721804511279
대중교통,송파구,잠실2동,스포츠관람,0.0014513621220902325,0.0001876092186294117,177,7.4858757062146895
대중교통,송파구,잠실3동,공연,0.00028215602882160237,0.0002770956037759688,155,24.55483870967742
대중교통,송파구,잠실3동,관광지,9.390945261089777e-05,9.404496269757688e-05,155,10.012903225806452
대중교통,송파구,잠실3동,미술,0.0015924695603708081,0.0015842207422815374,155,157.5483870967742
대중교통,송파구,잠실3동,스포츠관람,0.0001876092186294117,0.0001876092186294117,151,8.0
대중교통,송파구,잠실4동,공연,0.0001945231901278006,0.00019879249937528276,72,16.319444444444443
대중교통,송파구,잠실4동,관광지,9.248293475909291e-05,9.308055812864172e-05,72,9.76388888888889
대중교통,송파구,잠실4동,미술,0.001838534789024833,0.0014831334638716657,79,128.08860759493672
대중교통,송파구,잠실4동,스포츠관람,0.0001876092186294117,0.0001876092186294117,70,8.0
대중교통,송파구,잠실6동,공연,0.00021949675569841583,0.00022176898748055144,148,17.277027027027028
대중교통,송파구,잠실6동,관광지,0.00039926230643273726,9.376822471762099e-05,149,9.751677852348994
대중교통,송파구,잠실6동,미술,0.0015978897502123724,0.0015076013501019976,152,135.26973684210526
대중교통,송파구,잠실6동,스포츠관람,0.0001876092186294117,0.0001876092186294117,113,8.0
대중교통,송파구,잠실7동,공연,0.00046121638136651397,0.0004581877365909675,71,31.183098591549296
대중교통,송파구,잠실7동,관광지,9.697627602873427e-05,9.636174316908489e-05,71,8.338028169014084
대중교통,송파구,잠실7동,미술,0.0022853136523182807,0.001911904673968141,72,148.25
대중교통,송파구,잠실7동,스포츠관람,0.00042658813306591304,0.0001876092186294117,72,7.902777777777778
대중교통,송파구,잠실본동,공연,0.0004126161992630422,0.00041315178076292204,103,31.611650485436893
대중교통,송파구,잠실본동,관광지,9.536450210348846e-05,9.528081698009506e-05,103,8.611650485436893
대중교통,송파구,잠실본동,미술,0.0018426072804599166,0.0017863392671618585,103,158.2233009708738
대중교통,송파구,잠실본동,스포츠관람,0.0001876092186294117,0.0001876092186294117,101,8.0
대중교통,송파구,장지동,공연,0.00013319326826157445,0.00012854759610847385,123,6.739837398373984
대중교통,송파구,장지동,관광지,0.0005020930194254971,0.00011458245425272446,117,7.3931623931623935
대중교통,송파구,장지동,미술,0.0013893910154012764,0.001395576150442854,125,87.992
대중교통,송파구,장지동,스포츠관람,0.0001876092186294117,0.0001876092186294117,42,8.0
대중교통,송파구,풍납1동,공연,0.00014208626344665922,0.0001449004511123277,98,10.36734693877551
대중교통,송파구,풍납1동,관광지,8.797867309644824e-05,9.113153663914942e-05,105,8.161904761904761
대중교통,송파구,풍납1동,미술,0.001356455736085396,0.0013679183822191351,107,104.54205607476635
대중교통,송파구,풍납1동,스포츠관람,0.00018760921862941168,0.0001876092186294117,43,8.0
대중교통,송파구,풍납2동,공연,0.00015795308876032446,0.00016002587507033474,253,11.41501976284585
대중교통,송파구,풍납2동,관광지,9.071727083592748e-05,9.193298311288997e-05,257,8.638132295719844
대중교통,송파구,풍납2동,미술,0.0013889543785821537,0.0014013233199741228,257,112.4863813229572
대중교통,송파구,풍납2동,스포츠관람,0.0001876092186294117,0.0001876092186294117,136,8.0
대중교통,양천구,목1동,공연,0.00024669761640241597,0.0002388534151113206,140,35.457142857142856
대중교통,양천구,목1동,관광지,7.222603351727404e-05,7.178880395272808e-05,140,11.678571428571429
대중교통,양천구,목1동,미술,0.0013470117045552728,0.0013220220842083583,140,209.97857142857143
대중교통,양천구,목1동,스포츠관람,1.2386984486372107e-05,1.2652423501008908e-05,140,1.7214285714285715
대중교통,양천구,목2동,공연,0.0002603767760132956,0.00025748659148742536,101,33.02970297029703
대중교통,양천구,목2동,관광지,6.490218161483042e-05,6.468091147514682e-05,101,8.970297029702971
대중교통,양천구,목2동,미술,0.0013672809807876258,0.0013484557842738058,102,189.35294117647058
대중교통,양천구,목2동,스포츠관람,1.3749368207279237e-05,1.4188808321383569e-05,98,1.7244897959183674
대중교통,양천구,목3동,공연,0.00022697391785990695,0.0002284505917109941,49,31.26530612244898
대중교통,양천구,목3동,관광지,6.260971982899046e-05,6.244481596789953e-05,49,9.0
대중교통,양천구,목3동,미술,0.001302755169842411,0.0012833656526689524,50,171.28
대중교통,양천구,목3동,스포츠관람,1.4490566011939958e-05,1.449123718052828e-05,47,1.872340425531915
대중교통,양천구,목4동,공연,0.00021375159923002238,0.00021420130896182595,52,31.942307692307693
대중교통,양천구,목4동,관광지,6.540066124198635e-05,6.54485432816858e-05,52,9.634615384615385
대중교통,양천구,목4동,미술,0.0012622408899997891,0.0012656893724596633,52,186.51923076923077
대중교통,양천구,목4동,스포츠관람,1.431314261969902e-05,1.4388957158441868e-05,52,1.9807692307692308
대중교통,양천구,목5동,공연,0.0002502859072772256,0.0002497386714723501,173,33.53757225433526
대중교통,양천구,목5동,관광지,6.85547726847259e-05,6.847377113679284e-05,173,9.670520231213873
대중교통,양천구,목5동,미술,0.0013536848874950952,0.001334102381853237,173,200.17341040462426
대중교통,양천구,목5동,스포츠관람,1.2796023657899762e-05,1.3285414265168819e-05,173,1.6878612716763006
대중교통,양천구,신월1동,공연,0.0001613281302503813,0.00016004298599766098,56,18.5
대중교통,양천구,신월1동,관광지,6.299185196593471e-05,6.299319162416324e-05,56,8.107142857142858
대중교통,양천구,신월1동,미술,0.0011746984045279169,0.0011747329537594396,56,128.76785714285714
대중교통,양천구,신월1동,스포츠관람,1.7858976910370104e-05,1.8032920669068916e-05,56,1.9821428571428572
대중교통,양천구,신월2동,공연,0.00017873947841675367,0.00017895128722381738,58,24.20689655172414
대중교통,양천구,신월2동,관광지,6.807006660780429e-05,6.801490945508216e-05,58,9.310344827586206
대중교통,양천구,신월2동,미술,0.0011937174754647715,0.0011910450510349516,58,153.89655172413794
대중교통,양천구,신월2동,스포츠관람,1.4216045058131277e-05,1.4803309111340838e-05,57,1.8771929824561404
대중교통,양천구,신월3동,공연,0.00015677825582482204,0.0001568811395464164,86,15.651162790697674
대중교통,양천구,신월3동,관광지,6.134290843831689e-05,6.106189828913497e-05,86,7.430232558139535
대중교통,양천구,신월3동,미술,0.0011597887870646107,0.0011630249638213315,86,114.68604651162791
대중교통,양천구,신월3동,스포츠관람,1.8897062772558404e-05,1.9150790375989352e-05,86,1.9186046511627908
대중교통,양천구,신월4동,공연,0.00016698658007207888,0.00016394530493426832,46,20.065217391304348
대중교통,양천구,신월4동,관광지,6.749789747124781e-05,6.741273219095119e-05,46,8.934782608695652
대중교통,양천구,신월4동,미술,0.0011841424711203899,0.0011694881048905817,46,136.7826086956522
대중교통,양천구,신월4동,스포츠관람,1.5578036849287763e-05,1.598980589034861e-05,45,1.8666666666666667
대중교통,양천구,신월5동,공연,0.00015849052331896898,0.00015985816946196578,63,13.158730158730158
대중교통,양천구,신월5동,관광지,5.606681738662697e-05,5.855033290395129e-05,63,6.190476190476191
대중교통,양천구,신월5동,미술,0.0011653120246964887,0.0011666164693772132,63,104.7936507936508
대중교통,양천구,신월5동,스포츠관람,1.9739241169294853e-05,1.9359138943709286e-05,63,1.6349206349206349
대중교통,양천구,신월6동,공연,0.00015674289422099,0.00015665517289838014,43,18.953488372093023
대중교통,양천구,신월6동,관광지,6.708141549825179e-05,6.693385013532682e-05,43,9.0
대중교통,양천구,신월6동,미술,0.0011520148926553874,0.0011549559226411328,43,134.3953488372093
대중교통,양천구,신월6동,스포츠관람,1.544469459660937e-05,1.5360964884386035e-05,43,2.0
대중교통,양천구,신월7동,공연,0.00015265500871351732,0.00015435041793950683,122,15.131147540983607
대중교통,양천구,신월7동,관광지,6.603612794404368e-05,6.588120284893771e-05,122,6.967213114754099
대중교통,양천구,신월7동,미술,0.0011416501544448461,0.0011467242914478058,122,113.64754098360656
대중교통,양천구,신월7동,스포츠관람,1.7093695963659374e-05,1.700820316400031e-05,122,1.9180327868852458
대중교통,양천구,신정1동,공연,0.00019543847907714786,0.000195913259457836,76,31.80263157894737
대중교통,양천구,신정1동,관광지,6.966215667418102e-05,6.951091330783265e-05,76,11.736842105263158
대중교통,양천구,신정1동,미술,0.0012213532501132254,0.0012221621465985089,76,194.31578947368422
대중교통,양천구,신정1동,스포츠관람,1.3289193718650805e-05,1.33330922915954e-05,76,2.0
대중교통,양천구,신정2동,공연,0.00022442920777131098,0.000231208660354024,52,34.28846153846154
대중교통,양천구,신정2동,관광지,7.255302308567258e-05,7.268584628662903e-05,52,12.788461538461538
대중교통,양천구,신정2동,미술,0.001286702882588268,0.0012966290411600737,52,209.6346153846154
대중교통,양천구,신정2동,스포츠관람,1.1890689690652265e-05,1.2144483479805053e-05,52,1.7115384615384615
대중교통,양천구,신정3동,공연,0.0002902807106666848,0.0001573935121904029,276,20.496376811594203
대중교통,양천구,신정3동,관광지,6.843531474722265e-05,6.861913758325635e-05,274,9.434306569343066
대중교통,양천구,신정3동,미술,0.001280466939465257,0.0011550731683314152,276,141.52173913043478
대중교통,양천구,신정3동,스포츠관람,1.4238437208487973e-05,1.4212660419849073e-05,274,1.9854014598540146
대중교통,양천구,신정4동,공연,0.0002078574222630377,0.0002058246078142351,98,32.234693877551024
대중교통,양천구,신정4동,관광지,6.974883519723336e-05,6.941559933513287e-05,98,11.122448979591837
대중교통,양천구,신정4동,미술,0.001255075462661283,0.0012418432352498923,98,191.0204081632653
대중교통,양천구,신정4동,스포츠관람,1.3690902419235242e-05,1.3712506794751652e-05,98,1.9285714285714286
대중교통,양천구,신정6동,공연,0.0002107007089531722,0.00021195325150751885,96,33.083333333333336
대중교통,양천구,신정6동,관광지,7.169818947923574e-05,7.181761921592485e-05,96,12.854166666666666
대중교통,양천구,신정6동,미술,0.0012556990760047174,0.001257646347397206,96,207.96875
대중교통,양천구,신정6동,스포츠관람,1.2050708744866549e-05,1.1989326593337877e-05,96,1.8958333333333333
대중교통,양천구,신정7동,공연,0.0001848036151632637,0.00018736063100591348,122,27.778688524590162
대중교통,양천구,신정7동,관광지,7.149629939239067e-05,7.126810555969625e-05,122,12.237704918032787
대중교통,양천구,신정7동,미술,0.0012018341348708664,0.001207516023506913,122,186.7622950819672
대중교통,양천구,신정7동,스포츠관람,1.177161786536911e-05,1.1935971989182582e-05,122,1.7131147540983607
대중교통,영등포구,당산1동,공연,0.00031915034498394504,0.00028524165367770863,72,41.44444444444444
대중교통,영등포구,당산1동,관광지,7.943998738663903e-05,7.920090587435059e-05,71,13.380281690140846
대중교통,영등포구,당산1동,미술,0.0041171032995462814,0.0014587483067485243,76,230.76315789473685
대중교통,영등포구,당산1동,스포츠관람,1.2823778214207176e-05,1.0930451109883283e-05,71,1.9014084507042253
대중교통,영등포구,당산2동,공연,0.00030275830122484805,0.0003173274580107041,154,37.188311688311686
대중교통,영등포구,당산2동,관광지,7.550257178459586e-05,7.77977866475602e-05,154,11.448051948051948
대중교통,영등포구,당산2동,미술,0.001828130024554608,0.001552189115526182,155,215.68387096774194
대중교통,영등포구,당산2동,스포츠관람,1.692775227838976e-05,1.7131441593793785e-05,130,2.7846153846153845
대중교통,영등포구,대림1동,공연,0.00019225121759456804,0.00019016310348543618,50,28.22
대중교통,영등포구,대림1동,관광지,7.786268199659216e-05,7.791410638895315e-05,50,12.06
대중교통,영등포구,대림1동,미술,0.001247323201467383,0.0012508923648902968,50,195.82
대중교통,영등포구,대림1동,스포츠관람,1.0930451109883283e-05,1.0930451109883283e-05,50,1.0
대중교통,영등포구,대림2동,공연,0.00016783432765522384,0.000166538626196177,52,21.78846153846154
대중교통,영등포구,대림2동,관광지,7.711053793263497e-05,7.716326108283656e-05,52,11.23076923076923
대중교통,영등포구,대림2동,미술,0.0012749011927671897,0.0011959125110437686,57,156.12280701754386
대중교통,영등포구,대림2동,스포츠관람,1.0930451109883283e-05,1.0930451109883283e-05,52,1.0
대중교통,영등포구,대림3동,공연,0.00020748864160127306,0.00020693522516161217,90,31.42222222222222
대중교통,영등포구,대림3동,관광지,7.778683090918052e-05,7.787907941780953e-05,90,12.088888888888889
대중교통,영등포구,대림3동,미술,0.0023795788799714163,0.0012759954847693976,93,199.0
대중교통,영등포구,대림3동,스포츠관람,1.0930451109883283e-05,1.0930451109883283e-05,90,1.0
대중교통,영등포구,도림동,공연,0.00025022577187787723,0.0002462423935632368,61,36.65573770491803
대중교통,영등포구,도림동,관광지,7.954956402964244e-05,7.858340737202114e-05,61,13.081967213114755
대중교통,영등포구,도림동,미술,0.0013543431728101898,0.0013432136013191557,61,224.8360655737705
대중교통,영등포구,도림동,스포츠관람,1.1889702987593907e-05,1.0930451109883283e-05,61,1.459016393442623
대중교통,영등포구,문래동,공연,0.000250044778805652,0.0002618796637067336,176,37.26704545454545
대중교통,영등포구,문래동,관광지,7.985515185006506e-05,7.743717885668501e-05,177,12.819209039548022
대중교통,영등포구,문래동,미술,0.001364251405214256,0.00138289447979985,176,230.0965909090909
대중교통,영등포구,문래동,스포츠관람,1.1510551791765152e-05,1.0930451109883283e-05,176,1.375
대중교통,영등포구,신길1동,공연,0.00029906315740899206,0.0002981149851739827,65,40.23076923076923
대중교통,영등포구,신길1동,관광지,9.131842559572115e-05,8.525469365546387e-05,66,14.696969696969697
대중교통,영등포구,신길1동,미술,0.0014879203243121474,0.0014906001482694322,65,237.4
대중교통,영등포구,신길1동,스포츠관람,1.611106212550209e-05,1.6970371309335345e-05,65,2.5384615384615383
대중교통,영등포구,신길3동,공연,0.0002534038563806682,0.00025124780282454156,50,37.16
대중교통,영등포구,신길3동,관광지,8.049744528229549e-05,8.081867882841069e-05,50,13.54
대중교통,영등포구,신길3동,미술,0.0013545252265316026,0.0013481806165673207,50,223.1
대중교통,영등포구,신길3동,스포츠관람,1.2253376226162393e-05,1.0930451109883283e-05,50,1.64
대중교통,영등포구,신길4동,공연,0.0002693776432022142,0.00027177488073875994,33,38.09090909090909
대중교통,영등포구,신길4동,관광지,8.21731219820364e-05,8.233623242113378e-05,33,13.424242424242424
대중교통,영등포구,신길4동,미술,0.0013887077520715687,0.0013864227552566736,33,222.9090909090909
대중교통,영등포구,신길4동,스포츠관람,1.338245894091902e-05,1.4979081817748201e-05,33,2.0606060606060606
대중교통,영등포구,신길5동,공연,0.00022822429448335246,0.00022975678206639788,50,35.02
대중교통,영등포구,신길5동,관광지,7.903696052989214e-05,7.853808069380145e-05,50,12.88
대중교통,영등포구,신길5동,미술,0.001306378039061071,0.0013067467265244926,50,213.42
대중교통,영등포구,신길5동,스포츠관람,1.1011130971968432e-05,1.0930451109883283e-05,50,1.04
대중교통,영등포구,신길6동,공연,0.00022942895543643323,0.00023401272007041076,63,33.53968253968254
대중교통,영등포구,신길6동,관광지,8.014840830854314e-05,8.026790110635401e-05,63,12.825396825396826
대중교통,영등포구,신길6동,미술,0.0013253079013466648,0.0013180008077701563,64,204.609375
대중교통,영등포구,신길6동,스포츠관람,1.104867433396218e-05,1.0930451109883283e-05,63,1.0317460317460319
대중교통,영등포구,신길7동,공연,0.0002794292045447851,0.00027805385096908724,61,39.19672131147541
대중교통,영등포구,신길7동,관광지,9.702739682784815e-05,8.344787157828822e-05,63,13.523809523809524
대중교통,영등포구,신길7동,미술,0.00142470993591572,0.0014132335666723207,61,228.327868852459
대중교통,영등포구,신길7동,스포츠관람,1.4718434854223282e-05,1.4632290284616197e-05,61,2.0327868852459017
대중교통,영등포구,양평1동,공연,0.0002671790288492931,0.00027433539560034996,96,37.979166666666664
대중교통,영등포구,양평1동,관광지,7.581669476715272e-05,7.605330452346867e-05,96,12.604166666666666
대중교통,영등포구,양평1동,미술,0.0014751755179801432,0.0014124491448601097,98,221.35714285714286
대중교통,영등포구,양평1동,스포츠관람,1.1664481406454841e-05,1.0930451109883283e-05,96,1.5208333333333333
대중교통,영등포구,양평2동,공연,0.00028237208628440917,0.00030831780195927813,284,30.088028169014084
대중교통,영등포구,양평2동,관광지,6.613846540692128e-05,7.285282006390312e-05,284,8.264084507042254
대중교통,영등포구,양평2동,미술,0.0014573815654138494,0.0015033347164332272,286,170.94755244755245
대중교통,영등포구,양평2동,스포츠관람,1.4144445897352355e-05,1.4855238164780655e-05,191,2.026178010471204
대중교통,영등포구,여의동,공연,0.0004022927474778831,0.00039084251769507796,825,35.72969696969697
대중교통,영등포구,여의동,관광지,9.918269922701891e-05,9.746616116722959e-05,803,11.951432129514322
대중교통,영등포구,여의동,미술,0.0019341862316483954,0.0018872007525249977,829,192.22436670687574
대중교통,영등포구,여의동,스포츠관람,2.7459135972457912e-05,2.817356958427499e-05,611,3.993453355155483
대중교통,영등포구,영등포동,공연,0.0003396211841062499,0.0003063100688603141,135,43.50370370370371
대중교통,영등포구,영등포동,관광지,8.333585339479733e-05,8.225531874280292e-05,133,15.518796992481203
대중교통,영등포구,영등포동,미술,0.0015848381290919284,0.0015234136571371784,135,257.5037037037037
대중교통,영등포구,영등포동,스포츠관람,1.69625478009702e-05,1.6682586534489198e-05,130,3.2153846153846155
대중교통,영등포구,영등포본동,공연,0.00034447768830642015,0.00029061000863009047,81,38.48148148148148
대중교통,영등포구,영등포본동,관광지,9.79319935180708e-05,8.322272934295597e-05,82,13.804878048780488
대중교통,영등포구,영등포본동,미술,0.0015568617230768116,0.0014528359499799504,81,227.44444444444446
대중교통,영등포구,영등포본동,스포츠관람,1.5374520722544994e-05,1.5828581609946624e-05,79,2.607594936708861
대중교통,용산구,남영동,공연,0.0016488015134426628,0.0006568097253289091,110,99.02727272727273
대중교통,용산구,남영동,관광지,0.00018441553365070208,0.00018007360453921773,109,14.321100917431192
대중교통,용산구,남영동,미술,0.0029544193458303962,0.0029382768109287574,109,324.20183486238534
대중교통,용산구,남영동,스포츠관람,3.3871106018301554e-05,3.4065175626863475e-05,108,5.0
대중교통,용산구,보광동,공연,0.0006844804679395866,0.00068357185699536,71,101.35211267605634
대중교통,용산구,보광동,관광지,0.0001884102665667684,0.00018821508689872014,71,13.253521126760564
대중교통,용산구,보광동,미술,0.002918938550211022,0.0029201030024140146,71,288.19718309859155
대중교통,용산구,보광동,스포츠관람,3.122417778788092e-05,3.114659242556476e-05,71,5.0
대중교통,용산구,서빙고동,공연,0.0006469425689370828,0.0006688020330204716,268,69.02985074626865
대중교통,용산구,서빙고동,관광지,0.000186935183399397,0.00018563727278186868,271,11.22509225092251
대중교통,용산구,서빙고동,미술,0.0027837657106681442,0.002821776829239442,269,234.95539033457248
대중교통,용산구,서빙고동,스포츠관람,3.1198862396349464e-05,3.2523890156677874e-05,244,4.622950819672131
대중교통,용산구,용문동,공연,0.0005784712709644871,0.000587905730488278,26,92.3076923076923
대중교통,용산구,용문동,관광지,0.00018366306217706269,0.00016326330506564288,28,16.857142857142858
대중교통,용산구,용문동,미술,0.0026007917242764217,0.0026211756011226203,26,333.0769230769231
대중교통,용산구,용문동,스포츠관람,3.373924394927808e-05,3.3862202419078795e-05,26,5.0
대중교통,용산구,용산2가동,공연,0.0006994094553682269,0.000687917322215584,199,80.43718592964824
대중교통,용산구,용산2가동,관광지,0.00019759455365434884,0.00019878402988864958,198,11.818181818181818
대중교통,용산구,용산2가동,미술,0.003017435098159421,0.002996463250894745,199,249.8643216080402
대중교통,용산구,용산2가동,스포츠관람,3.333678258909072e-05,3.329367944295498e-05,195,4.887179487179488
대중교통,용산구,원효로1동,공연,0.0006239013940816547,0.0006278025835496052,59,107.2542372881356
대중교통,용산구,원효로1동,관광지,0.00017728095815739366,0.0001727510801764092,60,17.233333333333334
대중교통,용산구,원효로1동,미술,0.002762518554449829,0.00276839109268757,59,349.1525423728813
대중교통,용산구,원효로1동,스포츠관람,3.406022337083569e-05,3.406906235692355e-05,59,5.0
대중교통,용산구,원효로2동,공연,0.0005550105679436819,0.000555852016983336,67,83.19402985074628
대중교통,용산구,원효로2동,관광지,0.00015219228257858244,0.0001540610991933592,67,18.37313432835821
대중교통,용산구,원효로2동,미술,0.002516248794597447,0.002524859331813422,67,323.9850746268657
대중교통,용산구,원효로2동,스포츠관람,3.347940796576729e-05,3.369020091930815e-05,67,5.044776119402985
대중교통,용산구,이촌1동,공연,0.0006774531901483098,0.0005247521536166677,279,31.706093189964157
대중교통,용산구,이촌1동,관광지,0.00015308369192649265,0.00015800646221603018,280,8.382142857142858
대중교통,용산구,이촌1동,미술,0.0024536394277004437,0.0022683269693503285,284,146.88028169014083
대중교통,용산구,이촌1동,스포츠관람,3.192678603471497e-05,3.2757455877825213e-05,169,3.9585798816568047
대중교통,용산구,이촌2동,공연,0.0004776142368405946,0.000499285064466216,99,40.60606060606061
대중교통,용산구,이촌2동,관광지,0.00020472185532265528,0.0001505194842506262,112,10.508928571428571
대중교통,용산구,이촌2동,미술,0.00215394627640755,0.0021970278180289573,99,196.4949494949495
대중교통,용산구,이촌2동,스포츠관람,3.281304813159957e-05,3.3496166655484185e-05,78,4.115384615384615
대중교통,용산구,이태원1동,공연,0.0007422329928046264,0.0006781899073236964,59,111.01694915254237
대중교통,용산구,이태원1동,관광지,0.00019224373296536807,0.0001916292827637998,56,14.607142857142858
대중교통,용산구,이태원1동,미술,0.0029427923976965923,0.002913689740220498,59,312.5762711864407
대중교통,용산구,이태원1동,스포츠관람,3.2051142748959085e-05,3.176093307487276e-05,56,5.0
대중교통,용산구,이태원2동,공연,0.000695573304254116,0.0006926991961792426,84,98.3452380952381
대중교통,용산구,이태원2동,관광지,0.0002022881057123217,0.00020211386322223628,84,12.464285714285714
대중교통,용산구,이태원2동,미술,0.003069301049401603,0.0030532086153124277,84,278.4404761904762
대중교통,용산구,이태원2동,스포츠관람,3.2988770292157e-05,3.388338179024974e-05,84,5.0
대중교통,용산구,청파동,공연,0.0006435906401565758,0.0006448399764400944,91,103.23076923076923
대중교통,용산구,청파동,관광지,0.00017155570213350755,0.0001721502966886606,91,14.87912087912088
대중교통,용산구,청파동,미술,0.0028952443032114437,0.002901201278398398,91,335.54945054945057
대중교통,용산구,청파동,스포츠관람,3.398013004977411e-05,3.40147646703324e-05,91,5.0
대중교통,용산구,한강로동,공연,0.003903086064224557,0.0005962092317574923,273,70.9010989010989
대중교통,용산구,한강로동,관광지,0.00018924667178739208,0.00017006242122422755,270,14.466666666666667
대중교통,용산구,한강로동,미술,0.0026078326715232884,0.0025846314985298246,256,286.85546875
대중교통,용산구,한강로동,스포츠관람,3.345986321580695e-05,3.355616718361968e-05,251,4.856573705179283
대중교통,용산구,한남동,공연,0.0006918708786086288,0.000687047960146679,299,102.0
대중교통,용산구,한남동,관광지,0.0001875719595875089,0.0001846721711648471,302,13.533112582781458
대중교통,용산구,한남동,미술,0.0029071345974011104,0.002905047418825526,299,293.7792642140468
대중교통,용산구,한남동,스포츠관람,2.9775028035447975e-05,3.005761063816621e-05,298,4.916107382550336
대중교통,용산구,효창동,공연,0.0006099616319441614,0.0006137358352571751,45,100.28888888888889
대중교통,용산구,효창동,관광지,0.00016690214982886735,0.00016762962111420253,45,16.6
대중교통,용산구,효창동,미술,0.0027353676992036753,0.0027254756178946345,45,333.8222222222222
대중교통,용산구,효창동,스포츠관람,3.3757432844106446e-05,3.378465883300986e-05,45,5.0
대중교통,용산구,후암동,공연,0.0006821635430566774,0.0006745320334229445,85,97.78823529411764
대중교통,용산구,후암동,관광지,0.00019188468392925377,0.00018141279032396083,85,12.83529411764706
대중교통,용산구,후암동,미술,0.0030984436832308246,0.0030438257291986433,85,302.83529411764704
대중교통,용산구,후암동,스포츠관람,3.413220061495064e-05,3.4080566803904016e-05,85,5.0
대중교통,은평구,갈현1동,공연,0.00024292781554557304,0.00019092058010750123,92,8.717391304347826
대중교통,은평구,갈현1동,관광지,0.0002684022664505766,6.117078056995664e-05,17,1.2941176470588236
대중교통,은평구,갈현1동,미술,0.0019312438812350095,0.0012157934090336114,92,53.80434782608695
대중교통,은평구,갈현1동,스포츠관람,0.0002472899003304563,2.7627766794055895e-05,32,1.84375
대중교통,은평구,갈현2동,공연,0.00023625866765017992,0.0002470710491515191,99,15.242424242424242
대중교통,은평구,갈현2동,관광지,6.291181764888256e-05,6.117078056995664e-05,42,2.2857142857142856
대중교통,은평구,갈현2동,미술,0.001968763781423492,0.001304696638055922,100,82.76
대중교통,은평구,갈현2동,스포츠관람,2.789175309233833e-05,2.940299880561335e-05,59,2.288135593220339
대중교통,은평구,구산동,공연,0.0002425194099917378,0.0002505261568916014,140,17.5
대중교통,은평구,구산동,관광지,4.891260079069163e-05,4.7080171246959514e-05,78,1.8846153846153846
대중교통,은평구,구산동,미술,0.0013209181722873427,0.001295774703026674,140,86.02142857142857
대중교통,은평구,구산동,스포츠관람,2.7382988605444794e-05,2.762849953117428e-05,84,2.0595238095238093
대중교통,은평구,녹번동,공연,0.00040338162843751087,0.000400965237591099,177,38.67796610169491
대중교통,은평구,녹번동,관광지,0.0001045163281441619,0.00010897664798476693,164,6.054878048780488
대중교통,은평구,녹번동,미술,0.0022542127850866686,0.002036634306869655,181,184.69060773480663
대중교통,은평구,녹번동,스포츠관람,3.215876399350418e-05,3.334512320675674e-05,171,3.6374269005847952
대중교통,은평구,대조동,공연,0.0003573549804846964,0.0003051541367026063,85,26.95294117647059
대중교통,은평구,대조동,관광지,0.00012685574510358342,8.543516424215443e-05,81,4.1234567901234565
대중교통,은평구,대조동,미술,0.0016874024362982646,0.0016836987293384633,84,157.85714285714286
대중교통,은평구,대조동,스포츠관람,0.00011348125669858248,2.9477779881999453e-05,85,3.2
대중교통,은평구,불광1동,공연,0.0005214503672299441,0.0003075713096174234,266,16.81203007518797
대중교통,은평구,불광1동,관광지,0.00022688000509574929,0.0001037953714332177,152,3.710526315789474
대중교통,은평구,불광1동,미술,0.0016525858380070804,0.0015642173018516352,262,103.16030534351145
대중교통,은평구,불광1동,스포츠관람,0.0002661311807935502,2.9467754782926445e-05,179,2.815642458100559
대중교통,은평구,불광2동,공연,0.00029924066328200396,0.00023738822854479919,140,10.342857142857143
대중교통,은평구,불광2동,관광지,6.415471557529025e-05,6.117078056995664e-05,37,1.2432432432432432
대중교통,은평구,불광2동,미술,0.001405281549023714,0.0012686461963620907,138,63.07971014492754
대중교통,은평구,불광2동,스포츠관람,2.723890173981126e-05,2.762732528906147e-05,72,2.013888888888889
대중교통,은평구,수색동,공연,0.00031794213629865226,0.00031696859158970717,126,30.46825396825397
대중교통,은평구,수색동,관광지,6.681720367199297e-05,5.000845201942553e-05,130,3.8846153846153846
대중교통,은평구,수색동,미술,0.0014372657286673284,0.001422271292120506,126,138.34126984126985
대중교통,은평구,수색동,스포츠관람,2.8519379629460672e-05,2.8171281375097604e-05,48,2.0833333333333335
대중교통,은평구,신사1동,공연,0.0003042695066440174,0.0003115531451151425,81,29.691358024691358
대중교통,은평구,신사1동,관광지,5.50143214386683e-05,5.262418977042636e-05,75,3.973333333333333
대중교통,은평구,신사1동,미술,0.0014966467010075464,0.001498488037445553,81,150.14814814814815
대중교통,은평구,신사1동,스포츠관람,2.910366695504142e-05,2.944669762531788e-05,68,2.7941176470588234
대중교통,은평구,신사2동,공연,0.0003599751899470599,0.00030807371667998854,105,27.97142857142857
대중교통,은평구,신사2동,관광지,0.00011736395673899515,4.51047021849788e-05,98,3.142857142857143
대중교통,은평구,신사2동,미술,0.001410792383466675,0.001412231164470974,103,126.64077669902913
대중교통,은평구,신사2동,스포츠관람,0.0002325373778601721,2.940141646733022e-05,69,2.3333333333333335
대중교통,은평구,역촌동,공연,0.0003110873693855778,0.0003104548279189272,114,29.0
대중교통,은평구,역촌동,관광지,6.626217658485333e-05,6.440660438065026e-05,110,4.327272727272727
대중교통,은평구,역촌동,미술,0.0015805074549314398,0.0015861138129974622,114,159.83333333333334
대중교통,은평구,역촌동,스포츠관람,2.9677401359839702e-05,2.9459284631532106e-05,109,2.9724770642201834
대중교통,은평구,응암1동,공연,0.0004282954218128716,0.0003988325894702481,110,42.78181818181818
대중교통,은평구,응암1동,관광지,0.00013081962793949766,0.0001022407586458932,103,6.514563106796117
대중교통,은평구,응암1동,미술,0.0018867716025240883,0.0019205018753899318,109,200.2018348623853
대중교통,은평구,응암1동,스포츠관람,9.826917518073896e-05,3.333281659739725e-05,107,3.7383177570093458
대중교통,은평구,응암2동,공연,0.0003611592455015098,0.00035993725345230543,76,33.51315789473684
대중교통,은평구,응암2동,관광지,7.331124112238543e-05,7.666682801537855e-05,68,4.779411764705882
대중교통,은평구,응암2동,미술,0.0016505256119167062,0.0016617728373537505,76,167.78947368421052
대중교통,은평구,응암2동,스포츠관람,3.0101054525412148e-05,2.9472214139411293e-05,71,3.084507042253521
대중교통,은평구,응암3동,공연,0.00035124219854598356,0.0003520531141886163,76,35.3421052631579
대중교통,은평구,응암3동,관광지,6.130430095173957e-05,6.050304671756941e-05,76,5.184210526315789
대중교통,은평구,응암3동,미술,0.0016000504858997304,0.0015990717176014003,76,168.94736842105263
대중교통,은평구,응암3동,스포츠관람,2.935420552710831e-05,2.9454085738013693e-05,73,2.863013698630137
대중교통,은평구,증산동,공연,0.0003303158675941714,0.00033801670298807466,80,33.175
대중교통,은평구,증산동,관광지,5.2667639538580265e-05,5.069423466010104e-05,80,5.025
대중교통,은평구,증산동,미술,0.0014866995823996259,0.0014821791069402992,80,145.5125
대중교통,은평구,증산동,스포츠관람,2.872314289774187e-05,2.817176467140871e-05,47,2.382978723404255
대중교통,은평구,진관동,공연,0.000181718070296815,0.00017560871614170117,811,4.617755856966708
대중교통,은평구,진관동,관광지,6.117078056995664e-05,6.117078056995664e-05,1,1.0
대중교통,은평구,진관동,미술,0.001468853221708195,0.0012773384604192136,987,28.89969604863222
대중교통,은평구,진관동,스포츠관람,2.525770863149178e-05,2.4640270931187036e-05,29,1.206896551724138
대중교통,종로구,가회동,공연,0.0006901326632112155,0.0006895468502557897,56,92.92857142857143
대중교통,종로구,가회동,관광지,0.00014688177944160717,0.00014729847197174182,56,13.089285714285714
대중교통,종로구,가회동,미술,0.0032151720543073877,0.0032079129515532405,56,298.92857142857144
대중교통,종로구,가회동,스포츠관람,3.467796318473261e-05,3.4667111084674186e-05,56,5.0
대중교통,종로구,교남동,공연,0.0006555177100454008,0.0006534872450348855,34,102.08823529411765
대중교통,종로구,교남동,관광지,0.00015478371197488912,0.00015525833829412386,34,14.0
대중교통,종로구,교남동,미술,0.0036393633649350306,0.0030052344550561606,34,322.3235294117647
대중교통,종로구,교남동,스포츠관람,3.4219768429935404e-05,3.4288417609508587e-05,34,5.0
대중교통,종로구,무악동,공연,0.0006493634444340653,0.0006459132057231425,30,94.43333333333334
대중교통,종로구,무악동,관광지,0.000145427081128645,0.0001493792013866514,30,11.4
대중교통,종로구,무악동,미술,0.005662706040903811,0.002966106747240181,38,218.52631578947367
대중교통,종로구,무악동,스포츠관람,3.38222690427117e-05,3.386245903811421e-05,30,5.0
대중교통,종로구,부암동,공연,0.0006221768152083519,0.0006533540817459787,221,63.547511312217196
대중교통,종로구,부암동,관광지,0.00011974664189342272,0.0001173088923230754,208,7.769230769230769
대중교통,종로구,부암동,미술,0.0030182254334152514,0.003144960040401661,227,201.37885462555067
대중교통,종로구,부암동,스포츠관람,3.368699338859686e-05,3.410635993003422e-05,209,4.37799043062201
대중교통,종로구,사직동,공연,0.0007024003434551973,0.0006701617974575067,119,98.84873949579831
대중교통,종로구,사직동,관광지,0.00015133044936804714,0.00015221267897707664,117,13.64102564102564
대중교통,종로구,사직동,미술,0.0039686723276641245,0.0031139322025111075,120,311.64166666666665
대중교통,종로구,사직동,스포츠관람,3.441745060507608e-05,3.4429152053264604e-05,117,5.0
대중교통,종로구,삼청동,공연,0.0006862070840130203,0.0006908588313461047,143,75.0909090909091
대중교통,종로구,삼청동,관광지,0.00013433350274365667,0.00013919748327520938,141,9.893617021276595
대중교통,종로구,삼청동,미술,0.0032926224787427666,0.0033108794546745854,143,221.33566433566435
대중교통,종로구,삼청동,스포츠관람,3.426427601826466e-05,3.477820382991195e-05,139,4.625899280575539
대중교통,종로구,숭인1동,공연,0.0006446822250276406,0.0006457156009064399,21,94.9047619047619
대중교통,종로구,숭인1동,관광지,0.0001418114066145059,0.00012551638725297355,22,16.318181818181817
대중교통,종로구,숭인1동,미술,0.002525861835392604,0.0025603018852860537,22,355.95454545454544
대중교통,종로구,숭인1동,스포츠관람,3.156666700850403e-05,3.155403248032459e-05,21,5.0
대중교통,종로구,숭인2동,공연,0.0006767623693272635,0.0006429885682007008,36,92.66666666666667
대중교통,종로구,숭인2동,관광지,0.00012330033882196014,0.0001237622128778714,35,18.285714285714285
대중교통,종로구,숭인2동,미술,0.0025559969435434374,0.0025310380142696065,36,364.30555555555554
대중교통,종로구,숭인2동,스포츠관람,3.15367574351314e-05,3.162374424457594e-05,35,5.0
대중교통,종로구,이화동,공연,0.003433651965817201,0.000676193474054625,80,85.675
대중교통,종로구,이화동,관광지,0.00013097681679274028,0.00013417935545327847,76,13.631578947368421
대중교통,종로구,이화동,미술,0.0030220366934146634,0.0029123389720073964,80,298.05
대중교통,종로구,이화동,스포츠관람,3.248871059259584e-05,3.2495482973051275e-05,76,4.973684210526316
대중교통,종로구,종로1·2·3·4가동,공연,0.0007209837307713486,0.0006808138331132164,232,98.64655172413794
대중교통,종로구,종로1·2·3·4가동,관광지,0.00014892073261494322,0.00014781286165876345,231,13.718614718614718
대중교통,종로구,종로1·2·3·4가동,미술,0.0032230628965861305,0.0030911603366879452,235,326.3829787234043
대중교통,종로구,종로1·2·3·4가동,스포츠관람,3.4102820023040966e-05,3.424265005615718e-05,230,5.0
대중교통,종로구,종로5·6가동,공연,0.0006782182807507484,0.0006791763924446287,57,98.2280701754386
대중교통,종로구,종로5·6가동,관광지,0.0001363460601114642,0.00013573611695083884,57,16.12280701754386
대중교통,종로구,종로5·6가동,미술,0.002885664748232427,0.00288971386401681,57,365.3157894736842
대중교통,종로구,종로5·6가동,스포츠관람,3.255176407491832e-05,3.262001602772546e-05,57,5.0
대중교통,종로구,창신1동,공연,0.0006577244294386431,0.0006567813532179167,23,97.6086956521739
대중교통,종로구,창신1동,관광지,0.00014484782760146978,0.0001297764227338493,24,16.916666666666668
대중교통,종로구,창신1동,미술,0.0026240876005258033,0.0026557066330703157,24,360.625
대중교통,종로구,창신1동,스포츠관람,3.183009818169798e-05,3.1851605323941244e-05,23,5.0
대중교통,종로구,창신2동,공연,0.0006589340009472952,0.0006668472484589348,25,85.32
대중교통,종로구,창신2동,관광지,0.00014938086937757607,0.00011853225441913194,27,11.444444444444445
대중교통,종로구,창신2동,미술,0.0026366054328755798,0.002718074592362136,27,264.7037037037037
대중교통,종로구,창신2동,스포츠관람,3.1051268798233906e-05,3.11294075364218e-05,25,4.96
대중교통,종로구,창신3동,공연,0.0006383200746075576,0.0006386770608575549,23,90.34782608695652
대중교통,종로구,창신3동,관광지,0.00011871052995857872,0.00012255831468229407,23,14.652173913043478
대중교통,종로구,창신3동,미술,0.0025302975365243787,0.0025239747725228257,23,337.82608695652175
대중교통,종로구,창신3동,스포츠관람,3.117329182525214e-05,3.129776816384089e-05,23,5.0
대중교통,종로구,청운효자동,공연,0.000679614467787473,0.0006796299395396374,255,84.32549019607843
대중교통,종로구,청운효자동,관광지,0.00013573065009887296,0.00014054571857638774,255,10.419607843137255
대중교통,종로구,청운효자동,미술,0.003382500933632674,0.0032569713886278213,255,253.521568627451
대중교통,종로구,청운효자동,스포츠관람,3.4325630185900114e-05,3.4329338847041215e-05,255,4.890196078431373
대중교통,종로구,평창동,공연,0.00046207132004450884,0.00044875754265732146,534,34.331460674157306
대중교통,종로구,평창동,관광지,0.00013112539978769126,0.00011976044194001901,368,5.198369565217392
대중교통,종로구,평창동,미술,0.005277238525504198,0.002845324038372462,742,86.52425876010781
대중교통,종로구,평창동,스포츠관람,3.108775342198601e-05,3.390784440840067e-05,265,3.049056603773585
대중교통,종로구,혜화동,공연,0.002676613091263429,0.0006674796519651545,105,84.55238095238096
대중교통,종로구,혜화동,관광지,0.0001287515628964579,0.00013019069784981537,103,14.077669902912621
대중교통,종로구,혜화동,미술,0.00297454001237865,0.0028516581521551695,105,288.43809523809523
대중교통,종로구,혜화동,스포츠관람,3.310535166544848e-05,3.2665000333472345e-05,103,5.0
대중교통,중구,광희동,공연,0.001558295165117053,0.0006786169855082315,67,99.17910447761194
대중교통,중구,광희동,관광지,0.00014700865301552207,0.00014533030621206552,64,17.015625
대중교통,중구,광희동,미술,0.00343433682446418,0.002852129404446609,69,347.39130434782606
대중교통,중구,광희동,스포츠관람,3.262049381682084e-05,3.262067577125933e-05,64,5.0
대중교통,중구,다산동,공연,0.0008228646397396883,0.0006789502394034406,51,85.49019607843137
대중교통,중구,다산동,관광지,0.00015707432608948074,0.00015354188725562475,45,15.2
대중교통,중구,다산동,미술,0.0028907836626750403,0.0028415894798930505,51,281.5882352941176
대중교통,중구,다산동,스포츠관람,3.0078873335122623e-05,3.0184951606598406e-05,45,5.0
대중교통,중구,동화동,공연,0.0006898036666533722,0.0006567959356728036,34,90.52941176470588
대중교통,중구,동화동,관광지,0.00013464524891067709,0.0001370721095816174,33,17.90909090909091
대중교통,중구,동화동,미술,0.0029000537754737834,0.0026704196854618113,35,317.85714285714283
대중교통,중구,동화동,스포츠관람,3.079556936346548e-05,3.078012527302811e-05,33,5.0
대중교통,중구,명동,공연,0.001881674110522924,0.0006815418833132684,91,105.91208791208791
대중교통,중구,명동,관광지,0.00016684161656509486,0.00016557757888740514,89,14.179775280898877
대중교통,중구,명동,미술,0.0031292149791995443,0.0030661938215343684,91,350.0769230769231
대중교통,중구,명동,스포츠관람,3.4460594207037936e-05,3.453143631166779e-05,89,5.0
대중교통,중구,소공동,공연,0.0006668183188090873,0.0006658324318526992,93,106.84946236559139
대중교통,중구,소공동,관광지,0.0001659432870868408,0.00016623554525840118,93,14.903225806451612
대중교통,중구,소공동,미술,0.0033264982131816717,0.0030362434037006815,94,349.6595744680851
대중교통,중구,소공동,스포츠관람,3.437061291147881e-05,3.440562637166676e-05,93,5.0
대중교통,중구,신당5동,공연,0.0006423111244653922,0.0006391230654363804,30,96.16666666666667
대중교통,중구,신당5동,관광지,0.00012820535579225644,0.0001281952123055381,30,20.0
대중교통,중구,신당5동,미술,0.003260169906914848,0.0025200004773880628,32,343.125
대중교통,중구,신당5동,스포츠관람,3.139426064202925e-05,3.147695790956409e-05,30,5.0
대중교통,중구,신당동,공연,0.0007991016702523084,0.0006602633093672481,55,88.9090909090909
대중교통,중구,신당동,관광지,0.00013602288466506768,0.00013609308699988765,49,19.06122448979592
대중교통,중구,신당동,미술,0.002778153065226856,0.002680442835332757,55,337.3090909090909
대중교통,중구,신당동,스포츠관람,3.2011215990800124e-05,3.205125076457512e-05,49,5.0
대중교통,중구,약수동,공연,0.0007955957352174839,0.0006712572907036303,49,88.81632653061224
대중교통,중구,약수동,관광지,0.00015781496332391637,0.00015170024399955624,44,15.840909090909092
대중교통,중구,약수동,미술,0.002850223874226759,0.0027982146416653886,49,283.1224489795918
대중교통,중구,약수동,스포츠관람,2.9200483308279782e-05,2.9252731581841497e-05,44,5.0
대중교통,중구,을지로동,공연,0.0007093031655151407,0.0006784222343838603,64,103.328125
대중교통,중구,을지로동,관광지,0.00014933389299127769,0.0001497485382317901,63,15.777777777777779
대중교통,중구,을지로동,미술,0.003741389843379504,0.002922379441576876,67,344.4925373134328
대중교통,중구,을지로동,스포츠관람,3.351710485163156e-05,3.349883589278939e-05,63,5.0
대중교통,중구,장충동,공연,0.0007068368227809285,0.0006868647907171564,103,91.2621359223301
대중교통,중구,장충동,관광지,0.0001567696831351482,0.0001534216679041974,103,14.097087378640778
대중교통,중구,장충동,미술,0.002891709057470044,0.002872868123196871,103,300.50485436893206
대중교통,중구,장충동,스포츠관람,3.001355066765264e-05,3.059355008135823e-05,102,4.882352941176471
대중교통,중구,중림동,공연,0.0006470805687480434,0.0006475135137558048,46,103.69565217391305
대중교통,중구,중림동,관광지,0.0001675204086281313,0.0001670040733412917,46,14.804347826086957
대중교통,중구,중림동,미술,0.004163156473510963,0.0029531850570801237,48,323.25
대중교통,중구,중림동,스포츠관람,3.4097130673321334e-05,3.405062931483421e-05,46,5.0
대중교통,중구,청구동,공연,0.0006590735146668964,0.0006600594630038726,34,92.3529411764706
대중교통,중구,청구동,관광지,0.00014090969647979743,0.00014408222122913665,34,16.294117647058822
대중교통,중구,청구동,미술,0.0026990995221152308,0.0027050277411118555,34,318.20588235294116
대중교통,중구,청구동,스포츠관람,2.9971038919065292e-05,3.0024024131694174e-05,34,5.0
대중교통,중구,필동,공연,0.001468741551848127,0.0006967115633499485,148,82.06756756756756
대중교통,중구,필동,관광지,0.0001633271156221447,0.00016214554338243495,146,11.60958904109589
대중교통,중구,필동,미술,0.0030739979247423953,0.003076069050416276,148,258.43243243243245
대중교통,중구,필동,스포츠관람,3.109138661663198e-05,3.401144630391067e-05,146,4.465753424657534
대중교통,중구,황학동,공연,0.0006420791008398284,0.0006448821216106072,29,96.72413793103448
대중교통,중구,황학동,관광지,0.00012602586416697985,0.00012787573601155035,29,19.82758620689655
대중교통,중구,황학동,미술,0.003933009228892223,0.002561927929570337,33,331.6969696969697
대중교통,중구,황학동,스포츠관람,3.1525559435452757e-05,3.152651436961237e-05,29,5.0
대중교통,중구,회현동,공연,0.0032480143960899816,0.0006783918942579273,85,101.75294117647059
대중교통,중구,회현동,관광지,0.00020638083431492854,0.00018274478822199482,87,13.218390804597702
대중교통,중구,회현동,미술,0.0031893709855858893,0.0030655077536943034,85,329.0
대중교통,중구,회현동,스포츠관람,3.4320556825739885e-05,3.429403877265998e-05,81,5.0
대중교통,중랑구,망우3동,공연,0.00010487580303478831,9.341892715504622e-05,93,6.086021505376344
대중교통,중랑구,망우3동,관광지,6.390349571818405e-05,6.318502521111621e-05,93,6.32258064516129
대중교통,중랑구,망우3동,미술,0.0011881661033838736,0.0011853280841754904,95,101.0421052631579
대중교통,중랑구,망우본동,공연,0.00010643303150345904,0.00010676677498077301,290,7.117241379310345
대중교통,중랑구,망우본동,관광지,7.415650065683443e-05,6.970715466620499e-05,293,7.805460750853243
대중교통,중랑구,망우본동,미술,0.0011584575305642526,0.001161014322390482,293,118.17064846416382
대중교통,중랑구,면목2동,공연,0.0003141149320824534,0.000320902571683014,73,50.54794520547945
대중교통,중랑구,면목2동,관광지,7.546440261527679e-05,7.513985189643123e-05,73,13.616438356164384
대중교통,중랑구,면목2동,미술,0.0012173279527600029,0.0012151192132951747,73,222.46575342465752
대중교통,중랑구,면목2동,스포츠관람,1.7258384749381257e-05,1.716182387511293e-05,57,1.0175438596491229
대중교통,중랑구,면목3·8동,공연,0.00014440700555409794,0.00012353098357154843,150,13.773333333333333
대중교통,중랑구,면목3·8동,관광지,6.62613798359477e-05,7.37133988723081e-05,161,6.956521739130435
대중교통,중랑구,면목3·8동,미술,0.0011995049466136155,0.001191068058556224,161,120.5527950310559
대중교통,중랑구,면목3·8동,스포츠관람,1.716182387511293e-05,1.716182387511293e-05,24,1.0
대중교통,중랑구,면목4동,공연,0.0002704380076793292,0.0002697308344764771,83,38.674698795180724
대중교통,중랑구,면목4동,관광지,0.00014357826852734982,8.63504584974474e-05,84,12.821428571428571
대중교통,중랑구,면목4동,미술,0.0013812013073553494,0.0012806733527128272,84,199.5595238095238
대중교통,중랑구,면목4동,스포츠관람,1.716182387511293e-05,1.716182387511293e-05,55,1.0
대중교통,중랑구,면목5동,공연,0.0003334224519311211,0.00032129684975683786,70,53.957142857142856
대중교통,중랑구,면목5동,관광지,8.155286874505389e-05,7.91353429025333e-05,70,12.657142857142857
대중교통,중랑구,면목5동,미술,0.0012666369242733814,0.00126443152102499,70,223.9857142857143
대중교통,중랑구,면목5동,스포츠관람,1.716182387511293e-05,1.716182387511293e-05,63,1.0
대중교통,중랑구,면목7동,공연,0.0001728681789535296,0.00013261380224712603,123,18.528455284552845
대중교통,중랑구,면목7동,관광지,0.00011131241382075474,7.847160270415019e-05,124,8.306451612903226
대중교통,중랑구,면목7동,미술,0.0012939926621184205,0.0012115687718619716,124,142.41935483870967
대중교통,중랑구,면목7동,스포츠관람,1.716182387511293e-05,1.716182387511293e-05,37,1.0
대중교통,중랑구,면목본동,공연,0.00019821124235273877,0.00019193254840486616,86,24.372093023255815
대중교통,중랑구,면목본동,관광지,7.569112610694055e-05,7.594402162676707e-05,86,11.918604651162791
대중교통,중랑구,면목본동,미술,0.001200777314820191,0.001199338099793103,86,189.8953488372093
대중교통,중랑구,면목본동,스포츠관람,1.716182387511293e-05,1.716182387511293e-05,21,1.0
대중교통,중랑구,묵1동,공연,0.00015609571348164684,0.00014651111738452036,121,22.24793388429752
대중교통,중랑구,묵1동,관광지,6.986637036597968e-05,7.019180386849341e-05,121,10.917355371900827
대중교통,중랑구,묵1동,미술,0.0012358016419970203,0.0010772663410410915,122,195.11475409836066
대중교통,중랑구,묵2동,공연,0.00016523808628726374,0.00014556531982063762,66,22.924242424242426
대중교통,중랑구,묵2동,관광지,6.813115638490263e-05,6.883535115833065e-05,66,10.787878787878787
대중교통,중랑구,묵2동,미술,0.0010524341282109103,0.0010760534825336497,66,185.36363636363637
대중교통,중랑구,상봉1동,공연,0.00016066561684253345,0.00014514450581395094,69,19.420289855072465
대중교통,중랑구,상봉1동,관광지,0.00015435828963672346,7.124300570936687e-05,86,8.988372093023257
대중교통,중랑구,상봉1동,미술,0.0011408141999874736,0.0011341043075115535,69,176.31884057971016
대중교통,중랑구,상봉1동,스포츠관람,1.716182387511293e-05,1.716182387511293e-05,4,1.0
대중교통,중랑구,상봉2동,공연,0.00029197431304350325,0.0002885785835315167,72,46.833333333333336
대중교통,중랑구,상봉2동,관광지,7.418626450975085e-05,7.402223289893956e-05,72,13.916666666666666
대중교통,중랑구,상봉2동,미술,0.0012008437592779069,0.0011904424357061382,72,220.79166666666666
대중교통,중랑구,상봉2동,스포츠관람,1.762195568314633e-05,1.716182387511293e-05,36,1.0833333333333333
대중교통,중랑구,신내1동,공연,0.00010431074222158164,0.00010549266095678227,223,9.547085201793722
대중교통,중랑구,신내1동,관광지,7.1612293752145e-05,7.00864996155753e-05,224,8.580357142857142
대중교통,중랑구,신내1동,미술,0.0011152177012573115,0.0011009168265353846,233,135.67811158798284
대중교통,중랑구,신내2동,공연,0.00011370378129476707,0.00011633099343115913,89,12.820224719101123
대중교통,중랑구,신내2동,관광지,7.038381950019853e-05,7.011060263553183e-05,89,9.786516853932584
대중교통,중랑구,신내2동,미술,0.001122468013760035,0.0010852578294787527,90,164.15555555555557
대중교통,중랑구,중화1동,공연,0.00017629010555957194,0.00015742784492317385,65,24.415384615384614
대중교통,중랑구,중화1동,관광지,6.931546689271464e-05,6.798942867956915e-05,65,11.323076923076924
대중교통,중랑구,중화1동,미술,0.001125651577670494,0.0011226164725582702,65,187.96923076923076
대중교통,중랑구,중화1동,스포츠관람,1.716182387511293e-05,1.716182387511293e-05,7,1.0
대중교통,중랑구,중화2동,공연,0.0002627896878445076,0.00028975056001033994,99,41.717171717171716
대중교통,중랑구,중화2동,관광지,0.00012638692889500272,7.231596495466155e-05,102,12.294117647058824
대중교통,중랑구,중화2동,미술,0.001288071723220318,0.00115892303699552,100,202.55
대중교통,중랑구,중화2동,스포츠관람,1.7383113839044585e-05,1.716182387511293e-05,52,1.0576923076923077
도보,강남구,개포1동,도서,0.008222974206054882,0.008222974206054882,35,1.0
도보,강남구,개포1동,문화체험,0.014018108678636348,0.014018108678636348,3,1.0
도보,강남구,개포1동,체육시설,0.004674276062438783,0.004674276062438783,2,2.0
도보,강남구,개포1동,체육용품,0.008294143964972472,0.00987614089338984,36,1.0555555555555556
도보,강남구,개포2동,도서,0.01593191187305765,0.013077380150681153,95,1.063157894736842
도보,강남구,개포2동,문화체험,0.010045009856099654,0.008377357396599769,14,1.0
도보,강남구,개포2동,체육시설,0.0126383758970694,0.00922007969305883,29,1.4482758620689655
도보,강남구,개포2동,체육용품,0.005410084151578351,0.00987614089338984,61,1.0
도보,강남구,개포3동,도서,0.0005672405677890922,0.0005672405677890922,17,1.0
도보,강남구,개포3동,문화체험,0.008377357396599769,0.008377357396599769,3,1.0
도보,강남구,개포3동,체육시설,0.002029728409263549,0.001954668542808169,60,2.5833333333333335
도보,강남구,개포3동,체육용품,0.0007491637398528087,0.0007951588517064802,55,1.1272727272727272
도보,강남구,개포4동,도서,0.002822585890626545,0.0026375812432340344,69,1.8405797101449275
도보,강남구,개포4동,문화체험,0.003645838285209582,0.0029254527420933627,75,2.013333333333333
도보,강남구,개포4동,음악,0.001056395796387963,0.001056395796387963,52,1.0
도보,강남구,개포4동,체육시설,0.004495674087622127,0.004562103846774966,92,3.0
도보,강남구,개포4동,체육용품,0.0019651205445765044,0.0019651205445765044,59,1.0
도보,강남구,논현1동,도서,0.0065637557538245185,0.006505627698892677,79,2.367088607594937
도보,강남구,논현1동,문화체험,0.0058537121611056606,0.004329837476305151,124,3.564516129032258
도보,강남구,논현1동,영상,0.0030741181695850225,0.0016592671621336115,96,1.3854166666666667
도보,강남구,논현1동,음악,0.004159669153316381,0.003942531046719561,19,1.1578947368421053
도보,강남구,논현1동,체육시설,0.0031972096461699404,0.002826099466689291,112,2.125
도보,강남구,논현2동,도서,0.005630572486255907,0.003609575121598129,45,1.0888888888888888
도보,강남구,논현2동,문화체험,0.0025608580071264726,0.0024265086025021727,132,1.2121212121212122
도보,강남구,논현2동,영상,0.005129884854261917,0.002521747239880119,98,1.163265306122449
도보,강남구,논현2동,음악,0.013265101498243686,0.013265101498243686,7,1.0
도보,강남구,논현2동,체육시설,0.005633362012888438,0.005485732181497352,111,2.2972972972972974
도보,강남구,대치1동,도서,0.05806079350186006,0.06247184379993189,82,2.9146341463414633
도보,강남구,대치1동,문화체험,0.04851596070235117,0.062259360502425774,65,1.6307692307692307
도보,강남구,대치1동,체육시설,0.036805207679651994,0.042522302077138516,70,1.4714285714285715
도보,강남구,대치1동,체육용품,0.0012885830916626719,0.0012885830916626719,6,1.0
도보,강남구,대치2동,도서,0.015800467590262775,0.012767200715827636,98,2.6530612244897958
도보,강남구,대치2동,문화체험,0.010462829300921916,0.013728166586123166,79,1.3164556962025316
도보,강남구,대치2동,영상,0.026107657857487702,0.026107657857487702,1,1.0
도보,강남구,대치2동,체육시설,0.019194742083112944,0.022527754989872827,130,1.2769230769230768
도보,강남구,대치2동,체육용품,0.0012483035618703296,0.0012885830916626719,49,1.0
도보,강남구,대치4동,도서,0.005399768151378862,0.005414450612585037,70,3.642857142857143
도보,강남구,대치4동,문화체험,0.002523539895404569,0.002426181724549853,67,1.5223880597014925
도보,강남구,대치4동,체육시설,0.004977126068992393,0.0032190668802335853,68,2.764705882352941
도보,강남구,대치4동,체육용품,0.0012885830916626719,0.0012885830916626719,45,1.0
도보,강남구,도곡1동,도서,0.003167761815958734,0.003167761815958734,39,1.0
도보,강남구,도곡1동,문화체험,0.01046790175194221,0.010700602975447076,78,2.4743589743589745
도보,강남구,도곡1동,영상,0.010811723438316212,0.010811723438316212,40,1.0
도보,강남구,도곡1동,체육시설,0.009556961259921384,0.00921298608720032,92,2.1630434782608696
도보,강남구,도곡2동,도서,0.026224583817100126,0.009817709801896328,30,1.5
도보,강남구,도곡2동,문화체험,0.011783454355763329,0.011776363525433722,86,1.5348837209302326
도보,강남구,도곡2동,영상,0.010811723438316212,0.010811723438316212,27,1.0
도보,강남구,도곡2동,체육시설,0.014013989540429879,0.00503994643134964,44,1.5
도보,강남구,도곡2동,체육용품,0.004464541987962619,0.003008453256942065,4,1.0
도보,강남구,삼성1동,도서,0.02120676825592482,0.026016760334798977,59,1.0
도보,강남구,삼성1동,문화체험,0.009363454152084732,0.008839482819458618,110,1.0454545454545454
도보,강남구,삼성1동,영상,0.026107657857487702,0.026107657857487702,38,1.0
도보,강남구,삼성1동,체육시설,0.027143683060989156,0.02076195466446904,149,2.120805369127517
도보,강남구,삼성1동,체육용품,0.0025883122806895148,0.0025883122806895148,26,1.0
도보,강남구,삼성2동,도서,0.0045848005568886714,0.004503155261703177,37,1.6216216216216217
도보,강남구,삼성2동,문화체험,0.005718542196303643,0.001774466381914474,90,1.1
도보,강남구,삼성2동,영상,0.002521747239880119,0.002521747239880119,5,1.0
도보,강남구,삼성2동,체육시설,0.0068733791776954874,0.006220068457503199,115,2.9217391304347826
도보,강남구,삼성2동,체육용품,0.002534156897813396,0.0025883122806895148,24,1.0
도보,강남구,세곡동,문화체험,0.003255804194006108,0.003098999921636685,144,1.0
도보,강남구,세곡동,체육시설,0.005111052005899203,0.0018243403062522658,95,1.0
도보,강남구,세곡동,체육용품,2.5754845433004925,0.0041747916621373725,183,1.092896174863388
도보,강남구,수서동,체육시설,0.0009217702035760594,0.0007994705636965388,86,1.5465116279069768
도보,강남구,수서동,체육용품,0.00032667151181013155,0.00032667151181013155,58,1.0
도보,강남구,신사동,도서,0.011024722564446273,0.011608255187095653,111,2.6036036036036037
도보,강남구,신사동,문화체험,0.008741205362098775,0.007958229020518976,106,1.9245283018867925
도보,강남구,신사동,영상,0.01075362805373604,0.006024032274870673,102,1.7745098039215685
도보,강남구,신사동,체육시설,0.010052583439257584,0.011152188584285651,107,1.3364485981308412
도보,강남구,압구정동,도서,0.025954369062019502,0.026531709314150963,145,1.8206896551724139
도보,강남구,압구정동,문화체험,0.006210175203922811,0.0072624245068894965,11,1.0909090909090908
도보,강남구,압구정동,영상,0.022966235106737103,0.029776190831437413,82,1.829268292682927
도보,강남구,압구정동,음악,0.013265101498243686,0.013265101498243686,65,1.0
도보,강남구,압구정동,체육시설,0.015809680207628775,0.016898282122354617,137,1.832116788321168
도보,강남구,역삼1동,도서,0.012857676860792179,0.013895893287232196,110,2.4909090909090907
도보,강남구,역삼1동,문화체험,0.01573924734228817,0.007355356676006193,192,4.53125
도보,강남구,역삼1동,영상,0.011979216241752378,0.011881569511554422,61,2.2459016393442623
도보,강남구,역삼1동,체육시설,0.006357726201618333,0.006348169820302332,216,3.0324074074074074
도보,강남구,역삼2동,도서,0.004308156620227871,0.00472644146857332,51,1.9019607843137254
도보,강남구,역삼2동,문화체험,0.0025644050732163306,0.0021115229265472792,71,1.056338028169014
도보,강남구,역삼2동,체육시설,0.006135602879472956,0.005605725461794338,113,3.2831858407079646
도보,강남구,일원1동,도서,0.0005672405677890922,0.0005672405677890922,42,1.0
도보,강남구,일원1동,체육시설,0.0019255179587688912,0.0022521121570986697,54,3.7222222222222223
도보,강남구,일원1동,체육용품,0.0006254673476109927,0.0006083161355591197,44,1.0454545454545454
도보,강남구,일원본동,도서,0.008623154634703704,0.008973411768047817,72,1.0
도보,강남구,일원본동,문화체험,0.014802237983488398,0.014802237983488398,75,1.0
도보,강남구,일원본동,체육시설,0.00814240999161064,0.0027218863007064833,88,1.5909090909090908
도보,강남구,일원본동,체육용품,0.0006083161355591197,0.0006083161355591197,3,1.0
도보,강남구,청담동,도서,0.01708467548001624,0.016197321610683213,47,1.0
도보,강남구,청담동,문화체험,0.008152456111794345,0.0072624245068894965,125,1.224
도보,강남구,청담동,영상,0.009710897904532894,0.01060010895154557,31,1.032258064516129
도보,강남구,청담동,음악,0.013265101498243686,0.013265101498243686,29,1.0
도보,강남구,청담동,체육시설,0.012228916129293301,0.01016386199559315,160,1.6125
도보,강남구,청담동,체육용품,0.0025883122806895148,0.0025883122806895148,40,1.0
도보,강동구,강일동,문화체험,0.000805586952141001,0.0007161509682140618,136,1.0147058823529411
도보,강동구,강일동,음악,0.0008262968635759377,0.0008262968635759378,48,1.0
도보,강동구,강일동,체육시설,0.0029207062728388734,0.003034339032089011,132,3.5606060606060606
도보,강동구,강일동,체육용품,0.0010172068642735866,0.0006995466591606902,57,1.0
도보,강동구,고덕1동,도서,0.005959012056073265,0.00365571628659242,39,1.4615384615384615
도보,강동구,고덕1동,문화체험,0.004529892373599259,0.004529892373599259,22,1.0
도보,강동구,고덕1동,영상,0.0,0.0,2,1.0
도보,강동구,고덕1동,체육시설,0.004318287784990841,0.0024755482897949187,56,1.8035714285714286
도보,강동구,고덕2동,도서,0.0018598955448482547,0.0026274708334911956,97,1.0515463917525774
도보,강동구,고덕2동,문화체험,0.0017035256875322523,0.001917287348884245,81,1.0123456790123457
도보,강동구,고덕2동,영상,0.0,0.0,33,1.0
도보,강동구,고덕2동,음악,0.0008262968635759377,0.0008262968635759378,6,1.0
도보,강동구,고덕2동,체육시설,0.0030796476972890156,0.0023825872249263916,37,2.27027027027027
도보,강동구,고덕2동,체육용품,0.0016346597512334176,0.0020923644815787745,32,1.0
도보,강동구,길동,도서,0.0012873689317980258,0.0012285325978526863,112,2.0
도보,강동구,길동,문화체험,0.0009743731115072915,0.0009406783050311869,97,2.3917525773195876
도보,강동구,길동,영상,0.0003547344193069171,0.0003547344193069171,28,1.0
도보,강동구,길동,음악,0.0004934271608610152,0.0004934271608610152,10,1.0
도보,강동구,길동,체육시설,0.0030235960383458906,0.0027892866321434823,139,7.0
도보,강동구,길동,체육용품,0.001460953453411832,0.0013234481764956068,130,2.8692307692307693
도보,강동구,둔촌1동,도서,0.004643244947445077,0.004943922362238339,35,2.8285714285714287
도보,강동구,둔촌1동,문화체험,0.0035462084199792284,0.003334522375762094,22,1.5909090909090908
도보,강동구,둔촌1동,체육시설,0.005699946505598389,0.006483415119458672,37,2.8378378378378377
도보,강동구,둔촌1동,체육용품,0.007979633078800258,0.00852277105034685,26,2.923076923076923
도보,강동구,둔촌2동,도서,0.0015046461920997698,0.0014584698558326983,85,1.6823529411764706
도보,강동구,둔촌2동,문화체험,0.0017889683292354505,0.001124058068426232,34,2.3823529411764706
도보,강동구,둔촌2동,음악,0.0004934271608610152,0.0004934271608610152,1,1.0
도보,강동구,둔촌2동,체육시설,0.003535334044342028,0.0031759204296050907,86,3.686046511627907
도보,강동구,둔촌2동,체육용품,0.0016315429302022277,0.00182711317172869,83,1.6144578313253013
도보,강동구,명일1동,도서,0.002228239732059122,0.0015618094710226496,65,2.6923076923076925
도보,강동구,명일1동,문화체험,0.0009667660889809957,0.0005320707119189791,42,1.119047619047619
도보,강동구,명일1동,영상,0.0003547344193069171,0.0003547344193069171,19,1.0
도보,강동구,명일1동,체육시설,0.002710005315538853,0.002592871346645055,66,4.257575757575758
도보,강동구,명일1동,체육용품,0.001457003216774362,0.0007608493305398934,39,1.3076923076923077
도보,강동구,명일2동,도서,0.00818216266085922,0.008979307005928337,70,1.6857142857142857
도보,강동구,명일2동,문화체험,0.018658072322341977,0.0005320707119189791,9,1.0
도보,강동구,명일2동,체육시설,0.007232978528553371,0.009729916656062671,51,1.8627450980392157
도보,강동구,명일2동,체육용품,0.004612806159932674,0.005005908581127991,45,1.1333333333333333
도보,강동구,상일1동,도서,0.008330469580789129,0.007789397695670197,81,1.8518518518518519
도보,강동구,상일1동,문화체험,0.001917287348884245,0.001917287348884245,4,1.0
도보,강동구,상일1동,체육시설,0.006219154754196403,0.0038658178174322175,60,1.4333333333333333
도보,강동구,상일1동,체육용품,0.003731233037575209,0.005005908581127991,16,1.0
도보,강동구,상일2동,도서,0.007734962214985238,0.007709492865886943,18,1.6666666666666667
도보,강동구,상일2동,문화체험,0.001547576835451672,0.001547576835451672,28,1.0
도보,강동구,상일2동,체육시설,0.0023004968157268914,0.002219624405017305,27,1.9259259259259258
도보,강동구,상일2동,체육용품,0.0020923644815787745,0.0020923644815787745,11,1.0
도보,강동구,성내1동,도서,0.0017075448751188243,0.0016717096452342746,63,2.0476190476190474
도보,강동구,성내1동,문화체험,0.003070089459748856,0.003410103439906241,62,4.161290322580645
도보,강동구,성내1동,영상,0.0014552189873644644,0.0015298269544884618,67,1.1194029850746268
도보,강동구,성내1동,음악,0.0004934271608610152,0.0004934271608610152,3,1.0
도보,강동구,성내1동,체육시설,0.0059501581115557044,0.006026896102390755,67,6.2388059701492535
도보,강동구,성내1동,체육용품,0.0020936313691819006,0.0018366221588129409,63,3.492063492063492
도보,강동구,성내2동,도서,0.0008942527802162056,0.0008911632053449281,63,1.6666666666666667
도보,강동구,성내2동,문화체험,0.002735877860996134,0.0028326500641657894,63,5.761904761904762
도보,강동구,성내2동,영상,0.000718365882725836,0.0006845550047357267,50,1.0
도보,강동구,성내2동,음악,0.0004934271608610152,0.0004934271608610152,43,1.0
도보,강동구,성내2동,체육시설,0.002795707265226981,0.0029484490764136303,63,4.142857142857143
도보,강동구,성내2동,체육용품,0.0017666364162946982,0.0016310455722043497,56,2.7857142857142856
도보,강동구,성내3동,도서,0.0036267464676348255,0.0040042236542431366,65,3.7846153846153845
도보,강동구,성내3동,문화체험,0.003730096444891826,0.0038153331455602355,65,5.907692307692308
도보,강동구,성내3동,영상,0.0015298269544884618,0.0015298269544884618,5,1.0
도보,강동구,성내3동,음악,0.0004934271608610152,0.0004934271608610152,18,1.0
도보,강동구,성내3동,체육시설,0.004989200964257683,0.0051215805669710445,65,6.4
도보,강동구,성내3동,체육용품,0.0040327936999766415,0.0035098821452794198,64,3.71875
도보,강동구,암사1동,도서,0.0013130819980286914,0.0013346480117827709,44,1.6136363636363635
도보,강동구,암사1동,문화체험,0.0008762094524247412,0.0008890562983608242,76,3.4342105263157894
도보,강동구,암사1동,체육시설,0.0016487075810594925,0.0017388416587888426,78,3.9743589743589745
도보,강동구,암사1동,체육용품,0.0012569250525508184,0.001240631502433288,74,3.9594594594594597
도보,강동구,암사2동,도서,0.0014467654480725626,0.0013453290964241895,57,1.5614035087719298
도보,강동구,암사2동,문화체험,0.0008423554019911348,0.0008011520722038319,9,1.2222222222222223
도보,강동구,암사2동,음악,0.008881215429769098,0.008881215429769098,3,1.0
도보,강동구,암사2동,체육시설,0.004054511385340608,0.0030678808691818093,53,4.452830188679245
도보,강동구,암사2동,체육용품,0.0023281154024376105,0.002493146057471305,35,2.8
도보,강동구,암사3동,도서,0.00118583012358672,0.0010498956023776821,26,1.0
도보,강동구,암사3동,문화체험,0.0010490507185704594,0.0010271123136932538,32,2.0
도보,강동구,암사3동,체육시설,0.001955863540328087,0.002094221339669063,37,1.6756756756756757
도보,강동구,암사3동,체육용품,0.0015918686438819247,0.0016344754783507995,41,2.268292682926829
도보,강동구,천호1동,도서,0.0009297192618161824,0.0009269271789184657,50,2.32
도보,강동구,천호1동,문화체험,0.0006023830491336225,0.0005461656640378676,57,1.631578947368421
도보,강동구,천호1동,영상,0.0003547344193069171,0.0003547344193069171,48,1.0
도보,강동구,천호1동,체육시설,0.0014349870728899965,0.0012254344588341988,59,2.847457627118644
도보,강동구,천호1동,체육용품,0.0010649856864661837,0.0010929292959559768,64,3.296875
도보,강동구,천호2동,도서,0.0011671245152510233,0.001136810949340214,61,1.819672131147541
도보,강동구,천호2동,문화체험,0.001589707692304238,0.0011290637601703765,111,2.963963963963964
도보,강동구,천호2동,영상,0.0006845550047357267,0.0006845550047357267,7,1.0
도보,강동구,천호2동,음악,0.008881215429769098,0.008881215429769098,4,1.0
도보,강동구,천호2동,체육시설,0.004122634658650636,0.0019060249320099485,118,4.3559322033898304
도보,강동구,천호2동,체육용품,0.0022733515825084536,0.0025401654723092035,109,5.908256880733945
도보,강동구,천호3동,도서,0.000879046944963689,0.0008485353838219837,31,1.5161290322580645
도보,강동구,천호3동,문화체험,0.0016127870992490405,0.0012379778021495778,43,2.2790697674418605
도보,강동구,천호3동,영상,0.0005402584986106225,0.0006845550047357267,16,1.0
도보,강동구,천호3동,음악,0.0004934271608610152,0.0004934271608610152,12,1.0
도보,강동구,천호3동,체육시설,0.00270193265604549,0.0025828446702020596,57,5.947368421052632
도보,강동구,천호3동,체육용품,0.0013401748138474007,0.0012817107607654482,42,3.1666666666666665
도보,강북구,미아동,도서,0.00086520355425395,0.0008067150112699362,63,2.1904761904761907
도보,강북구,미아동,문화체험,0.0010150830524468938,0.0010028624660939232,84,2.25
도보,강북구,미아동,영상,0.0005256429273982248,0.0005251693726004695,17,1.8235294117647058
도보,강북구,미아동,체육시설,0.0017381294705460493,0.001624015232625262,76,4.157894736842105
도보,강북구,미아동,체육용품,0.0006380094536596327,0.0006596283122052851,56,1.3571428571428572
도보,강북구,번1동,도서,0.00127809832854693,0.0013244602059403468,42,4.190476190476191
도보,강북구,번1동,문화체험,0.0009562524881992774,0.0007351396459865445,63,3.3333333333333335
도보,강북구,번1동,영상,0.00042947960564377577,0.0004008455396218084,44,1.3863636363636365
도보,강북구,번1동,체육시설,0.002976472308401763,0.003333357890252179,63,8.412698412698413
도보,강북구,번1동,체육용품,0.0005833398260897773,0.0005406412572445487,63,2.492063492063492
도보,강북구,번2동,도서,0.00033199573593309004,0.00021292706587990498,55,1.2181818181818183
도보,강북구,번2동,문화체험,0.0016899959442129126,0.0006394092442719029,39,1.358974358974359
도보,강북구,번2동,영상,0.0005695060426236791,0.0005695060426236791,4,1.0
도보,강북구,번2동,체육시설,0.0007680284869174515,0.0003849771382091748,64,1.828125
도보,강북구,번2동,체육용품,0.0005550731733430978,0.0005517660167073362,42,1.4047619047619047
도보,강북구,번3동,도서,0.0002298245272208497,0.00021292706587990498,33,1.0
도보,강북구,번3동,문화체험,0.0008556418603488444,0.0008800092719887219,38,1.7894736842105263
도보,강북구,번3동,체육시설,0.0008440377306484184,0.0005758276795594243,65,1.7692307692307692
도보,강북구,삼각산동,도서,0.0006056800053767641,0.0006111794547115348,47,1.6808510638297873
도보,강북구,삼각산동,문화체험,0.001143020879428394,0.0011320072488960457,58,2.7241379310344827
도보,강북구,삼각산동,체육시설,0.0018449012157667915,0.0019768684131368074,47,4.872340425531915
도보,강북구,삼양동,도서,0.0005165468492971025,0.000516943083655525,56,1.5357142857142858
도보,강북구,삼양동,문화체험,0.0010221680566735887,0.0010106192339355193,84,2.8452380952380953
도보,강북구,삼양동,체육시설,0.0013777017611814755,0.0012993134835334267,69,4.884057971014493
도보,강북구,삼양동,체육용품,0.0004264445218278923,0.0004205781286328546,20,1.1
도보,강북구,송중동,도서,0.0012859601938461861,0.0013513926702448387,90,2.8222222222222224
도보,강북구,송중동,문화체험,0.0012681450270547766,0.001392373864641211,101,2.6930693069306932
도보,강북구,송중동,영상,0.0006884130333045939,0.0006884130333045939,43,1.0
도보,강북구,송중동,음악,0.0008029704812053554,0.0008029704812053555,21,1.0
도보,강북구,송중동,체육시설,0.0015703190257916782,0.001570128561784569,95,3.136842105263158
도보,강북구,송중동,체육용품,0.0009092933122863641,0.0009762837251531077,95,2.6526315789473682
도보,강북구,송천동,도서,0.0010434283980959489,0.0007810495320609359,77,2.4675324675324677
도보,강북구,송천동,문화체험,0.0012545535914199823,0.001187817241792555,94,3.425531914893617
도보,강북구,송천동,영상,0.0006884130333045939,0.0006884130333045939,16,1.0
도보,강북구,송천동,음악,0.0008029704812053555,0.0008029704812053555,4,1.0
도보,강북구,송천동,체육시설,0.0016671670012020111,0.0016447469036074708,93,6.053763440860215
도보,강북구,송천동,체육용품,0.000743740112153259,0.0008506130538505429,66,1.8333333333333333
도보,강북구,수유1동,도서,0.0003629000337867122,0.0003142117799367909,72,1.1527777777777777
도보,강북구,수유1동,문화체험,0.0010706001515041925,0.0008878308064262858,106,2.2830188679245285
도보,강북구,수유1동,영상,0.00047884479844783153,0.00046178153281708063,26,1.4230769230769231
도보,강북구,수유1동,체육시설,0.0011916984384917966,0.0009240495248201841,72,4.041666666666667
도보,강북구,수유1동,체육용품,0.00048069054818832495,0.0004382589513816552,65,2.046153846153846
도보,강북구,수유2동,도서,0.0010511575393571655,0.0009640332239154526,8,1.5
도보,강북구,수유2동,문화체험,0.0006295157669747048,0.0006151908621507208,58,2.0172413793103448
도보,강북구,수유2동,영상,0.00032114460654013706,0.00032114460654013706,1,1.0
도보,강북구,수유2동,음악,0.0003076410999742294,0.0003076410999742294,17,1.0
도보,강북구,수유2동,체육시설,0.0034951227040822567,0.0034860948058418537,58,13.120689655172415
도보,강북구,수유2동,체육용품,0.0006288821537798107,0.0007393180170483175,52,2.076923076923077
도보,강북구,수유3동,도서,0.001138535892780508,0.0011597459509828773,63,3.984126984126984
도보,강북구,수유3동,문화체험,0.0012923986857955511,0.001238891104778561,75,4.493333333333333
도보,강북구,수유3동,영상,0.000428595404467602,0.00046178153281708063,64,1.5
도보,강북구,수유3동,음악,0.0003076410999742294,0.0003076410999742294,3,1.0
도보,강북구,수유3동,체육시설,0.003658041268407364,0.0036675960254548405,75,14.56
도보,강북구,수유3동,체육용품,0.0007204698345188592,0.0007629973555446875,75,2.8
도보,강북구,우이동,도서,0.0010054169066508428,0.0005879084800329967,70,1.1142857142857143
도보,강북구,우이동,문화체험,0.000721364884223125,0.0007301717225070169,56,1.3035714285714286
도보,강북구,우이동,음악,0.0003076410999742294,0.0003076410999742294,22,1.0
도보,강북구,우이동,체육시설,0.0031492924672778155,0.002754829867004301,169,3.7041420118343193
도보,강북구,우이동,체육용품,0.00033893431393991393,0.00033893431393991393,22,1.0
도보,강북구,인수동,도서,0.0005581651525590376,0.0005879084800329967,37,1.2972972972972974
도보,강북구,인수동,문화체험,0.0007061954545055174,0.0006480611518292281,110,2.081818181818182
도보,강북구,인수동,영상,0.0004745703525785384,0.00046178153281708063,22,1.4545454545454546
도보,강북구,인수동,음악,0.00030764109997422935,0.0003076410999742294,53,1.0
도보,강북구,인수동,체육시설,0.002715610094151045,0.002759827464787472,116,6.4655172413793105
도보,강북구,인수동,체육용품,0.0004024326150360233,0.00033893431393991393,78,1.3974358974358974
도보,강서구,가양1동,도서,0.0013173275587384954,0.0006101120743499018,197,1.1979695431472082
도보,강서구,가양1동,문화체험,0.007063821511260953,0.003638213146068967,85,1.5058823529411764
도보,강서구,가양1동,영상,0.0026219055435347744,0.0026219055435347744,47,1.0
도보,강서구,가양1동,체육시설,0.25769831986700104,0.010421979441318658,299,3.076923076923077
도보,강서구,가양1동,체육용품,0.0014038940704895998,0.0013071620359983568,210,1.223809523809524
도보,강서구,가양2동,도서,0.000383206404794381,0.0003267212132484346,35,1.2
도보,강서구,가양2동,문화체험,0.0005216210104037528,0.00036197141741915376,53,1.5471698113207548
도보,강서구,가양2동,영상,0.00023835847914587089,0.00023266096474395544,18,1.0555555555555556
도보,강서구,가양2동,체육시설,0.001930344796745331,0.0011468409191740443,55,4.672727272727273
도보,강서구,가양2동,체육용품,0.00024040118245331453,0.0002363898915538738,41,1.024390243902439
도보,강서구,가양3동,도서,0.0014460149395507421,0.00129945208993943,25,1.48
도보,강서구,가양3동,문화체험,0.00042155523789784655,0.00029376801270422626,44,1.0227272727272727
도보,강서구,가양3동,영상,0.0006441455201738167,0.0008185284774966571,18,1.2777777777777777
도보,강서구,가양3동,체육시설,0.001710725881525072,0.001323809012563109,47,4.25531914893617
도보,강서구,가양3동,체육용품,0.0006624551232450168,0.0006653631243059465,32,1.09375
도보,강서구,공항동,도서,0.0009227196185610115,0.0008650633923966042,119,1.1092436974789917
도보,강서구,공항동,문화체험,0.0016336279268455362,0.0013472584356898402,89,1.7191011235955056
도보,강서구,공항동,체육시설,0.0036918642711017144,0.0030145686101076905,135,3.785185185185185
도보,강서구,공항동,체육용품,0.0012420052271149057,0.0012885114273011625,98,1.5510204081632653
도보,강서구,등촌1동,도서,0.0021752587430887557,0.001945569679735533,66,2.4545454545454546
도보,강서구,등촌1동,문화체험,0.002638627614871238,0.0031976962831475834,64,1.75
도보,강서구,등촌1동,영상,0.0007663559896793441,0.0008185284774966571,44,1.3181818181818181
도보,강서구,등촌1동,음악,0.0021869566210066665,0.0022213573347949693,8,1.125
도보,강서구,등촌1동,체육시설,0.003037733987157519,0.003213948015291609,62,3.435483870967742
도보,강서구,등촌1동,체육용품,0.001554035714107745,0.001741232829933177,52,1.4423076923076923
도보,강서구,등촌2동,도서,0.0010438408624974828,0.0009195282399792191,79,1.3291139240506329
도보,강서구,등촌2동,문화체험,0.0016437948419418234,0.0011067982440999974,76,2.026315789473684
도보,강서구,등촌2동,영상,0.0021729938085018607,0.0028502264740044624,3,4.333333333333333
도보,강서구,등촌2동,음악,0.0009684528448948611,0.00036738838725111904,27,1.2592592592592593
도보,강서구,등촌2동,체육시설,0.00621031419147713,0.002120254312242711,85,2.4941176470588236
도보,강서구,등촌2동,체육용품,0.0008195922330936735,0.0004780618924502716,70,1.0714285714285714
도보,강서구,등촌3동,도서,0.0009607269529442051,0.0007401287294367677,93,1.881720430107527
도보,강서구,등촌3동,문화체험,0.00124520982554917,0.00046697963565787607,84,1.7857142857142858
도보,강서구,등촌3동,영상,0.0009198612978372021,0.00031792285193213594,49,1.2244897959183674
도보,강서구,등촌3동,체육시설,0.0029403286562803754,0.0022177396396195533,106,7.89622641509434
도보,강서구,등촌3동,체육용품,0.0007429968816496954,0.000563806511433798,70,1.6285714285714286
도보,강서구,발산1동,도서,0.0021897455213828027,0.0022177922992154455,141,3.4113475177304964
도보,강서구,발산1동,문화체험,0.0039273752132163555,0.0011420121275119968,116,1.3793103448275863
도보,강서구,발산1동,영상,0.0026219055435347744,0.0026219055435347744,11,1.0
도보,강서구,발산1동,체육시설,0.0068331694964258735,0.0029438924477644666,180,3.922222222222222
도보,강서구,발산1동,체육용품,0.001191420960567514,0.0010630655528431744,170,1.3470588235294119
도보,강서구,방화1동,도서,0.001113296912257533,0.0005770492807445991,96,1.5416666666666667
도보,강서구,방화1동,문화체험,0.001116749259575596,0.0011420121275119968,115,1.826086956521739
도보,강서구,방화1동,체육시설,0.002893515412067448,0.0023188376514318592,133,3.6240601503759398
도보,강서구,방화1동,체육용품,0.0015728128499955666,0.0015116506141120006,100,2.55
도보,강서구,방화2동,도서,0.0015451691270622903,0.002317603893373622,92,1.1956521739130435
도보,강서구,방화2동,문화체험,0.0009623088945301503,0.0011357817405280566,77,1.1688311688311688
도보,강서구,방화2동,영상,0.11242629450704139,0.11242629450704139,17,1.0
도보,강서구,방화2동,체육시설,0.00212946378373666,0.0019167964773504403,87,3.9195402298850577
도보,강서구,방화2동,체육용품,0.0010884898122209116,0.0010739636936418983,69,2.5217391304347827
도보,강서구,방화3동,도서,0.0006937686267555701,0.0005794221751029781,30,1.4333333333333333
도보,강서구,방화3동,문화체험,0.0008520332172557343,0.0008572982860177278,95,1.7263157894736842
도보,강서구,방화3동,체육시설,0.0009488731769385364,0.000681570102998346,81,1.8271604938271604
도보,강서구,방화3동,체육용품,0.0009503464133329848,0.0008408921032239614,85,1.5411764705882354
도보,강서구,염창동,도서,0.002626735772355481,0.0028318905266770437,90,1.1
도보,강서구,염창동,문화체험,0.004326340893134169,0.004471884684358615,100,1.86
도보,강서구,염창동,음악,0.0010941375409115246,0.0008668936162669084,21,1.2857142857142858
도보,강서구,염창동,체육시설,0.008312591538243378,0.005892065489984638,119,3.689075630252101
도보,강서구,염창동,체육용품,0.0006653631243059465,0.0006653631243059465,23,1.0
도보,강서구,우장산동,도서,0.0026724608758867414,0.0024783409051093975,114,3.026315789473684
도보,강서구,우장산동,문화체험,0.0021366389884503465,0.0015342963187773189,83,2.144578313253012
도보,강서구,우장산동,영상,0.0027562119732228263,0.0028502264740044624,17,3.9411764705882355
도보,강서구,우장산동,체육시설,0.004702767080347776,0.0036972627458723936,120,5.8
도보,강서구,우장산동,체육용품,0.0011307299342252005,0.0014584192119498653,82,1.548780487804878
도보,강서구,화곡1동,도서,0.0006629239487218311,0.0006272839697107446,98,2.0714285714285716
도보,강서구,화곡1동,문화체험,0.0009162099434957343,0.0007748319036845516,63,1.6984126984126984
도보,강서구,화곡1동,체육시설,0.0033974002514692656,0.003106259920576941,119,9.126050420168067
도보,강서구,화곡1동,체육용품,0.0005406293913114221,0.0005187341996132729,71,1.4507042253521127
도보,강서구,화곡2동,도서,0.0003963961564412695,0.00038395274847954924,36,1.0
도보,강서구,화곡2동,문화체험,0.0006513522344574818,0.0006099766132651753,46,2.130434782608696
도보,강서구,화곡2동,음악,0.0004762139502301403,0.0004762139502301403,1,1.0
도보,강서구,화곡2동,체육시설,0.0024450527782263294,0.002434210586250815,46,7.1521739130434785
도보,강서구,화곡2동,체육용품,0.00033279308339698686,0.00031005933525222573,33,1.0
도보,강서구,화곡3동,도서,0.002028784889655148,0.002170258697743962,53,4.2075471698113205
도보,강서구,화곡3동,문화체험,0.001045191181168834,0.001002276751418211,52,1.9038461538461537
도보,강서구,화곡3동,체육시설,0.004545058366709192,0.0047291622989425255,54,9.12962962962963
도보,강서구,화곡3동,체육용품,0.0007631133267341985,0.000799782560017336,18,1.1111111111111112
도보,강서구,화곡4동,도서,0.00047204391260183693,0.00038395274847954924,50,1.26
도보,강서구,화곡4동,문화체험,0.0007947876668734559,0.0005997114989083836,73,1.7671232876712328
도보,강서구,화곡4동,음악,0.00036738838725111904,0.00036738838725111904,27,1.0
도보,강서구,화곡4동,체육시설,0.005244316719286338,0.0023021198234235265,85,5.0
도보,강서구,화곡4동,체육용품,0.0003480982496746881,0.00031005933525222573,68,1.0
도보,강서구,화곡6동,도서,0.0011873715077295075,0.0010562849684947315,90,1.9333333333333333
도보,강서구,화곡6동,문화체험,0.001738024880259417,0.001032297993740793,16,1.0625
도보,강서구,화곡6동,영상,0.002464904440184017,0.0028502264740044624,58,5.051724137931035
도보,강서구,화곡6동,체육시설,0.003791228905553958,0.0036524914089089084,98,5.26530612244898
도보,강서구,화곡6동,체육용품,0.0008483191991831174,0.0006207604659438801,51,1.0196078431372548
도보,강서구,화곡8동,도서,0.0006744069556671468,0.0006744069556671468,2,1.0
도보,강서구,화곡8동,문화체험,0.0006456044004726367,0.000634688588083109,59,2.1864406779661016
도보,강서구,화곡8동,체육시설,0.002992737593967029,0.0028969536023726447,60,8.833333333333334
도보,강서구,화곡8동,체육용품,0.00038704718724468103,0.00038704718724468103,2,1.0
도보,강서구,화곡본동,도서,0.0012688101533663493,0.0013513947576725331,37,2.1621621621621623
도보,강서구,화곡본동,문화체험,0.0007803531014085994,0.0006556327058394849,90,2.422222222222222
도보,강서구,화곡본동,영상,0.002850226474004463,0.0028502264740044624,36,6.0
도보,강서구,화곡본동,체육시설,0.006404308609311179,0.0034607135021935353,97,7.298969072164948
도보,강서구,화곡본동,체육용품,0.00046148332274848576,0.00040280835045742105,78,1.3974358974358974
도보,관악구,낙성대동,도서,0.0017219872759518826,0.0017205080368720518,59,2.593220338983051
도보,관악구,낙성대동,문화체험,0.003463578293168192,0.0037103751633724533,67,4.104477611940299
도보,관악구,낙성대동,영상,0.0006081635859928341,0.0006081635859928341,21,1.0
도보,관악구,낙성대동,음악,0.0004761590425888028,0.00047615904258880285,11,1.0
도보,관악구,낙성대동,체육시설,0.005255606762454235,0.006014333276797588,65,5.184615384615385
도보,관악구,낙성대동,체육용품,0.0014503780855658927,0.0014595536305003717,11,2.090909090909091
도보,관악구,난곡동,도서,0.0004091319756829056,0.0003865254824153429,72,1.3333333333333333
도보,관악구,난곡동,문화체험,0.0018647365951896797,0.0018392653814719652,85,4.905882352941177
도보,관악구,난곡동,체육시설,0.0008229588776779332,0.0007679418279385388,76,2.039473684210526
도보,관악구,난곡동,체육용품,0.0005444016988030475,0.0005347795585972936,16,1.0
도보,관악구,난향동,문화체험,0.0032243460741548384,0.0033051105877465515,62,2.661290322580645
도보,관악구,난향동,체육시설,0.0013563270566979227,0.0013654601893839087,43,1.1395348837209303
도보,관악구,남현동,도서,0.002962895188717623,0.0034008722980074205,21,1.7619047619047619
도보,관악구,남현동,문화체험,0.001407917472653354,0.0014290864414135665,34,1.088235294117647
도보,관악구,남현동,체육시설,0.0020554633119571667,0.0017036969917673776,72,1.4722222222222223
도보,관악구,대학동,도서,0.0009513657793213682,0.0013112468855321652,142,2.4788732394366195
도보,관악구,대학동,문화체험,0.0009983068903339453,0.0008826470015906551,51,2.0588235294117645
도보,관악구,대학동,체육시설,0.0017773846609958738,0.0018151893231596284,68,3.75
도보,관악구,대학동,체육용품,0.0009268022394389744,0.0008605659771283419,31,1.8064516129032258
도보,관악구,미성동,도서,0.0006270221718312341,0.0005873410518037317,78,1.358974358974359
도보,관악구,미성동,문화체험,0.001221112719516139,0.0011791468546005768,94,2.7127659574468086
도보,관악구,미성동,음악,0.0006998680569457939,0.0006951399339468977,22,1.0
도보,관악구,미성동,체육시설,0.0023330659204259083,0.0019450876838938362,109,3.376146788990826
도보,관악구,미성동,체육용품,0.0005353329971175179,0.0005347795585972936,48,1.0
도보,관악구,보라매동,도서,0.0012641251250111846,0.0011965158514433505,47,1.8936170212765957
도보,관악구,보라매동,문화체험,0.0009717725799352425,0.0009208461803621716,69,1.7681159420289856
도보,관악구,보라매동,영상,0.0004586039394029812,0.0004586039394029812,4,1.0
도보,관악구,보라매동,체육시설,0.0020073860892315036,0.0017853114275444895,71,3.2253521126760565
도보,관악구,보라매동,체육용품,0.000581438015583421,0.0005793808036427929,49,1.163265306122449
도보,관악구,삼성동,도서,0.0019282078952050214,0.0020386251652744474,31,2.806451612903226
도보,관악구,삼성동,문화체험,0.0016051890884662909,0.001842775369858786,91,1.3846153846153846
도보,관악구,삼성동,체육시설,0.0012301268657241514,0.0011985286793595926,41,2.073170731707317
도보,관악구,삼성동,체육용품,0.0008703255249585188,0.0007534669692568201,77,1.8311688311688312
도보,관악구,서림동,도서,0.0018251705437999795,0.0019661838283278627,57,3.6140350877192984
도보,관악구,서림동,문화체험,0.0008146118350811963,0.0007412772029005525,63,2.0
도보,관악구,서림동,체육시설,0.0013597222450247362,0.0013434431127875067,65,3.8461538461538463
도보,관악구,서림동,체육용품,0.0009490160329247096,0.0009941852882174372,47,1.851063829787234
도보,관악구,서원동,도서,0.0013767971148551277,0.0014038636595234155,62,3.8548387096774195
도보,관악구,서원동,문화체험,0.0014405826425091387,0.0014426701260463926,61,3.098360655737705
도보,관악구,서원동,영상,0.00042865291930438014,0.0004265135607259087,30,1.0
도보,관악구,서원동,음악,0.0006951399339468977,0.0006951399339468977,2,1.0
도보,관악구,서원동,체육시설,0.002004875860241344,0.002143899286179917,62,4.548387096774194
도보,관악구,서원동,체육용품,0.0005248363032556675,0.0005086152402366199,62,1.4516129032258065
도보,관악구,성현동,도서,0.0012574883105830757,0.0009918296797234447,57,2.8596491228070176
도보,관악구,성현동,문화체험,0.0012073783606796338,0.0012854751559013007,49,2.163265306122449
도보,관악구,성현동,영상,0.0006081635859928341,0.0006081635859928341,1,1.0
도보,관악구,성현동,음악,0.00047615904258880285,0.00047615904258880285,13,1.0
도보,관악구,성현동,체육시설,0.0012969415694538665,0.001006112574696755,66,2.1666666666666665
도보,관악구,성현동,체육용품,0.0006424793632969773,0.000533316619862534,32,1.8125
도보,관악구,신림동,도서,0.0018195543342415983,0.001779780594088924,52,3.8653846153846154
도보,관악구,신림동,문화체험,0.0008569683268260463,0.000795814049761327,54,2.0
도보,관악구,신림동,영상,0.0004265135607259087,0.0004265135607259087,39,1.0
도보,관악구,신림동,음악,0.0006951399339468977,0.0006951399339468977,2,1.0
도보,관악구,신림동,체육시설,0.0032523835927716536,0.0031046970477868387,54,6.185185185185185
도보,관악구,신림동,체육용품,0.0005793457906128586,0.0005793808036427929,51,1.3333333333333333
도보,관악구,신사동,도서,0.0011627008553552146,0.0011073609750572074,37,1.8918918918918919
도보,관악구,신사동,문화체험,0.0006951810850886592,0.0005397446383027825,57,1.1403508771929824
도보,관악구,신사동,영상,0.00042651356072590863,0.0004265135607259087,5,1.0
도보,관악구,신사동,음악,0.0006951399339468977,0.0006951399339468977,22,1.0
도보,관악구,신사동,체육시설,0.0021048902591550714,0.0020415313005636092,63,4.333333333333333
도보,관악구,신사동,체육용품,0.0008673291269195959,0.0008788470598506681,26,1.0
도보,관악구,신원동,도서,0.001479050142604542,0.0016256681591005537,44,3.6136363636363638
도보,관악구,신원동,문화체험,0.0011533257163240625,0.0011286283098824344,52,2.9615384615384617
도보,관악구,신원동,영상,0.0004265135607259087,0.0004265135607259087,24,1.0
도보,관악구,신원동,음악,0.0006951399339468977,0.0006951399339468977,21,1.0
도보,관악구,신원동,체육시설,0.0016357720664564655,0.0015951181385624807,49,4.020408163265306
도보,관악구,신원동,체육용품,0.00047552194438954217,0.00047181834350155764,34,1.0
도보,관악구,은천동,도서,0.0009690723560184817,0.0008420981851194606,53,2.056603773584906
도보,관악구,은천동,문화체험,0.0013407694798679664,0.0013359309419256732,76,3.75
도보,관악구,은천동,영상,0.0004870368404458545,0.0004906943180800537,50,1.06
도보,관악구,은천동,체육시설,0.001402328191015201,0.0013822775892217468,76,3.6842105263157894
도보,관악구,은천동,체육용품,0.0005479233529244504,0.0005584813221695675,49,1.346938775510204
도보,관악구,인헌동,도서,0.0012689053950207735,0.0012557959085873521,60,1.9166666666666667
도보,관악구,인헌동,문화체험,0.000967701320010959,0.0008308928616116155,52,1.2884615384615385
도보,관악구,인헌동,체육시설,0.0016183443366618896,0.0010736906740562925,60,1.9333333333333333
도보,관악구,조원동,도서,0.001563541930899334,0.0011810069566819312,65,2.953846153846154
도보,관악구,조원동,문화체험,0.0015750014955359898,0.0017022407548310378,45,1.7777777777777777
도보,관악구,조원동,영상,0.0014961550463050929,0.0014961550463050929,5,1.0
도보,관악구,조원동,음악,0.0007991586399226127,0.0007991586399226127,48,1.0
도보,관악구,조원동,체육시설,0.002821912514072583,0.0028209064158895504,65,5.569230769230769
도보,관악구,조원동,체육용품,0.0008601704450105147,0.0008788470598506681,17,1.0
도보,관악구,중앙동,도서,0.0018881612531390102,0.0020276152117415197,39,6.0256410256410255
도보,관악구,중앙동,문화체험,0.0015937021854927952,0.0015348265161039584,39,4.410256410256411
도보,관악구,중앙동,영상,0.0005816850994979547,0.0006081635859928341,35,1.2571428571428571
도보,관악구,중앙동,음악,0.00047615904258880285,0.00047615904258880285,30,1.0
도보,관악구,중앙동,체육시설,0.004425548475178375,0.004849756151074102,39,9.974358974358974
도보,관악구,중앙동,체육용품,0.0010352311976259514,0.0011646595827560242,39,2.5128205128205128
도보,관악구,청룡동,도서,0.0013998174810019304,0.0008226626640202534,81,1.8024691358024691
도보,관악구,청룡동,문화체험,0.0016865077552214213,0.0015598435537448226,76,1.8157894736842106
도보,관악구,청룡동,영상,0.000544137246448188,0.0005192099591860692,62,1.1129032258064515
도보,관악구,청룡동,음악,0.00047615904258880285,0.00047615904258880285,4,1.0
도보,관악구,청룡동,체육시설,0.0033002423691566277,0.003113016256209762,97,4.721649484536083
도보,관악구,청룡동,체육용품,0.0005464619658211664,0.0005041262426247817,68,1.2794117647058822
도보,관악구,청림동,도서,0.0017702764135780226,0.0016808825530212975,16,1.875
도보,관악구,청림동,문화체험,0.0009951155490874905,0.0009669371191552593,25,1.44
도보,관악구,청림동,음악,0.00047615904258880285,0.00047615904258880285,4,1.0
도보,관악구,청림동,체육시설,0.0008820499160488285,0.0007967083024982974,20,1.1
도보,관악구,청림동,체육용품,0.0005775709073322097,0.000533316619862534,19,1.4210526315789473
도보,관악구,행운동,도서,0.0017561636901070685,0.0016797855626323479,69,3.5072463768115942
도보,관악구,행운동,문화체험,0.0024218863067597966,0.002873646380284497,69,4.101449275362318
도보,관악구,행운동,영상,0.0006081635859928341,0.0006081635859928341,23,1.0
도보,관악구,행운동,음악,0.0004761590425888029,0.00047615904258880285,39,1.0
도보,관악구,행운동,체육시설,0.0034030893519825453,0.003163156412130889,71,5.28169014084507
도보,관악구,행운동,체육용품,0.001254553862142597,0.0013748307487305212,41,2.5853658536585367
도보,광진구,광장동,도서,0.02812572563139751,0.007903985771197376,126,1.246031746031746
도보,광진구,광장동,문화체험,0.001171238626299627,0.001171238626299627,30,1.0
도보,광진구,광장동,영상,0.0019489391776552998,0.0019489391776553,6,1.0
도보,광진구,광장동,음악,0.008745630954794924,0.008881215429769098,75,1.16
도보,광진구,광장동,체육시설,0.012936976834551387,0.007262665974409101,143,1.951048951048951
도보,광진구,광장동,체육용품,0.003872990786910018,0.00406818369057799,54,1.537037037037037
도보,광진구,구의1동,도서,0.0029366963112455943,0.002371543513513383,44,2.840909090909091
도보,광진구,구의1동,문화체험,0.001171238626299627,0.001171238626299627,1,1.0
도보,광진구,구의1동,영상,0.0012959999444901978,0.001295999944490198,25,1.0
도보,광진구,구의1동,체육시설,0.0034743654933813866,0.0033122530443146702,10,2.5
도보,광진구,구의1동,체육용품,0.0015204057189279016,0.0014820598596400412,36,1.75
도보,광진구,구의2동,도서,0.012331435988352502,0.0004795060222106775,29,1.0
도보,광진구,구의2동,문화체험,0.001171238626299627,0.001171238626299627,4,1.0
도보,광진구,구의2동,체육시설,0.0029905561351895767,0.0024206068423242716,67,2.5970149253731343
도보,광진구,구의2동,체육용품,0.002397012767230788,0.002397069049941539,47,2.1914893617021276
도보,광진구,구의3동,도서,0.0028117652298092167,0.00285697014182286,83,2.2771084337349397
도보,광진구,구의3동,문화체험,0.001171238626299627,0.001171238626299627,56,1.0
도보,광진구,구의3동,영상,0.0018633078028139753,0.0019489391776553,61,1.0
도보,광진구,구의3동,음악,0.005841410065724515,0.006167134036746536,75,3.1066666666666665
도보,광진구,구의3동,체육시설,0.005632843593300116,0.0056224512495733235,82,3.6951219512195124
도보,광진구,구의3동,체육용품,0.003398179439995571,0.0036205191527225707,85,2.4823529411764707
도보,광진구,군자동,도서,0.00132919475747539,0.0012659876709383423,59,1.3559322033898304
도보,광진구,군자동,문화체험,0.0006464316848397793,0.00043931856248342774,50,1.0
도보,광진구,군자동,영상,0.0006061710474061341,0.0006061710474061341,41,1.0
도보,광진구,군자동,체육시설,0.0015351726567213295,0.0015067189357688192,74,2.72972972972973
도보,광진구,군자동,체육용품,0.0008285075937657107,0.0006423538573368409,65,1.3076923076923077
도보,광진구,능동,도서,0.0011471655923952096,0.0010979548490345139,58,1.2758620689655173
도보,광진구,능동,문화체험,0.0005755771956126064,0.00043931856248342774,8,1.0
도보,광진구,능동,영상,0.0006061710474061341,0.0006061710474061341,32,1.0
도보,광진구,능동,체육시설,0.00172820928323035,0.0018053715317044466,61,2.377049180327869
도보,광진구,능동,체육용품,0.001394739177603066,0.0006423538573368409,41,1.1951219512195121
도보,광진구,자양1동,도서,0.0015740691295562602,0.00043549758292678564,55,1.4727272727272727
도보,광진구,자양1동,문화체험,0.0007666229621185538,0.0007666229621185538,9,1.0
도보,광진구,자양1동,영상,0.0020632051513317525,0.001295999944490198,4,1.0
도보,광진구,자양1동,음악,0.0021707405328102946,0.0021707405328102946,11,1.0
도보,광진구,자양1동,체육시설,0.0009631436239725545,0.0006849679020373252,42,1.619047619047619
도보,광진구,자양1동,체육용품,0.0016738704606821947,0.00179642055464172,50,3.22
도보,광진구,자양2동,도서,0.0011313024546069075,0.00043549758292678564,78,1.3717948717948718
도보,광진구,자양2동,문화체험,0.0007666229621185538,0.0007666229621185538,63,1.0
도보,광진구,자양2동,영상,0.001295999944490198,0.001295999944490198,6,1.0
도보,광진구,자양2동,음악,0.0038420074793116014,0.003842007479311601,17,1.0
도보,광진구,자양2동,체육시설,0.0035905271815011527,0.0026652728847418273,72,2.1666666666666665
도보,광진구,자양2동,체육용품,0.001293567977196428,0.0008255728951715932,93,1.8494623655913978
도보,광진구,자양3동,도서,0.0038300599097573613,0.004362956840362274,40,2.1
도보,광진구,자양3동,문화체험,0.001964170659898871,0.0017859499912524337,52,1.7115384615384615
도보,광진구,자양3동,영상,0.004217707005626407,0.004364820771856416,22,1.0
도보,광진구,자양3동,음악,0.0019425347833150145,0.0021707405328102946,7,1.0
도보,광진구,자양3동,체육시설,0.0038538754113623887,0.003925689755085976,68,3.4558823529411766
도보,광진구,자양3동,체육용품,0.002551593720068576,0.0025287674528859535,73,3.1780821917808217
도보,광진구,자양4동,도서,0.002625882929972525,0.0016485842352577417,66,2.984848484848485
도보,광진구,자양4동,문화체험,0.0029637384559514797,0.0026294356638895473,69,3.8840579710144927
도보,광진구,자양4동,영상,0.001205377506630981,0.0011283179147962142,42,1.0
도보,광진구,자양4동,음악,0.001638260450654641,0.001638260450654641,15,1.0
도보,광진구,자양4동,체육시설,0.002203478717343676,0.0020783617884357103,68,2.676470588235294
도보,광진구,자양4동,체육용품,0.001146188947149013,0.0009952808306507622,62,1.564516129032258
도보,광진구,중곡1동,도서,0.0009451697348937513,0.0010082987734171712,49,2.5918367346938775
도보,광진구,중곡1동,문화체험,0.0004349797022449148,0.00043931856248342774,45,1.0666666666666667
도보,광진구,중곡1동,영상,0.0006061710474061341,0.0006061710474061341,11,1.0
도보,광진구,중곡1동,체육시설,0.0014706015877268773,0.0014423534974399898,49,3.2448979591836733
도보,광진구,중곡1동,체육용품,0.0004411404839259813,0.00040580859693381083,52,1.1153846153846154
도보,광진구,중곡2동,도서,0.0010879732766774048,0.0010724322403128182,54,3.6296296296296298
도보,광진구,중곡2동,문화체험,0.00040758520984026026,0.00039743682754890937,52,1.1538461538461537
도보,광진구,중곡2동,영상,0.0006061710474061341,0.0006061710474061341,5,1.0
도보,광진구,중곡2동,체육시설,0.0013334729454598014,0.0013353779835445136,54,3.611111111111111
도보,광진구,중곡2동,체육용품,0.0004614663052639355,0.00040580859693381083,17,1.0
도보,광진구,중곡3동,도서,0.000660014586630584,0.0006141807344619561,61,1.9836065573770492
도보,광진구,중곡3동,문화체험,0.0005189575997618409,0.00047821723018291295,43,1.5348837209302326
도보,광진구,중곡3동,체육시설,0.0016272856337112653,0.0016157290658555333,61,5.540983606557377
도보,광진구,중곡3동,체육용품,0.00040580859693381083,0.00040580859693381083,23,1.0
도보,광진구,중곡4동,도서,0.0008818344154927766,0.0007858761720351467,88,1.7613636363636365
도보,광진구,중곡4동,문화체험,0.00042492902743102815,0.00039743682754890937,67,1.0597014925373134
도보,광진구,중곡4동,체육시설,0.001743068776363592,0.0017022402951633432,100,2.65
도보,광진구,중곡4동,체육용품,0.002200870954594749,0.002200870954594749,1,1.0
도보,광진구,화양동,도서,0.004314361383822524,0.0025150942654587494,88,2.6363636363636362
도보,광진구,화양동,문화체험,0.002064958879940002,0.0009843530950001422,60,1.4166666666666667
도보,광진구,화양동,영상,0.0011283179147962142,0.0011283179147962142,4,1.0
도보,광진구,화양동,음악,0.0017249432547264917,0.001638260450654641,43,1.0
도보,광진구,화양동,체육시설,0.0023765750486020075,0.003481352981270172,25,1.52
도보,광진구,화양동,체육용품,0.0013849383474776236,0.001290119844494785,58,1.5517241379310345
도보,구로구,가리봉동,도서,0.002654880521522564,0.0028460095392558032,15,1.0666666666666667
도보,구로구,가리봉동,문화체험,0.0014307360985399906,0.0014755046290785593,40,1.5
도보,구로구,가리봉동,영상,0.0011449702337084512,0.0011355123339686593,27,1.3703703703703705
도보,구로구,가리봉동,음악,0.00048356778162048753,0.00048356778162048753,9,1.0
도보,구로구,가리봉동,체육시설,0.002133827951070504,0.002230750831246034,40,2.35
도보,구로구,개봉1동,도서,0.0011026287461888933,0.0010649790638636155,105,1.4476190476190476
도보,구로구,개봉1동,문화체험,0.0010145658124307625,0.0009368189081230622,118,1.5338983050847457
도보,구로구,개봉1동,음악,0.0004883160327883161,0.0004883160327883161,15,1.0
도보,구로구,개봉1동,체육시설,0.001326545395874966,0.0013018446417590375,107,2.383177570093458
도보,구로구,개봉1동,체육용품,0.000779979729265738,0.0007987560558340183,55,1.2
도보,구로구,개봉2동,도서,0.0007602518814684861,0.0007497440475927919,30,1.0
도보,구로구,개봉2동,문화체험,0.0012772076260909502,0.0012223106465303136,61,1.7868852459016393
도보,구로구,개봉2동,체육시설,0.0024349752521639076,0.0023832221144189495,53,3.150943396226415
도보,구로구,개봉2동,체육용품,0.00105447678120423,0.0010195873272328872,46,1.6956521739130435
도보,구로구,개봉3동,도서,0.0007497440475927919,0.0007497440475927919,42,1.0
도보,구로구,개봉3동,문화체험,0.00126388831049815,0.0012399324436584698,36,1.6666666666666667
도보,구로구,개봉3동,체육시설,0.00441696152033521,0.0044311795548568015,76,4.197368421052632
도보,구로구,개봉3동,체육용품,0.0013378706616973214,0.001355447740515256,52,1.6923076923076923
도보,구로구,고척1동,도서,0.004230187855159209,0.002980765065785012,105,2.1619047619047618
도보,구로구,고척1동,문화체험,0.0014909770074552223,0.0014903175555282854,88,1.7159090909090908
도보,구로구,고척1동,체육시설,0.003892015875436206,0.003664702808145668,110,3.272727272727273
도보,구로구,고척1동,체육용품,0.0013873259451233143,0.0016112656098676618,87,1.4252873563218391
도보,구로구,고척2동,도서,0.0006186665558965824,0.0005354195203478083,78,1.1794871794871795
도보,구로구,고척2동,문화체험,0.0007454045812773988,0.0006430474045025456,71,1.3661971830985915
도보,구로구,고척2동,체육시설,0.001666216174931395,0.0015576923892954482,95,3.3473684210526318
도보,구로구,고척2동,체육용품,0.0007688558857899281,0.0007606862186745149,87,1.6436781609195403
도보,구로구,구로1동,문화체험,0.006148704973877207,0.006967118898976522,56,1.0535714285714286
도보,구로구,구로1동,음악,0.00048356778162048753,0.00048356778162048753,7,1.0
도보,구로구,구로1동,체육시설,0.011988476354156192,0.013027969250092091,67,2.0
도보,구로구,구로1동,체육용품,0.011391184621812179,0.011391184621812179,9,1.0
도보,구로구,구로2동,도서,0.0031987558799035027,0.001534006909361539,54,1.037037037037037
도보,구로구,구로2동,문화체험,0.001615019384079719,0.00116179133651712,99,1.8282828282828283
도보,구로구,구로2동,영상,0.0012742855585644549,0.0012742855585644549,25,1.0
도보,구로구,구로2동,음악,0.00048356778162048753,0.00048356778162048753,56,1.0
도보,구로구,구로2동,체육시설,0.0031685454678965883,0.0029481206300208886,133,3.7518796992481205
도보,구로구,구로2동,체육용품,0.002370562975790415,0.0011776912054577919,83,1.3132530120481927
도보,구로구,구로3동,도서,0.0020143735983409092,0.002840207342910004,102,2.1470588235294117
도보,구로구,구로3동,문화체험,0.0015722296600254695,0.0015828972631853839,93,1.7096774193548387
도보,구로구,구로3동,영상,0.001287886980031506,0.0012777686532215947,65,1.0769230769230769
도보,구로구,구로3동,음악,0.0006939616871552377,0.0007991586399226127,24,1.0
도보,구로구,구로3동,체육시설,0.0035611157886115555,0.003753434200459492,94,2.297872340425532
도보,구로구,구로3동,체육용품,0.001145782981919881,0.0007710449386136847,43,1.8604651162790697
도보,구로구,구로4동,도서,0.0005280357789208905,0.0004977515801258696,39,1.0
도보,구로구,구로4동,문화체험,0.0010183693861088756,0.0010263577607982155,49,2.0408163265306123
도보,구로구,구로4동,영상,0.0012777686532215947,0.0012777686532215947,2,1.0
도보,구로구,구로4동,음악,0.00048356778162048753,0.00048356778162048753,25,1.0
도보,구로구,구로4동,체육시설,0.0024148078494183943,0.00232235943963375,51,4.019607843137255
도보,구로구,구로4동,체육용품,0.0013220076412150384,0.0011878515039959248,51,2.2941176470588234
도보,구로구,구로5동,도서,0.002125216008695011,0.0017372848933015503,88,1.6477272727272727
도보,구로구,구로5동,문화체험,0.001458352520018178,0.0009534541615762505,80,1.225
도보,구로구,구로5동,영상,0.0017655276494940562,0.0012742855585644549,70,1.0571428571428572
도보,구로구,구로5동,체육시설,0.0031245240500986245,0.003115465201077911,99,2.7777777777777777
도보,구로구,구로5동,체육용품,0.0011789485115376126,0.001025384466366863,73,1.2328767123287672
도보,구로구,수궁동,도서,0.0027968860871479067,0.0033084570376894647,61,1.1475409836065573
도보,구로구,수궁동,문화체험,0.0012008505707218503,0.001279581185514278,51,1.0588235294117647
도보,구로구,수궁동,음악,0.0004883160327883161,0.0004883160327883161,1,1.0
도보,구로구,수궁동,체육시설,0.002441058411554441,0.0020136804864204975,88,1.5227272727272727
도보,구로구,수궁동,체육용품,0.0004884751417025225,0.0004884751417025225,8,1.0
도보,구로구,신도림동,도서,0.005655762510604819,0.0059665511736874625,59,1.0677966101694916
도보,구로구,신도림동,문화체험,0.005415883357810655,0.004344236810370568,101,1.6435643564356435
도보,구로구,신도림동,영상,0.005495464972280671,0.005647545166601445,41,1.0
도보,구로구,신도림동,체육시설,0.0031833559155067456,0.0032193134078850752,85,1.0235294117647058
도보,구로구,신도림동,체육용품,0.005196896327928709,0.005151613622352027,96,1.4166666666666667
도보,구로구,오류1동,도서,0.0014312865933946823,0.001454450552416851,65,3.1076923076923078
도보,구로구,오류1동,문화체험,0.0015004363512804444,0.0013587514625228955,69,2.3043478260869565
도보,구로구,오류1동,음악,0.0004883160327883161,0.0004883160327883161,54,1.0
도보,구로구,오류1동,체육시설,0.0015746911251243445,0.0015288109312327246,62,3.0161290322580645
도보,구로구,오류1동,체육용품,0.0004884751417025225,0.0004884751417025225,52,1.0
도보,구로구,오류2동,도서,0.001111043404864158,0.0008391802216658291,26,1.2307692307692308
도보,구로구,오류2동,문화체험,0.001317666926929217,0.0011488651093773728,110,1.4181818181818182
도보,구로구,오류2동,음악,0.0004883160327883161,0.0004883160327883161,13,1.0
도보,구로구,오류2동,체육시설,0.0024286111355045943,0.0019958788153325063,178,2.0168539325842696
도보,구로구,오류2동,체육용품,0.001051935121838297,0.0014095154938475387,85,1.0
도보,구로구,항동,문화체험,0.0017773836406889468,0.0017773836406889468,44,1.0
도보,구로구,항동,체육시설,0.0019012618739704052,0.0015786981979744664,57,1.0
도보,금천구,가산동,도서,0.007797447724981245,0.00990210277131303,69,1.173913043478261
도보,금천구,가산동,문화체험,0.0017325135385387025,0.0017626359797617084,62,1.967741935483871
도보,금천구,가산동,영상,0.0010205566139612995,0.0010276803544831768,62,1.0
도보,금천구,가산동,음악,0.0010874303453295398,0.0010874303453295398,2,1.0
도보,금천구,가산동,체육시설,0.002829638291120223,0.0028003181207034047,78,2.9871794871794872
도보,금천구,가산동,체육용품,0.011917342900807865,0.011391184621812179,76,1.0
도보,금천구,독산1동,도서,0.0009033356973045699,0.0007219773410310914,85,1.5058823529411764
도보,금천구,독산1동,문화체험,0.0011134475634625991,0.000946872115209452,94,1.4680851063829787
도보,금천구,독산1동,영상,0.0008155046318806011,0.0008068443983049857,51,1.0
도보,금천구,독산1동,음악,0.0010305256916693143,0.0009480869465266874,72,1.5
도보,금천구,독산1동,체육시설,0.003843365001408111,0.0034983483892567966,151,4.006622516556291
도보,금천구,독산1동,체육용품,0.002972752869931352,0.0008142023776119931,54,1.037037037037037
도보,금천구,독산2동,도서,0.0005602672806338212,0.0005561533456979505,47,1.5319148936170213
도보,금천구,독산2동,문화체험,0.0007051291576793887,0.0009445045484483151,25,1.12
도보,금천구,독산2동,영상,0.0008068443983049857,0.0008068443983049857,5,1.0
도보,금천구,독산2동,음악,0.0007863292208914659,0.0007595121616229209,21,1.2380952380952381
도보,금천구,독산2동,체육시설,0.0024463615136027265,0.002243015942072221,62,7.306451612903226
도보,금천구,독산2동,체육용품,0.0005748573277312899,0.00045518480279093846,3,1.0
도보,금천구,독산3동,도서,0.0010476249206882364,0.000928896132383029,78,2.1923076923076925
도보,금천구,독산3동,문화체험,0.0010628818299934844,0.0009390377491781878,90,2.4
도보,금천구,독산3동,영상,0.0008068443983049857,0.0008068443983049857,5,1.0
도보,금천구,독산3동,음악,0.0009917179802705958,0.0007991586399226127,16,1.0
도보,금천구,독산3동,체육시설,0.002900141630314353,0.00263405997566637,92,5.1521739130434785
도보,금천구,독산3동,체육용품,0.0005920375221584312,0.0005613446075680608,66,1.3181818181818181
도보,금천구,독산4동,도서,0.0005275817257479951,0.0005230784974003777,42,1.0952380952380953
도보,금천구,독산4동,문화체험,0.0009210320167990611,0.0009165379413695239,41,1.5609756097560976
도보,금천구,독산4동,영상,0.0008068443983049857,0.0008068443983049857,19,1.0
도보,금천구,독산4동,음악,0.0011647263215975219,0.0012025420739953225,21,1.5238095238095237
도보,금천구,독산4동,체육시설,0.003817194187410406,0.003583655954710739,58,7.775862068965517
도보,금천구,독산4동,체육용품,0.0006812614441791731,0.0006576275843288085,32,1.40625
도보,금천구,시흥1동,도서,0.0008043872334586412,0.0008327138177968802,128,1.796875
도보,금천구,시흥1동,문화체험,0.0007465718077843893,0.0007878007787970911,101,1.683168316831683
도보,금천구,시흥1동,체육시설,0.003931527211895318,0.003671777017381875,136,8.529411764705882
도보,금천구,시흥1동,체육용품,0.0004786996442904455,0.00040672060655510433,78,1.5512820512820513
도보,금천구,시흥2동,도서,0.0007562269298785076,0.0007677112362613348,50,1.72
도보,금천구,시흥2동,문화체험,0.0012710771599818548,0.0012856756484577766,54,2.5925925925925926
도보,금천구,시흥2동,체육시설,0.0009211799430509066,0.0009017502777225183,14,1.8571428571428572
도보,금천구,시흥3동,도서,0.0008126439327884336,0.0007886706729568959,4,1.25
도보,금천구,시흥3동,문화체험,0.0017237005788826565,0.001740324071965789,79,1.0
도보,금천구,시흥3동,체육시설,0.0034975528126934344,0.002065075353520005,89,1.7191011235955056
도보,금천구,시흥3동,체육용품,0.0015972390521356418,0.0015972390521356418,72,1.0
도보,금천구,시흥4동,도서,0.0004004388662375571,0.00035717092425830945,47,1.3191489361702127
도보,금천구,시흥4동,문화체험,0.0007991594372981744,0.00036284973715118026,67,1.2835820895522387
도보,금천구,시흥4동,체육시설,0.0017370395080035508,0.0016056196828960914,72,4.277777777777778
도보,금천구,시흥4동,체육용품,0.0004477180288263717,0.00045518480279093846,35,1.4
도보,금천구,시흥5동,도서,0.0007173252679536331,0.0007042231759340257,61,2.081967213114754
도보,금천구,시흥5동,문화체험,0.0007114114009956594,0.0006076901457444466,60,2.4
도보,금천구,시흥5동,체육시설,0.001559453845859899,0.0013882405035844923,60,5.666666666666667
도보,금천구,시흥5동,체육용품,0.0004685886401381168,0.0003847630828936557,40,1.425
도보,노원구,공릉1동,도서,0.0018248968405005775,0.001822460527512479,103,3.6310679611650487
도보,노원구,공릉1동,문화체험,0.0018661135919696425,0.002000927959477667,110,3.7818181818181817
도보,노원구,공릉1동,영상,0.0004908884169665923,0.0004908884169665923,23,1.0
도보,노원구,공릉1동,음악,0.000906924320730102,0.0009348830615416909,62,1.467741935483871
도보,노원구,공릉1동,체육시설,0.003434577925507994,0.00346095519956414,113,7.486725663716814
도보,노원구,공릉1동,체육용품,0.0012000754592732259,0.0013001214811881835,108,2.6481481481481484
도보,노원구,공릉2동,도서,0.0638379807290672,0.05937795574471938,187,1.6042780748663101
도보,노원구,공릉2동,문화체험,0.05161874889248683,0.0019541859919692617,182,1.7362637362637363
도보,노원구,공릉2동,음악,0.000771625908467159,0.0007668340720575011,28,1.1071428571428572
도보,노원구,공릉2동,체육시설,0.004034995824224874,0.003540559315887438,222,3.1531531531531534
도보,노원구,공릉2동,체육용품,0.004300898626651851,0.001558778062592536,50,1.58
도보,노원구,상계10동,도서,0.002436657987554187,0.0014229477874774408,63,2.5555555555555554
도보,노원구,상계10동,문화체험,0.0012504920838087772,0.001123305608792995,66,2.015151515151515
도보,노원구,상계10동,영상,0.001592382895282868,0.0015932900944261037,20,1.7
도보,노원구,상계10동,체육시설,0.004285960497117496,0.0031069672548077174,66,4.621212121212121
도보,노원구,상계10동,체육용품,0.001465657372785923,0.0007090344708465999,60,1.5833333333333333
도보,노원구,상계1동,도서,0.0005347046869659988,0.000493068810883054,108,1.0462962962962963
도보,노원구,상계1동,문화체험,0.0011206797879479158,0.0011033601376266152,80,1.8
도보,노원구,상계1동,음악,0.00047543313707816304,0.00047543313707816304,61,1.0
도보,노원구,상계1동,체육시설,0.0026435980199067703,0.0026698106887696462,138,4.326086956521739
도보,노원구,상계1동,체육용품,0.0009540392973984773,0.0006911290446207497,103,1.5825242718446602
도보,노원구,상계2동,도서,0.0021309136605482887,0.0016345932721002184,62,4.161290322580645
도보,노원구,상계2동,문화체험,0.000959073382611794,0.0008767231509465099,56,2.0535714285714284
도보,노원구,상계2동,영상,0.0015741266502965485,0.001576197721859901,25,1.92
도보,노원구,상계2동,체육시설,0.004383804133438197,0.0040575376787082475,62,9.693548387096774
도보,노원구,상계2동,체육용품,0.0007957288911603773,0.0006911023409703792,24,1.375
도보,노원구,상계3·4동,문화체험,0.0006687975272697859,0.0005998725516970056,12,1.25
도보,노원구,상계3·4동,음악,0.0003877891252918201,0.0003877891252918201,73,1.0
도보,노원구,상계3·4동,체육시설,0.001961211512464986,0.001516397032217323,165,3.290909090909091
도보,노원구,상계3·4동,체육용품,0.0005298780156308367,0.0005267041469176307,31,1.6774193548387097
도보,노원구,상계5동,도서,0.00159003728224175,0.0016310145885742114,4,1.75
도보,노원구,상계5동,문화체험,0.0009534752614136611,0.0008477103539885532,73,2.0821917808219177
도보,노원구,상계5동,음악,0.0003877891252918201,0.0003877891252918201,1,1.0
도보,노원구,상계5동,체육시설,0.001969301390709408,0.002001007509937201,66,6.53030303030303
도보,노원구,상계5동,체육용품,0.0007630477728212928,0.0007859718979750745,70,2.8857142857142857
도보,노원구,상계6·7동,도서,0.0037514308675156652,0.0034415828470402837,98,4.010204081632653
도보,노원구,상계6·7동,문화체험,0.002186419016603575,0.0017188254345870638,44,1.7272727272727273
도보,노원구,상계6·7동,영상,0.0015167983381482622,0.0015858660698774524,60,1.7666666666666666
도보,노원구,상계6·7동,체육시설,0.005576896055872986,0.005013319849471407,134,6.17910447761194
도보,노원구,상계6·7동,체육용품,0.0015560799751902106,0.0018147237233589375,51,1.0588235294117647
도보,노원구,상계8동,도서,0.0009763597923995516,0.0010016092091497605,42,1.1428571428571428
도보,노원구,상계8동,문화체험,0.0009402677865042219,0.0009140630426547431,13,1.2307692307692308
도보,노원구,상계8동,체육시설,0.003159280008618949,0.0032091266618312743,63,2.5555555555555554
도보,노원구,상계8동,체육용품,0.0012706767035329473,0.0008791542804247626,42,1.380952380952381
도보,노원구,상계9동,도서,0.0009824929043307886,0.0010016092091497605,35,1.2
도보,노원구,상계9동,문화체험,0.0012697070936195935,0.0011493981418461807,52,1.6730769230769231
도보,노원구,상계9동,체육시설,0.0021697926388056007,0.0021610821145681756,64,2.515625
도보,노원구,상계9동,체육용품,0.0008336431900629293,0.0008622610730228502,57,1.3508771929824561
도보,노원구,월계1동,도서,0.0009390831333874074,0.0009896736572911147,82,1.2682926829268293
도보,노원구,월계1동,문화체험,0.0022195060521821193,0.001946764484998079,67,1.6865671641791045
도보,노원구,월계1동,체육시설,0.00269100046063619,0.0025302540180389852,101,2.1485148514851486
도보,노원구,월계1동,체육용품,0.004582247496285199,0.001691552057565402,80,1.1875
도보,노원구,월계2동,도서,0.0004240223542434261,0.0004499463370249112,64,1.0
도보,노원구,월계2동,문화체험,0.0008847106832830587,0.0008649050258168719,80,1.4
도보,노원구,월계2동,체육시설,0.001365288435808493,0.0016878010260646436,130,1.2923076923076924
도보,노원구,월계2동,체육용품,0.0007290135028419977,0.0007290135028419976,43,1.0
도보,노원구,월계3동,도서,0.0011929573288928651,0.0013013943453320936,62,1.3870967741935485
도보,노원구,월계3동,문화체험,0.000986902849142055,0.0007530579352591982,54,1.1111111111111112
도보,노원구,월계3동,체육시설,0.0018257631435324947,0.0016325113015400563,38,2.026315789473684
도보,노원구,월계3동,체육용품,0.0009111417982049835,0.0007290135028419976,45,1.0666666666666667
도보,노원구,중계1동,도서,0.001797231354270984,0.0019565557369700904,60,2.85
도보,노원구,중계1동,문화체험,0.0010099226720873089,0.0010565518587524437,40,1.3
도보,노원구,중계1동,음악,0.0016547981436257232,0.0016547981436257232,10,1.0
도보,노원구,중계1동,체육시설,0.001972034364045385,0.001971986535762014,64,4.140625
도보,노원구,중계1동,체육용품,0.000805103933765398,0.0008239405832047361,29,1.0
도보,노원구,중계2·3동,도서,0.000496867306260023,0.00026427810017922966,60,1.1
도보,노원구,중계2·3동,문화체험,0.0007033807499413705,0.0007033807499413705,8,1.0
도보,노원구,중계2·3동,영상,0.0004472183318558671,0.0002414765898330872,46,1.391304347826087
도보,노원구,중계2·3동,음악,0.0016547981436257232,0.0016547981436257232,8,1.0
도보,노원구,중계2·3동,체육시설,0.0011644783934028247,0.0010665447856173234,93,3.6881720430107525
도보,노원구,중계2·3동,체육용품,0.0002870960741835993,0.00027767774946393025,58,1.0
도보,노원구,중계4동,도서,0.0017029818558054993,0.002012224574521225,11,2.272727272727273
도보,노원구,중계4동,문화체험,0.0007108369168267717,0.0006424315015823101,68,1.6029411764705883
도보,노원구,중계4동,음악,0.0003877891252918201,0.0003877891252918201,1,1.0
도보,노원구,중계4동,체육시설,0.001944483302519387,0.0019755713797260984,70,6.142857142857143
도보,노원구,중계4동,체육용품,0.0004688871179789359,0.00045904104206788144,37,1.4594594594594594
도보,노원구,중계본동,도서,0.001882408072802423,0.0020189444020089916,51,2.9019607843137254
도보,노원구,중계본동,문화체험,0.0011516546826338637,0.001184427168847829,82,1.4024390243902438
도보,노원구,중계본동,체육시설,0.005216998792637904,0.0022300246047918036,79,2.1265822784810124
도보,노원구,중계본동,체육용품,0.004536260768840279,0.0008239405832047361,49,1.2448979591836735
도보,노원구,하계1동,도서,0.0008567902922237786,0.0010780892749458542,42,1.3095238095238095
도보,노원구,하계1동,문화체험,0.0009696368079613056,0.0008694137958445257,101,1.4158415841584158
도보,노원구,하계1동,영상,0.0011245404220968905,0.0010598420520929474,13,1.7692307692307692
도보,노원구,하계1동,음악,0.0016547981436257232,0.0016547981436257232,1,1.0
도보,노원구,하계1동,체육시설,0.004323645130479837,0.0026937002167326915,143,3.4755244755244754
도보,노원구,하계1동,체육용품,0.009350676009586374,0.015982581341216537,32,1.5625
도보,노원구,하계2동,도서,0.00026427810017922966,0.00026427810017922966,5,1.0
도보,노원구,하계2동,문화체험,0.0014561672456321656,0.0014561672456321656,1,3.0
도보,노원구,하계2동,영상,0.00044245836578849786,0.0002414765898330872,20,1.4
도보,노원구,하계2동,체육시설,0.0008247567097244478,0.0007798745771378975,44,2.0681818181818183
도보,노원구,하계2동,체육용품,0.0007290135028419976,0.0007290135028419976,4,1.0
도보,도봉구,도봉1동,도서,0.0005248218180993136,0.0007063222618691327,22,1.0
도보,도봉구,도봉1동,문화체험,0.0011203103087995487,0.0011735561182362288,91,2.3626373626373627
도보,도봉구,도봉1동,영상,0.0003277282903626339,0.0003277282903626339,4,1.0
도보,도봉구,도봉1동,음악,0.00047543313707816304,0.00047543313707816304,2,1.0
도보,도봉구,도봉1동,체육시설,0.000899403926059243,0.0006220315435181546,112,1.7946428571428572
도보,도봉구,도봉1동,체육용품,0.0009544970330441416,0.0009603476644775014,98,1.8877551020408163
도보,도봉구,도봉2동,도서,0.0007399095176517838,0.0007063222618691327,65,1.1846153846153846
도보,도봉구,도봉2동,문화체험,0.0011448456655615594,0.0011522091330586624,70,2.7714285714285714
도보,도봉구,도봉2동,영상,0.0003277282903626339,0.0003277282903626339,6,1.0
도보,도봉구,도봉2동,음악,0.00047543313707816304,0.00047543313707816304,29,1.0
도보,도봉구,도봉2동,체육시설,0.0027166774558597395,0.0027050272354814577,95,4.08421052631579
도보,도봉구,도봉2동,체육용품,0.0015602654898595539,0.0012735509037117374,93,2.150537634408602
도보,도봉구,방학1동,도서,0.0005565630828467101,0.00030702128557553077,76,1.3421052631578947
도보,도봉구,방학1동,문화체험,0.000819467154919645,0.0010743937785790319,58,1.793103448275862
도보,도봉구,방학1동,영상,0.0003277282903626339,0.0003277282903626339,74,1.0
도보,도봉구,방학1동,체육시설,0.002373032958159491,0.0023981632657539996,98,7.173469387755102
도보,도봉구,방학1동,체육용품,0.00102478365097393,0.0010380380650038224,98,2.7448979591836733
도보,도봉구,방학2동,도서,0.00030702128557553077,0.00030702128557553077,12,1.0
도보,도봉구,방학2동,문화체험,0.0003514531414385002,0.00023211471865603944,78,1.2820512820512822
도보,도봉구,방학2동,영상,0.0003277282903626339,0.0003277282903626339,4,1.0
도보,도봉구,방학2동,체육시설,0.0013433332506104215,0.0012760282452569218,51,3.5294117647058822
도보,도봉구,방학2동,체육용품,0.0004195268262513391,0.00030988130218396586,60,1.4
도보,도봉구,방학3동,도서,0.001068865508012008,0.0009845673345559676,42,1.0
도보,도봉구,방학3동,문화체험,0.0008280158281888187,0.000893021477993484,52,1.2692307692307692
도보,도봉구,방학3동,체육시설,0.0028453431351653743,0.002903246273612053,68,3.5588235294117645
도보,도봉구,방학3동,체육용품,0.0007035514736355296,0.0007287165752496115,36,1.3055555555555556
도보,도봉구,쌍문1동,도서,0.002026895592352545,0.0015746545487482493,67,1.2238805970149254
도보,도봉구,쌍문1동,문화체험,0.0005858525321785436,0.000540806411135314,47,1.1063829787234043
도보,도봉구,쌍문1동,체육시설,0.0019377049236017619,0.0015443392606051475,106,2.669811320754717
도보,도봉구,쌍문1동,체육용품,0.000731327395429276,0.0007363244044709452,17,1.7647058823529411
도보,도봉구,쌍문2동,도서,0.0010793969417655833,0.0011029153271811163,29,2.0
도보,도봉구,쌍문2동,문화체험,0.0009971318569056923,0.0010629281297536083,53,2.4716981132075473
도보,도봉구,쌍문2동,영상,0.0004988205320117961,0.0005119814736771163,42,1.0
도보,도봉구,쌍문2동,음악,0.0007999047532213589,0.0008036235318006932,32,1.75
도보,도봉구,쌍문2동,체육시설,0.003538481751454844,0.0035411920733944236,58,10.689655172413794
도보,도봉구,쌍문2동,체육용품,0.0005364786741696542,0.0004391160736097128,55,1.4363636363636363
도보,도봉구,쌍문3동,도서,0.0006688557281061278,0.0006216378880797874,47,1.9361702127659575
도보,도봉구,쌍문3동,문화체험,0.000624710595370141,0.0005751247090667062,48,1.5
도보,도봉구,쌍문3동,영상,0.0003384934126434988,0.00032114460654013706,22,1.0
도보,도봉구,쌍문3동,음악,0.0008875966558297209,0.0008812194003948379,16,1.9375
도보,도봉구,쌍문3동,체육시설,0.0023940588482857144,0.0025482048593366098,52,5.865384615384615
도보,도봉구,쌍문3동,체육용품,0.0006928158198812479,0.000736139492294871,26,2.0384615384615383
도보,도봉구,쌍문4동,도서,0.0009999220888603142,0.0009845673345559676,48,1.4791666666666667
도보,도봉구,쌍문4동,문화체험,0.0006050209962856915,0.0005412506576992009,51,1.2549019607843137
도보,도봉구,쌍문4동,영상,0.0005119814736771163,0.0005119814736771163,2,1.0
도보,도봉구,쌍문4동,음악,0.0007972542160618913,0.0008032440792289438,13,1.5384615384615385
도보,도봉구,쌍문4동,체육시설,0.003436010446193218,0.003356198464877403,52,4.3076923076923075
도보,도봉구,쌍문4동,체육용품,0.00045862564731972944,0.0004391160736097128,25,1.2
도보,도봉구,창1동,도서,0.001959378198012274,0.0011684625850823262,39,1.7435897435897436
도보,도봉구,창1동,문화체험,0.0012781101133676471,0.0006783227380547007,52,1.7692307692307692
도보,도봉구,창1동,영상,0.0004928977869634183,0.0005119814736771163,10,1.0
도보,도봉구,창1동,음악,0.0009506588706250299,0.0009374874834914619,36,1.5277777777777777
도보,도봉구,창1동,체육시설,0.003692156308501295,0.0028595788781182554,51,5.1568627450980395
도보,도봉구,창2동,도서,0.0005410657911463448,0.000525818656253375,21,1.0952380952380953
도보,도봉구,창2동,문화체험,0.0006063325300676755,0.000615135599144371,64,1.375
도보,도봉구,창2동,영상,0.00032114460654013706,0.00032114460654013706,24,1.0
도보,도봉구,창2동,음악,0.000989737177501407,0.000989737177501407,4,1.0
도보,도봉구,창2동,체육시설,0.001478568311528148,0.0012205430378005233,65,4.461538461538462
도보,도봉구,창2동,체육용품,0.000499204994747722,0.0005012720010242504,44,1.5909090909090908
도보,도봉구,창3동,도서,0.00021292706587990498,0.00021292706587990498,9,1.0
도보,도봉구,창3동,문화체험,0.0006112792661666639,0.0006167587794458932,60,1.6333333333333333
도보,도봉구,창3동,체육시설,0.0008709170597234552,0.0008866364840018792,59,2.4745762711864407
도보,도봉구,창3동,체육용품,0.00048544357209471823,0.0004851237359887622,30,1.1
도보,도봉구,창4동,도서,0.009919593760377099,0.01079052618675122,36,2.888888888888889
도보,도봉구,창4동,문화체험,0.004359269848239559,0.004372580833566713,61,2.2950819672131146
도보,도봉구,창4동,영상,0.0009704145128511248,0.0009704145128511248,2,1.0
도보,도봉구,창4동,체육시설,0.006838773683451199,0.004247448823436718,87,2.2528735632183907
도보,도봉구,창4동,체육용품,0.0014426637741667238,0.0014486726707811474,26,2.076923076923077
도보,도봉구,창5동,도서,0.0028302687153433097,0.003255960383458113,29,1.7586206896551724
도보,도봉구,창5동,문화체험,0.001979061597181404,0.0015110710614885325,45,2.3777777777777778
도보,도봉구,창5동,영상,0.0004991266004226176,0.0005119814736771163,43,1.0
도보,도봉구,창5동,음악,0.0008604488758789012,0.0008868213412793888,26,1.5769230769230769
도보,도봉구,창5동,체육시설,0.004754669504883072,0.004903429369548737,73,8.054794520547945
도보,도봉구,창5동,체육용품,0.0008677677333975949,0.0010336350874521043,22,1.9090909090909092
도보,동대문구,답십리1동,도서,0.0006468264466423755,0.0006779792493709337,29,1.0
도보,동대문구,답십리1동,문화체험,0.0005923151849845006,0.000540759354281923,60,1.0333333333333334
도보,동대문구,답십리1동,체육시설,0.0021642023976432135,0.001963008742087909,76,2.8684210526315788
도보,동대문구,답십리1동,체육용품,0.0013555078479297656,0.001376971069721752,62,1.3064516129032258
도보,동대문구,답십리2동,도서,0.0007065826802115539,0.000704083800277009,45,1.0222222222222221
도보,동대문구,답십리2동,문화체험,0.0009200878044925177,0.0009510491350458504,42,1.3333333333333333
도보,동대문구,답십리2동,체육시설,0.0019814946476262264,0.002035512990785799,83,2.746987951807229
도보,동대문구,답십리2동,체육용품,0.0008905493401632797,0.0007983956605392786,80,1.45
도보,동대문구,용신동,도서,0.002007806097647839,0.002258097905993191,67,2.253731343283582
도보,동대문구,용신동,문화체험,0.0015062981057960359,0.001462523628255565,147,1.6598639455782314
도보,동대문구,용신동,영상,0.0007726052566301314,0.000758018123407007,7,1.1428571428571428
도보,동대문구,용신동,음악,0.0013051581306738201,0.0012643974669864031,55,1.2727272727272727
도보,동대문구,용신동,체육시설,0.003086535365039804,0.002956120701738495,156,3.6474358974358974
도보,동대문구,용신동,체육용품,0.00100512506724121,0.0009820272710256918,95,1.0421052631578946
도보,동대문구,이문1동,도서,0.0032994618659027766,0.0028000166402461276,80,2.6625
도보,동대문구,이문1동,문화체험,0.0014587645733936893,0.0013059517931701117,25,1.56
도보,동대문구,이문1동,체육시설,0.0010520713294476167,0.001055503472856085,16,1.0625
도보,동대문구,이문1동,체육용품,0.0014777778355065867,0.001583815056388683,9,1.0
도보,동대문구,이문2동,도서,0.001557770645181566,0.0017237221750097122,36,1.5555555555555556
도보,동대문구,이문2동,문화체험,0.0011180270516339317,0.0011180270516339317,21,1.0
도보,동대문구,이문2동,체육시설,0.0016277876071362195,0.001055503472856085,45,1.1777777777777778
도보,동대문구,이문2동,체육용품,0.0011832945079164176,0.0011479263188184478,15,1.3333333333333333
도보,동대문구,장안1동,도서,0.00110405382595812,0.0009348354562270659,123,1.2439024390243902
도보,동대문구,장안1동,문화체험,0.0014333013445002446,0.001100288255839967,67,1.5522388059701493
도보,동대문구,장안1동,체육시설,0.002270277715972855,0.0020644638887535173,114,2.6491228070175437
도보,동대문구,장안1동,체육용품,0.0014052588747175665,0.0012859195501405685,62,1.6451612903225807
도보,동대문구,장안2동,도서,0.0013831244393804718,0.001322583425213242,99,2.696969696969697
도보,동대문구,장안2동,문화체험,0.0005584588669862512,0.0005437901737551964,60,1.0166666666666666
도보,동대문구,장안2동,체육시설,0.0017182089202203402,0.0013897040320951536,99,2.787878787878788
도보,동대문구,장안2동,체육용품,0.0008144269839466292,0.00083309011276897,75,1.5333333333333334
도보,동대문구,전농1동,도서,0.0006957967547608457,0.0006779792493709337,85,1.2941176470588236
도보,동대문구,전농1동,문화체험,0.0005419106370074078,0.000540759354281923,62,1.0161290322580645
도보,동대문구,전농1동,영상,0.0011356725761793407,0.001177800340024829,20,1.35
도보,동대문구,전농1동,체육시설,0.001596287360400367,0.001732617157212209,101,2.594059405940594
도보,동대문구,전농1동,체육용품,0.0008225802854086252,0.0008455042468593645,60,1.25
도보,동대문구,전농2동,도서,0.005110635895251385,0.0015961000648752836,90,1.3444444444444446
도보,동대문구,전농2동,문화체험,0.0005437901737551964,0.0005437901737551964,19,1.0
도보,동대문구,전농2동,체육시설,0.0016774450789884307,0.0013908942441187028,76,2.0921052631578947
도보,동대문구,전농2동,체육용품,0.001061803270450551,0.0008455042468593645,70,1.5714285714285714
도보,동대문구,제기동,도서,0.0012858704872337721,0.0009645377756172086,72,1.4583333333333333
도보,동대문구,제기동,문화체험,0.000771820619888712,0.0007110373525944782,92,1.1304347826086956
도보,동대문구,제기동,영상,0.0007696194596511956,0.000758018123407007,45,1.2
도보,동대문구,제기동,체육시설,0.0018303219594723676,0.001823824911850813,118,3.330508474576271
도보,동대문구,제기동,체육용품,0.0007915586713345063,0.0007070227558840221,96,1.46875
도보,동대문구,청량리동,도서,0.0017548618316632744,0.0007052650240576056,42,1.0476190476190477
도보,동대문구,청량리동,문화체험,0.0005432663637944962,0.0005432663637944962,33,1.0
도보,동대문구,청량리동,영상,0.0009498741805293939,0.000973036026658198,37,1.5675675675675675
도보,동대문구,청량리동,체육시설,0.0014323073218557951,0.001445547557838961,70,2.6285714285714286
도보,동대문구,청량리동,체육용품,0.0007992641800884907,0.0008332955405976278,65,1.523076923076923
도보,동대문구,회기동,도서,0.005735063525549321,0.00522297921566451,78,3.1666666666666665
도보,동대문구,회기동,체육시설,0.0007942871761382814,0.0007918075200185164,39,1.0769230769230769
도보,동대문구,회기동,체육용품,0.0008184440950245052,0.0007221630502952973,19,1.4736842105263157
도보,동대문구,휘경1동,도서,0.002479644340982814,0.0023030414326116492,43,2.3255813953488373
도보,동대문구,휘경1동,문화체험,0.0024254323309793294,0.002318261339686189,35,1.9142857142857144
도보,동대문구,휘경1동,영상,0.0007885325970192064,0.0007885325970192064,1,1.0
도보,동대문구,휘경1동,체육시설,0.0008121062381178236,0.0007918075200185164,24,1.0
도보,동대문구,휘경1동,체육용품,0.0015706922688912205,0.001583815056388683,51,1.3725490196078431
도보,동대문구,휘경2동,도서,0.00207943521988305,0.001515619570559689,75,1.16
도보,동대문구,휘경2동,문화체험,0.0029990097732431648,0.0035622599936875866,56,1.3392857142857142
도보,동대문구,휘경2동,영상,0.0007885325970192064,0.0007885325970192064,3,1.0
도보,동대문구,휘경2동,체육시설,0.0012188750966390515,0.0013897040320951536,72,1.1111111111111112
도보,동대문구,휘경2동,체육용품,0.0015248664761010082,0.001583815056388683,64,1.34375
도보,동작구,노량진1동,도서,0.00645729596447445,0.006827528934573806,93,5.204301075268817
도보,동작구,노량진1동,문화체험,0.001675900851400134,0.001993202901030837,104,1.0480769230769231
도보,동작구,노량진1동,음악,0.0007836351480229614,0.0007836351480229614,4,1.0
도보,동작구,노량진1동,체육시설,0.003229117109207924,0.0018608309859777642,45,1.8888888888888888
도보,동작구,노량진1동,체육용품,0.0011969640514108936,0.0008852838789536296,34,1.1764705882352942
도보,동작구,노량진2동,도서,0.002807379830651735,0.0016650817644498052,39,2.717948717948718
도보,동작구,노량진2동,문화체험,0.0011229031043213421,0.0007626526487022345,36,1.2777777777777777
도보,동작구,노량진2동,음악,0.0007836351480229614,0.0007836351480229614,9,1.0
도보,동작구,노량진2동,체육시설,0.002146261243363676,0.0021354042635737106,11,1.7272727272727273
도보,동작구,노량진2동,체육용품,0.0008896521834365263,0.0008852838789536296,31,1.032258064516129
도보,동작구,대방동,도서,0.001797612433645846,0.0017676342091899387,116,2.2844827586206895
도보,동작구,대방동,문화체험,0.001869867926350346,0.0018598350606629543,81,2.0123456790123457
도보,동작구,대방동,음악,0.0007836351480229614,0.0007836351480229614,12,1.0
도보,동작구,대방동,체육시설,0.0040894714074974315,0.004036192193768976,106,4.537735849056604
도보,동작구,대방동,체육용품,0.001050335328184328,0.0010864933107728894,37,1.3783783783783783
도보,동작구,사당1동,도서,0.002505357724563294,0.0026515706064604632,59,3.135593220338983
도보,동작구,사당1동,문화체험,0.0013339176115094817,0.0012542544697823935,62,2.0806451612903225
도보,동작구,사당1동,영상,0.002253041498576316,0.002253041498476171,24,2.0
도보,동작구,사당1동,체육시설,0.0018332490909026362,0.0012952876053827723,39,1.358974358974359
도보,동작구,사당2동,도서,0.004288040953881536,0.0027494921501426094,47,2.3404255319148937
도보,동작구,사당2동,문화체험,0.001998946871446103,0.002000048309748523,55,1.8545454545454545
도보,동작구,사당2동,영상,0.002253041498441657,0.002253041498282663,20,2.0
도보,동작구,사당2동,체육시설,0.0032620475645326803,0.0024445628962949354,75,1.6533333333333333
도보,동작구,사당2동,체육용품,0.002802239226915474,0.0026650396003279116,56,1.6607142857142858
도보,동작구,사당3동,도서,0.002233055524431257,0.002091270759260894,70,1.957142857142857
도보,동작구,사당3동,문화체험,0.0014938235511647456,0.0011828713671360358,43,1.627906976744186
도보,동작구,사당3동,영상,0.0022530414983600922,0.002253041498351135,11,2.0
도보,동작구,사당3동,체육시설,0.003210423711786639,0.001991173445371232,82,1.8658536585365855
도보,동작구,사당4동,도서,0.0011871238711505569,0.0010236561003668587,34,1.4411764705882353
도보,동작구,사당4동,문화체험,0.0010657142277708663,0.0010660823245512356,30,1.6666666666666667
도보,동작구,사당4동,체육시설,0.0014200645620954884,0.0012952876053827723,24,1.375
도보,동작구,사당5동,도서,0.002149525863600689,0.0022165762956859692,49,1.9387755102040816
도보,동작구,사당5동,문화체험,0.0011758417467532243,0.0011828713671360358,39,1.0512820512820513
도보,동작구,사당5동,체육시설,0.002225242439810457,0.0022446219549987737,55,1.8
도보,동작구,사당5동,체육용품,0.000533316619862534,0.000533316619862534,1,1.0
도보,동작구,상도1동,도서,0.0024223455844239487,0.0014854012806456824,135,2.074074074074074
도보,동작구,상도1동,문화체험,0.0014357731489982389,0.0012109505457783376,116,1.5603448275862069
도보,동작구,상도1동,체육시설,0.0014484916023020458,0.0012522246940532792,117,1.4615384615384615
도보,동작구,상도1동,체육용품,0.0013132795737626165,0.0013000619580621248,59,1.9491525423728813
도보,동작구,상도2동,도서,0.0010477244084658077,0.0013130596051048324,51,1.4705882352941178
도보,동작구,상도2동,문화체험,0.001768592495357445,0.0019817529313914664,68,2.8823529411764706
도보,동작구,상도2동,음악,0.0007836351480229615,0.0007836351480229614,45,1.0
도보,동작구,상도2동,체육시설,0.002032509554663258,0.0019371384432961768,76,3.5
도보,동작구,상도2동,체육용품,0.0015751284418815484,0.001663451194240002,50,2.02
도보,동작구,상도3동,도서,0.0008404349148087078,0.0007355841425314818,47,1.851063829787234
도보,동작구,상도3동,문화체험,0.0016087676028600727,0.0018911850902803666,26,1.6538461538461537
도보,동작구,상도3동,음악,0.0007836351480229614,0.0007836351480229614,7,1.0
도보,동작구,상도3동,체육시설,0.0038371296154156875,0.004114784693980501,49,8.63265306122449
도보,동작구,상도4동,도서,0.0006092855796368466,0.0006429251286938684,91,1.10989010989011
도보,동작구,상도4동,문화체험,0.0012467758470669475,0.0010654712580556143,75,2.08
도보,동작구,상도4동,음악,0.0007836351480229614,0.0007836351480229614,17,1.0
도보,동작구,상도4동,체육시설,0.0017949047186290475,0.000871925247611471,87,3.4022988505747125
도보,동작구,상도4동,체육용품,0.001418191110373539,0.001377784592136794,8,1.25
도보,동작구,신대방1동,도서,0.001223899434574539,0.0012642546236691185,65,1.5692307692307692
도보,동작구,신대방1동,문화체험,0.001621988937556285,0.0016333683582018977,51,1.392156862745098
도보,동작구,신대방1동,영상,0.0014961550463050929,0.0014961550463050929,32,1.0
도보,동작구,신대방1동,음악,0.0007991586399226127,0.0007991586399226127,7,1.0
도보,동작구,신대방1동,체육시설,0.0031288054554589597,0.0029207330903936344,69,2.5942028985507246
도보,동작구,신대방1동,체육용품,0.0011484608842198128,0.000991323098274866,66,1.4848484848484849
도보,동작구,신대방2동,도서,0.0019342791440597478,0.0020071337788132673,65,2.3384615384615386
도보,동작구,신대방2동,문화체험,0.0012883593831344313,0.001398134327847593,64,1.796875
도보,동작구,신대방2동,체육시설,0.004069709455434395,0.004191623451567603,95,4.431578947368421
도보,동작구,신대방2동,체육용품,0.0008575572943193883,0.000991323098274866,7,1.0
도보,동작구,흑석동,도서,0.001810868283074008,0.0014854012806456824,12,1.0833333333333333
도보,동작구,흑석동,문화체험,0.00271872034151253,0.002939915144880576,75,1.0
도보,동작구,흑석동,체육시설,0.005003557382731016,0.004114866171717946,105,1.5047619047619047
도보,동작구,흑석동,체육용품,0.0012047272618873836,0.0012047272618873834,14,1.0
도보,마포구,공덕동,도서,0.0014278732874098384,0.0012685167372172542,85,1.576470588235294
도보,마포구,공덕동,문화체험,0.0013658173957414722,0.0012161358636907217,82,1.4634146341463414
도보,마포구,공덕동,체육시설,0.0027760585334578734,0.002069752436689858,74,2.608108108108108
도보,마포구,공덕동,체육용품,0.0018677194114286382,0.0018677194114286382,8,1.0
도보,마포구,대흥동,도서,0.007915904377954688,0.007730512595438457,81,4.012345679012346
도보,마포구,대흥동,문화체험,0.0014566646253121227,0.0011862403831291214,16,1.0
도보,마포구,대흥동,영상,0.002509457295472775,0.0020874285468463686,36,1.3888888888888888
도보,마포구,대흥동,음악,0.0023659942075921793,0.0014950794411990537,29,1.0
도보,마포구,대흥동,체육시설,0.005489573175038134,0.0048489009763435596,83,4.120481927710843
도보,마포구,대흥동,체육용품,0.0013578972019426426,0.001426057511956056,50,1.28
도보,마포구,도화동,도서,0.00322127365538951,0.003456458988938909,47,2.25531914893617
도보,마포구,도화동,문화체험,0.0018962401383724172,0.0020070299203027745,44,1.5909090909090908
도보,마포구,도화동,체육시설,0.008736889422323932,0.008307880135561326,55,6.963636363636364
도보,마포구,도화동,체육용품,0.0018677194114286382,0.0018677194114286382,4,1.0
도보,마포구,망원1동,도서,0.0025450791212490195,0.0026060895090417816,49,4.224489795918367
도보,마포구,망원1동,문화체험,0.001626966623981871,0.0014500888911918807,57,2.754385964912281
도보,마포구,망원1동,영상,0.0013465777209250016,0.0013465777209250016,4,1.0
도보,마포구,망원1동,음악,0.001262070845206726,0.001262070845206726,13,1.0
도보,마포구,망원1동,체육시설,0.0019896976954865103,0.001970122213242607,56,3.5892857142857144
도보,마포구,망원1동,체육용품,0.002742484080898258,0.0027284221861484754,56,4.017857142857143
도보,마포구,망원2동,도서,0.0018840473686107166,0.0017731478318589928,41,2.8292682926829267
도보,마포구,망원2동,문화체험,0.002017047208449735,0.001286203948989306,50,1.52
도보,마포구,망원2동,체육시설,0.004230484806927672,0.0028277095326346936,55,3.4545454545454546
도보,마포구,망원2동,체육용품,0.002851116733717978,0.002879742972730427,54,4.166666666666667
도보,마포구,상암동,도서,0.0045172956312672435,0.004553948575324519,76,1.8157894736842106
도보,마포구,상암동,문화체험,0.0018298438180372205,0.0018308072748989836,126,1.0634920634920635
도보,마포구,상암동,영상,0.004115680356042663,0.0015339943955062789,77,1.0
도보,마포구,상암동,체육시설,0.004063990039842411,0.0030910651571617303,205,1.5170731707317073
도보,마포구,상암동,체육용품,0.001017905753983423,0.001017905753983423,14,1.0
도보,마포구,서강동,도서,0.010868788909130475,0.010201425211954707,104,2.894230769230769
도보,마포구,서강동,문화체험,0.010675640065708493,0.007136920088836652,112,3.232142857142857
도보,마포구,서강동,영상,0.005483074305352162,0.0051991627173289135,35,1.3428571428571427
도보,마포구,서강동,음악,0.0049747991855829425,0.005909820182785785,67,1.3134328358208955
도보,마포구,서강동,체육시설,0.0065622383000275555,0.0054258073283062775,67,1.5522388059701493
도보,마포구,서강동,체육용품,0.0016779330248069392,0.001678452177857332,47,1.0
도보,마포구,서교동,도서,0.017519168249671983,0.016052041338312596,169,7.502958579881657
도보,마포구,서교동,문화체험,0.016341904110577985,0.01554213182522032,168,5.8273809523809526
도보,마포구,서교동,영상,0.006439023670047309,0.00803872021795597,154,3.2337662337662336
도보,마포구,서교동,음악,0.005775348240398279,0.0051244496324646,169,2.1479289940828403
도보,마포구,서교동,체육시설,0.0064064246459610485,0.006253290166078167,162,2.950617283950617
도보,마포구,서교동,체육용품,0.0017133785980840569,0.001654051984488882,70,1.1285714285714286
도보,마포구,성산1동,도서,0.004454320769627779,0.003887393058385,84,4.107142857142857
도보,마포구,성산1동,문화체험,0.0016236558616913221,0.001144638467387097,48,1.3125
도보,마포구,성산1동,영상,0.008150764704308831,0.008818475799629931,3,1.6666666666666667
도보,마포구,성산1동,음악,0.001262070845206726,0.001262070845206726,8,1.0
도보,마포구,성산1동,체육시설,0.002556442283121987,0.002620109358203831,78,2.423076923076923
도보,마포구,성산1동,체육용품,0.001598338815383458,0.0014563352215167633,85,2.3058823529411763
도보,마포구,성산2동,도서,0.0012031001785639472,0.0006783052652370858,66,1.6363636363636365
도보,마포구,성산2동,문화체험,0.0009896164539563118,0.0009339923067454695,68,1.2941176470588236
도보,마포구,성산2동,영상,0.034665630889056546,0.034665630889056546,39,1.0
도보,마포구,성산2동,체육시설,0.0027683294102517813,0.0014055216543462947,138,1.8985507246376812
도보,마포구,성산2동,체육용품,0.0011037628731900933,0.0010462904648353966,88,1.1136363636363635
도보,마포구,신수동,도서,0.0031393227380355536,0.002373024957948823,77,2.311688311688312
도보,마포구,신수동,문화체험,0.001976666485628383,0.0017779304816300926,64,1.3125
도보,마포구,신수동,음악,0.0015319290274760245,0.0014950794411990537,53,1.0
도보,마포구,신수동,체육시설,0.0038709068144814718,0.0034304569768672222,71,2.887323943661972
도보,마포구,신수동,체육용품,0.0016144495914044027,0.001678452177857332,49,1.0612244897959184
도보,마포구,아현동,도서,0.002246973926264295,0.002220565398220446,27,2.4074074074074074
도보,마포구,아현동,문화체험,0.0014723199928635623,0.0012161358636907217,43,1.697674418604651
도보,마포구,아현동,체육시설,0.0027986206125485613,0.002310159809204823,49,2.63265306122449
도보,마포구,아현동,체육용품,0.0014630030024760387,0.0011242354529986125,28,1.1071428571428572
도보,마포구,연남동,도서,0.006683823949787689,0.006037446241436055,65,4.507692307692308
도보,마포구,연남동,문화체험,0.004186255247610486,0.002451089741894193,48,1.6458333333333333
도보,마포구,연남동,영상,0.007033436554744112,0.008445519933608526,29,2.8620689655172415
도보,마포구,연남동,음악,0.012595757752263934,0.012595757752263933,5,2.0
도보,마포구,연남동,체육시설,0.003695518171354549,0.002916303228540732,46,1.6956521739130435
도보,마포구,연남동,체육용품,0.0011750543377663726,0.0011750543377663726,12,1.0
도보,마포구,염리동,도서,0.0033267037702437345,0.0031911654427691618,38,3.0789473684210527
도보,마포구,염리동,문화체험,0.0013133492235014475,0.0011862403831291214,21,1.2380952380952381
도보,마포구,염리동,영상,0.002464549491522412,0.0020874285468463686,3,1.3333333333333333
도보,마포구,염리동,체육시설,0.0029692141874754717,0.002613508840175347,53,2.1132075471698113
도보,마포구,염리동,체육용품,0.0014766712415585726,0.001585244216956733,44,1.5909090909090908
도보,마포구,용강동,도서,0.003189200344100152,0.00300575061872171,65,2.830769230769231
도보,마포구,용강동,문화체험,0.0016141905264004882,0.0015243434584985879,65,1.4461538461538461
도보,마포구,용강동,음악,0.0014950794411990537,0.0014950794411990537,9,1.0
도보,마포구,용강동,체육시설,0.004863811206458814,0.0038618930851457576,70,4.142857142857143
도보,마포구,용강동,체육용품,0.001738426619481487,0.0018677194114286382,36,1.3333333333333333
도보,마포구,합정동,도서,0.00908958691752423,0.009033787800417421,88,4.318181818181818
도보,마포구,합정동,문화체험,0.0056953551392802376,0.0024382455831649377,70,2.4571428571428573
도보,마포구,합정동,영상,0.001866529851787325,0.0013465777209250016,64,1.078125
도보,마포구,합정동,음악,0.0021613841811046744,0.0022327518216854903,66,1.1515151515151516
도보,마포구,합정동,체육시설,0.0027836600909943764,0.002030944473633268,39,1.5128205128205128
도보,마포구,합정동,체육용품,0.0018222283258691207,0.001654051984488882,78,1.2564102564102564
도보,서대문구,남가좌1동,도서,0.0014801078148789272,0.0012228733939062485,31,1.2903225806451613
도보,서대문구,남가좌1동,문화체험,0.002338693153513173,0.0022456312427043086,43,1.7209302325581395
도보,서대문구,남가좌1동,체육시설,0.0016861011931888607,0.0017663624770194123,47,1.7234042553191489
도보,서대문구,남가좌1동,체육용품,0.0009368858709847329,0.0009808421342375256,28,1.1785714285714286
도보,서대문구,남가좌2동,도서,0.0010295234184383335,0.0008680153452740286,35,1.9142857142857144
도보,서대문구,남가좌2동,문화체험,0.0008546499232472122,0.0008276922554779396,78,1.794871794871795
도보,서대문구,남가좌2동,체육시설,0.0012721523949492113,0.0011504250197718804,54,2.2222222222222223
도보,서대문구,남가좌2동,체육용품,0.0008829603204753573,0.0008551796782738818,55,1.4
도보,서대문구,북가좌1동,도서,0.0008677518812046097,0.0012228733939062485,30,1.0333333333333334
도보,서대문구,북가좌1동,문화체험,0.000878501732008031,0.000836045153399931,41,1.048780487804878
도보,서대문구,북가좌1동,체육시설,0.001444364177149162,0.0014580477614892053,51,2.3529411764705883
도보,서대문구,북가좌1동,체육용품,0.001009352610965139,0.001017905753983423,13,1.0
도보,서대문구,북가좌2동,도서,0.0005196871097288795,0.0004237593328893709,79,1.481012658227848
도보,서대문구,북가좌2동,문화체험,0.000760526046534558,0.0004911358994506292,72,1.375
도보,서대문구,북가좌2동,체육시설,0.0018468901293038913,0.0017350301164382673,82,5.573170731707317
도보,서대문구,북가좌2동,체육용품,0.0004684140099588391,0.0003812083337678438,56,1.3035714285714286
도보,서대문구,북아현동,도서,0.0016672212373529203,0.0007260406365630928,17,1.1764705882352942
도보,서대문구,북아현동,문화체험,0.002059688950638292,0.0021487947971005634,44,3.1818181818181817
도보,서대문구,북아현동,영상,0.0019614431778990577,0.0019614431778990577,3,1.0
도보,서대문구,북아현동,체육시설,0.0021352823789474945,0.002002664020049134,47,2.425531914893617
도보,서대문구,북아현동,체육용품,0.0011242354529986125,0.0011242354529986125,11,1.0
도보,서대문구,신촌동,도서,0.010675803958285232,0.010266515347168876,194,3.3711340206185567
도보,서대문구,신촌동,문화체험,0.004128274007088591,0.004245132008817236,45,2.1777777777777776
도보,서대문구,신촌동,영상,0.010105950265657618,0.009920770906139624,166,1.8493975903614457
도보,서대문구,신촌동,음악,0.0038521987077607955,0.003613579455082797,96,1.3645833333333333
도보,서대문구,신촌동,체육시설,0.00978342502372865,0.010577997663195886,183,2.819672131147541
도보,서대문구,신촌동,체육용품,0.0011242354529986125,0.0011242354529986125,20,1.0
도보,서대문구,연희동,도서,0.003284713629779735,0.002429872233317029,114,1.4824561403508771
도보,서대문구,연희동,문화체험,0.002256513269145009,0.002390557451361044,166,1.1987951807228916
도보,서대문구,연희동,영상,0.002209767677877961,0.0020157497869612933,68,1.088235294117647
도보,서대문구,연희동,음악,0.0034841117404924926,0.0034841117404924926,2,1.5
도보,서대문구,연희동,체육시설,0.00222520311096939,0.0020069270299276237,94,1.148936170212766
도보,서대문구,연희동,체육용품,0.0008371061049786215,0.0008350064152496017,15,1.0666666666666667
도보,서대문구,천연동,도서,0.001325798244177801,0.0013031235076553088,37,1.0
도보,서대문구,천연동,문화체험,0.0026430580821717653,0.0025286029374987657,38,1.105263157894737
도보,서대문구,천연동,영상,0.006642574153939445,0.007686427327755513,8,1.75
도보,서대문구,천연동,체육시설,0.003032821192261808,0.0030170150946978143,52,3.1346153846153846
도보,서대문구,충현동,도서,0.0023359045862589947,0.0021420887589875186,66,1.2878787878787878
도보,서대문구,충현동,문화체험,0.002269773358361455,0.0018910471782588177,85,2.1176470588235294
도보,서대문구,충현동,영상,0.0030780910657091237,0.0019614431778990577,50,1.26
도보,서대문구,충현동,체육시설,0.002072041568916879,0.00235092248464232,21,1.380952380952381
도보,서대문구,홍은1동,도서,0.0007857129033741834,0.0007738144082005055,61,1.0163934426229508
도보,서대문구,홍은1동,문화체험,0.0011295437832876938,0.001131588156474782,57,1.1929824561403508
도보,서대문구,홍은1동,체육시설,0.003586445726340648,0.0038598571174497994,27,2.740740740740741
도보,서대문구,홍은1동,체육용품,0.0007927867726029334,0.0007855357386606499,17,1.0588235294117647
도보,서대문구,홍은2동,도서,0.0012452823531479604,0.0011927741681697268,62,1.9516129032258065
도보,서대문구,홍은2동,문화체험,0.001629267978093434,0.002236512351858468,85,1.3058823529411765
도보,서대문구,홍은2동,체육시설,0.0026514983055226362,0.002577543313224435,142,1.732394366197183
도보,서대문구,홍은2동,체육용품,0.0011628822879637235,0.001354892737934657,40,1.15
도보,서대문구,홍제1동,도서,0.0009100112589347919,0.0009100112589347919,14,1.0
도보,서대문구,홍제1동,문화체험,0.0016108521871518776,0.002307348637201595,48,1.1666666666666667
도보,서대문구,홍제1동,체육시설,0.0030282524153107363,0.0020934099049015314,93,2.5053763440860215
도보,서대문구,홍제1동,체육용품,0.001312834414470421,0.001354892737934657,32,1.125
도보,서대문구,홍제2동,도서,0.0009100112589347919,0.0009100112589347919,11,1.0
도보,서대문구,홍제2동,문화체험,0.000886455536688768,0.0008007262016409435,44,1.0
도보,서대문구,홍제2동,체육시설,0.0022404853455626266,0.0020824503473321843,53,2.4150943396226414
도보,서대문구,홍제2동,체육용품,0.0007855357386606499,0.0007855357386606499,2,1.0
도보,서대문구,홍제3동,도서,0.0008329785279748203,0.000796181717248763,60,1.2
도보,서대문구,홍제3동,문화체험,0.0015925549225383141,0.0011170634720295799,78,1.3974358974358974
도보,서대문구,홍제3동,체육시설,0.002614538441921723,0.0018964287760379662,54,3.037037037037037
도보,서대문구,홍제3동,체육용품,0.0007917153470235809,0.0007855357386606499,48,1.0625
도보,서초구,내곡동,도서,0.005010532308517033,0.005167125442843318,11,1.1818181818181819
도보,서초구,내곡동,문화체험,0.014802237983488398,0.014802237983488398,8,1.0
도보,서초구,내곡동,체육시설,0.0014924729884118438,0.0014902366565691138,74,1.0
도보,서초구,내곡동,체육용품,0.035634263843776326,0.035634263843776326,33,1.0
도보,서초구,반포1동,도서,0.012028240231619752,0.00922549249128882,57,2.2982456140350878
도보,서초구,반포1동,문화체험,0.012413100462261765,0.009916668093380095,62,2.8870967741935485
도보,서초구,반포1동,영상,0.008021080397395823,0.008788618399346882,18,1.2222222222222223
도보,서초구,반포1동,음악,0.005037169164175404,0.0043456234245299935,61,1.7049180327868851
도보,서초구,반포1동,체육시설,0.006197317457538734,0.006012858663566346,64,2.6875
도보,서초구,반포2동,도서,0.05008671735314989,0.05636702649218371,30,2.3666666666666667
도보,서초구,반포2동,문화체험,0.04513285878892523,0.04473359260592798,57,1.8070175438596492
도보,서초구,반포2동,영상,0.018708463093471652,0.018708463093471652,10,1.0
도보,서초구,반포2동,음악,0.00982682005654956,0.00982682005654956,7,1.0
도보,서초구,반포3동,도서,0.04558845515213543,0.050409152885562,44,3.8636363636363638
도보,서초구,반포3동,문화체험,0.009585625714911505,0.009916668093380095,22,1.1818181818181819
도보,서초구,반포3동,영상,0.018708463093471652,0.018708463093471652,23,1.0
도보,서초구,반포3동,음악,0.00982682005654956,0.00982682005654956,41,1.0
도보,서초구,반포3동,체육시설,0.01437906347249345,0.014694496288583407,49,1.0204081632653061
도보,서초구,반포3동,체육용품,0.025150909153155775,0.025150909153155775,32,1.0
도보,서초구,반포4동,도서,0.03853242787480334,0.017310254089699353,62,3.1774193548387095
도보,서초구,반포4동,문화체험,0.012964713245794124,0.006160960614765979,9,1.1111111111111112
도보,서초구,반포4동,영상,0.018708463093471652,0.018708463093471652,39,1.0
도보,서초구,반포4동,음악,0.00982682005654956,0.00982682005654956,25,1.0
도보,서초구,반포4동,체육시설,0.0054602595146569155,0.005451766393478328,32,1.0
도보,서초구,반포4동,체육용품,0.025150909153155775,0.025150909153155775,1,1.0
도보,서초구,반포본동,도서,0.025782938286614123,0.025782938286614123,33,1.0
도보,서초구,반포본동,문화체험,0.04087201827315113,0.04139011416476357,19,1.5789473684210527
도보,서초구,방배1동,도서,0.0034157410668834917,0.0025163768453132377,65,1.5846153846153845
도보,서초구,방배1동,문화체험,0.0017383689912577052,0.0017383689912577052,2,1.0
도보,서초구,방배1동,음악,0.003562909525152602,0.003972172962764282,31,1.0
도보,서초구,방배1동,체육시설,0.004216582347545154,0.004129598089573144,64,2.359375
도보,서초구,방배1동,체육용품,0.002102570306180656,0.0020865697421846813,16,1.125
도보,서초구,방배2동,도서,0.005089633283688647,0.005305255778579175,80,2.85
도보,서초구,방배2동,문화체험,0.0017403003485921885,0.0014290864414135665,43,1.302325581395349
도보,서초구,방배2동,영상,0.0022530414984493403,0.0022530414983389993,28,2.0
도보,서초구,방배2동,음악,0.003972172962764282,0.003972172962764282,1,1.0
도보,서초구,방배2동,체육시설,0.0037711841407464764,0.0036843103609554293,57,1.1929824561403508
도보,서초구,방배2동,체육용품,0.0020865697421846813,0.0020865697421846813,29,1.0
도보,서초구,방배3동,도서,0.0068784283974968954,0.006863179164853736,89,2.0112359550561796
도보,서초구,방배3동,문화체험,0.013159376553978237,0.016091949082119406,15,1.0
도보,서초구,방배3동,음악,0.01142169968997565,0.003972172962764282,57,1.1403508771929824
도보,서초구,방배3동,체육시설,0.004106060821353265,0.004196274588539774,25,1.12
도보,서초구,방배4동,도서,0.002473398172177097,0.0019292599787053394,76,1.513157894736842
도보,서초구,방배4동,문화체험,0.0018250914597507974,0.0017383689912577052,61,1.278688524590164
도보,서초구,방배4동,영상,0.0022530414985398655,0.0022530414984651545,21,2.0
도보,서초구,방배4동,음악,0.001434739649571867,0.001434739649571867,72,1.0
도보,서초구,방배4동,체육시설,0.004496451993865535,0.004854773661555359,89,2.5730337078651684
도보,서초구,방배4동,체육용품,0.002448154611347654,0.0024029554239365612,75,1.4666666666666666
도보,서초구,방배본동,도서,0.0072317631375052515,0.0037954301761955593,12,1.25
도보,서초구,방배본동,문화체험,0.0017653310170301522,0.0017383689912577052,22,1.2727272727272727
도보,서초구,방배본동,음악,0.001434739649571867,0.001434739649571867,28,1.0
도보,서초구,방배본동,체육시설,0.0027169054120196423,0.0024614497210149024,51,1.5686274509803921
도보,서초구,방배본동,체육용품,0.002469847397713197,0.0024979311017793273,51,2.019607843137255
도보,서초구,서초1동,도서,0.010686352636224136,0.003686152826313763,72,1.9166666666666667
도보,서초구,서초1동,문화체험,0.004846733008469007,0.004086901959128712,66,1.106060606060606
도보,서초구,서초1동,영상,0.0035713992435344403,0.0035713992435344403,3,1.0
도보,서초구,서초1동,음악,0.009826252482732063,0.006674930399503235,76,2.9342105263157894
도보,서초구,서초1동,체육시설,0.006810521053585273,0.00546824781780517,118,2.3728813559322033
도보,서초구,서초1동,체육용품,0.004188548773701728,0.004188548773701728,49,1.0
도보,서초구,서초2동,도서,0.011734671361045773,0.016703003692024557,42,1.6904761904761905
도보,서초구,서초2동,문화체험,0.013299474176748302,0.012182241704532321,115,2.7217391304347824
도보,서초구,서초2동,영상,0.012176349862841489,0.012289655269042231,19,1.7894736842105263
도보,서초구,서초2동,음악,0.004199261715185814,0.004199261715185814,10,1.0
도보,서초구,서초2동,체육시설,0.007225641990332542,0.007497103854176549,83,2.0120481927710845
도보,서초구,서초3동,도서,0.03724675725264543,0.007527796017920673,204,2.784313725490196
도보,서초구,서초3동,문화체험,0.006522664584215334,0.006246781782032184,164,1.2439024390243902
도보,서초구,서초3동,영상,0.0035713992435344403,0.0035713992435344403,89,1.0
도보,서초구,서초3동,음악,0.03072971844260126,0.02524091088650959,152,7.065789473684211
도보,서초구,서초3동,체육시설,0.00581284935694501,0.004928678114345065,131,1.4732824427480915
도보,서초구,서초3동,체육용품,0.004188548773701728,0.004188548773701728,35,1.0
도보,서초구,서초4동,도서,0.018739122014790766,0.018704054487144815,79,3.518987341772152
도보,서초구,서초4동,문화체험,0.03410464100077298,0.03224361158994027,44,6.545454545454546
도보,서초구,서초4동,영상,0.011200504627198788,0.011510238051421139,37,2.3513513513513513
도보,서초구,서초4동,음악,0.00451755441198989,0.00451755441198989,6,1.0
도보,서초구,서초4동,체육시설,0.008018716571771334,0.007356285069686112,56,1.7678571428571428
도보,서초구,양재1동,도서,0.0038223267614649033,0.0009563310761188815,133,1.0526315789473684
도보,서초구,양재1동,문화체험,0.00439969677397556,0.0021947421172841984,138,1.7826086956521738
도보,서초구,양재1동,영상,0.010811723438316212,0.010811723438316212,1,1.0
도보,서초구,양재1동,체육시설,0.0023826884050520297,0.0019768361463143,160,1.54375
도보,서초구,양재1동,체육용품,0.003808364459270415,0.004212010423972131,151,1.7748344370860927
도보,서초구,양재2동,도서,0.004381851425358427,0.004664348243033536,118,2.7966101694915255
도보,서초구,양재2동,문화체험,0.002523927464457823,0.0021947421172841984,115,1.6434782608695653
도보,서초구,양재2동,음악,0.001056395796387963,0.001056395796387963,43,1.0
도보,서초구,양재2동,체육시설,0.0022501626437150205,0.0023962660651618327,105,2.0476190476190474
도보,서초구,양재2동,체육용품,0.024370125250914258,0.035634263843776326,54,1.2407407407407407
도보,서초구,잠원동,도서,0.013795177485431012,0.01174408295619169,37,1.945945945945946
도보,서초구,잠원동,문화체험,0.005144011100175425,0.0033956491931378466,112,1.4285714285714286
도보,서초구,잠원동,영상,0.004502261352198479,0.0049532795505425,39,1.1538461538461537
도보,서초구,잠원동,음악,0.004352330711134601,0.003942531046719561,28,1.4285714285714286
도보,서초구,잠원동,체육시설,0.004323009011775243,0.0033840097600601514,105,1.561904761904762
도보,성동구,금호1가동,도서,0.0008778527203400682,0.0008778527203400682,13,1.0
도보,성동구,금호1가동,문화체험,0.0010013165625852257,0.0009749602969378946,26,1.4230769230769231
도보,성동구,금호1가동,체육시설,0.0021127981998132366,0.0021158068537491916,35,3.1142857142857143
도보,성동구,금호1가동,체육용품,0.001350226896715473,0.0013652313782659316,18,1.4444444444444444
도보,성동구,금호2·3가동,도서,0.0008641446592611767,0.0008778527203400682,25,1.0
도보,성동구,금호2·3가동,문화체험,0.0010099707560546772,0.0010015096565782768,55,1.6727272727272726
도보,성동구,금호2·3가동,체육시설,0.0025378637377755026,0.0025720293681189576,56,3.357142857142857
도보,성동구,금호2·3가동,체육용품,0.00127914286315397,0.0012711883986259104,28,1.5357142857142858
도보,성동구,금호4가동,도서,0.001688733960210072,0.001688733960210072,9,1.0
도보,성동구,금호4가동,문화체험,0.0011224513676006283,0.001058966276043962,41,1.1219512195121952
도보,성동구,금호4가동,체육시설,0.002786413643384358,0.0022551188739388245,44,1.8181818181818181
도보,성동구,금호4가동,체육용품,0.001268359213540574,0.0012698179468223787,34,1.7058823529411764
도보,성동구,마장동,도서,0.0022076888135637743,0.0019102913986037565,43,1.4883720930232558
도보,성동구,마장동,문화체험,0.0014478834287400455,0.00166770632749816,36,1.1944444444444444
도보,성동구,마장동,영상,0.0012935395379660923,0.0012410591302183767,49,1.2040816326530612
도보,성동구,마장동,체육시설,0.0031535331044059913,0.002958315107157161,44,1.8636363636363635
도보,성동구,마장동,체육용품,0.0005299841272503057,0.0005299841272503057,2,1.0
도보,성동구,사근동,도서,0.00961563716307536,0.0064703801197400854,102,1.9019607843137254
도보,성동구,사근동,문화체험,0.0010591216221084458,0.0010591216221084458,1,1.0
도보,성동구,사근동,영상,0.001485718580617467,0.001485718580617467,16,1.0
도보,성동구,사근동,체육시설,0.009601063231392258,0.009628651933856995,73,3.5616438356164384
도보,성동구,성수1가1동,도서,0.0020112635411855826,0.0009141336848845282,66,1.303030303030303
도보,성동구,성수1가1동,문화체험,0.0025318617299716906,0.0024997659152642283,58,1.7413793103448276
도보,성동구,성수1가1동,체육시설,0.003189250526590746,0.0038829187463951874,68,1.4411764705882353
도보,성동구,성수1가1동,체육용품,0.003254913169466701,0.0034176488835081786,102,1.9607843137254901
도보,성동구,성수1가2동,도서,0.008523896322725563,0.007434046326888746,67,2.8955223880597014
도보,성동구,성수1가2동,문화체험,0.005263145704834546,0.005472493853649029,62,2.2096774193548385
도보,성동구,성수1가2동,체육시설,0.008709373570256418,0.006947452692558009,69,2.1594202898550723
도보,성동구,성수1가2동,체육용품,0.004497643535154274,0.004545685169084812,48,1.2708333333333333
도보,성동구,성수2가1동,도서,0.0032731216699916905,0.0013230375715745733,81,2.074074074074074
도보,성동구,성수2가1동,문화체험,0.0021786620109253236,0.0022062945108848905,44,1.7954545454545454
도보,성동구,성수2가1동,영상,0.0011283179147962142,0.0011283179147962142,7,1.0
도보,성동구,성수2가1동,음악,0.001638260450654641,0.001638260450654641,1,1.0
도보,성동구,성수2가1동,체육시설,0.0036764545564048436,0.002554660756208927,86,3.0232558139534884
도보,성동구,성수2가1동,체육용품,0.001913255259911693,0.0018345286862333984,87,2.0919540229885056
도보,성동구,성수2가3동,도서,0.009764052828066402,0.009550012484429058,108,3.5555555555555554
도보,성동구,성수2가3동,문화체험,0.0029124584854379075,0.003368090972038795,68,1.8970588235294117
도보,성동구,성수2가3동,영상,0.0011283179147962142,0.0011283179147962142,10,1.0
도보,성동구,성수2가3동,음악,0.001638260450654641,0.001638260450654641,11,1.0
도보,성동구,성수2가3동,체육시설,0.00587004880940253,0.006386971175833414,95,3.1789473684210527
도보,성동구,성수2가3동,체육용품,0.0014139512171717722,0.0013565736378191673,48,1.5208333333333333
도보,성동구,송정동,도서,0.005496143051275558,0.006159085042786535,34,1.7352941176470589
도보,성동구,송정동,문화체험,0.003153808849543501,0.0034265442929712507,12,1.3333333333333333
도보,성동구,송정동,체육시설,0.0016680823280822066,0.0010375169550667068,42,1.6428571428571428
도보,성동구,송정동,체육용품,0.0012948295198913153,0.001334908064668469,31,1.8064516129032258
도보,성동구,옥수동,도서,0.0016907122424819046,0.001688733960210072,50,1.0
도보,성동구,옥수동,문화체험,0.0018487106116568278,0.0022218947054809695,65,1.1076923076923078
도보,성동구,옥수동,체육시설,0.006224870420210137,0.006502968305794155,74,2.9864864864864864
도보,성동구,왕십리2동,도서,0.0008450532469776164,0.0008337494962740303,28,1.3571428571428572
도보,성동구,왕십리2동,문화체험,0.0009743949933636744,0.0008297708854951934,30,1.5666666666666667
도보,성동구,왕십리2동,영상,0.0014709253416819044,0.001485718580617467,4,1.25
도보,성동구,왕십리2동,체육시설,0.0015245718326907466,0.00143363081513573,36,2.5
도보,성동구,왕십리2동,체육용품,0.0005299841272503057,0.0005299841272503057,21,1.0
도보,성동구,왕십리도선동,도서,0.0012225835247215498,0.0009405147413103894,52,1.7115384615384615
도보,성동구,왕십리도선동,문화체험,0.0009200486978381154,0.0006991270901774136,69,1.8695652173913044
도보,성동구,왕십리도선동,영상,0.001284703989855595,0.0012410591302183767,26,1.3461538461538463
도보,성동구,왕십리도선동,음악,0.0017938429717156493,0.001681968275948094,13,2.8461538461538463
도보,성동구,왕십리도선동,체육시설,0.0021768383451188614,0.0023539049357933634,68,3.088235294117647
도보,성동구,왕십리도선동,체육용품,0.0005414932584857293,0.0005299841272503057,59,1.0
도보,성동구,용답동,도서,0.004326141573092428,0.004014966455654594,10,1.0
도보,성동구,용답동,문화체험,0.00660224023361315,0.006390119454048025,141,1.2553191489361701
도보,성동구,용답동,체육시설,0.0013464388885967172,0.0012168077313931681,72,1.0972222222222223
도보,성동구,용답동,체육용품,0.0022560101912680835,0.0019804893798625123,11,1.3636363636363635
도보,성동구,응봉동,문화체험,0.002322192421487868,0.002322192421487868,30,1.0
도보,성동구,응봉동,체육시설,0.004767292013471002,0.003908524220591777,13,1.7692307692307692
도보,성동구,응봉동,체육용품,0.0013364054709354898,0.0013366579587711642,4,1.5
도보,성동구,행당1동,도서,0.0022880609093720015,0.0027962394732753333,47,1.5957446808510638
도보,성동구,행당1동,문화체험,0.0014133899172130056,0.0008297708854951934,7,1.0
도보,성동구,행당1동,영상,0.0014412744116123809,0.0014525587008210653,38,1.5263157894736843
도보,성동구,행당1동,체육시설,0.006436598203563186,0.006079196795712682,55,5.527272727272727
도보,성동구,행당1동,체육용품,0.0005299841272503057,0.0005299841272503057,11,1.0
도보,성동구,행당2동,도서,0.0008337494962740303,0.0008337494962740303,20,1.0
도보,성동구,행당2동,문화체험,0.0009596086353000109,0.0008297708854951934,35,1.0285714285714285
도보,성동구,행당2동,체육시설,0.002683552505460898,0.0019907103120411526,49,3.5714285714285716
도보,성동구,행당2동,체육용품,0.0005299841272503057,0.0005299841272503057,1,1.0
도보,성북구,길음1동,도서,0.0030382529098064324,0.0018261245467255133,47,2.1702127659574466
도보,성북구,길음1동,문화체험,0.00172243552900233,0.0017553202931514574,69,1.7536231884057971
도보,성북구,길음1동,영상,0.0009084575172725606,0.0009084575172725606,1,1.0
도보,성북구,길음1동,체육시설,0.003042527846910705,0.0036716994049418488,59,2.542372881355932
도보,성북구,길음2동,도서,0.0015008016250094769,0.001469713876461087,50,1.58
도보,성북구,길음2동,문화체험,0.00134975543526962,0.0014396066765974113,54,1.6296296296296295
도보,성북구,길음2동,영상,0.0006784043406317992,0.0006884130333045939,20,1.0
도보,성북구,길음2동,음악,0.0008029704812053555,0.0008029704812053555,41,1.0
도보,성북구,길음2동,체육시설,0.0026874908939253134,0.0028843258327010905,41,2.2439024390243905
도보,성북구,길음2동,체육용품,0.0009339708580682119,0.0009428712543197834,10,1.5
도보,성북구,돈암1동,도서,0.0026874396534585345,0.002301241557256741,42,2.880952380952381
도보,성북구,돈암1동,문화체험,0.0017311814149917324,0.0010080277115630878,40,1.725
도보,성북구,돈암1동,영상,0.0007795123046279482,0.0007561057015553766,8,1.0
도보,성북구,돈암1동,음악,0.0008029704812053555,0.0008029704812053555,1,1.0
도보,성북구,돈암1동,체육시설,0.00785006317258593,0.0038297270966301416,45,4.155555555555556
도보,성북구,돈암2동,도서,0.0037611418140051913,0.0036867331034637738,20,2.4
도보,성북구,돈암2동,문화체험,0.02727888067170815,0.0022961615383715835,50,1.96
도보,성북구,돈암2동,영상,0.0008784942847150607,0.0009084575172725606,23,1.0869565217391304
도보,성북구,돈암2동,체육시설,0.015490149158688137,0.006799585121701079,42,2.261904761904762
도보,성북구,돈암2동,체육용품,0.0007692420598055242,0.0007692420598055242,2,1.0
도보,성북구,동선동,도서,0.004639828408531836,0.004806632852096213,74,5.878378378378378
도보,성북구,동선동,문화체험,0.002785504048225833,0.002641633471102278,74,2.608108108108108
도보,성북구,동선동,영상,0.0007703068424233784,0.0007561057015553766,65,1.1846153846153846
도보,성북구,동선동,체육시설,0.006242661119104307,0.00613307055136796,74,6.918918918918919
도보,성북구,동선동,체육용품,0.0007716502360042654,0.0007692420598055242,28,1.0714285714285714
도보,성북구,보문동,도서,0.0024322723446042263,0.0023145141916119903,18,1.7222222222222223
도보,성북구,보문동,문화체험,0.001522557377193479,0.0014614393384872984,57,2.1403508771929824
도보,성북구,보문동,영상,0.0007561057015553766,0.0007561057015553766,1,1.0
도보,성북구,보문동,음악,0.0012643974669864031,0.0012643974669864031,1,1.0
도보,성북구,보문동,체육시설,0.002626693002879785,0.002663760328706272,39,2.4871794871794872
도보,성북구,보문동,체육용품,0.0009013772177722514,0.0008987971504537563,51,1.1176470588235294
도보,성북구,삼선동,도서,0.003964584166086107,0.0038003748659953766,63,4.317460317460317
도보,성북구,삼선동,문화체험,0.0016000111468201755,0.001204237765130195,60,1.6666666666666667
도보,성북구,삼선동,영상,0.0008365587384311592,0.0007561057015553766,21,1.0
도보,성북구,삼선동,체육시설,0.003490066524418673,0.003050716741265756,73,5.1506849315068495
도보,성북구,삼선동,체육용품,0.0007762921623322039,0.0007692420598055242,46,1.1521739130434783
도보,성북구,석관동,도서,0.001286745639323558,0.0012061559011507593,130,2.546153846153846
도보,성북구,석관동,문화체험,0.0016940603326903786,0.0017357111794232172,104,2.9423076923076925
도보,성북구,석관동,체육시설,0.0033727614445172244,0.003339143503513977,124,6.104838709677419
도보,성북구,석관동,체육용품,0.0012468886621834223,0.0012539563888284782,121,2.4628099173553717
도보,성북구,성북동,도서,0.004442996585162261,0.004100605100061708,57,3.4210526315789473
도보,성북구,성북동,문화체험,0.013799795247371249,0.0030988296711732177,66,1.7878787878787878
도보,성북구,성북동,영상,0.0007561057015553766,0.0007561057015553766,7,1.0
도보,성북구,성북동,체육시설,0.009225840830290344,0.0036631051011674094,71,2.464788732394366
도보,성북구,성북동,체육용품,0.0007692420598055242,0.0007692420598055242,12,1.0
도보,성북구,안암동,도서,0.0035642732067853243,0.0018701788382747965,103,1.9223300970873787
도보,성북구,안암동,문화체험,0.0012903242925773903,0.0014665723263258264,75,1.3866666666666667
도보,성북구,안암동,영상,0.0007561057015553766,0.0007561057015553766,3,1.0
도보,성북구,안암동,체육시설,0.00793125438109046,0.0016857807679813619,101,1.7524752475247525
도보,성북구,안암동,체육용품,0.0009050162790776773,0.0008987971504537563,25,1.08
도보,성북구,월곡1동,도서,0.0009330848227445588,0.0009702993872782511,45,1.288888888888889
도보,성북구,월곡1동,문화체험,0.0012630796054533978,0.0009285652387433783,66,1.606060606060606
도보,성북구,월곡1동,영상,0.0006740372943592977,0.0006661714940317169,42,1.0476190476190477
도보,성북구,월곡1동,음악,0.0008029704812053555,0.0008029704812053555,33,1.0
도보,성북구,월곡1동,체육시설,0.0029942897345834004,0.0018873797225990785,79,3.4936708860759493
도보,성북구,월곡1동,체육용품,0.0009574361090488026,0.0009178268421921076,66,1.4848484848484849
도보,성북구,월곡2동,도서,0.0011738269478701977,0.0008699027684062342,61,1.0819672131147542
도보,성북구,월곡2동,문화체험,0.0011620157589342052,0.0010743286330510858,62,1.5806451612903225
도보,성북구,월곡2동,영상,0.0006661714940317169,0.0006661714940317169,17,1.0
도보,성북구,월곡2동,음악,0.00036780047238325,0.00036780047238325,5,1.0
도보,성북구,월곡2동,체육시설,0.004794078996486684,0.004658761601758255,88,5.568181818181818
도보,성북구,월곡2동,체육용품,0.0012009978435904719,0.0012724767904740396,79,1.481012658227848
도보,성북구,장위1동,도서,0.0003523311219426987,0.0003523311219426987,60,1.0
도보,성북구,장위1동,문화체험,0.0010576119935539014,0.0009544597268253372,65,2.953846153846154
도보,성북구,장위1동,음악,0.00036780047238325,0.00036780047238325,36,1.0
도보,성북구,장위1동,체육시설,0.0016552477342548385,0.0013463035883128191,66,3.8484848484848486
도보,성북구,장위1동,체육용품,0.0009523879922043954,0.0009688457537538886,7,1.2857142857142858
도보,성북구,장위2동,도서,0.0007601458744127772,0.0009968115923594555,30,1.0666666666666667
도보,성북구,장위2동,문화체험,0.0020126979963871615,0.0021721790145720968,69,4.260869565217392
도보,성북구,장위2동,음악,0.00036780047238325,0.00036780047238325,45,1.0
도보,성북구,장위2동,체육시설,0.0032356949078335404,0.003130963228656861,69,6.246376811594203
도보,성북구,장위2동,체육용품,0.0010195778667262104,0.0008797049935251061,61,1.540983606557377
도보,성북구,장위3동,도서,0.001046733569815848,0.0009896736572911147,28,1.4642857142857142
도보,성북구,장위3동,문화체험,0.002178649136523105,0.0025820719306123684,54,3.259259259259259
도보,성북구,장위3동,음악,0.00036780047238325,0.00036780047238325,8,1.0
도보,성북구,장위3동,체육시설,0.0024564499497348397,0.001597798314051221,62,3.2419354838709675
도보,성북구,장위3동,체육용품,0.0010214087755824428,0.0008671472653455124,43,1.6046511627906976
도보,성북구,정릉1동,도서,0.0016416414842326137,0.0016501235553310432,37,1.6486486486486487
도보,성북구,정릉1동,문화체험,0.002477308290927378,0.002465526637987314,39,3.1025641025641026
도보,성북구,정릉1동,영상,0.0009084575172725607,0.0009084575172725606,24,1.0
도보,성북구,정릉1동,체육시설,0.0028035963086903842,0.003067946206771212,40,3.625
도보,성북구,정릉2동,도서,0.0009812836445272496,0.0008708641778574654,65,1.2153846153846153
도보,성북구,정릉2동,문화체험,0.0022055146198421316,0.002043644300991885,77,2.324675324675325
도보,성북구,정릉2동,영상,0.0009084575172725605,0.0009084575172725606,27,1.0
도보,성북구,정릉2동,체육시설,0.0031897184933646124,0.002628349039729112,64,3.546875
도보,성북구,정릉3동,도서,0.001116946589462937,0.0011418972992863117,71,1.1690140845070423
도보,성북구,정릉3동,문화체험,0.0020895242659189532,0.0014407798848124617,69,1.710144927536232
도보,성북구,정릉3동,체육시설,0.0030232455618256107,0.003954373699826017,114,1.736842105263158
도보,성북구,정릉4동,도서,0.001457818206500561,0.0016501235553310432,18,1.0555555555555556
도보,성북구,정릉4동,문화체험,0.0026675915570757813,0.0021369646468142227,59,2.542372881355932
도보,성북구,정릉4동,체육시설,0.0013961550292132048,0.001161392818642614,47,2.1914893617021276
도보,성북구,종암동,도서,0.0023807068633627864,0.0017453293111824356,122,2.622950819672131
도보,성북구,종암동,문화체험,0.0006354427869958955,0.0006016377643690208,89,1.101123595505618
도보,성북구,종암동,영상,0.0006661714940317169,0.0006661714940317169,33,1.0
도보,성북구,종암동,음악,0.0008029704812053555,0.0008029704812053555,2,1.0
도보,성북구,종암동,체육시설,0.006097877917889755,0.002217227071378094,127,3.37007874015748
도보,성북구,종암동,체육용품,0.0011203673301907213,0.0011095589607167454,111,1.6756756756756757
도보,송파구,가락1동,도서,0.005655502663650516,0.0035772277952587778,36,1.6666666666666667
도보,송파구,가락1동,영상,0.004056938756797061,0.004056938756797061,7,1.0
도보,송파구,가락1동,음악,0.0014006867880442342,0.0014006867880442342,5,1.0
도보,송파구,가락1동,체육시설,0.00589849393054049,0.006601632496280948,34,2.7058823529411766
도보,송파구,가락1동,체육용품,0.0013015030264222369,0.0010819688332640303,28,1.1428571428571428
도보,송파구,가락2동,도서,0.0012131198795266556,0.001209348418873571,62,1.064516129032258
도보,송파구,가락2동,문화체험,0.001910884016016207,0.001882279289503608,29,1.5517241379310345
도보,송파구,가락2동,음악,0.0010845373753564792,0.0010845373753564792,56,1.0
도보,송파구,가락2동,체육시설,0.003950222317323802,0.004266168453585335,77,2.8701298701298703
도보,송파구,가락2동,체육용품,0.0023236858270273223,0.00240010018155802,43,2.7209302325581395
도보,송파구,가락본동,도서,0.0013763229041597886,0.0014659560665619333,49,1.0
도보,송파구,가락본동,문화체험,0.0019629986630577433,0.0018755380944046746,42,1.7857142857142858
도보,송파구,가락본동,영상,0.004056938756797061,0.004056938756797061,4,1.0
도보,송파구,가락본동,체육시설,0.004236516608911159,0.00385296326894977,104,2.6153846153846154
도보,송파구,거여1동,도서,0.0008652888855687265,0.0008017483845919977,40,1.8
도보,송파구,거여1동,문화체험,0.0007082458349995859,0.0006985889689419272,28,1.25
도보,송파구,거여1동,음악,0.0010845373753564792,0.0010845373753564792,11,1.0
도보,송파구,거여1동,체육시설,0.0042128475650971605,0.004362346476148088,47,7.914893617021277
도보,송파구,거여1동,체육용품,0.0014226279904389688,0.0014689339622076568,50,2.02
도보,송파구,거여2동,도서,0.0009624345022040236,0.00122398793188151,47,1.3191489361702127
도보,송파구,거여2동,문화체험,0.0007152673346973357,0.0007076977361650578,45,1.9111111111111112
도보,송파구,거여2동,체육시설,0.0035858357361368953,0.003876808661551892,53,7.2075471698113205
도보,송파구,거여2동,체육용품,0.0010476941835147855,0.0006821319263415355,20,1.15
도보,송파구,마천1동,도서,0.0005241995771653867,0.0005216706268586887,10,1.5
도보,송파구,마천1동,문화체험,0.0007787415198951202,0.0007774287431384129,23,2.260869565217391
도보,송파구,마천1동,체육시설,0.0009658784256926411,0.0008896630493519832,48,3.0625
도보,송파구,마천1동,체육용품,0.000355619267922183,0.0003373767992900705,47,1.1914893617021276
도보,송파구,마천2동,도서,0.0005622228983103668,0.0005554059062960321,55,1.7454545454545454
도보,송파구,마천2동,문화체험,0.0007641273739179073,0.0007634468624822084,52,1.7692307692307692
도보,송파구,마천2동,체육시설,0.0020901936493974245,0.002041279072265142,82,4.7073170731707314
도보,송파구,마천2동,체육용품,0.0006086561973625833,0.0007000673725324802,65,1.3692307692307693
도보,송파구,문정1동,도서,0.0014602536743910809,0.0014659560665619333,45,1.0
도보,송파구,문정1동,영상,0.016268161242304572,0.016268161242304572,4,2.0
도보,송파구,문정1동,음악,0.0010845373753564792,0.0010845373753564792,6,1.0
도보,송파구,문정1동,체육시설,0.0062384239494432114,0.004255662871285342,62,3.532258064516129
도보,송파구,문정1동,체육용품,0.0010998391449673595,0.0010719806692215015,33,1.5757575757575757
도보,송파구,문정2동,도서,0.01884645166973553,0.022587832199542947,62,3.064516129032258
도보,송파구,문정2동,영상,0.016268161242304572,0.016268161242304572,51,2.0
도보,송파구,문정2동,체육시설,0.02642351361749876,0.030580982614917405,128,1.6796875
도보,송파구,문정2동,체육용품,2.0067551032121878,0.0010708289527370852,29,1.103448275862069
도보,송파구,방이1동,도서,0.02031980527497019,0.025133674362551248,5,1.0
도보,송파구,방이1동,문화체험,0.002901626781934663,0.0029078892902731713,56,2.6785714285714284
도보,송파구,방이1동,음악,0.0007909136049908836,0.0007909136049908836,2,1.0
도보,송파구,방이1동,체육시설,0.004932378085786945,0.004600220097599202,60,3.8666666666666667
도보,송파구,방이1동,체육용품,0.001518532268031517,0.001518532268031517,2,1.5
도보,송파구,방이2동,도서,0.0031174456013696107,0.0020923495698683798,47,1.5319148936170213
도보,송파구,방이2동,문화체험,0.0024696998441814315,0.002752895893063035,66,2.196969696969697
도보,송파구,방이2동,영상,46.42920233125556,46.42920233125556,1,1.0
도보,송파구,방이2동,음악,0.0007909136049908836,0.0007909136049908836,59,1.0
도보,송파구,방이2동,체육시설,0.006040919102103384,0.003986345919953004,75,4.226666666666667
도보,송파구,방이2동,체육용품,0.0012489562170650609,0.0011833174719566453,54,1.462962962962963
도보,송파구,삼전동,도서,0.0009499940069475564,0.0009499940069475564,30,1.0
도보,송파구,삼전동,문화체험,0.0008734629956831919,0.0008734629956831919,38,1.0
도보,송파구,삼전동,체육시설,0.003306097078671413,0.0030985524875903514,93,5.666666666666667
도보,송파구,삼전동,체육용품,0.0012138790360922281,0.0011808162483803414,81,1.5308641975308641
도보,송파구,석촌동,도서,0.0019798585962625594,0.0012479053659231894,50,1.44
도보,송파구,석촌동,문화체험,0.0010563643065723263,0.0008734629956831919,11,1.0
도보,송파구,석촌동,영상,0.004056938756797061,0.004056938756797061,3,1.0
도보,송파구,석촌동,음악,0.0014006867880442342,0.0014006867880442342,25,1.0
도보,송파구,석촌동,체육시설,0.005358126152856601,0.005717291723128146,93,6.086021505376344
도보,송파구,석촌동,체육용품,0.0015954266623234732,0.0010819688332640303,72,1.5972222222222223
도보,송파구,송파1동,도서,0.0025814011096314078,0.0025332095157571816,60,1.9
도보,송파구,송파1동,문화체험,0.0030650630930861168,0.0032725014930603674,48,2.5208333333333335
도보,송파구,송파1동,영상,0.004056938756797061,0.004056938756797061,4,1.0
도보,송파구,송파1동,음악,0.0011028905823670164,0.0014006867880442342,43,1.0
도보,송파구,송파1동,체육시설,0.004762944863987179,0.0046734512689014926,69,3.9855072463768115
도보,송파구,송파1동,체육용품,0.0021325518305356683,0.0015864728251906279,68,2.4411764705882355
도보,송파구,송파2동,도서,0.0030810891686828207,0.0030810891686828207,32,1.0
도보,송파구,송파2동,문화체험,0.0034088306223681096,0.0034874446982604513,27,2.3333333333333335
도보,송파구,송파2동,영상,0.004056938756797061,0.004056938756797061,31,1.0
도보,송파구,송파2동,음악,0.0014006867880442342,0.0014006867880442342,24,1.0
도보,송파구,송파2동,체육시설,0.005099648270321383,0.0036313133293794653,50,2.26
도보,송파구,송파2동,체육용품,0.003001252525054606,0.003510330037859612,30,1.6666666666666667
도보,송파구,오금동,도서,0.0010260125475118952,0.001064328924645944,101,1.1584158415841583
도보,송파구,오금동,문화체험,0.0014160220334484257,0.0010990974940737629,133,1.8721804511278195
도보,송파구,오금동,음악,0.0010845373753564792,0.0010845373753564792,13,1.0
도보,송파구,오금동,체육시설,0.002843064401607146,0.0026921523552106926,161,3.751552795031056
도보,송파구,오금동,체육용품,0.0013372955184499616,0.0011513874672549284,102,2.1666666666666665
도보,송파구,오륜동,도서,0.02014453248039381,0.025133674362551248,71,1.1408450704225352
도보,송파구,오륜동,문화체험,0.002747597778967217,0.0028076199826970643,21,1.380952380952381
도보,송파구,오륜동,영상,0.0015298269544884618,0.0015298269544884618,10,1.0
도보,송파구,오륜동,체육시설,0.028292933137922124,0.0038364464089413754,141,1.574468085106383
도보,송파구,오륜동,체육용품,0.0012946534293311399,0.0,90,1.2666666666666666
도보,송파구,위례동,도서,0.00122398793188151,0.00122398793188151,16,1.0
도보,송파구,위례동,문화체험,0.000702099214932334,0.0006985889689419272,8,1.125
도보,송파구,위례동,체육시설,0.0027795834359766137,0.0025312936565321815,75,1.8266666666666667
도보,송파구,위례동,체육용품,0.0021986768656039393,0.0016237826112202854,111,1.2612612612612613
도보,송파구,잠실2동,도서,0.007462345720659637,0.006016531579539565,16,2.75
도보,송파구,잠실2동,문화체험,0.00934376462978516,0.0031741323656562896,28,1.3928571428571428
도보,송파구,잠실2동,체육시설,0.006180173357778648,0.0,73,1.63013698630137
도보,송파구,잠실2동,체육용품,0.24259608509327565,0.24259608509327565,45,1.0
도보,송파구,잠실3동,도서,3.0987132178215613,0.002338697734539257,59,1.5932203389830508
도보,송파구,잠실3동,문화체험,0.11425766558347729,0.026939772071021984,102,1.7450980392156863
도보,송파구,잠실3동,체육시설,0.004907383228670387,0.004949708921828758,62,2.8870967741935485
도보,송파구,잠실3동,체육용품,0.001552750642824663,0.001609628062911236,55,1.1818181818181819
도보,송파구,잠실4동,도서,0.25089176693550674,0.002049193426897789,13,1.2307692307692308
도보,송파구,잠실4동,문화체험,0.0028076199826970643,0.0028076199826970643,13,1.0
도보,송파구,잠실4동,음악,0.0007909136049908836,0.0007909136049908836,1,1.0
도보,송파구,잠실4동,체육시설,0.07067934925487317,0.12154212776799221,24,1.9166666666666667
도보,송파구,잠실6동,도서,0.6328185117632671,0.015107371662613028,79,1.8860759493670887
도보,송파구,잠실6동,문화체험,0.06379515096252229,0.00345348972495228,19,2.1578947368421053
도보,송파구,잠실6동,영상,46.42920233125556,46.42920233125556,10,1.0
도보,송파구,잠실6동,음악,0.001553687073571063,0.0007909136049908836,4,1.0
도보,송파구,잠실6동,체육시설,0.008606254179158914,0.008432683422576259,27,3.1481481481481484
도보,송파구,잠실6동,체육용품,0.0012575837373210383,0.0012168035267440549,10,1.5
도보,송파구,잠실7동,도서,0.020233597587548162,0.022499855919211102,33,1.7878787878787878
도보,송파구,잠실7동,문화체험,0.0033895044939048213,0.0033071776211945412,8,1.875
도보,송파구,잠실7동,체육시설,0.009463197174086226,0.01050676804189658,18,2.0555555555555554
도보,송파구,잠실7동,체육용품,0.09167876117319011,0.0011283668211387772,8,1.0
도보,송파구,잠실본동,도서,0.005220404031711603,0.005365031739075484,64,2.796875
도보,송파구,잠실본동,문화체험,0.0028910065659687395,0.0032184988941764323,51,1.8627450980392157
도보,송파구,잠실본동,체육시설,0.006169452870369439,0.004920481186576016,96,6.270833333333333
도보,송파구,잠실본동,체육용품,0.0011644886269975316,0.0011418990884430938,89,1.7865168539325842
도보,송파구,장지동,도서,0.0172989390700863,0.02258690167451745,12,3.25
도보,송파구,장지동,영상,0.016268161242304572,0.016268161242304572,4,2.0
도보,송파구,장지동,음악,0.0010845373753564792,0.0010845373753564792,4,1.0
도보,송파구,장지동,체육시설,0.00176398462132901,0.000800049606246085,62,1.2903225806451613
도보,송파구,장지동,체육용품,0.0011583823692474635,0.0010717023219663506,81,1.6296296296296295
도보,송파구,풍납1동,도서,0.0009970942428353816,0.0009046090536171598,38,1.4473684210526316
도보,송파구,풍납1동,문화체험,0.002163976963983448,0.0020298039028754044,51,2.5294117647058822
도보,송파구,풍납1동,영상,0.0006845550047357267,0.0006845550047357267,5,1.0
도보,송파구,풍납1동,체육시설,0.0019335547707973711,0.0013359085469765893,30,1.8333333333333333
도보,송파구,풍납1동,체육용품,0.002636123413627701,0.002681430581870871,48,2.9375
도보,송파구,풍납2동,도서,0.0011030483650666919,0.0008911632053449281,33,1.0
도보,송파구,풍납2동,문화체험,0.0014743932173780347,0.0014640771404751873,42,1.2380952380952381
도보,송파구,풍납2동,영상,0.0015985044077797585,0.0017393830660718808,6,1.0
도보,송파구,풍납2동,음악,0.007186409492591929,0.007186409492591929,3,3.0
도보,송파구,풍납2동,체육시설,0.004322773096742015,0.004158459050956185,34,2.735294117647059
도보,송파구,풍납2동,체육용품,0.0021603084109653226,0.0020229990906212407,48,2.1666666666666665
도보,양천구,목1동,도서,0.01883059103331718,0.011036309364615582,114,3.473684210526316
도보,양천구,목1동,문화체험,0.005701599031289749,0.004696000280427871,84,2.0595238095238093
도보,양천구,목1동,영상,0.008002109320896561,0.007130267867710764,89,1.5280898876404494
도보,양천구,목1동,음악,0.0012576726030968505,0.001359086027604102,65,1.0153846153846153
도보,양천구,목1동,체육시설,0.049204578438735616,0.003262202987113324,110,2.1363636363636362
도보,양천구,목1동,체육용품,0.001292905380531779,0.0012084001170588753,28,1.1785714285714286
도보,양천구,목2동,도서,0.0012356480007147971,0.0006363806229478342,52,1.5384615384615385
도보,양천구,목2동,문화체험,0.0011015181272979035,0.0009993395361710283,57,1.7543859649122806
도보,양천구,목2동,음악,0.0009009387586235309,0.0008668936162669084,26,1.2692307692307692
도보,양천구,목2동,체육시설,0.003582223660201262,0.003723412359767852,87,4.32183908045977
도보,양천구,목2동,체육용품,0.0015163061379803177,0.0005778716996006309,20,1.0
도보,양천구,목3동,도서,0.0009418742607114278,0.0010020594834066056,50,1.9
도보,양천구,목3동,문화체험,0.0015340881795596617,0.0013729263570977266,49,3.0
도보,양천구,목3동,음악,0.0011949944019989279,0.0013507352913350525,40,1.75
도보,양천구,목3동,체육시설,0.003134400610387528,0.0028818282370133602,50,5.4
도보,양천구,목3동,체육용품,0.0005256103657953033,0.0004780618924502716,44,1.0681818181818181
도보,양천구,목4동,도서,0.0011859317648117633,0.0010208832080773936,54,2.2962962962962963
도보,양천구,목4동,문화체험,0.001124322575933169,0.0010154591815829037,50,1.76
도보,양천구,목4동,음악,0.00036738838725111904,0.00036738838725111904,45,1.0
도보,양천구,목4동,체육시설,0.0018244573308934338,0.0018095147210537444,56,4.035714285714286
도보,양천구,목4동,체육용품,0.0006055173286194363,0.0005778716996006309,47,1.0212765957446808
도보,양천구,목5동,도서,0.0409901014201006,0.03670751244882343,144,2.1666666666666665
도보,양천구,목5동,문화체험,0.017943467343869014,0.023621634566070672,117,1.0427350427350428
도보,양천구,목5동,영상,0.015055384010755695,0.014033019283336591,11,1.5454545454545454
도보,양천구,목5동,음악,0.00036738838725111904,0.00036738838725111904,1,1.0
도보,양천구,목5동,체육시설,0.011233071303436936,0.0017167096396214724,40,1.525
도보,양천구,목5동,체육용품,0.014805542341895182,0.020045229117246884,120,1.0333333333333334
도보,양천구,신월1동,도서,0.00042799619953229746,0.00031353721858980946,52,1.2115384615384615
도보,양천구,신월1동,문화체험,0.0007242277641824574,0.0005056186668940372,51,1.9019607843137254
도보,양천구,신월1동,체육시설,0.0016438894879310616,0.0016381556651592455,60,5.483333333333333
도보,양천구,신월1동,체육용품,0.0005843275909230152,0.0005168031521311571,62,2.096774193548387
도보,양천구,신월2동,도서,0.0008537836371847185,0.0008605766087658104,47,1.7872340425531914
도보,양천구,신월2동,문화체험,0.0010170750599754993,0.0008982359149111428,60,1.4833333333333334
도보,양천구,신월2동,체육시설,0.0018468193509518637,0.0016396715961860342,58,2.3793103448275863
도보,양천구,신월2동,체육용품,0.0007696860202120264,0.0007375720156021185,41,1.3658536585365855
도보,양천구,신월3동,도서,0.0009760020181803507,0.0010269608489180846,14,1.0
도보,양천구,신월3동,문화체험,0.0008012313200175161,0.0008221973983608407,73,2.2054794520547945
도보,양천구,신월3동,체육시설,0.001954739449242344,0.0018726410371534222,83,4.072289156626506
도보,양천구,신월3동,체육용품,0.0009534200669474673,0.0007257028430121884,46,1.4565217391304348
도보,양천구,신월4동,도서,0.0008356566947471247,0.000835595530623926,43,1.9767441860465116
도보,양천구,신월4동,문화체험,0.001668731055761681,0.0009100840192154135,45,1.9111111111111112
도보,양천구,신월4동,체육시설,0.0015100294710516677,0.0014760564614825313,47,3.0851063829787235
도보,양천구,신월4동,체육용품,0.0007391296522668952,0.0007430408728289534,47,1.9361702127659575
도보,양천구,신월5동,도서,0.0009464342360722856,0.0009601218718572598,56,1.75
도보,양천구,신월5동,문화체험,0.0007837311510313903,0.0007582051265278438,53,1.490566037735849
도보,양천구,신월5동,체육시설,0.0028332358179477316,0.002647486211833785,57,7.017543859649122
도보,양천구,신월5동,체육용품,0.0011722244059180573,0.0010651235173144273,56,1.7321428571428572
도보,양천구,신월6동,도서,0.000911622369742227,0.0008452438151255647,36,1.5
도보,양천구,신월6동,문화체험,0.0009091062903335908,0.0009100840192154135,28,1.0357142857142858
도보,양천구,신월6동,체육시설,0.002254917015905162,0.0022796643980112366,42,3.119047619047619
도보,양천구,신월6동,체육용품,0.0007903354196077495,0.0007443065343191338,13,1.5384615384615385
도보,양천구,신월7동,도서,0.0008366755613019519,0.0008369408917563233,35,1.3142857142857143
도보,양천구,신월7동,문화체험,0.0005861910827300651,0.000556349465612382,70,1.0
도보,양천구,신월7동,체육시설,0.0018692605871461062,0.0018010274438064156,77,3.0
도보,양천구,신월7동,체육용품,0.0007481337457232637,0.0007486940512889111,33,1.3333333333333333
도보,양천구,신정1동,도서,0.002723562418341262,0.0028649331120015964,76,2.6052631578947367
도보,양천구,신정1동,문화체험,0.0024833800836966497,0.0019367963279030788,76,2.3684210526315788
도보,양천구,신정1동,영상,0.0012815759552952683,0.0012815759552952683,1,1.0
도보,양천구,신정1동,음악,0.0004762139502301403,0.0004762139502301403,14,1.0
도보,양천구,신정1동,체육시설,0.003653139322655126,0.004076760349382976,74,4.0
도보,양천구,신정1동,체육용품,0.0018802925896865316,0.0017965078080421425,73,2.671232876712329
도보,양천구,신정2동,도서,0.0031574366082775143,0.0033771558194611033,37,1.6756756756756757
도보,양천구,신정2동,문화체험,0.0022262468833998852,0.0020475695933313146,26,1.1923076923076923
도보,양천구,신정2동,영상,0.0027170969986192953,0.0027170969986192953,2,1.0
도보,양천구,신정2동,음악,0.001359086027604102,0.001359086027604102,18,1.0
도보,양천구,신정2동,체육시설,0.002341767046473336,0.0025099490967032323,51,2.372549019607843
도보,양천구,신정2동,체육용품,0.0016324082803133811,0.0016223060782116932,45,1.8222222222222222
도보,양천구,신정3동,도서,0.0013024876098552643,0.0010951229506715827,150,1.3733333333333333
도보,양천구,신정3동,문화체험,0.001119372754169986,0.0009234514636692378,144,1.7361111111111112
도보,양천구,신정3동,영상,0.0012815759552952683,0.0012815759552952683,40,1.0
도보,양천구,신정3동,체육시설,0.0017504460296615073,0.0017882760679315576,154,2.220779220779221
도보,양천구,신정3동,체육용품,0.0012581069735773816,0.0012910721195020947,60,1.9
도보,양천구,신정4동,도서,0.0014953368573396872,0.0012481575486753028,87,2.425287356321839
도보,양천구,신정4동,문화체험,0.0018385580904962322,0.001616225252736976,99,3.6464646464646466
도보,양천구,신정4동,음악,0.0004762139502301403,0.0004762139502301403,76,1.0
도보,양천구,신정4동,체육시설,0.002541984818135023,0.002736169445256528,99,5.2727272727272725
도보,양천구,신정4동,체육용품,0.0012520406974882551,0.001158036963566088,91,2.2967032967032965
도보,양천구,신정6동,도서,0.0026328372877447892,0.0026231600236781712,82,1.5975609756097562
도보,양천구,신정6동,문화체험,0.0027037449207513225,0.0026229676891848476,80,1.6625
도보,양천구,신정6동,음악,0.001359086027604102,0.001359086027604102,9,1.0
도보,양천구,신정6동,체육시설,0.003141740077545926,0.002893105433305041,67,1.7611940298507462
도보,양천구,신정6동,체육용품,0.002492884504482355,0.0025568798301307378,61,1.2950819672131149
도보,양천구,신정7동,도서,0.002292885428893597,0.0020445078559951685,45,1.2222222222222223
도보,양천구,신정7동,문화체험,0.0015943495267011104,0.0016251142292019064,92,1.423913043478261
도보,양천구,신정7동,체육시설,0.0036869059061683334,0.0024739874595122147,101,3.089108910891089
도보,양천구,신정7동,체육용품,0.0020995164133980767,0.0012236769449976823,22,1.0909090909090908
도보,영등포구,당산1동,도서,0.002027899155214828,0.0016366780883989257,71,1.676056338028169
도보,영등포구,당산1동,문화체험,0.0035461189217144756,0.0022099292066066214,71,2.4225352112676055
도보,영등포구,당산1동,영상,0.003578361959800129,0.003578361959800129,6,1.0
도보,영등포구,당산1동,음악,0.000954963928189366,0.000954963928189366,9,1.0
도보,영등포구,당산1동,체육시설,0.0069581831187210145,0.007932316243614294,76,5.947368421052632
도보,영등포구,당산1동,체육용품,0.0017317435654873896,0.0016116522398093457,61,1.4426229508196722
도보,영등포구,당산2동,도서,0.004205656930661463,0.004325584197791652,80,1.8375
도보,영등포구,당산2동,문화체험,0.0040332334794827805,0.0048080656484782505,68,1.8088235294117647
도보,영등포구,당산2동,영상,0.003914933206229545,0.003914933206229545,14,1.0
도보,영등포구,당산2동,체육시설,0.006272246583782526,0.0077561000934370464,73,3.712328767123288
도보,영등포구,당산2동,체육용품,0.002145238278736619,0.0009000631968240918,46,1.0
도보,영등포구,대림1동,도서,0.0007700199041452687,0.0006707810156799344,45,1.2222222222222223
도보,영등포구,대림1동,문화체험,0.0010687047240955036,0.000983381731996039,50,1.64
도보,영등포구,대림1동,영상,0.0014961550463050929,0.0014961550463050929,8,1.0
도보,영등포구,대림1동,체육시설,0.0021480611086534445,0.0020982960864789706,50,4.04
도보,영등포구,대림1동,체육용품,0.0014934834301668155,0.001593566577802586,50,2.44
도보,영등포구,대림2동,도서,0.0017385977145969328,0.0015799258383115337,36,1.5
도보,영등포구,대림2동,문화체험,0.0012325870715719407,0.0011637932772545214,51,1.4509803921568627
도보,영등포구,대림2동,영상,0.0014961550463050929,0.0014961550463050929,9,1.0
도보,영등포구,대림2동,음악,0.0007991586399226127,0.0007991586399226127,7,1.0
도보,영등포구,대림2동,체육시설,0.0023352152900368854,0.0017993517437789185,48,1.8125
도보,영등포구,대림2동,체육용품,0.0019832069958727544,0.0018339422840800254,52,2.576923076923077
도보,영등포구,대림3동,도서,0.001243225667357281,0.0008914461644611425,83,1.0481927710843373
도보,영등포구,대림3동,문화체험,0.0009692668880060408,0.0009534541615762505,27,1.0
도보,영등포구,대림3동,영상,0.002529901183025595,0.002529901183025595,6,1.0
도보,영등포구,대림3동,체육시설,0.002283743555748911,0.0021753107879953788,89,2.5842696629213484
도보,영등포구,대림3동,체육용품,0.0020855672635118113,0.0018840961521521854,67,2.074626865671642
도보,영등포구,도림동,도서,0.005412333222351735,0.005412333222351735,1,1.0
도보,영등포구,도림동,문화체험,0.0015460446170380239,0.0008606773806348687,52,1.1538461538461537
도보,영등포구,도림동,영상,0.003309312178919557,0.002529901183025595,4,1.0
도보,영등포구,도림동,체육시설,0.002408639221226944,0.002581612719955787,59,4.508474576271187
도보,영등포구,도림동,체육용품,0.001022546488778039,0.0010715477004476235,58,2.0172413793103448
도보,영등포구,문래동,도서,0.005764921972463332,0.0048852225198717965,95,1.4947368421052631
도보,영등포구,문래동,문화체험,0.014088649894829013,0.016006298658935287,105,2.1142857142857143
도보,영등포구,문래동,영상,0.004302170544058731,0.003578361959800129,29,1.1724137931034482
도보,영등포구,문래동,음악,0.0009549639281893659,0.000954963928189366,5,1.0
도보,영등포구,문래동,체육시설,0.00866054325020347,0.006205997545783527,116,1.6896551724137931
도보,영등포구,문래동,체육용품,0.0022886141476614343,0.0024949251104449443,62,1.2903225806451613
도보,영등포구,신길1동,도서,0.001644157365466187,0.001650554389658698,29,1.6551724137931034
도보,영등포구,신길1동,문화체험,0.0006665911561584156,0.0005994819114178243,49,1.4285714285714286
도보,영등포구,신길1동,체육시설,0.0022050882552896033,0.0017359797562000125,52,2.1538461538461537
도보,영등포구,신길1동,체육용품,0.0007863042992348182,0.0007750688534335504,35,1.2
도보,영등포구,신길3동,도서,0.0005480082263297325,0.0005167865955905134,24,1.0
도보,영등포구,신길3동,문화체험,0.0006297814182972161,0.0005262891881845208,48,1.4583333333333333
도보,영등포구,신길3동,체육시설,0.0015405884967389849,0.00159096124049101,50,3.4
도보,영등포구,신길3동,체육용품,0.0009176645378102006,0.00092753456616695,45,2.1555555555555554
도보,영등포구,신길4동,도서,0.0005167865955905134,0.0005167865955905134,21,1.0
도보,영등포구,신길4동,문화체험,0.0005555448146145606,0.0005063816276989803,31,1.064516129032258
도보,영등포구,신길4동,체육시설,0.0007422361713427594,0.0006536949551920674,33,1.3333333333333333
도보,영등포구,신길4동,체육용품,0.000782778073985033,0.0007750688534335504,13,1.3076923076923077
도보,영등포구,신길5동,도서,0.0006367774314773369,0.0005525706091470768,39,1.1794871794871795
도보,영등포구,신길5동,문화체험,0.0010055817209149486,0.001028067149557257,49,1.6734693877551021
도보,영등포구,신길5동,체육시설,0.001707578197413472,0.001699118791594619,50,3.02
도보,영등포구,신길5동,체육용품,0.0010373275413317255,0.0009361958350603583,49,1.346938775510204
도보,영등포구,신길6동,도서,0.0010708057976554547,0.0006707810156799344,48,1.3958333333333333
도보,영등포구,신길6동,문화체험,0.0014811441822990784,0.0017302407803452032,47,1.574468085106383
도보,영등포구,신길6동,체육시설,0.002223631489964928,0.002395145098644175,58,2.2586206896551726
도보,영등포구,신길6동,체육용품,0.001003871029642995,0.000991323098274866,43,1.4186046511627908
도보,영등포구,신길7동,도서,0.0012614355934960307,0.0015116516174005694,37,1.4324324324324325
도보,영등포구,신길7동,문화체험,0.0013897635614634311,0.0013163084034817486,45,1.8888888888888888
도보,영등포구,신길7동,체육시설,0.0024861918548770056,0.0018708668402468728,51,2.627450980392157
도보,영등포구,신길7동,체육용품,0.0009606429992445604,0.000950378528519118,42,1.6428571428571428
도보,영등포구,양평1동,도서,0.0022708290341602673,0.0015605593350843051,28,1.1071428571428572
도보,영등포구,양평1동,문화체험,0.0022099292066066214,0.0022099292066066214,5,1.0
도보,영등포구,양평1동,영상,0.0027170969986192953,0.0027170969986192953,1,1.0
도보,영등포구,양평1동,음악,0.001359086027604102,0.001359086027604102,2,1.0
도보,영등포구,양평1동,체육시설,0.0076998875120907135,0.004688610967586401,52,2.9038461538461537
도보,영등포구,양평1동,체육용품,0.002553738536236488,0.002545966818459237,68,1.6911764705882353
도보,영등포구,양평2동,도서,0.009427272051556227,0.007447168835846187,21,1.2380952380952381
도보,영등포구,양평2동,문화체험,0.0054665764316540345,0.0047348460069426175,79,1.2531645569620253
도보,영등포구,양평2동,영상,0.003914933206229545,0.003914933206229545,60,1.0
도보,영등포구,양평2동,체육시설,0.008168075817316616,0.008249194339098015,82,2.207317073170732
도보,영등포구,양평2동,체육용품,0.004763672948379786,0.003914697605664948,76,1.0
도보,영등포구,여의동,도서,0.07014213846773777,0.08591063048318535,243,1.4814814814814814
도보,영등포구,여의동,문화체험,0.013907333195229138,0.011335538643076147,138,1.2536231884057971
도보,영등포구,여의동,영상,0.04561250912686445,0.04561250912686445,97,1.0
도보,영등포구,여의동,체육시설,0.06460866636522242,0.022481382322365278,216,1.7268518518518519
도보,영등포구,여의동,체육용품,0.015034119926725834,0.01541612145996642,38,1.0
도보,영등포구,영등포동,도서,0.0037718048808258733,0.003064059663772508,121,2.322314049586777
도보,영등포구,영등포동,문화체험,0.0017113144805869414,0.0017233271713843687,81,2.123456790123457
도보,영등포구,영등포동,영상,0.003121531070528579,0.0031096868030436537,60,1.65
도보,영등포구,영등포동,음악,0.000954963928189366,0.000954963928189366,85,1.0
도보,영등포구,영등포동,체육시설,0.005215112060096607,0.004965793019362292,130,4.7384615384615385
도보,영등포구,영등포동,체육용품,0.0013602179523539708,0.0015249327179539685,115,1.5478260869565217
도보,영등포구,영등포본동,도서,0.006651347801344974,0.00686169590678664,8,2.5
도보,영등포구,영등포본동,문화체험,0.0020328504740540028,0.0005994819114178243,35,1.0857142857142856
도보,영등포구,영등포본동,영상,0.0028755203789980776,0.002884323662778272,8,1.875
도보,영등포구,영등포본동,음악,0.000954963928189366,0.000954963928189366,6,1.0
도보,영등포구,영등포본동,체육시설,0.0033587981936621415,0.0016530249435309985,58,2.4482758620689653
도보,영등포구,영등포본동,체육용품,0.0009072645414654689,0.0007970930318143164,36,1.5
도보,용산구,남영동,도서,0.0042840972795421435,0.0015205935839462201,66,2.1363636363636362
도보,용산구,남영동,문화체험,0.002193213629492326,0.0014863853685238536,38,1.868421052631579
도보,용산구,남영동,영상,0.002512926374846734,0.0025129238207759344,5,2.0
도보,용산구,남영동,체육시설,0.0017141027668290119,0.001782164012303671,25,1.0
도보,용산구,남영동,체육용품,0.005405300538337288,0.005405300538337288,1,1.0
도보,용산구,보광동,도서,0.001880049033740647,0.0016888819545411448,58,2.2241379310344827
도보,용산구,보광동,문화체험,0.0013973285634498608,0.000905396437004724,61,1.3278688524590163
도보,용산구,보광동,체육시설,0.0008450916487878512,0.000719476002222409,50,1.0
도보,용산구,보광동,체육용품,0.000870002125680489,0.000870002125680489,27,1.0
도보,용산구,서빙고동,도서,0.004708707509665818,0.004732428309434542,86,1.4069767441860466
도보,용산구,서빙고동,문화체험,0.00810135898335541,0.008810511834842326,63,1.873015873015873
도보,용산구,서빙고동,음악,0.011189356567883417,0.011189356567883417,30,1.0
도보,용산구,서빙고동,체육시설,0.000719476002222409,0.000719476002222409,21,1.0
도보,용산구,서빙고동,체육용품,0.005143028477526223,0.0054482446455152034,45,1.0
도보,용산구,용문동,도서,0.0013916210890997655,0.0013916210890997655,1,1.0
도보,용산구,용문동,문화체험,0.0025868629744352765,0.0023845077020505966,28,3.142857142857143
도보,용산구,용문동,영상,0.0029852133289400024,0.0029852192316688077,8,1.5
도보,용산구,용문동,음악,0.011221520981381045,0.011221518051522938,3,3.0
도보,용산구,용문동,체육시설,0.0017746154673120413,0.0015322029985609213,25,1.52
도보,용산구,용문동,체육용품,0.0014458422982261856,0.0014458422982261856,10,1.0
도보,용산구,용산2가동,도서,0.0029909196766188815,0.0027215349417150543,68,2.6911764705882355
도보,용산구,용산2가동,문화체험,0.0010505946321181228,0.0008986058353546158,58,1.1379310344827587
도보,용산구,용산2가동,체육시설,0.009862157485049625,0.012377636738187994,26,1.7307692307692308
도보,용산구,원효로1동,도서,0.0026685640930959836,0.0015158805771749936,12,1.1666666666666667
도보,용산구,원효로1동,문화체험,0.0033095611008745,0.0031511494208555976,58,2.1551724137931036
도보,용산구,원효로1동,영상,0.0026877583941121784,0.0025129889393150375,52,1.9230769230769231
도보,용산구,원효로1동,음악,0.011221715705437169,0.011221718830778975,12,3.0
도보,용산구,원효로1동,체육시설,0.0048819998241533815,0.0036613478108986847,60,2.25
도보,용산구,원효로1동,체육용품,0.0014458422982261856,0.0014458422982261856,8,1.0
도보,용산구,원효로2동,도서,0.0013916210890997655,0.0013916210890997655,49,1.0
도보,용산구,원효로2동,문화체험,0.0014459897783080263,0.0013160746171209867,15,1.1333333333333333
도보,용산구,원효로2동,영상,0.003457485802682762,0.003457485802682762,23,1.0
도보,용산구,원효로2동,음악,0.011221823728719464,0.011221753493997498,23,3.0
도보,용산구,원효로2동,체육시설,0.0036861017844112454,0.002909350126661729,53,2.188679245283019
도보,용산구,원효로2동,체육용품,0.0014458422982261859,0.0014458422982261856,44,1.0
도보,용산구,이촌1동,도서,0.0062068511134794535,0.00623735604228926,8,1.0
도보,용산구,이촌1동,문화체험,0.008356307418893006,0.009866897326130452,64,1.796875
도보,용산구,이촌1동,체육시설,0.008574728532768092,0.00858723624653724,18,1.7222222222222223
도보,용산구,이촌2동,도서,0.003692468850455285,0.003692468850455285,6,1.0
도보,용산구,이촌2동,문화체험,0.001993202901030837,0.001993202901030837,1,1.0
도보,용산구,이촌2동,영상,0.003457485802682762,0.003457485802682762,2,1.0
도보,용산구,이촌2동,음악,0.011221495244726851,0.011221495244726851,2,3.0
도보,용산구,이촌2동,체육시설,0.002909350126661729,0.002909350126661729,24,1.0
도보,용산구,이촌2동,체육용품,0.0014458422982261856,0.0014458422982261856,10,1.0
도보,용산구,이태원1동,도서,0.0038129867918316757,0.00394573414154234,58,1.4482758620689655
도보,용산구,이태원1동,문화체험,0.002143359691823534,0.0017128320241735248,55,1.309090909090909
도보,용산구,이태원1동,체육시설,0.004882815226500999,0.004599159322890772,56,1.8214285714285714
도보,용산구,이태원1동,체육용품,0.000870002125680489,0.000870002125680489,32,1.0
도보,용산구,이태원2동,도서,0.0026447706621482796,0.002438806785682095,55,1.4
도보,용산구,이태원2동,문화체험,0.0022816067133708015,0.0023070385379997398,59,1.0847457627118644
도보,용산구,이태원2동,체육시설,0.0038474377051481083,0.0024143780988354437,63,1.3492063492063493
도보,용산구,청파동,도서,0.0012789628268238002,0.0013037560117256102,86,1.8837209302325582
도보,용산구,청파동,문화체험,0.0017939438338286863,0.0012990370565347641,90,2.077777777777778
도보,용산구,청파동,영상,0.0025129410814870917,0.0025129379044524095,13,2.0
도보,용산구,청파동,체육시설,0.0015905302895260448,0.0017090306432631882,38,1.368421052631579
도보,용산구,한강로동,도서,0.013426758999068703,0.012310500932890019,147,2.2993197278911564
도보,용산구,한강로동,문화체험,0.00767137967140993,0.008460720853410519,100,1.32
도보,용산구,한강로동,영상,0.006196222865672278,0.008460720853410519,83,1.036144578313253
도보,용산구,한강로동,음악,0.010311944414182633,0.011221812399255637,37,2.8378378378378377
도보,용산구,한강로동,체육시설,0.007101273984746436,0.009530676288120732,135,1.651851851851852
도보,용산구,한강로동,체육용품,0.004101008412183043,0.005405300538337288,85,1.0
도보,용산구,한남동,도서,0.005009693265538418,0.004304835215698867,133,1.1804511278195489
도보,용산구,한남동,문화체험,0.004756722239125579,0.006049207956606621,62,1.2580645161290323
도보,용산구,한남동,체육시설,0.004021109710340905,0.0038598671663584664,59,1.152542372881356
도보,용산구,한남동,체육용품,0.000870002125680489,0.000870002125680489,2,1.0
도보,용산구,효창동,도서,0.001414427815441265,0.0015158805771749936,18,1.0555555555555556
도보,용산구,효창동,문화체험,0.004719264653779666,0.005074030582134572,44,3.1136363636363638
도보,용산구,효창동,영상,0.002512937569815313,0.002512926483756175,10,2.0
도보,용산구,효창동,체육시설,0.002981155471910338,0.0027298464107647917,16,1.6875
도보,용산구,후암동,도서,0.0011336788745331355,0.0007744329747969563,64,2.03125
도보,용산구,후암동,문화체험,0.0012615155442447959,0.0009070569104378884,51,1.2352941176470589
도보,용산구,후암동,체육시설,0.0021820719439563587,0.0021820719439563587,2,1.0
도보,은평구,갈현1동,도서,0.0009213375416012076,0.000962180094901396,27,3.0
도보,은평구,갈현1동,문화체험,0.0006928102875573244,0.0005960854021493163,51,2.0980392156862746
도보,은평구,갈현1동,체육시설,0.002256869622623059,0.0022729281221795152,56,6.857142857142857
도보,은평구,갈현1동,체육용품,0.0004370472711488714,0.0003923050426989503,29,1.2413793103448276
도보,은평구,갈현2동,도서,0.000815333780594058,0.0009347179125507171,45,3.066666666666667
도보,은평구,갈현2동,문화체험,0.000656546382018645,0.0006451695014090025,60,2.0
도보,은평구,갈현2동,체육시설,0.0021945814715528637,0.002255649210680928,86,7.127906976744186
도보,은평구,갈현2동,체육용품,0.0006310029857100559,0.0005898709557262415,88,1.7840909090909092
도보,은평구,구산동,도서,0.00038025575636026584,0.0003802557563602659,24,1.0
도보,은평구,구산동,문화체험,0.0005573778867622146,0.0004207173665666719,87,1.5402298850574712
도보,은평구,구산동,체육시설,0.0015983945425919895,0.0013732702888931037,100,4.04
도보,은평구,구산동,체육용품,0.0008390036078904133,0.000722725354502138,73,1.356164383561644
도보,은평구,녹번동,도서,0.0008605817281071394,0.0008639202477989704,55,1.6727272727272726
도보,은평구,녹번동,문화체험,0.0019708679037865693,0.0020841673063771134,98,4.173469387755102
도보,은평구,녹번동,영상,0.0006622391967882089,0.0006597601535385387,48,1.0
도보,은평구,녹번동,체육시설,0.0016388506714529946,0.0017885004049587806,121,3.0165289256198347
도보,은평구,녹번동,체육용품,0.000858308797641399,0.0008500506541926629,46,2.1956521739130435
도보,은평구,대조동,도서,0.0007142483161086073,0.0006447781062318503,54,2.7222222222222223
도보,은평구,대조동,문화체험,0.0007700259414942184,0.0007274720563206669,76,2.0789473684210527
도보,은평구,대조동,영상,0.0006597601535385387,0.0006597601535385387,24,1.0
도보,은평구,대조동,체육시설,0.0028301063781864147,0.002642213366925034,85,7.776470588235294
도보,은평구,대조동,체육용품,0.0007346797207234104,0.0007409601723932632,79,2.1265822784810124
도보,은평구,불광1동,도서,0.0008084556437603927,0.000897578072482006,38,2.236842105263158
도보,은평구,불광1동,문화체험,0.0008488698083400088,0.0007814701019017473,83,1.6746987951807228
도보,은평구,불광1동,영상,0.0006597601535385387,0.0006597601535385387,20,1.0
도보,은평구,불광1동,체육시설,0.0020952886308983265,0.0021892139770781313,129,3.248062015503876
도보,은평구,불광1동,체육용품,0.0008001067174696338,0.0008082345616780779,82,1.1341463414634145
도보,은평구,불광2동,도서,0.0006097606731614213,0.00047339654170401753,95,1.6842105263157894
도보,은평구,불광2동,문화체험,0.0007981362857289115,0.0006215761589024849,96,1.8333333333333333
도보,은평구,불광2동,체육시설,0.0015826087080279161,0.0013899744459692695,111,3.8468468468468466
도보,은평구,불광2동,체육용품,0.0008796833281289479,0.0009639418971404236,22,1.1363636363636365
도보,은평구,수색동,도서,0.0021160327254219407,0.0021160327254219407,54,1.0
도보,은평구,수색동,문화체험,0.0017014671222879876,0.001783421362786143,5,1.4
도보,은평구,수색동,영상,0.0015339943955062789,0.0015339943955062789,1,1.0
도보,은평구,수색동,체육시설,0.004578125428513419,0.005063701158848426,28,1.2857142857142858
도보,은평구,수색동,체육용품,0.001017905753983423,0.001017905753983423,1,1.0
도보,은평구,신사1동,도서,0.0011207885621014586,0.0011399874349324775,44,3.7045454545454546
도보,은평구,신사1동,문화체험,0.0010661527359767454,0.0010743426752976922,58,3.689655172413793
도보,은평구,신사1동,음악,0.00043836102099738353,0.00043836102099738353,8,1.0
도보,은평구,신사1동,체육시설,0.001670384507039741,0.0014878443474415901,60,5.216666666666667
도보,은평구,신사1동,체육용품,0.0008383425561417452,0.0008121876323929715,62,2.661290322580645
도보,은평구,신사2동,도서,0.0010051628228603825,0.0010752069406860976,27,1.6296296296296295
도보,은평구,신사2동,문화체험,0.0008704995292919034,0.0007981215447902637,37,1.4324324324324325
도보,은평구,신사2동,음악,0.00043836102099738353,0.00043836102099738353,1,1.0
도보,은평구,신사2동,체육시설,0.0020735608250473142,0.00179334525347096,72,3.763888888888889
도보,은평구,신사2동,체육용품,0.0010866598683074912,0.001141946807156725,51,2.3333333333333335
도보,은평구,역촌동,도서,0.0007898999379870685,0.0007867004947569527,85,2.588235294117647
도보,은평구,역촌동,문화체험,0.0011216578981564603,0.0011278106842994304,111,4.009009009009009
도보,은평구,역촌동,영상,0.0006716595611369561,0.0006716595611369561,10,1.0
도보,은평구,역촌동,체육시설,0.0022144589374394844,0.0022097749192761676,110,7.890909090909091
도보,은평구,역촌동,체육용품,0.0008272322146092503,0.000815444597323171,101,3.485148514851485
도보,은평구,응암1동,도서,0.0011234971214386508,0.001113985711110554,79,2.7341772151898733
도보,은평구,응암1동,문화체험,0.0019589457754660097,0.002133172581270687,86,3.6744186046511627
도보,은평구,응암1동,영상,0.0006716595611369561,0.0006716595611369561,41,1.0
도보,은평구,응암1동,음악,0.00043836102099738353,0.00043836102099738353,22,1.0
도보,은평구,응암1동,체육시설,0.0026304576776302333,0.0026831502135263277,97,4.690721649484536
도보,은평구,응암1동,체육용품,0.0009421225443280303,0.0009644027776380186,44,2.227272727272727
도보,은평구,응암2동,도서,0.0010912800366677541,0.0011016826695992342,43,2.4186046511627906
도보,은평구,응암2동,문화체험,0.0009233352949257584,0.0009424080021940325,58,1.793103448275862
도보,은평구,응암2동,영상,0.0006716595611369561,0.0006716595611369561,3,1.0
도보,은평구,응암2동,음악,0.00043836102099738353,0.00043836102099738353,33,1.0
도보,은평구,응암2동,체육시설,0.002013142797184569,0.001897095158437525,55,3.5454545454545454
도보,은평구,응암2동,체육용품,0.0007152739367681333,0.0006611689053308438,21,1.4285714285714286
도보,은평구,응암3동,도서,0.0010069758834954617,0.0009502315664013218,76,3.4342105263157894
도보,은평구,응암3동,문화체험,0.0006627820908295124,0.0006563752027295625,76,1.8026315789473684
도보,은평구,응암3동,음악,0.00043836102099738353,0.00043836102099738353,24,1.0
도보,은평구,응암3동,체육시설,0.002134474558561236,0.0019071862304609,76,6.276315789473684
도보,은평구,응암3동,체육용품,0.0007064504762360221,0.0006765155411891013,74,2.391891891891892
도보,은평구,증산동,도서,0.0009086413723983941,0.0007898277353956441,15,1.0
도보,은평구,증산동,문화체험,0.0015249331035941136,0.0015416292602745696,71,1.8732394366197183
도보,은평구,증산동,체육시설,0.0027013445759743156,0.0027287680487290637,74,3.2972972972972974
도보,은평구,증산동,체육용품,0.0010299560427425639,0.0010439915390314941,32,1.625
도보,은평구,진관동,도서,0.0017907891803018601,0.001825007170914791,79,1.0
도보,은평구,진관동,문화체험,0.003938975747085761,0.004457752816045358,108,2.3333333333333335
도보,은평구,진관동,영상,0.0017940630586772103,0.0017940630586772103,81,1.0
도보,은평구,진관동,체육시설,0.009800965968635597,0.00417392103076863,226,2.6238938053097347
도보,은평구,진관동,체육용품,0.0017585578638289181,0.0014600031709049405,120,1.0
도보,종로구,가회동,도서,0.025892467755091565,0.029372290752688192,14,3.0714285714285716
도보,종로구,가회동,문화체험,0.02641359827898295,0.026028981353461357,52,5.615384615384615
도보,종로구,가회동,영상,0.005071364707772993,0.005095467889334487,5,1.8
도보,종로구,가회동,음악,0.0652774244966483,0.08059625952598004,13,20.692307692307693
도보,종로구,가회동,체육시설,0.008165668936951835,0.008222129357003664,44,2.340909090909091
도보,종로구,교남동,도서,0.0076646948983177515,0.0013031235076553088,18,1.4444444444444444
도보,종로구,교남동,문화체험,0.00409734785425035,0.003983660752197882,32,1.375
도보,종로구,교남동,영상,0.010956483289689779,0.01084988278599856,17,2.6470588235294117
도보,종로구,교남동,체육시설,0.0027116809636352863,0.002649898378717824,22,2.8636363636363638
도보,종로구,무악동,문화체험,0.0025332649652963063,0.0025286029374987657,33,1.0303030303030303
도보,종로구,무악동,체육시설,0.00253809381835495,0.0025637176386180387,6,1.8333333333333333
도보,종로구,부암동,도서,0.0007738144082005055,0.0007738144082005055,1,1.0
도보,종로구,부암동,문화체험,0.01700178924065207,0.01791040124865242,85,1.4470588235294117
도보,종로구,사직동,도서,0.08287982394388575,0.02424832520989488,97,3.11340206185567
도보,종로구,사직동,문화체험,0.03693826903298872,0.01799885081724083,116,2.8706896551724137
도보,종로구,사직동,영상,0.028366021805282884,0.02333485598598348,69,2.579710144927536
도보,종로구,사직동,체육시설,0.5537821676711655,0.8588786028270614,13,5.769230769230769
도보,종로구,삼청동,도서,0.040986739012980965,0.04497374996912733,28,4.321428571428571
도보,종로구,삼청동,문화체험,0.02704162262789303,0.02281901797255391,67,3.8656716417910446
도보,종로구,삼청동,영상,0.005047248896623166,0.0050952243559392076,5,1.6
도보,종로구,삼청동,음악,0.10183100237667381,0.10609710385661275,6,42.666666666666664
도보,종로구,삼청동,체육시설,0.008318377404999052,0.008422562591548085,25,2.4
도보,종로구,숭인1동,도서,0.0033343583146287193,0.003356088463286252,13,6.230769230769231
도보,종로구,숭인1동,문화체험,0.0022699203381495075,0.0022421405363564715,22,4.090909090909091
도보,종로구,숭인1동,영상,0.0008057361604693709,0.0008057361604693709,8,1.0
도보,종로구,숭인1동,음악,0.002524569855323159,0.002663328135421122,11,3.909090909090909
도보,종로구,숭인1동,체육시설,0.0010382114968442032,0.0009731842740398562,13,1.2307692307692308
도보,종로구,숭인1동,체육용품,0.0007240431944846665,0.0006657918758283032,12,1.0
도보,종로구,숭인2동,도서,0.0029881957014296803,0.002976695503844472,38,6.052631578947368
도보,종로구,숭인2동,문화체험,0.0021501766147059877,0.0018913336261838995,38,2.973684210526316
도보,종로구,숭인2동,영상,0.0008057361604693709,0.0008057361604693709,16,1.0
도보,종로구,숭인2동,음악,0.002128160504659438,0.002340979515995668,36,4.055555555555555
도보,종로구,숭인2동,체육시설,0.0021221765642089317,0.0020144732709346047,38,2.6315789473684212
도보,종로구,숭인2동,체육용품,0.0007619462627648224,0.0006657918758283032,32,1.1875
도보,종로구,이화동,도서,0.010229943617366056,0.010594058125111806,76,4.881578947368421
도보,종로구,이화동,문화체험,0.0037614719735102266,0.0033017155427606626,67,2.208955223880597
도보,종로구,이화동,영상,0.0024456194759468106,0.0024456194759468106,22,1.0
도보,종로구,이화동,체육시설,0.005626932869450181,0.005717028565906781,9,1.1111111111111112
도보,종로구,종로1·2·3·4가동,도서,0.05679300170810181,0.020392161966231278,190,7.031578947368421
도보,종로구,종로1·2·3·4가동,문화체험,0.033489542731652604,0.016301500884717143,195,5.846153846153846
도보,종로구,종로1·2·3·4가동,영상,0.01314327730048673,0.004636857576914278,134,2.1791044776119404
도보,종로구,종로1·2·3·4가동,음악,0.07139136849208312,0.09896275226403096,149,36.68456375838926
도보,종로구,종로1·2·3·4가동,체육시설,0.04514883403971273,0.008916317027580906,170,3.7705882352941176
도보,종로구,종로1·2·3·4가동,체육용품,0.011216005529505413,0.011216005529505413,6,1.0
도보,종로구,종로5·6가동,도서,0.02896274896098561,0.008171087988887315,57,9.105263157894736
도보,종로구,종로5·6가동,문화체험,0.009911223479574157,0.008178548612911665,57,5.228070175438597
도보,종로구,종로5·6가동,영상,0.04411677107585258,0.0044458573932920015,6,1.5
도보,종로구,종로5·6가동,음악,0.006241046743189751,0.0063348500223328295,15,1.8
도보,종로구,종로5·6가동,체육시설,0.008438580767317601,0.008438580767317601,11,1.0
도보,종로구,종로5·6가동,체육용품,0.019455484364407603,0.011216005529505413,14,1.5
도보,종로구,창신1동,도서,0.027707890057076873,0.0035029795019467518,24,9.625
도보,종로구,창신1동,문화체험,0.0040385047783478125,0.004179553443253372,24,4.291666666666667
도보,종로구,창신1동,영상,0.006928674873674481,0.0008057361604693709,23,1.173913043478261
도보,종로구,창신1동,음악,0.0026924036271361207,0.0027272576750060704,17,4.235294117647059
도보,종로구,창신1동,체육시설,0.0023529357077543603,0.0009731842740398562,10,1.4
도보,종로구,창신1동,체육용품,0.00299887410299045,0.0006657918758283032,17,1.3529411764705883
도보,종로구,창신2동,도서,0.014092597895614808,0.0034718900281639053,27,6.185185185185185
도보,종로구,창신2동,문화체험,0.0029013643268441507,0.002530315772900194,24,2.7083333333333335
도보,종로구,창신2동,영상,0.0008057361604693709,0.0008057361604693709,3,1.0
도보,종로구,창신2동,음악,0.002617705387049085,0.002617705387049085,2,2.0
도보,종로구,창신2동,체육용품,0.0006657918758283032,0.0006657918758283032,2,1.0
도보,종로구,창신3동,도서,0.0020869375201347544,0.0014171721143669653,6,1.8333333333333333
도보,종로구,창신3동,문화체험,0.0020687817301521146,0.0020769734883109353,23,2.782608695652174
도보,종로구,창신3동,음악,0.0018774684050810585,0.0018774684050810585,1,1.0
도보,종로구,창신3동,체육시설,0.002016047613832456,0.002016047613832456,1,1.0
도보,종로구,창신3동,체육용품,0.0008987971504537563,0.0008987971504537563,1,1.0
도보,종로구,청운효자동,도서,0.016785540663222794,0.01046767771684106,140,2.1
도보,종로구,청운효자동,문화체험,0.01747436435264955,0.014098052973489091,157,3.0573248407643314
도보,종로구,청운효자동,체육시설,0.007334949666857264,0.007334949666857264,1,1.0
도보,종로구,혜화동,도서,0.010210487110168122,0.010695511413071518,110,5.263636363636364
도보,종로구,혜화동,문화체험,0.004715481953159465,0.0048966846246272675,91,2.8241758241758244
도보,종로구,혜화동,영상,0.0024456194759468106,0.0024456194759468106,55,1.0
도보,종로구,혜화동,체육시설,0.0037405558757377636,0.0032120097013356073,90,1.8777777777777778
도보,중구,광희동,도서,0.07536233953636422,0.01453234538208194,69,7.753623188405797
도보,중구,광희동,문화체험,0.007031154681535025,0.006738286442777911,69,2.9130434782608696
도보,중구,광희동,영상,0.02298914429940246,0.0044458573932920015,68,1.4852941176470589
도보,중구,광희동,음악,0.005882798233475178,0.00529495784046819,48,1.375
도보,중구,광희동,체육시설,0.0063815764504861275,0.0060449750369073645,59,2.3559322033898304
도보,중구,광희동,체육용품,0.018468288950868016,0.016083159157277434,53,6.773584905660377
도보,중구,다산동,도서,0.0009183874343962083,0.0005351511933677831,47,1.3829787234042554
도보,중구,다산동,문화체험,0.0021301008858495797,0.0020648662550218346,47,2.4680851063829787
도보,중구,다산동,체육시설,0.0012152648878385175,0.0008725970262481798,32,2.03125
도보,중구,다산동,체육용품,0.001932383771034499,0.0014637075211467116,18,2.7777777777777777
도보,중구,동화동,도서,0.0008508616984422623,0.0008442702314007535,32,1.0625
도보,중구,동화동,문화체험,0.001447283555568696,0.0014022327190575438,34,2.676470588235294
도보,중구,동화동,체육시설,0.0030250349839511335,0.003412762816332783,35,5.0
도보,중구,동화동,체육용품,0.0015158450612446424,0.0014296649125782519,22,2.0454545454545454
도보,중구,명동,도서,0.3092790288516313,0.10592397863550769,85,7.329411764705882
도보,중구,명동,문화체험,0.1283695555638089,0.02054551766561207,87,3.8160919540229883
도보,중구,명동,영상,0.05441423986209067,0.04141553662097425,84,2.2142857142857144
도보,중구,명동,음악,0.03750761694416239,0.029980374085029203,75,11.146666666666667
도보,중구,명동,체육시설,0.4212508149032824,0.2794593176698154,66,5.757575757575758
도보,중구,명동,체육용품,0.006264847593578103,0.006264847593578102,3,1.0
도보,중구,소공동,도서,0.38502738842427564,0.023648698622277496,84,3.7023809523809526
도보,중구,소공동,문화체험,0.12502116675804478,0.05220110082036714,85,2.8941176470588235
도보,중구,소공동,영상,0.07468836621688017,0.07340435165218195,67,2.582089552238806
도보,중구,소공동,음악,0.0441313917244793,0.042730461965307,48,4.791666666666667
도보,중구,소공동,체육시설,1.0172447251721104,1.1238212068549518,39,8.179487179487179
도보,중구,소공동,체육용품,0.006264847593578102,0.006264847593578102,25,1.0
도보,중구,신당5동,도서,0.0008431012608311176,0.0008442702314007535,18,1.0
도보,중구,신당5동,문화체험,0.0015120964212212862,0.0015165581624021387,32,3.8125
도보,중구,신당5동,음악,0.0025306282341510987,0.0024980232007753836,4,1.75
도보,중구,신당5동,체육시설,0.002738709994094262,0.0026333492826839788,32,5.09375
도보,중구,신당5동,체육용품,0.001068856603505516,0.0005299841272503057,17,1.3529411764705883
도보,중구,신당동,도서,0.02802151928377111,0.0023368098522489767,55,4.8
도보,중구,신당동,문화체험,0.0033936016052100084,0.002557941738836851,55,2.963636363636364
도보,중구,신당동,영상,0.009756345349254613,0.0008057361604693709,37,1.2162162162162162
도보,중구,신당동,음악,0.0027005453845122896,0.0026556322468029147,23,3.217391304347826
도보,중구,신당동,체육시설,0.0043234262808787,0.004352002505944908,52,4.923076923076923
도보,중구,신당동,체육용품,0.006368481907235861,0.004842375896131972,54,4.722222222222222
도보,중구,약수동,도서,0.0008723814124078657,0.0005351511933677831,40,1.025
도보,중구,약수동,문화체험,0.0012643175418540337,0.0010440136247020027,40,2.075
도보,중구,약수동,체육시설,0.0008009583861867512,0.0008009583861867512,15,1.0
도보,중구,약수동,체육용품,0.0014977024966197215,0.0014977024966197215,1,1.0
도보,중구,을지로동,도서,0.03634287907466917,0.01959238550466957,67,7.104477611940299
도보,중구,을지로동,문화체험,0.016157270387498437,0.016445057951286653,66,5.787878787878788
도보,중구,을지로동,영상,0.005173957825988256,0.0043185562706101206,32,1.15625
도보,중구,을지로동,음악,0.012589192491956799,0.007982228154297003,63,3.0
도보,중구,을지로동,체육시설,0.0075337255655356355,0.007533243869142607,59,2.406779661016949
도보,중구,을지로동,체육용품,0.015692239845360483,0.015214791646068275,31,3.7419354838709675
도보,중구,장충동,도서,0.003473695988178638,0.0028015752212337463,53,1.7924528301886793
도보,중구,장충동,문화체험,0.0038475490814986035,0.003681782433328072,44,1.9090909090909092
도보,중구,장충동,영상,0.0034649631027533537,0.0031936027045564165,26,1.0769230769230769
도보,중구,장충동,음악,0.00529495784046819,0.00529495784046819,4,1.0
도보,중구,장충동,체육시설,0.004768126281970237,0.005281402150533007,40,1.675
도보,중구,장충동,체육용품,0.010784707019596738,0.011253379435435744,22,4.7727272727272725
도보,중구,중림동,도서,0.0031253075932088496,0.003921478177797559,46,2.152173913043478
도보,중구,중림동,문화체험,0.002845285966191442,0.0010121582898734646,30,1.7
도보,중구,중림동,음악,0.06349633975169196,0.06349633975169196,1,1.0
도보,중구,중림동,체육시설,0.0010902079417762977,0.0009313984438704321,29,1.3793103448275863
도보,중구,청구동,도서,0.0007043152916669321,0.0007496691434265298,29,1.103448275862069
도보,중구,청구동,문화체험,0.0012714854182825218,0.0012168648298175734,34,2.323529411764706
도보,중구,청구동,체육시설,0.001618384033893594,0.0014064268682531774,32,2.625
도보,중구,청구동,체육용품,0.0014519522172125774,0.0014469707296246625,20,1.9
도보,중구,필동,도서,0.015739926379720586,0.01029523346035195,92,3.097826086956522
도보,중구,필동,문화체험,0.012132751326815459,0.012749684302707464,107,1.9813084112149533
도보,중구,필동,영상,0.005655451362724281,0.006106246953624975,81,1.3950617283950617
도보,중구,필동,음악,0.02633375002859877,0.025475969986040178,28,3.3214285714285716
도보,중구,필동,체육시설,0.007890541303364477,0.005943750287006527,67,1.7014925373134329
도보,중구,황학동,도서,0.002726037479355414,0.002922615779479284,29,4.0344827586206895
도보,중구,황학동,문화체험,0.0016723122068945068,0.001510883854148337,33,3.1515151515151514
도보,중구,황학동,영상,0.0008057361604693708,0.0008057361604693709,15,1.0
도보,중구,황학동,음악,0.0024198908787566404,0.002488730165334161,33,4.575757575757576
도보,중구,황학동,체육시설,0.002935304074849616,0.002725670229055921,33,4.96969696969697
도보,중구,황학동,체육용품,0.0006742613450557036,0.0006657918758283032,29,1.0344827586206897
도보,중구,회현동,도서,0.016879373172169043,0.015225508534532407,48,1.7916666666666667
도보,중구,회현동,문화체험,0.013596558423548361,0.007566610185185841,70,3.1142857142857143
도보,중구,회현동,영상,0.03266088562103229,0.03878619420551876,14,2.357142857142857
도보,중구,회현동,음악,0.026274789724966763,0.017983762966159653,48,5.354166666666667
도보,중구,회현동,체육시설,0.029088002617189117,0.0021820719439563587,39,1.205128205128205
도보,중구,회현동,체육용품,0.006264847593578102,0.006264847593578102,44,1.0
도보,중랑구,망우3동,도서,0.00045534723782492717,0.0003520098715427187,54,1.3703703703703705
도보,중랑구,망우3동,문화체험,0.00044371349783215564,0.00041801378014995653,62,1.8709677419354838
도보,중랑구,망우3동,영상,0.0003470597889154235,0.0003470597889154235,3,1.0
도보,중랑구,망우3동,음악,0.00022583341745821263,0.00022583341745821263,26,1.0
도보,중랑구,망우3동,체육시설,0.000933879871677899,0.0009378319099790399,58,3.9482758620689653
도보,중랑구,망우3동,체육용품,0.0006380714492311629,0.0006645384429052757,32,2.03125
도보,중랑구,망우본동,도서,0.0005504379170475557,0.0003861736898158302,81,1.4444444444444444
도보,중랑구,망우본동,문화체험,0.0010633460426603012,0.0013191938865666675,93,1.1720430107526882
도보,중랑구,망우본동,영상,0.0003470597889154235,0.0003470597889154235,25,1.0
도보,중랑구,망우본동,음악,0.0002258334174582126,0.00022583341745821263,3,1.0
도보,중랑구,망우본동,체육시설,0.0016419620058363037,0.0020309718552301887,135,2.3703703703703702
도보,중랑구,망우본동,체육용품,0.0005731852800664999,0.0005475485813602464,85,1.9058823529411764
도보,중랑구,면목2동,도서,0.0006616332659861689,0.0006637285424897423,30,1.0666666666666667
도보,중랑구,면목2동,문화체험,0.001141376248566356,0.0011925673652187895,73,3.26027397260274
도보,중랑구,면목2동,영상,0.0007062712441087228,0.000740948609867225,42,1.6666666666666667
도보,중랑구,면목2동,체육시설,0.0014003604844653728,0.0014308560763697242,73,4.164383561643835
도보,중랑구,면목2동,체육용품,0.000806486791057083,0.0008416792515931437,71,2.507042253521127
도보,중랑구,면목3·8동,도서,0.0008045325698661131,0.0009578340305711521,88,2.7045454545454546
도보,중랑구,면목3·8동,문화체험,0.0005820250998235625,0.0004740811672307858,64,1.796875
도보,중랑구,면목3·8동,음악,0.00023988305485573812,0.00024727760085443577,58,1.0
도보,중랑구,면목3·8동,체육시설,0.001968402467400198,0.0022582925424990564,96,6.229166666666667
도보,중랑구,면목3·8동,체육용품,0.00038948182101760856,0.0003306187994785826,39,1.2820512820512822
도보,중랑구,면목4동,도서,0.0004521345453153745,0.0003466949593234787,55,1.2181818181818183
도보,중랑구,면목4동,문화체험,0.0007303620376981203,0.0007613911193050094,72,2.5416666666666665
도보,중랑구,면목4동,음악,0.00024727760085443577,0.00024727760085443577,4,1.0
도보,중랑구,면목4동,체육시설,0.0022697805563717728,0.0021190137772515894,83,5.325301204819277
도보,중랑구,면목4동,체육용품,0.0009592308675723298,0.0009592308675723298,2,1.0
도보,중랑구,면목5동,도서,0.0013564685562607332,0.0019189776232658164,16,1.4375
도보,중랑구,면목5동,문화체험,0.0010943529929273912,0.001158055620137447,61,2.6065573770491803
도보,중랑구,면목5동,음악,0.00024727760085443577,0.00024727760085443577,5,1.0
도보,중랑구,면목5동,체육시설,0.0017761247974495073,0.0016442146953448355,70,3.3285714285714287
도보,중랑구,면목5동,체육용품,0.0008107534429140799,0.0007961553083636974,58,1.9827586206896552
도보,중랑구,면목7동,도서,0.0005002354818159136,0.0005202551987390155,62,1.8225806451612903
도보,중랑구,면목7동,문화체험,0.0008647523270391323,0.0008753270955832851,48,2.875
도보,중랑구,면목7동,음악,0.00024727760085443577,0.00024727760085443577,53,1.0
도보,중랑구,면목7동,체육시설,0.0030745330173238576,0.0031215590022036113,93,7.086021505376344
도보,중랑구,면목7동,체육용품,0.0003306187994785826,0.0003306187994785826,17,1.0
도보,중랑구,면목본동,도서,0.0008446151258071164,0.0009258934592717112,43,3.186046511627907
도보,중랑구,면목본동,문화체험,0.0005413514072835653,0.0005393277083713174,83,2.2650602409638556
도보,중랑구,면목본동,영상,0.0003470597889154235,0.0003470597889154235,4,1.0
도보,중랑구,면목본동,음악,0.00023103200737244854,0.00022583341745821263,66,1.0
도보,중랑구,면목본동,체육시설,0.0014881316858477744,0.0013145504933498,86,5.511627906976744
도보,중랑구,면목본동,체육용품,0.0005068542778359971,0.0005289972828863669,79,1.9240506329113924
도보,중랑구,묵1동,도서,0.0010175924501833378,0.001152715195650458,96,1.5833333333333333
도보,중랑구,묵1동,문화체험,0.0011933541262401793,0.001218831728854252,65,2.6153846153846154
도보,중랑구,묵1동,영상,0.0004908884169665923,0.0004908884169665923,43,1.0
도보,중랑구,묵1동,음악,0.000769004968853937,0.0007668340720575011,24,1.0416666666666667
도보,중랑구,묵1동,체육시설,0.0020939004953475404,0.0021559912637186826,110,3.5454545454545454
도보,중랑구,묵1동,체육용품,0.0011014900547294795,0.0012586185598077281,87,1.8160919540229885
도보,중랑구,묵2동,도서,0.0009836011189508116,0.0005414630862597046,52,1.7307692307692308
도보,중랑구,묵2동,문화체험,0.001294970706182524,0.0012648192288599292,44,2.7954545454545454
도보,중랑구,묵2동,영상,0.0004908884169665923,0.0004908884169665923,28,1.0
도보,중랑구,묵2동,음악,0.0009092863004122945,0.0009007771987480909,4,1.75
도보,중랑구,묵2동,체육시설,0.0018537590423226028,0.00182919441730823,57,3.9298245614035086
도보,중랑구,묵2동,체육용품,0.0007471753922745364,0.000594747529793509,57,1.3859649122807018
도보,중랑구,상봉1동,도서,0.0005030757226053957,0.000428727950095309,47,1.0851063829787233
도보,중랑구,상봉1동,문화체험,0.0005307721872934902,0.0005232800603338492,72,1.2916666666666667
도보,중랑구,상봉1동,영상,0.00038600913948716003,0.0003470597889154235,43,1.0930232558139534
도보,중랑구,상봉1동,체육시설,0.001610530947484944,0.0016245964541334312,75,4.28
도보,중랑구,상봉1동,체육용품,0.0006647816895292402,0.0006357500202892521,42,1.4285714285714286
도보,중랑구,상봉2동,도서,0.0005617414751568298,0.0005997903516547195,33,1.393939393939394
도보,중랑구,상봉2동,문화체험,0.0008169501586235023,0.0008089039019593779,72,2.2083333333333335
도보,중랑구,상봉2동,영상,0.0005194846996714108,0.0005680729750142533,66,1.7424242424242424
도보,중랑구,상봉2동,음악,0.00022583341745821263,0.00022583341745821263,7,1.0
도보,중랑구,상봉2동,체육시설,0.0020024751043682034,0.0022114984056201157,72,5.152777777777778
도보,중랑구,상봉2동,체육용품,0.0007659459193620191,0.0007310103391751537,72,2.5833333333333335
도보,중랑구,신내1동,도서,0.0009274649335849148,0.0010386776780377319,87,1.6206896551724137
도보,중랑구,신내1동,문화체험,0.0006753432536995734,0.0006965749935612582,54,1.537037037037037
도보,중랑구,신내1동,영상,0.0003470597889154235,0.0003470597889154235,5,1.0
도보,중랑구,신내1동,체육시설,0.001959205152494497,0.0021264257328877387,94,3.6702127659574466
도보,중랑구,신내1동,체육용품,0.000757765133476356,0.0005998134265811863,28,1.2857142857142858
도보,중랑구,신내2동,도서,0.0008467696608388701,0.0006790163897990775,46,1.2608695652173914
도보,중랑구,신내2동,문화체험,0.0005299830669762666,0.0005097443340599825,24,1.375
도보,중랑구,신내2동,영상,0.0003470597889154235,0.0003470597889154235,3,1.0
도보,중랑구,신내2동,체육시설,0.004515192848110175,0.001996393286849426,71,3.1690140845070425
도보,중랑구,신내2동,체육용품,0.0009567257820444039,0.0010017065993482158,27,1.037037037037037
도보,중랑구,중화1동,도서,0.0005810155794897349,0.000563147518193144,49,1.6326530612244898
도보,중랑구,중화1동,문화체험,0.000490314685165129,0.0004945920379995305,55,1.8363636363636364
도보,중랑구,중화1동,영상,0.0005409822498874925,0.0005586874659458894,12,1.75
도보,중랑구,중화1동,체육시설,0.0010468979308952532,0.0010354564666284788,57,2.789473684210526
도보,중랑구,중화1동,체육용품,0.0007193359187872847,0.0007111272645147222,54,2.4074074074074074
도보,중랑구,중화2동,도서,0.0005797395914342093,0.0005588410025037756,89,1.9550561797752808
도보,중랑구,중화2동,문화체험,0.0006171555023506627,0.0004401443356713137,51,1.3333333333333333
도보,중랑구,중화2동,영상,0.0006185593118558049,0.0005828918580249197,39,2.051282051282051
도보,중랑구,중화2동,체육시설,0.000902573761340322,0.0008253629829143156,88,2.3295454545454546
도보,중랑구,중화2동,체육용품,0.0007127103794211634,0.0006940706547028817,88,2.4886363636363638
