접근수단,가맹점_ID,중분류,시설_유효수요,가맹점명,시군구_가맹점,소분류,공급량,시설_공급수요비
도보,STORE_00077,체육용품,0.085954670997826,드림골프샵(드림통상),강남구,체육용품,1.0,11.634039062580932
도보,STORE_02878,체육용품,1112.5980979080225,삼천리자전거 보문점,성북구,체육용품,1.0,0.0008987971504537563
도보,STORE_02915,문화체험,653.1715112189377,안암동 주민자치회,성북구,문화체험,1.0,0.00153099145143948
도보,STORE_02890,체육시설,593.1969441064688,성북실내풋살센터 ,성북구,체육시설,1.0,0.0016857807679813619
도보,STORE_02976,체육시설,219.7224321501702,크로스핏 로꼬,성북구,체육시설,1.0,0.004551196663054166
도보,STORE_02886,체육시설,496.02003104431896,성북구립휘트니스센터(성북구도시관리공단),성북구,체육시설,1.0,0.002016047613832456
도보,STORE_04240,문화체험,591.2853532268413,주식회사 터치포굿,종로구,문화체험,1.0,0.0016912307983660794
도보,STORE_03652,문화체험,99.01380968235094,서빙고동 주민자치위원회,용산구,문화체험,1.0,0.010099601290043569
도보,STORE_03634,체육용품,183.54535544272292,라이트브라더스,용산구,체육용품,1.0,0.0054482446455152034
도보,STORE_03632,도서,211.30800819663887,두란노문고 본사점,용산구,도서,1.0,0.004732428309434542
도보,STORE_03681,문화체험,130.2190586193645,윤아트,용산구,문화체험,1.0,0.007679367448992547
도보,STORE_03667,음악,89.37064378395803,어쿠스틱마트,용산구,음악,1.0,0.011189356567883417
도보,STORE_02865,체육시설,351.3184305054483,백퍼센트짐,성북구,체육시설,1.0,0.0028464205494749635
도보,STORE_02963,도서,362.9245630698779,참사랑기독교백화점,성북구,도서,1.0,0.0027553935493957156
도보,STORE_02997,도서,365.2864428606317,희망문고(뉴희망문고),성북구,도서,1.0,0.002737577645008664
도보,STORE_02936,도서,287.2020910695873,월드문고,성북구,도서,1.0,0.0034818687993386026
도보,STORE_02980,체육시설,341.14651523328155,필라테스마일 한성대점(프롬미주식회사),성북구,체육시설,1.0,0.002931291850705799
도보,STORE_02879,체육용품,1299.980919208727,삼천리자전거 삼선점,성북구,체육용품,1.0,0.0007692420598055242
도보,STORE_02826,체육시설,215.33638451447,국제복싱체육관,성북구,체육시설,1.0,0.004643897046264389
도보,STORE_02875,문화체험,1050.6411892584988,삼선동 주민자치회,성북구,문화체험,1.0,0.0009517997297495643
도보,STORE_02872,도서,193.47967502684423,붓다북((주)운주사),성북구,도서,1.0,0.005168501548605845
도보,STORE_02977,체육시설,164.25270172487214,탑2000,성북구,체육시설,1.0,0.006088179917277878
도보,STORE_02807,영상,1322.5664056532191,CGV 성신여대입구,성북구,영화,1.0,0.0007561057015553766
도보,STORE_02941,체육시설,162.67277893288602,유타BK,성북구,체육시설,1.0,0.006147309995930975
도보,STORE_02959,문화체험,333.3809377035422,정유정 도예작업실(오소소),성북구,문화체험,1.0,0.002999571621846137
도보,STORE_02869,도서,534.70822123219,부비프(buvif),성북구,도서,1.0,0.0018701788382747965
도보,STORE_02895,체육시설,135.13577630740917,성신볼링장,성북구,체육시설,1.0,0.007399964889572861
도보,STORE_02837,도서,241.98838526518318,놀숲 성신여대점,성북구,도서,1.0,0.004132429739981731
도보,STORE_02854,체육시설,123.09214711792083,롤퀸롤러장(지엔주식회사성신지점),성북구,체육시설,1.0,0.008123995099719982
도보,STORE_02847,문화체험,345.67100453078,동선동주민센터,성북구,문화체험,1.0,0.0028929241587891293
도보,STORE_02848,문화체험,345.67100453078,동선동주민자치회,성북구,문화체험,1.0,0.0028929241587891293
도보,STORE_02874,도서,257.3794542417799,산문집,성북구,도서,1.0,0.0038853140121301566
도보,STORE_02853,체육시설,162.426786799106,로데오당구장,성북구,체육시설,1.0,0.006156619974492434
도보,STORE_02926,체육시설,182.654805775952,올리브짐,성북구,체육시설,1.0,0.005474808044342506
도보,STORE_02844,도서,160.71750311197036,도서총판강북도서,성북구,도서,1.0,0.00622209765978824
도보,STORE_02896,도서,170.45942801502542,성신북스,성북구,도서,1.0,0.005866498624598537
도보,STORE_02968,도서,190.6103984480865,초록서림,성북구,도서,1.0,0.005246303497300301
도보,STORE_02912,체육시설,272.91187343622886,아크로짐 돈암점,성북구,체육시설,1.0,0.0036641864914450832
도보,STORE_02876,체육시설,202.60601333302557,삼성태권도,성북구,체육시설,1.0,0.004935687660742279
도보,STORE_03641,도서,232.29692889363142,문광서원,용산구,도서,1.0,0.004304835215698867
도보,STORE_03678,문화체험,101.34898205048768,용산청소년센터(서울특별시용산구시설관리공단),용산구,문화체험,1.0,0.009866897326130452
도보,STORE_03682,문화체험,101.34898205048768,이촌제1동 주민센터,용산구,문화체험,1.0,0.009866897326130452
도보,STORE_04122,문화체험,50.124511432733165,스튜디오 흐린,종로구,문화체험,1.0,0.019950319143598932
도보,STORE_04287,문화체험,25.66618956839959,한복남(Hanboknam) 경복궁점(주식회사 한복남),종로구,문화체험,1.0,0.03896176319180653
도보,STORE_03907,도서,42.234351950744276,(재)팀선교회생명의말씀사 광화문점,종로구,도서,1.0,0.023677408408355548
도보,STORE_04134,영상,25.893981106627912,씨네큐브광화문,종로구,영화,1.0,0.03861901327115885
도보,STORE_04161,영상,63.95262555837491,에무시네마,종로구,영화,1.0,0.01563657459359845
도보,STORE_04004,도서,42.34051309973412,내일신문,종로구,도서,1.0,0.023618041605789602
도보,STORE_04256,도서,42.97365070247672,책방오늘(주식회사 책방오늘),종로구,도서,1.0,0.023270073257759472
도보,STORE_04121,문화체험,59.07162693261632,스타일리스트제비,종로구,문화체험,1.0,0.01692860095322432
도보,STORE_04195,도서,28.845348628499927,이라선,종로구,도서,1.0,0.034667634386362556
도보,STORE_04186,문화체험,176.46679710473242,위드피아노 광화문점(광화문위드피아노학원),종로구,문화체험,1.0,0.0056667884066967196
도보,STORE_04427,영상,87.60182107742855,시네마테크 서울아트시네마((사)한국시네마테크협의회),중구,영화,1.0,0.011415287806815463
도보,STORE_04490,영상,119.8741987469447,청춘극장((주)추억을파는극장),중구,영화,1.0,0.008342078699612477
도보,STORE_03974,도서,2.3123797617329567,교보문고 광화문점,종로구,도서,1.0,0.43245491789401164
도보,STORE_02867,문화체험,786.4017978596355,보문동 주민자치회,성북구,문화체험,1.0,0.0012716145903044966
도보,STORE_03904,문화체험,51.00933988984339,(사)전통문화원,종로구,문화체험,1.0,0.019604252910536347
도보,STORE_04041,문화체험,65.74403736994506,뜻밖의조작가,종로구,문화체험,1.0,0.01521050486104084
도보,STORE_03181,체육시설,0.0,잠실 한강공원 물놀이장(주식회사 중앙출판사),송파구,체육시설,1.0,0.0
도보,STORE_02768,체육시설,113.858472755149,옥정스포렉스,성동구,체육시설,1.0,0.00878283342295031
도보,STORE_02767,체육시설,200.58375149034663,옥정교육문화관(성동구도시관리공단),성동구,체육시설,1.0,0.004985448684501877
도보,STORE_02794,체육시설,114.44542804952313,행복탁구장,성동구,체육시설,1.0,0.008737788979803346
도보,STORE_02705,체육시설,446.5731505869805,금호스포츠센터(성동구도시관리공단),성동구,체육시설,1.0,0.0022392747944778796
도보,STORE_02763,도서,592.1595843762175,오운챕터,성동구,도서,1.0,0.001688733960210072
도보,STORE_02801,도서,59.72983217657697,(주)유니스토아 고려대학교자연계,성북구,도서,1.0,0.01674205273243928
도보,STORE_02836,도서,564.201276932324,놀숲 고대안암역점,성북구,도서,1.0,0.0017724171158158331
도보,STORE_02802,도서,1036.7660295731798,(주)유니스토아 고려대학교중앙광장,성북구,도서,1.0,0.0009645377756172086
도보,STORE_00797,문화체험,223.61936198795928,염창동 주민자치회,강서구,문화체험,1.0,0.004471884684358615
도보,STORE_00795,체육시설,169.71977003646768,"에스짐 헬스,기구필라테스,PT 염창점 (에스짐 염창점)",강서구,체육시설,1.0,0.005892065489984638
도보,STORE_00680,도서,353.1209948194592,대영문고,강서구,도서,1.0,0.0028318905266770437
도보,STORE_02846,문화체험,447.1983347333282,돈암제2동 주민자치회,성북구,문화체험,1.0,0.002236144283936828
도보,STORE_02825,체육시설,22.73530954433684,구민회관헬스센터(성북구도시관리공단),성북구,체육시설,1.0,0.04398444622228999
도보,STORE_02887,문화체험,13.425726256127145,성북구민여성회관(재단법인 성북문화재단),성북구,문화체험,1.0,0.07448386634157884
도보,STORE_03742,체육시설,830.6709357386948,기구필라테스 (미타임(Me Time)필라테스),은평구,체육시설,1.0,0.0012038461404824826
도보,STORE_03900,체육용품,1037.4069256316634,호돌이 배드민턴,은평구,체육용품,1.0,0.0009639418971404236
도보,STORE_03829,체육시설,411.812332104453,에이블짐 불광점,은평구,체육시설,1.0,0.0024282905635432932
도보,STORE_03789,도서,2112.3939697582996,북월드(토이월드),은평구,도서,1.0,0.00047339654170401753
도보,STORE_03757,문화체험,2376.8926112098775,뜨란 ,은평구,문화체험,1.0,0.0004207173665666719
도보,STORE_03772,체육시설,1547.696297365055,명성태권도,은평구,체육시설,1.0,0.0006461215948519712
도보,STORE_03756,체육시설,1095.582095998362,디딤휘트니스,은평구,체육시설,1.0,0.0009127567926242334
도보,STORE_03830,체육시설,310.37178477296624,에이짐휘트니스(에이짐),은평구,체육시설,1.0,0.0032219423577162136
도보,STORE_03880,체육시설,312.9866464043648,킵온댄스아카데미(킵온),은평구,체육시설,1.0,0.003195024489025786
도보,STORE_03736,체육시설,307.1390132663501,구산탁구교실,은평구,체육시설,1.0,0.0032558547003366284
도보,STORE_03799,체육용품,1447.7599310773028,삼천리자전거 구산점,은평구,체육용품,1.0,0.000690722252035172
도보,STORE_03828,체육시설,273.99498456204134,"에버웰니스 필라테스 바레, 요가 은평",은평구,체육시설,1.0,0.003649701842529777
도보,STORE_03727,체육시설,268.30464303931484,WS복싱클럽 구산점(더블유에스복싱클럽),은평구,체육시설,1.0,0.003727106578075391
도보,STORE_03716,체육시설,199.47294606619073,BIGBRO GYM (빅브로짐 휘트니스 구산점),은평구,체육시설,1.0,0.00501321116332323
도보,STORE_03759,체육시설,556.6786860313891,라운드앤라운드스튜디오,은평구,체육시설,1.0,0.0017963683990294063
도보,STORE_03725,체육시설,514.3286162556839,Red 휘트니스 (레드 휘트니스 Red Finess),은평구,체육시설,1.0,0.001944282251452403
도보,STORE_03777,체육시설,385.20603177464045,뮤즈댄스학원,은평구,체육시설,1.0,0.0025960133474364606
도보,STORE_03732,체육시설,318.5856491869425,검도영무관,은평구,체육시설,1.0,0.0031388733376788457
도보,STORE_03826,문화체험,1821.640509498131,어메이징사운드학원,은평구,문화체험,1.0,0.0005489557323664832
도보,STORE_03798,체육용품,2549.03682379476,삼천리자전거 갈현점,은평구,체육용품,1.0,0.0003923050426989503
도보,STORE_03750,문화체험,1522.8519998918835,대조동 주민자치회,은평구,문화체험,1.0,0.0006566626304269857
도보,STORE_03802,체육용품,1607.2808829417797,삼천리자전거 불광대조점,은평구,체육용품,1.0,0.0006221687886747688
도보,STORE_03805,체육용품,1089.7707669009062,삼천리자전거 연신내점,은평구,체육용품,1.0,0.0009176241741589411
도보,STORE_03821,도서,872.6701825129559,알라딘 중고서점 연신내점,은평구,도서,1.0,0.0011459082939219753
도보,STORE_03897,체육시설,526.9707478877539,헬슐랭 피트니스,은평구,체육시설,1.0,0.0018976385387771137
도보,STORE_03860,체육시설,321.85613928924465,인헬서짐 연신내역점(주 비엔아이컴퍼니),은평구,체육시설,1.0,0.003106978174187702
도보,STORE_03743,체육시설,387.0835005342501,나예 필라테스,은평구,체육시설,1.0,0.0025834219196111605
도보,STORE_03852,체육시설,387.0835005342501,은평청여울수영장(은평구청),은평구,체육시설,1.0,0.0025834219196111605
도보,STORE_03770,체육시설,358.016352518498,매니아당구(매니아당구장),은평구,체육시설,1.0,0.0027931685046378766
도보,STORE_03788,도서,908.8348451186085,벌툰 연신내로데오점,은평구,도서,1.0,0.0011003099247030893
도보,STORE_03745,도서,1426.881436960558,놀숲 연신내로데오점,은평구,도서,1.0,0.0007008290766821729
도보,STORE_03840,문화체험,1108.1896910533458,예체능공간(사단법인 예체능융합문화교육협회),은평구,문화체험,1.0,0.0009023725884415056
도보,STORE_03892,도서,786.6809419887587,한우리문고 연신내,은평구,도서,1.0,0.001271163373389932
도보,STORE_03843,문화체험,921.7858580023687,위드피아노 연신내점(연신내위드피아노학원),은평구,문화체험,1.0,0.0010848506638701657
도보,STORE_03785,체육시설,272.33694985726356,발리휘트니스,은평구,체육시설,1.0,0.0036719218619585665
도보,STORE_03768,체육시설,224.917488979655,마인드 인 필라테스,은평구,체육시설,1.0,0.004446074889669675
도보,STORE_03842,체육시설,283.0438675368675,온앤온 피트니스 연신내점,은평구,체육시설,1.0,0.003533021254628477
도보,STORE_03866,문화체험,747.2108253312335,조져비트 스튜디오,은평구,문화체험,1.0,0.0013383103751965942
도보,STORE_03784,체육시설,453.7509092742952,반도당구장,은평구,체육시설,1.0,0.0022038523329889217
도보,STORE_03876,체육시설,661.8634948522366,철인헬스클럽,은평구,체육시설,1.0,0.001510885564436899
도보,STORE_03731,체육시설,463.67444312488607,갈현화랑태권도장(화랑체육관),은평구,체육시설,1.0,0.002156685611699026
도보,STORE_03804,체육용품,1735.8651457515587,삼천리자전거 역촌화성점,은평구,체육용품,1.0,0.0005760816169663001
도보,STORE_03771,도서,2629.8089727077518,매일문고,은평구,도서,1.0,0.0003802557563602659
도보,STORE_03884,체육시설,262.072022427062,트윈스 MMA,은평구,체육시설,1.0,0.0038157449648342865
도보,STORE_03898,체육시설,445.6249970123364,헬스보이짐 필라걸 불광점,은평구,체육시설,1.0,0.0022440392857322514
도보,STORE_03827,체육시설,125.76151497773633,어트루짐 불광역점,은평구,체육시설,1.0,0.007951558154949318
도보,STORE_03818,체육시설,379.2514816434785,아인스포츠 불광스포렉스(아인스포츠),은평구,체육시설,1.0,0.0026367728233163933
도보,STORE_03790,문화체험,1304.38753172187,불광1동 주민자치위원회,은평구,문화체험,1.0,0.0007666433292872249
도보,STORE_03718,영상,1515.7023270299499,CGV 불광,은평구,영화,1.0,0.0006597601535385387
도보,STORE_00189,체육시설,454.04605299994574,초록 당구장,강남구,체육시설,1.0,0.0022024197620326403
도보,STORE_00228,체육시설,368.06874516392367,휴메이크휘트니스 대치점(휴메이크컴퍼니),강남구,체육시설,1.0,0.002716883770053984
도보,STORE_00076,도서,460.1302883664811,두나서점도곡점,강남구,도서,1.0,0.002173297488305155
도보,STORE_00036,체육시설,110.56682547419138,강남 당구아카데미,강남구,체육시설,1.0,0.00904430416366997
도보,STORE_00009,도서,167.57958060234498,(주)석세스파트너,강남구,도서,1.0,0.005967314134607679
도보,STORE_00147,문화체험,362.96269545242177,아티젠탱글링캠퍼스,강남구,문화체험,1.0,0.0027551040713799275
도보,STORE_00220,도서,187.8993706083065,한티서점,강남구,도서,1.0,0.005321997603092519
도보,STORE_00117,체육용품,776.046190944264,삼천리자전거 디티바이크점,강남구,체육용품,1.0,0.0012885830916626719
도보,STORE_00071,문화체험,542.1286648414195,대치4문화센터(강남구청),강남구,문화체험,1.0,0.001844580567036636
도보,STORE_00056,도서,101.85674868968384,나나문고,강남구,도서,1.0,0.009817709801896328
도보,STORE_00125,도서,174.20914896917714,선경문고,강남구,도서,1.0,0.0057402266523724895
도보,STORE_02305,체육용품,299.189785282859,싱글트랙,마포구,체육용품,1.0,0.0033423600978040855
도보,STORE_02284,체육용품,363.33080437871865,삼천리자전거 망원월드점,마포구,체육용품,1.0,0.0027523127352495217
도보,STORE_02296,체육용품,194.36620837872937,스마일스포츠,마포구,체육용품,1.0,0.005144927239880427
도보,STORE_02203,문화체험,310.3961028471125,구립망원청소년문화센터,마포구,문화체험,1.0,0.003221689933692744
도보,STORE_02237,체육시설,84.94073980519994,마포구민체육센터(마포구체육회),마포구,체육시설,1.0,0.011772913707761014
도보,STORE_02293,체육시설,554.3187449978036,셀프메이드짐,마포구,체육시설,1.0,0.001804016207324835
도보,STORE_02340,체육시설,329.23614446912296,인지요가,마포구,체육시설,1.0,0.0030373335880616954
도보,STORE_02353,체육용품,506.5678233607241,찾아가는자전거,마포구,체육용품,1.0,0.001974069322772413
도보,STORE_02285,체육용품,350.28240887824086,삼천리자전거 망원점,마포구,체육용품,1.0,0.0028548393372149123
도보,STORE_02277,도서,592.9390227571078,북앤리브,마포구,도서,1.0,0.001686514062356866
도보,STORE_02178,체육용품,955.7575392387056,109모빌리티마포본점(씨제이그룹주식회사),마포구,체육용품,1.0,0.0010462904648353966
도보,STORE_02383,체육시설,344.5808426746755,현대태권도(현대체육관),마포구,체육시설,1.0,0.0029020765990293794
도보,STORE_02198,도서,549.3334962199274,가가77페이지,마포구,도서,1.0,0.0018203878097388891
도보,STORE_02362,체육용품,296.97686767368145,캡틴인라인자전거(더캡틴),마포구,체육용품,1.0,0.0033672656319441055
도보,STORE_02292,체육시설,530.0790577301485,세움재활운동센터,마포구,체육시설,1.0,0.001886511050412178
도보,STORE_02275,문화체험,873.6382958391501,벼리공작소,마포구,문화체험,1.0,0.001144638467387097
도보,STORE_02222,도서,371.7001372224203,동네책방 개똥이네책놀이터,마포구,도서,1.0,0.0026903406801854733
도보,STORE_02286,체육용품,565.1171801005864,삼천리자전거 성산송림점,마포구,체육용품,1.0,0.0017695445037116157
도보,STORE_02272,도서,219.73851635558145,벌툰 망원역점,마포구,도서,1.0,0.004550863529003706
도보,STORE_02247,문화체험,798.7861059185066,망원제1동주민자치위원회,마포구,문화체험,1.0,0.0012518995918815114
도보,STORE_02212,체육시설,590.4888949426567,네이브핏(네이브핏 망원점),마포구,체육시설,1.0,0.0016935119501224687
도보,STORE_02194,도서,339.3520069625768,TRAVELTOWN(여행마을),마포구,도서,1.0,0.0029467926503534084
도보,STORE_02265,체육시설,489.56288995626124,무해안 요가원(주식회사 무해안),마포구,체육시설,1.0,0.0020426384853013315
도보,STORE_02297,도서,402.15240874676573,스캐터북스(SCATTER BOOKS),마포구,도서,1.0,0.0024866194463843117
도보,STORE_02389,체육시설,418.1812771852049,휘트니스피플 우먼 망원역점,마포구,체육시설,1.0,0.0023913074414307605
도보,STORE_02195,문화체험,657.6291729051128,cris atelier (크리스 아뜰리에),마포구,문화체험,1.0,0.0015206138066875066
도보,STORE_03893,체육시설,807.5677503932899,합기도 영무관(종합무예 영무관),은평구,체육시설,1.0,0.0012382861989139544
도보,STORE_03874,체육시설,675.7035690108497,참조은고려태권도장,은평구,체육시설,1.0,0.0014799389049607685
도보,STORE_03764,체육시설,741.594253992755,로열당구장(로열빌리아드),은평구,체육시설,1.0,0.0013484462623813286
도보,STORE_03791,문화체험,1608.8133138273786,불광2동주민센터,은평구,문화체험,1.0,0.0006215761589024849
도보,STORE_03436,영상,21.923810356905555,CGV 여의도,영등포구,영화,1.0,0.04561250912686445
도보,STORE_03569,도서,13.910096472660964,자연책사랑,영등포구,도서,1.0,0.07189022750240515
도보,STORE_03560,도서,11.636468689551776,와우북 트윈점,영등포구,도서,1.0,0.0859367241625362
도보,STORE_03565,문화체험,90.3242424892286,위드피아노 여의도점(여의도위드피아노학원),영등포구,문화체험,1.0,0.011071224872096243
도보,STORE_03599,도서,56.87428076780181,학연서점,영등포구,도서,1.0,0.01758263992968381
도보,STORE_01165,체육용품,245.8099427309597,삼천리자전거 광장점,광진구,체육용품,1.0,0.00406818369057799
도보,STORE_01188,체육시설,183.4533611810678,아트스테이무용학원,광진구,체육시설,1.0,0.00545097671452857
도보,STORE_01236,체육시설,67.37652742400208,키즈쿠아,광진구,체육시설,1.0,0.014841964082045613
도보,STORE_01181,체육시설,311.95215080405035,스파이럴치어리딩학원(스파이럴 치어리딩학원),광진구,체육시설,1.0,0.003205619827984902
도보,STORE_01101,체육시설,349.88668081064765,IRAIYOGA (이라이요가(Irai 요가)),광진구,체육시설,1.0,0.002858068211350926
도보,STORE_03666,체육시설,259.0762730685976,어썸라운지볼 이태원점,용산구,체육시설,1.0,0.0038598671663584664
도보,STORE_03646,도서,410.03658259066066,벨리븐북스토어(BelebenBookstore),용산구,도서,1.0,0.002438806785682095
도보,STORE_03683,체육시설,414.18533430300005,이태원2동주민센터헬스장(용산구시설관리공단),용산구,체육시설,1.0,0.0024143780988354437
도보,STORE_03684,문화체험,433.45613154213936,이태원2동주민자치위원회,용산구,문화체험,1.0,0.0023070385379997398
도보,STORE_03696,체육시설,197.71741115348573,주식회사스매싱볼,용산구,체육시설,1.0,0.005057723516436859
도보,STORE_03630,도서,244.44176730396381,놀숲 이태원점,용산구,도서,1.0,0.004090953894783857
도보,STORE_03686,체육시설,50.148787226693386,이태원초등학교수영장(서울특별시용산구시설관리공단),용산구,체육시설,1.0,0.01994066168498919
도보,STORE_03675,문화체험,165.31089808341827,용산구 한남동 주민자치위원회,용산구,문화체험,1.0,0.006049207956606621
도보,STORE_03685,문화체험,583.8284115936702,이태원제1동 주민센터,용산구,문화체험,1.0,0.0017128320241735248
도보,STORE_03703,도서,154.5555032793066,포스트 포에틱스(주식회사 포스트 포에틱스),용산구,도서,1.0,0.006470167537113444
도보,STORE_03621,도서,354.2405067221642,고요서사,용산구,도서,1.0,0.002822940858043414
도보,STORE_03647,도서,339.28583069638887,별책부록,용산구,도서,1.0,0.002947367409795706
도보,STORE_03656,도서,432.15308134725126,스토리지북앤필름,용산구,도서,1.0,0.0023139948392418433
도보,STORE_03674,문화체험,1112.8349724163222,용산2가 주민자치회,용산구,문화체험,1.0,0.0008986058353546158
도보,STORE_03663,도서,316.4692861418594,아크앤북 이태원점,용산구,도서,1.0,0.003159864302129286
도보,STORE_02202,도서,187.37021549473616,교보문고 합정점,마포구,도서,1.0,0.00533702753855291
도보,STORE_02315,도서,109.73781127165488,양화진책방(홍성사),마포구,도서,1.0,0.009112629351833068
도보,STORE_02310,도서,115.02158135608292,알라딘 중고서점 합정점,마포구,도서,1.0,0.008694020619523634
도보,STORE_02341,체육용품,604.5759198487402,자전거나라,마포구,체육용품,1.0,0.001654051984488882
도보,STORE_02316,음악,447.87781171536847,어쿠스틱갤러리 합정점,마포구,음악,1.0,0.0022327518216854903
도보,STORE_02229,영상,742.6233068174276,롯데컬처웍스㈜롯데시네마 합정,마포구,영화,1.0,0.0013465777209250016
도보,STORE_02233,도서,57.85946118863516,리폼드북카페,마포구,도서,1.0,0.017283258078393954
도보,STORE_02216,문화체험,410.13095928670197,달작업실,마포구,문화체험,1.0,0.0024382455831649377
도보,STORE_02349,음악,792.3485466746528,주식회사 비트로드,마포구,음악,1.0,0.001262070845206726
도보,STORE_02307,문화체험,220.16958366295012,아일랑트,마포구,문화체험,1.0,0.004541953449532179
도보,STORE_02332,문화체험,220.16958366295012,위드피아노 홍대점,마포구,문화체험,1.0,0.004541953449532179
도보,STORE_02354,도서,120.56682739700483,책방 꼴(언니네트워크),마포구,도서,1.0,0.008294155379134098
도보,STORE_01333,체육용품,2047.1870820582967,삼천리자전거 오류점(구원상회),구로구,체육용품,1.0,0.0004884751417025225
도보,STORE_01362,도서,501.45779469073983,연세말씀사,구로구,도서,1.0,0.0019941857731351495
도보,STORE_01335,문화체험,1278.2955033936132,샤론뮤직아카데미음악학원,구로구,문화체험,1.0,0.0007822917293733761
도보,STORE_01388,도서,1191.6391427993058,콕콕콕,구로구,도서,1.0,0.0008391802216658291
도보,STORE_01307,음악,2047.854120803561,라인악기총판,구로구,음악,1.0,0.0004883160327883161
도보,STORE_01397,체육시설,589.2796830027356,피츠요가,구로구,체육시설,1.0,0.0016969870654701626
도보,STORE_01381,체육시설,729.9401097729051,지금부터핏 오류동 PT,구로구,체육시설,1.0,0.001369975408408663
도보,STORE_01338,문화체험,781.505707743029,수궁동 주민자치위원회,구로구,문화체험,1.0,0.001279581185514278
도보,STORE_01301,도서,492.2617884129909,동방서적,구로구,도서,1.0,0.002031439416055252
도보,STORE_01327,도서,682.86452807687,비씨지북스,구로구,도서,1.0,0.0014644193084919327
도보,STORE_01281,문화체험,207.33218632235562,구로문화원,구로구,문화체험,1.0,0.0048231778082213515
도보,STORE_01364,문화체험,611.6390293320866,오류1동 주민자치위원회,구로구,문화체험,1.0,0.0016349512572668978
도보,STORE_01295,체육시설,502.62940837135704,다짐 오류점,구로구,체육시설,1.0,0.001989537387476483
도보,STORE_01340,체육시설,831.9844753704239,수카건강플러스센터,구로구,체육시설,1.0,0.0012019455045177024
도보,STORE_00268,체육시설,135.9797468674592,길동볼링장,강동구,체육시설,1.0,0.0073540363402405055
도보,STORE_00269,체육시설,127.06602167785798,길투당구클럽,강동구,체육시설,1.0,0.007869924522664551
도보,STORE_00401,체육시설,148.01820518683184,짐구공(주식회사 같이의가치90),강동구,체육시설,1.0,0.006755925723716066
도보,STORE_00348,체육용품,976.8886820371755,세계낚시센터(FWC),강동구,체육용품,1.0,0.001023658087546504
도보,STORE_00389,체육시설,255.58329755027827,요가룩스앤필라테스 강동역점,강동구,체육시설,1.0,0.003912618741462479
도보,STORE_00364,문화체험,807.7689262793225,아워캔버스,강동구,문화체험,1.0,0.0012379778021495778
도보,STORE_00421,체육시설,169.7736937751863,필라테스정원(필라테스정원 길동점 평생교육원),강동구,체육시설,1.0,0.0058901940445743985
도보,STORE_00382,체육시설,322.4787137685993,엠브이피당구장,강동구,체육시설,1.0,0.003100979870310352
도보,STORE_00367,문화체험,889.633754775745,아인토 (아인토 민화 그리고 도자기),강동구,문화체험,1.0,0.001124058068426232
도보,STORE_00307,체육시설,221.6396178633338,모두의운동 그룹PT 길동역,강동구,체육시설,1.0,0.004511828749933212
도보,STORE_00424,문화체험,1274.507515144525,한국문화센터 강동지부,강동구,문화체험,1.0,0.0007846167936378179
도보,STORE_00408,체육시설,310.3101062590646,"카인드짐 24시 휘트니스,스쿼시 강동역점",강동구,체육시설,1.0,0.003222582764240179
도보,STORE_00426,도서,1040.9002358668786,한보책문구(한보문고),강동구,도서,1.0,0.0009607068627159872
도보,STORE_00233,체육시설,200.08422076124742,007 당구장,강동구,체육시설,1.0,0.004997895367237682
도보,STORE_00248,체육시설,462.5645837633258,강동생활탁구교실(강동생활씨엔에스),강동구,체육시설,1.0,0.002161860278761974
도보,STORE_00252,문화체험,327.80197853778895,갤러리 아움,강동구,문화체험,1.0,0.0030506222215639254
도보,STORE_00308,문화체험,301.2298429162115,목설,강동구,문화체험,1.0,0.0033197242023532
도보,STORE_00286,문화체험,268.15974399816287,디저트공방 연,강동구,문화체험,1.0,0.0037291205051525216
도보,STORE_00289,체육시설,420.9372522143675,라운드짐,강동구,체육시설,1.0,0.002375650990116545
도보,STORE_00284,체육시설,314.8693495839078,둔촌탁구교실,강동구,체육시설,1.0,0.0031759204296050907
도보,STORE_00411,도서,611.9469472338069,태환책방(북마켓),강동구,도서,1.0,0.00163412858666967
도보,STORE_00381,체육시설,340.8505629956489,에이원민턴 강동점,강동구,체육시설,1.0,0.002933837019986866
도보,STORE_00283,체육시설,218.63950325511894,둔촌k복싱(둔촌K-복싱클럽),강동구,체육시설,1.0,0.0045737388949020465
도보,STORE_00246,도서,1567.3043742399668,강동가톨릭서원,강동구,도서,1.0,0.0006380381605742217
도보,STORE_00341,음악,2026.6415781713977,상지악기,강동구,음악,1.0,0.0004934271608610152
도보,STORE_00245,체육시설,502.1159473706045,가인볼링장,강동구,체육시설,1.0,0.0019915718774451002
도보,STORE_00282,체육시설,300.3953756292819,동우 당구장,강동구,체육시설,1.0,0.0033289460528650103
도보,STORE_02236,체육시설,127.02631846704053,마포구 성산당구장 아카데미(마포구체육회),마포구,체육시설,1.0,0.007872384337891912
도보,STORE_02301,문화체험,1070.672630575017,시립마포청소년센터,마포구,문화체험,1.0,0.0009339923067454695
도보,STORE_00597,체육시설,354.2921002440984,(H)피트니스,강서구,체육시설,1.0,0.0028225297693937434
도보,STORE_00880,도서,1639.0431234548817,행복한글간,강서구,도서,1.0,0.0006101120743499018
도보,STORE_00829,체육용품,268.575024474906,자전거포 강가,강서구,체육용품,1.0,0.0037233544033184436
도보,STORE_00688,체육용품,1773.6581251197906,동아낚시백화점,강서구,체육용품,1.0,0.000563806511433798
도보,STORE_00662,체육시설,95.95106242825915,궁산다목적체육관(강서구시설관리공단),강서구,체육시설,1.0,0.010421979441318658
도보,STORE_00596,체육시설,50.545879047121524,(Adapfit) 어댑핏 스튜디오 서울 마곡점,강서구,체육시설,1.0,0.01978400650758784
도보,STORE_00612,체육시설,367.82986750592295,JJ빌리어드,강서구,체육시설,1.0,0.0027186481804224276
도보,STORE_00631,문화체험,274.86020193195236,가양제1동 주민센터,강서구,문화체험,1.0,0.003638213146068967
도보,STORE_00846,체육시설,366.6397092193321,째즈당구장,강서구,체육시설,1.0,0.0027274732519542164
도보,STORE_02282,체육용품,982.4092221570106,삼천리자전거 드림스포츠점,마포구,체육용품,1.0,0.001017905753983423
도보,STORE_02279,체육시설,305.85395080318995,블랙샤크킥복싱별관(2호점),마포구,체육시설,1.0,0.0032695343557732144
도보,STORE_02624,문화체험,551.2536502358697,양재2동 주민센터,서초구,문화체험,1.0,0.0018140469447633068
도보,STORE_02565,도서,193.53120241836615,마인드교육연구개발원,서초구,도서,1.0,0.005167125442843318
도보,STORE_02550,도서,242.87900573577863,동네북스(씨엔케이동네북스 주식회사),서초구,도서,1.0,0.004117276406705454
도보,STORE_02644,도서,189.89240018065203,잉글리쉬플러스 대치점,서초구,도서,1.0,0.00526614018806788
도보,STORE_02559,체육시설,603.964952753054,렛츠핏 양재점,서초구,체육시설,1.0,0.001655725212931146
도보,STORE_02666,문화체험,246.93284488438672,톤아트,서초구,문화체험,1.0,0.004049684036435887
도보,STORE_02591,체육용품,332.3967217015855,삼천리자전거 서초점,서초구,체육용품,1.0,0.003008453256942065
도보,STORE_02542,체육용품,139.7746167482859,누리바이크,서초구,체육용품,1.0,0.00715437483045192
도보,STORE_02592,체육용품,169.05439067979424,삼천리자전거 양재2호점,서초구,체육용품,1.0,0.005915256007127901
도보,STORE_01486,도서,100.98865090524593,영풍문고 가산마리오점,금천구,도서,1.0,0.00990210277131303
도보,STORE_01445,영상,973.0652100505538,롯데컬처웍스㈜롯데시네마 가산디지털,금천구,영화,1.0,0.0010276803544831768
도보,STORE_01419,문화체험,577.8608763436051,가산동주민자치회,금천구,문화체험,1.0,0.0017305203396489925
도보,STORE_01431,체육시설,215.40750835504286,다빈치당구크럽,금천구,체육시설,1.0,0.004642363711629596
도보,STORE_01520,체육시설,445.01296480946894,한큐당구장,금천구,체육시설,1.0,0.0022471255425741297
도보,STORE_01265,문화체험,677.7342343036171,가리봉동 주민자치위원회,구로구,문화체험,1.0,0.0014755046290785593
도보,STORE_01416,체육시설,425.49610100619003,LETS FIT 24(렛츠핏 가산점),금천구,체육시설,1.0,0.0023501977988405875
도보,STORE_01510,체육시설,377.03420469187773,파란필라테스,금천구,체육시설,1.0,0.002652279256247391
도보,STORE_00912,체육시설,306.40164121224973,UP PROGYM (업프로짐),관악구,체육시설,1.0,0.003263690090051713
도보,STORE_01443,체육시설,348.70937452801354,랩스휘트니스 독산점(주식회사 더랩스휘트니스독산),금천구,체육시설,1.0,0.002867717569547776
도보,STORE_01004,문화체험,649.9204010532746,소이리본 감성스튜디오,관악구,문화체험,1.0,0.0015386499614097034
도보,STORE_01505,체육시설,489.47249198599735,큐어필라테스 독산점,금천구,체육시설,1.0,0.002043015728917832
도보,STORE_01027,도서,1103.7998176530732,연도서,관악구,도서,1.0,0.0009059613745237112
도보,STORE_01353,도서,301.90209385316734,알라딘 중고서점 구로점,구로구,도서,1.0,0.0033123321115035346
도보,STORE_01374,도서,323.0439961123108,임마누엘기독교백화점,구로구,도서,1.0,0.0030955535841388484
도보,STORE_01395,문화체험,491.4547080644785,풀잎문화센터 구로지부,구로구,문화체험,1.0,0.002034775501364819
도보,STORE_01067,체육시설,357.52533119469047,파운드짐(파운드짐 신대방역점),관악구,체육시설,1.0,0.002797004611277319
도보,STORE_00998,체육시설,362.07086936083175,새별요가,관악구,체육시설,1.0,0.0027618902392377285
도보,STORE_02089,도서,790.9799033186852,바른손신대방,동작구,도서,1.0,0.0012642546236691185
도보,STORE_02117,체육용품,1137.854406851993,신대방자전거,동작구,체육용품,1.0,0.0008788470598506681
도보,STORE_02159,체육시설,320.29949499577464,피비에이 당구클럽,동작구,체육시설,1.0,0.0031220779789652552
도보,STORE_02118,문화체험,612.2317693853549,신대방제1동 주민센터,동작구,문화체험,1.0,0.0016333683582018977
도보,STORE_01044,도서,1193.549753709655,이나영책방,관악구,도서,1.0,0.0008378368785146276
도보,STORE_00930,체육시설,517.9055426828428,글로벌태권스쿨,관악구,체육시설,1.0,0.001930854021796759
도보,STORE_02605,체육시설,406.26464618082105,서초탁구(서초탁구클럽),서초구,체육시설,1.0,0.0024614497210149024
도보,STORE_02520,체육용품,349.9270902052726,Gorilla (고릴라 볼링샵),서초구,체육용품,1.0,0.0028577381631510286
도보,STORE_02513,음악,696.9905657088411,(주)뮤직앤플러스,서초구,음악,1.0,0.001434739649571867
도보,STORE_02523,체육시설,170.16719894672022,WINFIT(주식회사 윈핏),서초구,체육시설,1.0,0.0058765731950086485
도보,STORE_02664,체육시설,190.5570239919526,코오롱글로벌(주) 스포렉스 방배점,서초구,체육시설,1.0,0.0052477729713192355
도보,STORE_02610,문화체험,575.2518625384032,스마일팩토리,서초구,문화체험,1.0,0.0017383689912577052
도보,STORE_02673,도서,518.3334599990334,학창문고,서초구,도서,1.0,0.0019292599787053394
도보,STORE_02684,체육시설,114.63339615398188,휴메이크휘트니스 강남점 (주식회사 휴메이크 헬스케어),서초구,체육시설,1.0,0.008723461343296024
도보,STORE_02557,체육시설,137.59322167027412,라온필라테스 서초강남점,서초구,체육시설,1.0,0.007267799880406767
도보,STORE_00198,문화체험,114.8819762241664,키이스케이프 우주라이크(키이스케이프우주라이크 주식회사),강남구,문화체험,1.0,0.008704585635336952
도보,STORE_00158,문화체험,389.32438323108687,역삼1문화센터(강남구청),강남구,문화체험,1.0,0.0025685521972725793
도보,STORE_00047,체육시설,167.63856806388628,골드짐24,강남구,체육시설,1.0,0.00596521439874686
도보,STORE_02598,문화체험,244.68411770102517,서초2동 주민센터,서초구,문화체험,1.0,0.004086901959128712
도보,STORE_00193,문화체험,88.43413359973896,키이스케이프 더오름(키이스케이프더오름 주식회사),강남구,문화체험,1.0,0.011307850931475082
도보,STORE_00205,문화체험,28.31180113713315,퍼퓸플레이,강남구,문화체험,1.0,0.03532096015920448
도보,STORE_00157,체육시설,235.18609479977565,역삼 효 태권도장,강남구,체육시설,1.0,0.004251952058863618
도보,STORE_02617,도서,51.75884888289408,알라딘 중고서점 강남역7번출구점,서초구,도서,1.0,0.01932036785173738
도보,STORE_00054,문화체험,88.34801016071347,길상도예(길상 세라믹),강남구,문화체험,1.0,0.011318874054785212
도보,STORE_02667,도서,51.41802949879902,투판즈강남지점,서초구,도서,1.0,0.019448431022105916
도보,STORE_01289,체육시설,344.13456079775034,금메달 태권도,구로구,체육시설,1.0,0.002905840080931904
도보,STORE_00159,문화체험,473.5918267461961,역삼2문화센터(강남구청),강남구,문화체험,1.0,0.0021115229265472792
도보,STORE_00109,체육시설,289.5283046962826,사이클존,강남구,체육시설,1.0,0.0034538937429589404
도보,STORE_00028,체육시설,140.55369853347537,SG당구장,강남구,체육시설,1.0,0.007114718505695047
도보,STORE_00230,체육시설,189.70256392482864,휴메이크휘트니스 역삼점(휴메이휘트니스),강남구,체육시설,1.0,0.005271410039540948
도보,STORE_01287,체육시설,325.2063874576702,그린스포츠,구로구,체육시설,1.0,0.003074970352881408
도보,STORE_01274,문화체험,1555.095305568629,고척2동 주민자치위원회,구로구,문화체험,1.0,0.0006430474045025456
도보,STORE_01313,체육시설,371.26588309653306,리커버리휘트니스,구로구,체육시설,1.0,0.002693487458797795
도보,STORE_01309,체육시설,470.73582948183366,로망휘트니스,구로구,체육시설,1.0,0.002124333728963776
도보,STORE_01360,체육용품,1309.0817482429545,엠티비나라,구로구,체육용품,1.0,0.0007638942345214093
도보,STORE_01370,체육시설,641.9752750106874,용인대 준 태권도,구로구,체육시설,1.0,0.0015576923892954482
도보,STORE_01272,체육시설,414.44075283084345,계남테니스장(서울특별시구로구시설관리공단),구로구,체육시설,1.0,0.00241289012523379
도보,STORE_01400,도서,1867.6943256577579,한솔문고,구로구,도서,1.0,0.0005354195203478083
도보,STORE_01312,체육시설,226.0481818465204,리오나 필라테스 번지핏 플라잉요가 (리오나),구로구,체육시설,1.0,0.004423835625800204
도보,STORE_01363,도서,787.8917521925198,열린문고,구로구,도서,1.0,0.0012692098847554023
도보,STORE_03377,체육시설,416.05580399579975,유니큐당구장,양천구,체육시설,1.0,0.002403523735027851
도보,STORE_01331,체육용품,1320.236777551769,삼천리자전거 근린공원점,구로구,체육용품,1.0,0.0007574398903311782
도보,STORE_01299,체육시설,357.7238343678269,데일리필라테스,구로구,체육시설,1.0,0.0027954525360805492
도보,STORE_03404,체육시설,376.6037233876522,피츠필라테스,양천구,체육시설,1.0,0.0026553109751670267
도보,STORE_03173,체육용품,1217.4752740951503,유진자전거,송파구,체육용품,1.0,0.0008213719171777169
도보,STORE_03209,문화체험,1278.7613471596082,토끼풀미술교습소,송파구,문화체험,1.0,0.0007820067459977622
도보,STORE_03039,체육시설,517.8391241123608,다섬당구장,송파구,체육시설,1.0,0.0019311016750889992
도보,STORE_03087,체육시설,421.3920706122086,백호합기도1관,송파구,체육시설,1.0,0.0023730868939872926
도보,STORE_03141,체육시설,592.6861434337922,아트당구장,송파구,체육시설,1.0,0.0016872336414116085
도보,STORE_03226,문화체험,909.8373942183584,하늘연달10 송파 가죽공방,송파구,문화체험,1.0,0.0010990974940737629
도보,STORE_00208,문화체험,391.21402379620105,포포에,강남구,문화체험,1.0,0.0025561455857240427
도보,STORE_00209,문화체험,118.6444371928265,풀잎문화센터 강남지부,강남구,문화체험,1.0,0.008428545186444376
도보,STORE_00210,문화체험,80.73958958431147,프랑꼬 강남 본점,강남구,문화체험,1.0,0.012385497686432509
도보,STORE_03153,체육시설,122.87588384832067,에이치투오스포츠클럽,송파구,체육시설,1.0,0.008138293444419175
도보,STORE_03137,문화체험,305.50574837585503,아녹(anoc),송파구,문화체험,1.0,0.003273260831641467
도보,STORE_03134,문화체험,246.28480407403939,스페이스휴,송파구,문화체험,1.0,0.0040603398320075606
도보,STORE_03180,문화체험,440.0871188779037,자연공간협동조합,송파구,문화체험,1.0,0.0022722773676032916
도보,STORE_03125,체육시설,366.7425107780824,송파필라테스 ,송파구,체육시설,1.0,0.002726708714183136
도보,STORE_03070,체육시설,234.3397331687687,머슐랭 가이드 피티(MUSCELIN GUIDE PT),송파구,체육시설,1.0,0.004267308776355958
도보,STORE_03260,체육시설,875.0782064003248,경희대석사 비룡태권도,양천구,체육시설,1.0,0.0011427550048509914
도보,STORE_03344,문화체험,723.7190517109369,신정3동주민자치회,양천구,문화체험,1.0,0.0013817516585143228
도보,STORE_03477,체육용품,1365.4157632189974,도림자전거,영등포구,체육용품,1.0,0.0007323776588329977
도보,STORE_03568,체육시설,1529.7655153330377,이지휘트니스 신길점,영등포구,체육시설,1.0,0.0006536949551920674
도보,STORE_03486,체육시설,667.1213168826268,로얄볼링센타,영등포구,체육시설,1.0,0.0014989777341741573
도보,STORE_03441,체육시설,604.9515489245534,ILUN PILATES (이른필라테스),영등포구,체육시설,1.0,0.0016530249435309985
도보,STORE_03463,문화체험,1974.7951846990236,뉴아트공방,영등포구,문화체험,1.0,0.0005063816276989803
도보,STORE_03510,체육용품,952.9044021320028,삼천리자전거 신길점,영등포구,체육용품,1.0,0.0010494232136640642
도보,STORE_03454,문화체험,1668.1070453567438,공룡과 파랑새,영등포구,문화체험,1.0,0.0005994819114178243
도보,STORE_03464,도서,652.1656068151057,늘푸른글방,영등포구,도서,1.0,0.0015333528624478787
도보,STORE_03563,체육시설,421.8119203725922,운동센터 피프티핏,영등포구,체육시설,1.0,0.0023707248460799455
도보,STORE_02129,체육시설,255.757260717371,여성전용피트니스 채움 헬스 PT 채핏 대방역점,동작구,체육시설,1.0,0.0039099574228904
도보,STORE_02070,도서,513.9341687556125,동양자연의학연구소,동작구,도서,1.0,0.0019457744995264616
도보,STORE_03347,문화체험,630.0499780394396,신정7동 주민자치회,양천구,문화체험,1.0,0.0015871756763038924
도보,STORE_03346,문화체험,228.28216537440832,신정6동 주민센터,양천구,문화체험,1.0,0.004380543694072149
도보,STORE_03359,체육시설,289.8870516491977,양천구민체육센터(양천구시설관리공단),양천구,체육시설,1.0,0.0034496194097352593
도보,STORE_03414,도서,375.14929589553856,햇빛문고 목동본점,양천구,도서,1.0,0.0026656054294673472
도보,STORE_03380,체육시설,195.02038220806156,일상더하기,양천구,체육시설,1.0,0.005127669162975638
도보,STORE_03343,문화체험,488.3838885168438,신정2동 주민자치회,양천구,문화체험,1.0,0.0020475695933313146
도보,STORE_03321,체육용품,391.1016811254944,삼천리자전거목동점신정2동점,양천구,체육용품,1.0,0.0025568798301307378
도보,STORE_03399,체육시설,422.5246851365131,키즈엘리트수영장,양천구,체육시설,1.0,0.002366725626165276
도보,STORE_03496,체육시설,44.48125055927564,바디채널 여의도점,영등포구,체육시설,1.0,0.022481382322365278
도보,STORE_03438,체육시설,43.068151614686585,CV당구장(캐롬빌리지),영등포구,체육시설,1.0,0.02321901364485287
도보,STORE_03453,도서,896.6534895012301,고릴라북스,영등포구,도서,1.0,0.0011152580252113413
도보,STORE_03519,문화체험,781.4202399320548,서울특별시교육청 영등포평생학습관,영등포구,문화체험,1.0,0.0012797211396609728
도보,STORE_03514,체육용품,1111.0330958187592,삼천리자전거 영등포한강점,영등포구,체육용품,1.0,0.0009000631968240918
도보,STORE_03445,체육시설,386.09698943566565,PT STUDIO 좋은습관 (좋은습관 PT STUDIO 영등포),영등포구,체육시설,1.0,0.002590022785367062
도보,STORE_03551,문화체험,485.9702921892925,영등포동 자치회관(영등포동 주민센터),영등포구,문화체험,1.0,0.00205773895250882
도보,STORE_03287,영상,57.52071483932625,메가박스 목동,양천구,영화,1.0,0.017385041246328732
도보,STORE_03274,도서,21.070177750779013,동우서적,양천구,도서,1.0,0.04746044441713491
도보,STORE_03354,도서,20.955495464191078,알라딘 중고서점 목동점,양천구,도서,1.0,0.0477201792584102
도보,STORE_03262,도서,72.80693152931144,교보문고 목동점,양천구,도서,1.0,0.01373495598557685
도보,STORE_03286,영상,368.039860376039,메가박스 더 부티크 목동현대백화점,양천구,영화,1.0,0.0027170969986192953
도보,STORE_03293,문화체험,111.49411070900243,목1동주민센터,양천구,문화체험,1.0,0.008969083601285286
도보,STORE_03270,도서,229.28667887752854,놀숲 목동오목교점,양천구,도서,1.0,0.004361352368552301
도보,STORE_03254,도서,201.92528959695034,YES24 목동점(예스이십사 주식회사 목동점),양천구,도서,1.0,0.004952326684765606
도보,STORE_03245,체육시설,7.956161238736421,(주)목동종합사격장,양천구,체육시설,1.0,0.12568875491502957
도보,STORE_03302,체육시설,7.956161238736421,목동아이스링크(주식회사 와이키키목동아이스링크),양천구,체육시설,1.0,0.12568875491502957
도보,STORE_00699,체육시설,262.7705655352147,랩스휘트니스 까치산점(랩스휘트니스 까치산),강서구,체육시설,1.0,0.003805601277917815
도보,STORE_00685,체육시설,224.49946974334273,더플라잉핫요가(THE플라잉핫요가),강서구,체육시설,1.0,0.0044543535053478845
도보,STORE_00868,체육시설,205.88914834057755,필라테스엘 까치산역점,강서구,체육시설,1.0,0.004856982546480889
도보,STORE_00675,체육시설,262.8408803932866,뉴라인PT(뉴라인PT 까치산점),강서구,체육시설,1.0,0.0038045832083034737
도보,STORE_00870,체육시설,308.79756794335276,하이짐 까치산점,강서구,체육시설,1.0,0.0032383674737472175
도보,STORE_00811,체육시설,406.84390349203653,원 당구클럽,강서구,체육시설,1.0,0.002457945151486272
도보,STORE_00893,문화체험,1459.3176139136751,화곡8동 주민센터 (화곡8동 주민자치회),강서구,문화체험,1.0,0.0006852517851258899
도보,STORE_00804,체육시설,329.13671712376055,요가하는 나무,강서구,체육시설,1.0,0.003038251121718469
도보,STORE_00633,체육시설,357.314335359302,강서 문성길 복싱클럽,강서구,체육시설,1.0,0.002798656255966997
도보,STORE_00722,체육시설,192.14571697806574,명당구장,강서구,체육시설,1.0,0.005204383505015385
도보,STORE_00810,체육시설,461.412197291914,원 당구클럽,강서구,체육시설,1.0,0.0021672595693592958
도보,STORE_00683,체육시설,516.8234333755697,더블에스휘트니스,강서구,체육시설,1.0,0.0019348967856751792
도보,STORE_00684,체육시설,516.8234333755697,더블에스휘트니스 까치산역점,강서구,체육시설,1.0,0.0019348967856751792
도보,STORE_00645,체육시설,430.84834033812797,경희대석사흑룡태권도,강서구,체육시설,1.0,0.0023210023258188814
도보,STORE_00731,체육시설,437.6376405628343,바디채널 화곡2호점,강서구,체육시설,1.0,0.002284995410161535
도보,STORE_00899,문화체험,1652.3740892202668,화곡제2동 주민센터,강서구,문화체험,1.0,0.0006051898335393813
도보,STORE_03375,도서,38.06428164864598,월촌문고,양천구,도서,1.0,0.026271348274231044
도보,STORE_03389,체육용품,49.887182339043534,참조은자전거,양천구,체육용품,1.0,0.020045229117246884
도보,STORE_03297,문화체험,42.334072911125574,목5동 주민센터,양천구,문화체험,1.0,0.023621634566070672
도보,STORE_02783,체육용품,732.4765720446336,킴스자전거(Kims Bike),성동구,체육용품,1.0,0.0013652313782659316
도보,STORE_02702,문화체험,1025.6827925616549,금호2.3가동 주민센터,성동구,문화체험,1.0,0.0009749602969378946
도보,STORE_02712,체육시설,560.7847306329262,더블와이짐 헬스 PT 신금호점,성동구,체육시설,1.0,0.0017832154575096156
도보,STORE_02759,체육시설,306.8213333509504,열린금호교육문화관(성동구도시관리공단),성동구,체육시설,1.0,0.003259225781592486
도보,STORE_02733,체육용품,807.9311712665574,삼천리자전거 골든휠금호점,성동구,체육용품,1.0,0.0012377291971942918
도보,STORE_02721,체육시설,877.3148708692536,무림아이,성동구,체육시설,1.0,0.001139841615826241
도보,STORE_02790,체육시설,367.28202581642404,한국체대 한성태권도,성동구,체육시설,1.0,0.0027227033443227165
도보,STORE_00323,체육시설,258.6774771151082,브이랩필라테스 상일동점(주식회사 브이랩코퍼레이션),강동구,체육시설,1.0,0.0038658178174322175
도보,STORE_00250,체육시설,475.70687244718766,강동유소년스포츠센터,강동구,체육시설,1.0,0.0021021348606037192
도보,STORE_00427,체육시설,419.7118114032087,한체대 공감 PT,강동구,체육시설,1.0,0.0023825872249263916
도보,STORE_00335,체육용품,477.92820457622145,삼천리자전거 상일동역점,강동구,체육용품,1.0,0.0020923644815787745
도보,STORE_00377,도서,142.50738864425182,어느 날,강동구,도서,1.0,0.007017180017917169
도보,STORE_00256,문화체험,521.5702281569555,고덕2동 주민센터,강동구,문화체험,1.0,0.001917287348884245
도보,STORE_00232,도서,380.59413914455195,(주)이야기나라,강동구,도서,1.0,0.0026274708334911956
도보,STORE_01130,도서,2085.479542863043,더나은서점,광진구,도서,1.0,0.0004795060222106775
도보,STORE_04317,도서,249.90187014284507,(재)천주교서울대교구 가톨릭출판사,중구,도서,1.0,0.004001570694242486
도보,STORE_04445,도서,196.99846623763594,여기서울 149쪽,중구,도서,1.0,0.005076181653078033
도보,STORE_04467,도서,65.67925122053805,자연문화원,중구,도서,1.0,0.015225508534532407
도보,STORE_04354,문화체험,164.82842234725902,광희동 주민자치위원회,중구,문화체험,1.0,0.006066914830339206
도보,STORE_04477,음악,188.85891637459727,주미음향,중구,음악,1.0,0.00529495784046819
도보,STORE_04450,체육시설,189.34365751698692,오케이 태권도장,중구,체육시설,1.0,0.005281402150533007
도보,STORE_04436,체육시설,118.50333931423319,아힘사 누시마(주식회사 아힘사),중구,체육시설,1.0,0.008438580767317601
도보,STORE_04402,체육용품,89.15830126593175,미즈노대성스포츠,중구,체육용품,1.0,0.011216005529505413
도보,STORE_04329,체육용품,46.11598566700928,(주)썬스포츠,중구,체육용품,1.0,0.02168445465354947
도보,STORE_04475,체육용품,56.66355187272649,조테니스,중구,체육용품,1.0,0.017648028881883836
도보,STORE_04351,영상,313.1259873287518,㈜딜라이브중앙케이블티브이(케이블티비),중구,TV,1.0,0.0031936027045564165
도보,STORE_04419,도서,109.23890328465004,성광기독교서점(성광서림),중구,도서,1.0,0.00915424789092072
도보,STORE_04358,도서,73.37338362495603,그래서,중구,도서,1.0,0.013628920333174824
도보,STORE_04433,체육용품,66.98777924280934,아레나(한일스포츠),중구,체육용품,1.0,0.014928096009502253
도보,STORE_04428,체육용품,128.36771864120354,시대스포츠,중구,체육용품,1.0,0.007790120527070109
도보,STORE_04372,도서,141.01812281015967,놀숲 충무로동국대점,중구,도서,1.0,0.007091287134393444
도보,STORE_04387,음악,122.88544941315145,레코드스톡,중구,음악,1.0,0.008137659948965268
도보,STORE_04409,도서,419.97523224283236,분도책방((재)왜관성베네딕도수도원서울사무소),중구,도서,1.0,0.0023810927960194414
도보,STORE_03982,문화체험,37.0127660032502,굿럭굿러그 터프팅 아트 스튜디오,종로구,문화체험,1.0,0.027017705186156232
도보,STORE_04457,체육용품,88.76693978058904,원진스포츠,중구,체육용품,1.0,0.011265455387690106
도보,STORE_04342,문화체험,41.01781012987034,Dillyscent (딜리센트),중구,문화체험,1.0,0.024379653541566605
도보,STORE_04190,문화체험,53.37263176858701,유선상회(유선한복),종로구,문화체험,1.0,0.0187361943165141
도보,STORE_04469,문화체험,309.3393931826857,장충동주민자치위원회,중구,문화체험,1.0,0.0032326952920911462
도보,STORE_01206,체육시설,633.26265323456,용인대스카이태권도,광진구,체육시설,1.0,0.001579123598860962
도보,STORE_01121,문화체험,2091.0998953707935,나니공방,광진구,문화체험,1.0,0.00047821723018291295
도보,STORE_01225,체육시설,595.2523676766265,중곡문화체육센터(광진구시설관리공단),광진구,체육시설,1.0,0.0016799597184353485
도보,STORE_04650,체육시설,622.3583847637009,유코치의 바디스토리 헬스,중랑구,체육시설,1.0,0.001606791238748528
도보,STORE_01102,체육시설,588.7513217217218,KM휘트니스(광명휘트니스),광진구,체육시설,1.0,0.0016985099873332572
도보,STORE_01246,체육시설,584.3262296547927,행복한태권스쿨,광진구,체육시설,1.0,0.0017113727730325892
도보,STORE_04666,체육시설,315.65423525355277,중랑스포츠클라이밍경기장(서울특별시중랑구시설관리공단),중랑구,체육시설,1.0,0.0031680233886193193
도보,STORE_01177,도서,793.4836068839392,수도서림,광진구,도서,1.0,0.0012602654816361789
도보,STORE_02234,문화체험,547.5432458670501,마포구 고용복지지원센터,마포구,문화체험,1.0,0.0018263397595498997
도보,STORE_02436,문화체험,1196.10764554201,북가좌제1동 주민센터,서대문구,문화체험,1.0,0.000836045153399931
도보,STORE_02486,체육시설,761.3913090336891,한국체대 태평양 태권도장,서대문구,체육시설,1.0,0.0013133850992719345
도보,STORE_02467,체육시설,638.4434764521369,오버탑휘트니스 가좌점,서대문구,체육시설,1.0,0.001566309370967421
도보,STORE_04072,문화체험,21.811413512158065,반지그리기,종로구,문화체험,1.0,0.04584755588823175
도보,STORE_04157,문화체험,21.811413512158065,어글리프로젝트,종로구,문화체험,1.0,0.04584755588823175
도보,STORE_04052,도서,22.491941649681223,모닝포커스,종로구,도서,1.0,0.04446036787642889
도보,STORE_04087,도서,16.872924345480275,불교전문서점,종로구,도서,1.0,0.05926654914848051
도보,STORE_04086,도서,16.61779387015525,불교서적사용품매장(불교서적사),종로구,도서,1.0,0.060176459511629365
도보,STORE_04085,도서,15.294918325053642,불교서적길상원,종로구,도서,1.0,0.06538119254693653
도보,STORE_03926,체육시설,136.33358719807828,ACRO GYM FINESS (아크로짐 안국역점 헬스 PT),종로구,체육시설,1.0,0.007334949666857264
도보,STORE_04159,문화체험,53.566027686907965,어라연전각연구소,종로구,문화체험,1.0,0.018668548764619507
도보,STORE_04088,도서,23.62101639116056,불일서점,종로구,도서,1.0,0.042335180816953304
도보,STORE_03954,문화체험,62.733734550466615,갤러리 경(경아트),종로구,문화체험,1.0,0.015940386893363453
도보,STORE_04070,문화체험,63.53956539257171,박영숙요,종로구,문화체험,1.0,0.015738225369053407
도보,STORE_04290,문화체험,25.490801805728502,한옥집한복,종로구,문화체험,1.0,0.039229837006353865
도보,STORE_04046,도서,47.202020905588405,마이웨이서적 (마이웨이북스),종로구,도서,1.0,0.021185533602473505
도보,STORE_04184,도서,47.202020905588405,월간에세이(주식회사 월간에세이),종로구,도서,1.0,0.021185533602473505
도보,STORE_04181,체육시설,89.50019813131635,요가문화원,종로구,체육시설,1.0,0.011173159622873475
도보,STORE_04221,음악,12.407523697519139,종로악기,종로구,음악,1.0,0.08059625952598004
도보,STORE_04225,문화체험,24.779887507640467,종이나무 갤러리,종로구,문화체험,1.0,0.04035530829959041
도보,STORE_03903,도서,115.31570392292245,(사)전통문화연구회,종로구,도서,1.0,0.008671845776256152
도보,STORE_03912,영상,201.02710303246837,(주)낭만극장,종로구,영화,1.0,0.0049744536180202905
도보,STORE_03917,음악,9.380817391477299,(주)미성SI 미성악기((주)미성SI),종로구,음악,1.0,0.10660051872542838
도보,STORE_03929,음악,9.380817391477299,Akkisaza (악기사자),종로구,음악,1.0,0.10660051872542838
도보,STORE_03970,음악,9.36716803099968,경은어쿠스틱(경은상사),종로구,음악,1.0,0.1067558515754818
도보,STORE_03989,음악,9.380817391477299,근영악기,종로구,음악,1.0,0.10660051872542838
도보,STORE_03995,음악,9.380817391477299,기타나라,종로구,음악,1.0,0.10660051872542838
도보,STORE_03996,음악,9.36716803099968,기타크래프트,종로구,음악,1.0,0.1067558515754818
도보,STORE_04002,음악,9.450651527186833,낙원악기,종로구,음악,1.0,0.10581281059017833
도보,STORE_04003,음악,9.36716803099968,남북악기,종로구,음악,1.0,0.1067558515754818
도보,STORE_04009,음악,9.36716803099968,다비드뮤직,종로구,음악,1.0,0.1067558515754818
도보,STORE_04013,음악,9.380817391477299,대신악기,종로구,음악,1.0,0.10660051872542838
도보,STORE_04014,음악,9.380817391477299,대신악기(대신상사),종로구,음악,1.0,0.10660051872542838
도보,STORE_04015,음악,9.380817391477299,대우악기사,종로구,음악,1.0,0.10660051872542838
도보,STORE_04017,음악,9.36716803099968,대창뮤직악기피아노사,종로구,음악,1.0,0.1067558515754818
도보,STORE_04018,음악,9.380817391477299,대하뮤직,종로구,음악,1.0,0.10660051872542838
도보,STORE_04024,음악,9.36716803099968,더원악기,종로구,음악,1.0,0.1067558515754818
도보,STORE_04025,음악,9.36716803099968,도레미악기,종로구,음악,1.0,0.1067558515754818
도보,STORE_04039,음악,9.36716803099968,딴따라(stone M.I),종로구,음악,1.0,0.1067558515754818
도보,STORE_04044,음악,9.380817391477299,리베라토,종로구,음악,1.0,0.10660051872542838
도보,STORE_04058,음악,9.380817391477299,뮤직랜드악기,종로구,음악,1.0,0.10660051872542838
도보,STORE_04059,음악,9.36716803099968,뮤직스테이션,종로구,음악,1.0,0.1067558515754818
도보,STORE_04061,음악,9.36716803099968,미래소리,종로구,음악,1.0,0.1067558515754818
도보,STORE_04065,음악,9.36716803099968,미스터기타,종로구,음악,1.0,0.1067558515754818
도보,STORE_04071,음악,9.36716803099968,반도몰,종로구,음악,1.0,0.1067558515754818
도보,STORE_04095,음악,9.380817391477299,새음악기,종로구,음악,1.0,0.10660051872542838
도보,STORE_04097,음악,9.380817391477299,샬롬악기(샬롬악기사),종로구,음악,1.0,0.10660051872542838
도보,STORE_04100,음악,9.380817391477299,서린악기(서린뮤직),종로구,음악,1.0,0.10660051872542838
도보,STORE_04109,음악,9.36716803099968,선일악기,종로구,음악,1.0,0.1067558515754818
도보,STORE_04117,음악,9.226307138646341,수성악기,종로구,음악,1.0,0.10838572626867019
도보,STORE_04120,음악,9.380817391477299,스위스악기사,종로구,음악,1.0,0.10660051872542838
도보,STORE_04131,음악,9.36716803099968,신우악기,종로구,음악,1.0,0.1067558515754818
도보,STORE_04132,음악,9.36716803099968,신한악기,종로구,음악,1.0,0.1067558515754818
도보,STORE_04136,음악,9.36716803099968,아가페뮤직,종로구,음악,1.0,0.1067558515754818
도보,STORE_04144,음악,9.36716803099968,아마빌레,종로구,음악,1.0,0.1067558515754818
도보,STORE_04148,음악,9.36716803099968,악기모아,종로구,음악,1.0,0.1067558515754818
도보,STORE_04149,음악,9.380817391477299,악기박사,종로구,음악,1.0,0.10660051872542838
도보,STORE_04167,음악,9.36716803099968,연강악기,종로구,음악,1.0,0.1067558515754818
도보,STORE_04172,음악,9.36716803099968,영진악기,종로구,음악,1.0,0.1067558515754818
도보,STORE_04174,음악,9.36716803099968,예솔뮤직,종로구,음악,1.0,0.1067558515754818
도보,STORE_04175,음악,9.380817391477299,오렌지악기,종로구,음악,1.0,0.10660051872542838
도보,STORE_04185,음악,9.380817391477299,위두뮤직,종로구,음악,1.0,0.10660051872542838
도보,STORE_04191,음악,9.36716803099968,유일뮤직,종로구,음악,1.0,0.1067558515754818
도보,STORE_04204,음악,9.36716803099968,임마누엘악기,종로구,음악,1.0,0.1067558515754818
도보,STORE_04244,음악,9.380817391477299,중앙악기(주)(중앙악기주식회사),종로구,음악,1.0,0.10660051872542838
도보,STORE_04263,영상,191.38892883537596,추억을 파는 극장(구 허리우드 실버영화관),종로구,영화,1.0,0.005224962624981064
도보,STORE_04292,음악,9.380817391477299,한중악기,종로구,음악,1.0,0.10660051872542838
도보,STORE_04294,음악,9.36716803099968,할렐루야악기,종로구,음악,1.0,0.1067558515754818
도보,STORE_04295,음악,9.36716803099968,해성악기사,종로구,음악,1.0,0.1067558515754818
도보,STORE_04296,음악,9.36716803099968,해오라기악기,종로구,음악,1.0,0.1067558515754818
도보,STORE_04298,음악,9.38336494254477,현음악기,종로구,음악,1.0,0.10657157705397739
도보,STORE_04299,음악,9.36716803099968,형제악기사,종로구,음악,1.0,0.1067558515754818
도보,STORE_04220,도서,9.626334125936879,종로서적 본점,종로구,도서,1.0,0.1038817048024162
도보,STORE_04199,도서,92.45485950811474,이화문고,종로구,도서,1.0,0.010816089119817766
도보,STORE_04114,문화체험,78.29970229694045,소리여울국악학원,종로구,문화체험,1.0,0.012771440639807832
도보,STORE_03968,음악,9.539559435218312,경성악기,종로구,음악,1.0,0.10482664391273486
도보,STORE_04078,문화체험,45.490028316149896,북촌감성,종로구,문화체험,1.0,0.0219828396907148
도보,STORE_04084,체육시설,134.46015679453583,북촌탁구,종로구,체육시설,1.0,0.007437147359035638
도보,STORE_04222,체육시설,40.388411654565,종로원당구클럽,종로구,체육시설,1.0,0.02475957729045709
도보,STORE_03969,음악,7.86588563515883,경은어쿠스틱,종로구,음악,1.0,0.12713126612599265
도보,STORE_04274,음악,8.03001442208748,파트너악기,종로구,음악,1.0,0.1245327775812438
도보,STORE_03940,문화체험,343.0932270967961,TSK Leather(토시코레더),종로구,문화체험,1.0,0.002914659693115633
도보,STORE_04198,문화체험,371.23154143480616,이화동 주민자치위원회,종로구,문화체험,1.0,0.0026937366262979974
도보,STORE_04012,도서,157.96738066302524,대승서적,종로구,도서,1.0,0.006330420848929514
도보,STORE_03994,도서,242.822872737406,기독교문사,종로구,도서,1.0,0.004118228191301493
도보,STORE_03943,도서,60.172743955370294,knou서점(한국방송통신대학교 소비자생활협동조합),종로구,도서,1.0,0.016618819988360397
도보,STORE_04211,도서,201.63687665612815,정용서점,종로구,도서,1.0,0.00495941028537851
도보,STORE_02278,체육시설,67.81723315103157,브레스요가스튜디오,마포구,체육시설,1.0,0.014745514576994932
도보,STORE_01953,체육시설,824.8323327352906,블랙홀 댄스스포츠 학원 (블랙홀학원),동대문구,체육시설,1.0,0.0012123676052850914
도보,STORE_01910,영상,1319.229671588029,㈜씨엠비 동대문방송(케이블티비),동대문구,TV,1.0,0.000758018123407007
도보,STORE_01915,도서,1417.9066959065883,교보문고 청량리점,동대문구,도서,1.0,0.0007052650240576056
도보,STORE_01982,체육시설,550.3146200111504,아메리카요가청량리점,동대문구,체육시설,1.0,0.0018171423466447941
도보,STORE_01998,체육용품,1098.3928468245615,으니전동놀이터(전동앤배터리),동대문구,체육용품,1.0,0.0009104210782972468
도보,STORE_01924,체육시설,545.9554860340977,대광탁구,동대문구,체육시설,1.0,0.0018316511612771758
도보,STORE_01922,문화체험,1840.7176785534884,니트아카데미 손뜨개학원,동대문구,문화체험,1.0,0.0005432663637944962
도보,STORE_01939,영상,849.0403390263236,롯데컬처웍스㈜롯데시네마 청량리,동대문구,영화,1.0,0.001177800340024829
도보,STORE_01961,체육용품,1440.1849345917292,삼천리자전거 제기대리점,동대문구,체육용품,1.0,0.0006943552706191062
도보,STORE_01969,체육시설,380.09063388052465,셀리핏,동대문구,체육시설,1.0,0.0026309514385832876
도보,STORE_04549,체육시설,942.7824171670907,룩스필라테스 면목겸재점,중랑구,체육시설,1.0,0.001060690125092531
도보,STORE_04528,체육시설,1110.0853738782405,REAL TIME (리얼타임 피트니스),중랑구,체육시설,1.0,0.000900831614875132
도보,STORE_04545,체육시설,952.2471196235291,레디핏(레디핏(READY FIT),중랑구,체육시설,1.0,0.0010501475713524343
도보,STORE_04643,체육시설,854.7826424659,운동창고PT,중랑구,체육시설,1.0,0.0011698880514409756
도보,STORE_04648,문화체험,2545.8764302154186,유리이야기(유리작업실),중랑구,문화체험,1.0,0.0003927920413306883
도보,STORE_04642,음악,4428.042630958442,우진음악사,중랑구,음악,1.0,0.00022583341745821263
도보,STORE_04557,문화체험,1846.8803988968034,망우제3동 주민센터,중랑구,문화체험,1.0,0.0005414535779346241
도보,STORE_04539,도서,998.9779842169638,놀숲 서일대점,중랑구,도서,1.0,0.0010010230613679012
도보,STORE_04600,도서,1039.1271954567387,서일서적,중랑구,도서,1.0,0.0009623460961970679
도보,STORE_04581,체육시설,1364.684966732985,비바휘트니스,중랑구,체육시설,1.0,0.0007327698511942798
도보,STORE_04555,도서,2840.829422247164,만화생각,중랑구,도서,1.0,0.0003520098715427187
도보,STORE_04691,도서,994.5014203838541,학문서점,중랑구,도서,1.0,0.0010055289811592462
도보,STORE_02889,문화체험,319.1839344428635,성북동 주민자치회,성북구,문화체험,1.0,0.0031329897657458947
도보,STORE_02938,체육시설,267.7023983516936,유니버설 피트니스,성북구,체육시설,1.0,0.0037354913745907183
도보,STORE_04049,체육시설,406.8647932515289,명륜태권도체육관,종로구,체육시설,1.0,0.0024578189526017493
도보,STORE_03792,체육시설,402.8062327982915,빅브로짐휘트니스 응암점,은평구,체육시설,1.0,0.002482583233762319
도보,STORE_03857,문화체험,399.3674928256633,응암제1동 주민자치회,은평구,문화체험,1.0,0.00250395943076051
도보,STORE_03849,문화체험,305.84990879647387,은평문화재단,은평구,문화체험,1.0,0.0032695775648095564
도보,STORE_03878,문화체험,532.9697078739775,카푸네네이처(소담공방),은평구,문화체험,1.0,0.0018762792429404887
도보,STORE_03744,문화체험,319.33781058781597,녹번동 주민자치회,은평구,문화체험,1.0,0.003131480103027155
도보,STORE_03748,도서,1157.5142526728864,다음서점(도서출판 다음교육),은평구,도서,1.0,0.0008639202477989704
도보,STORE_03720,체육시설,328.08933966780876,Elura 176 (이루라176),은평구,체육시설,1.0,0.0030479502961373336
도보,STORE_03848,문화체험,212.79018293462005,은평문화원,은평구,문화체험,1.0,0.004699464919898352
도보,STORE_03811,문화체험,477.50608988106416,수다쟁이손가락,은평구,문화체험,1.0,0.002094214128764467
도보,STORE_03846,도서,800.2295798618169,은평기독교백화점,은평구,도서,1.0,0.001249641384379567
도보,STORE_03728,체육시설,543.0681140159834,WS복싱클럽 녹번점(더블유에스복싱클럽),은평구,체육시설,1.0,0.0018413896419088387
도보,STORE_03787,체육시설,323.44228843123136,백호태권도(은평백호태권도장),은평구,체육시설,1.0,0.0030917416669608276
도보,STORE_03782,체육용품,1181.1803675058911,바이크플러스 강북점,은평구,체육용품,1.0,0.0008466107526926979
도보,STORE_03870,도서,1348.090157351769,지성사(도서출판 지성사),은평구,도서,1.0,0.0007417901499736721
도보,STORE_03722,영상,1488.84949736626,LG헬로비전 은평방송(케이블티비),은평구,TV,1.0,0.0006716595611369561
도보,STORE_03800,체육용품,1495.84010703231,삼천리자전거 녹번점,은평구,체육용품,1.0,0.0006685206495659232
도보,STORE_03886,체육시설,341.82371582133874,피트니스써밋 응암점,은평구,체육시설,1.0,0.00292548455158293
도보,STORE_03887,체육시설,626.0580812806126,필라테스앤드유,은평구,체육시설,1.0,0.0015972958897910604
도보,STORE_03844,체육시설,236.71907246959879,위캔짐,은평구,체육시설,1.0,0.004224416687541843
도보,STORE_03881,체육용품,650.8358687942348,태영바이크(태영스포츠),은평구,체육용품,1.0,0.0015364856916270473
도보,STORE_03758,문화체험,985.0743695449924,뜰안에소나무공방,은평구,문화체험,1.0,0.0010151517803289327
도보,STORE_04522,체육시설,418.765496405971,BK플러스볼링장,중랑구,체육시설,1.0,0.0023879713314072866
도보,STORE_04611,도서,1578.7692152388852,신공손문고,중랑구,도서,1.0,0.0006334048006178592
도보,STORE_04647,체육시설,470.20396692878955,웰바레 신내점 (WELL BARRE),중랑구,체육시설,1.0,0.002126736629917556
도보,STORE_04607,체육시설,564.6613068411314,스포웰짐 신내점,중랑구,체육시설,1.0,0.0017709731265176845
도보,STORE_04689,체육시설,564.6613068411314,필라테스 와이,중랑구,체육시설,1.0,0.0017709731265176845
도보,STORE_04619,체육시설,459.86749156327545,아시아당구장,중랑구,체육시설,1.0,0.0021745394452662783
도보,STORE_04614,문화체험,1961.7677592122648,신내2동 주민자치위원회,중랑구,문화체험,1.0,0.0005097443340599825
도보,STORE_04610,도서,895.2619396310652,시조사동중서회,중랑구,도서,1.0,0.0011169915258679454
도보,STORE_04613,문화체험,1383.6229948349585,신내1동 주민자치위원회,중랑구,문화체험,1.0,0.0007227402289012132
도보,STORE_02969,체육시설,567.4282386830314,초심박사태권도장,성북구,체육시설,1.0,0.0017623373879328654
도보,STORE_00576,체육시설,777.024596962081,킥복싱 합기도 정무멀티짐(정무체육관),강북구,체육시설,1.0,0.0012869605465640108
도보,STORE_02933,문화체험,1168.130336372481,월곡제1동 주민자치회,성북구,문화체험,1.0,0.0008560688553859546
도보,STORE_00465,체육용품,1001.5002230011161,그린페달 방천점,강북구,체육용품,1.0,0.0009985020242964894
도보,STORE_02944,체육용품,1099.3866313247509,자전거수리소(비알에스),성북구,체육용품,1.0,0.0009095981081696519
도보,STORE_02964,도서,2838.239195238151,책과함께,성북구,도서,1.0,0.0003523311219426987
도보,STORE_02945,문화체험,1036.532431528682,장위1동주민센터,성북구,문화체험,1.0,0.000964755148592115
도보,STORE_02949,문화체험,1058.8161308701322,장위제1동 주민자치회,성북구,문화체험,1.0,0.0009444510438070138
도보,STORE_00438,영상,1452.6163097169922,CGV 미아,강북구,영화,1.0,0.0006884130333045939
도보,STORE_00440,체육시설,545.1976536732998,CLUB R&B,강북구,체육시설,1.0,0.001834197181998939
도보,STORE_00523,문화체험,738.3838539498915,송중동 주민센터,강북구,문화체험,1.0,0.0013543091369761485
도보,STORE_04572,체육시설,534.5235306971831,묵동다목적체육관(서울특별시중랑구시설관리공단),중랑구,체육시설,1.0,0.0018708250293409767
도보,STORE_04663,도서,867.5169753754453,중랑구립정보도서관(서울특별시중랑구시설관리공단),중랑구,도서,1.0,0.001152715195650458
도보,STORE_04664,체육시설,453.3015487963565,중랑구민체육센터(서울특별시중랑구시설관리공단),중랑구,체육시설,1.0,0.002206037024703053
도보,STORE_04579,체육용품,706.5234770377721,배드민턴몰,중랑구,체육용품,1.0,0.0014153811338197585
도보,STORE_04591,체육용품,998.2963081711488,삼천리자전거 봉화산역점,중랑구,체육용품,1.0,0.0010017065993482158
도보,STORE_04615,체육시설,37.687252060980605,신내다목적체육관(중랑구시설관리공단),중랑구,체육시설,1.0,0.026534171246604295
도보,STORE_01571,문화체험,913.7051730098927,노원문화원,노원구,문화체험,1.0,0.001094444936440316
도보,STORE_01546,체육시설,507.3267606459172,공릉탁구클럽,노원구,체육시설,1.0,0.001971116206696493
도보,STORE_01743,체육시설,325.5257147923134,킹당구장,노원구,체육시설,1.0,0.003071953933464223
도보,STORE_01564,문화체험,550.2340844128773,나비뜰공방,노원구,문화체험,1.0,0.0018174083146212973
도보,STORE_01713,체육용품,1982.5562719441461,자전거 베스트샵,노원구,체육용품,1.0,0.0005043993021289499
도보,STORE_01738,체육시설,216.31484333780233,큐 당구장(Q 당구장),노원구,체육시설,1.0,0.004622891266127201
도보,STORE_01609,체육시설,282.01640253642296,바디채널 공릉역점(주식회사 바디채널 공릉역점),노원구,체육시설,1.0,0.0035458930438304844
도보,STORE_01605,문화체험,515.7284877052424,문일공방,노원구,문화체험,1.0,0.0019390047744881147
도보,STORE_01730,도서,982.9844831572028,지구불시착,노원구,도서,1.0,0.0010173100563990042
도보,STORE_01662,도서,432.43543486742425,시조사-서중서회,노원구,도서,1.0,0.002312483944121229
도보,STORE_01627,체육시설,185.59076005166605,사우스포복싱클럽,노원구,체육시설,1.0,0.005388199281697068
도보,STORE_01542,체육시설,133.94971862854823,공릉 라이크짐 PT,노원구,체육시설,1.0,0.007465487872901538
도보,STORE_01660,문화체험,453.41072626443,슬로우 그라운드,노원구,문화체험,1.0,0.002205505829645499
도보,STORE_00506,도서,4696.443807496129,번동문고,강북구,도서,1.0,0.00021292706587990498
도보,STORE_01827,체육시설,1780.9012170018812,스마일보이짐 창동점,도봉구,체육시설,1.0,0.0005615134575984422
도보,STORE_01773,문화체험,1905.15459038798,Ons Studio (온스공방),도봉구,문화체험,1.0,0.0005248917883332252
도보,STORE_00588,체육시설,2886.5530565432073,한진태권도(한진태권도체육관),강북구,체육시설,1.0,0.0003464339578769255
도보,STORE_00453,체육용품,1812.3624321184188,강북스포츠,강북구,체육용품,1.0,0.0005517660167073362
도보,STORE_01529,영상,4141.1881818076745,CGV 하계,노원구,영화,1.0,0.0002414765898330872
도보,STORE_01616,체육시설,1130.3397901671663,복싱스페이스 중계점,노원구,체육시설,1.0,0.0008846897266636166
도보,STORE_01736,체육시설,1130.3397901671663,케이에스탁구클럽,노원구,체육시설,1.0,0.0008846897266636166
도보,STORE_01674,도서,3783.892798237214,어린이 전집 전문서점 세원북,노원구,도서,1.0,0.00026427810017922966
도보,STORE_01725,체육시설,1103.7387334186205,"중계2,3동 자치회관(중계2,3동 주민자치회)",노원구,체육시설,1.0,0.000906011513161897
도보,STORE_01661,체육시설,761.139908660956,시립노원청소년센터,노원구,체육시설,1.0,0.0013138189032280035
도보,STORE_01637,체육용품,3601.296833939868,삼천리자전거 중계1점,노원구,체육용품,1.0,0.00027767774946393025
도보,STORE_01597,체육시설,1744.239288127424,마론필라테스평생교육원(하계점),노원구,체육시설,1.0,0.0005733158327568561
도보,STORE_01626,체육시설,1024.785667048192,빌리버짐 중계역점,노원구,체육시설,1.0,0.0009758138039541624
도보,STORE_01532,체육시설,428.25013161713395,MVGym(엠브이짐(MVGym)),노원구,체육시설,1.0,0.0023350839291604105
도보,STORE_01728,문화체험,840.2563200172311,중계본동 주민자치위원회,노원구,문화체험,1.0,0.0011901130359596617
도보,STORE_01638,체육용품,1213.6797487392557,삼천리자전거 중계점,노원구,체육용품,1.0,0.0008239405832047361
도보,STORE_01575,도서,927.5669680047822,놀숲 중계은행사거리점,노원구,도서,1.0,0.0010780892749458542
도보,STORE_01619,도서,367.9139008892336,북뱅크,노원구,도서,1.0,0.002718027227519914
도보,STORE_01573,체육시설,524.1123496670808,노원탁구클럽,노원구,체육시설,1.0,0.0019079878591588344
도보,STORE_01570,도서,456.5425281278918,노원문고 중계점,노원구,도서,1.0,0.002190376445543029
도보,STORE_02966,도서,998.8754029154605,책의 기분,성북구,도서,1.0,0.0010011258632270422
도보,STORE_01828,도서,555.6660877739077,신고서점,도봉구,도서,1.0,0.001799641946850075
도보,STORE_02880,체육용품,903.6300570832987,삼천리자전거 석관점,성북구,체육용품,1.0,0.0011066475624192497
도보,STORE_02901,체육시설,584.6180954676441,스타인필라핏,성북구,체육시설,1.0,0.0017105183841428756
도보,STORE_02900,체육시설,390.3512689633027,스타당구장,성북구,체육시설,1.0,0.002561795181698285
도보,STORE_02157,체육시설,222.36279562897462,프레토휘트니스,동작구,체육시설,1.0,0.004497155188085325
도보,STORE_02134,체육시설,272.4350522430701,요가아샤,동작구,체육시설,1.0,0.003670599622796654
도보,STORE_02080,체육시설,164.43541557921927,룩스필라테스 신대방삼거리역점,동작구,체육시설,1.0,0.0060814149827610265
도보,STORE_02156,도서,481.52060586493184,푸른문고,동작구,도서,1.0,0.0020767543233248535
도보,STORE_02077,체육시설,191.0285417295994,"딜라이트요가,필라테스(딜라이트 요가)",동작구,체육시설,1.0,0.005234819838678863
도보,STORE_02103,체육시설,460.988415838365,상도스포츠클럽(동작구청),동작구,체육시설,1.0,0.002169251906647969
도보,STORE_02046,체육시설,256.8988906712763,AHA FITNESS(아하피트니스(AHA FITNESS)),동작구,체육시설,1.0,0.0038925820091593307
도보,STORE_02135,체육시설,257.7444062218808,용무태권도장,동작구,체육시설,1.0,0.0038798126200230475
도보,STORE_02051,체육시설,192.01826594224073,TCLUB,동작구,체육시설,1.0,0.005207837885072876
도보,STORE_02120,체육시설,212.8066856521904,아띠필라테스,동작구,체육시설,1.0,0.004699100486130366
도보,STORE_02068,도서,345.88281479804766,더북스,동작구,도서,1.0,0.002891152602027583
도보,STORE_02106,체육시설,189.49404070510576,성대볼링센타((주)장형),동작구,체육시설,1.0,0.005277210809791212
도보,STORE_02107,체육시설,189.49404070510576,성대볼링센타(융성산업(주)),동작구,체육시설,1.0,0.005277210809791212
도보,STORE_02116,문화체험,627.3390268499959,신대방2동 주민자치회,동작구,문화체험,1.0,0.0015940344171176707
도보,STORE_02138,도서,498.2228940371167,우림북,동작구,도서,1.0,0.0020071337788132673
도보,STORE_00955,문화체험,1193.039638319593,도자기 공방 이채(이채공방),관악구,문화체험,1.0,0.0008381951176479844
도보,STORE_02091,체육시설,253.74645150959017,보라매휘트니스,동작구,체육시설,1.0,0.003940941810420572
도보,STORE_02066,도서,1914.6204451827039,대륙서점,동작구,도서,1.0,0.0005222967311960227
도보,STORE_00992,체육시설,276.98851448935466,사회복지법인에스알씨 스포츠센터,관악구,체육시설,1.0,0.0036102579987605677
도보,STORE_02158,체육시설,322.13285979613744,프로당구클럽(프로당구장),동작구,체육시설,1.0,0.0031043091991076366
도보,STORE_03525,문화체험,577.9542427618012,신길6동주민자치위원회,영등포구,문화체험,1.0,0.0017302407803452032
도보,STORE_01414,체육용품,49.34464259862283,DokSan PGF (피지에프(PGF)),금천구,체육용품,1.0,0.020265624540725908
도보,STORE_03511,체육용품,400.81363396982294,삼천리자전거 양남점,영등포구,체육용품,1.0,0.0024949251104449443
도보,STORE_02330,체육시설,0.0,월드컵경기장 스타디움 투어(서울특별시),마포구,체육시설,1.0,0.0
도보,STORE_02251,영상,28.84701574306804,메가박스 상암월드컵경기장,마포구,영화,1.0,0.034665630889056546
도보,STORE_03858,체육시설,226.41538896969024,이룸기구필라테스 증산,은평구,체육시설,1.0,0.004416660919341785
도보,STORE_03783,체육시설,291.8848738812533,박성천탁구교실,은평구,체육시설,1.0,0.003426008298075861
도보,STORE_02450,체육시설,430.2804853935319,성은헬스크럽,서대문구,체육시설,1.0,0.00232406542696308
도보,STORE_03838,체육용품,957.862169005407,영스포츠,은평구,체육용품,1.0,0.0010439915390314941
도보,STORE_03869,문화체험,560.7199851176807,증산동 주민센터,은평구,문화체험,1.0,0.001783421362786143
도보,STORE_02393,체육시설,492.9636408917403,NEWGYMS (뉴짐스 증산역점),서대문구,체육시설,1.0,0.0020285471727510425
도보,STORE_03795,문화체험,815.4983955585726,사부작힐링(sunarao),은평구,문화체험,1.0,0.0012262439821418088
도보,STORE_03733,체육시설,616.9416588557892,경희대H-MMA태권도(증산H-MMA태권도장),은평구,체육시설,1.0,0.0016208988088997748
도보,STORE_02434,도서,2359.830031781426,별책방(예스서점),서대문구,도서,1.0,0.0004237593328893709
도보,STORE_03751,체육시설,312.38712645926347,댄스인사이드학원,은평구,체육시설,1.0,0.0032011562426866014
도보,STORE_03809,체육용품,706.964670965345,서울낚시프라자,은평구,체육용품,1.0,0.0014144978399479589
도보,STORE_02441,체육용품,2623.2375093063965,삼천리자전거 북가좌점,서대문구,체육용품,1.0,0.0003812083337678438
도보,STORE_03847,도서,1266.0988658483554,은평문고,은평구,도서,1.0,0.0007898277353956441
도보,STORE_03806,체육용품,1512.4728219026088,삼천리자전거 응암점,은평구,체육용품,1.0,0.0006611689053308438
도보,STORE_03883,체육시설,394.8707927230023,투혼정심관 새절본관,은평구,체육시설,1.0,0.0025324739596566956
도보,STORE_03721,체육시설,412.9372937397353,ING필라테스 새절점,은평구,체육시설,1.0,0.0024216751917550865
도보,STORE_03040,체육시설,338.5964529062626,당구일번지,송파구,체육시설,1.0,0.0029533682099051437
도보,STORE_03151,체육시설,114.2021560852943,에스피당구클럽,송파구,체육시설,1.0,0.008756402105518295
도보,STORE_03179,도서,324.56055156219463,일신서점,송파구,도서,1.0,0.0030810891686828207
도보,STORE_01116,도서,737.1747005918122,광진서적,광진구,도서,1.0,0.0013565305472328182
도보,STORE_01208,체육용품,794.4718377195206,우리동네자전거포 광진3호점,광진구,체육용품,1.0,0.0012586978575230992
도보,STORE_01200,체육용품,454.3655764606754,엘파마 구의점(엘파마자전거),광진구,체육용품,1.0,0.002200870954594749
도보,STORE_01166,체육용품,255.9254314226655,삼천리자전거 구의점 (구의삼천리),광진구,체육용품,1.0,0.003907388157718808
도보,STORE_01126,체육시설,757.8023994358681,다움 필라테스,광진구,체육시설,1.0,0.0013196052173289916
도보,STORE_01160,체육시설,645.2734883879154,블루원탁구클럽,광진구,체육시설,1.0,0.001549730491017532
도보,STORE_01205,체육용품,2464.2159075873506,용마MTB,광진구,체육용품,1.0,0.00040580859693381083
도보,STORE_01202,체육시설,735.1191956857652,엠크루짐 중곡점,광진구,체육시설,1.0,0.0013603236126450723
도보,STORE_01095,도서,829.6901000499527,(주)한문화멀티미디어,광진구,도서,1.0,0.0012052692926428719
도보,STORE_01226,도서,1628.1852293462691,중곡서점,광진구,도서,1.0,0.0006141807344619561
도보,STORE_01146,체육시설,591.8039707363698,머슬킹휘트니스(머슬킹),광진구,체육시설,1.0,0.001689748716548353
도보,STORE_01162,문화체험,2276.252554290197,빚나도예공방,광진구,문화체험,1.0,0.00043931856248342774
도보,STORE_04623,체육용품,1137.6392011971154,알톤스포츠,중랑구,체육용품,1.0,0.0008790133101494038
도보,STORE_04564,문화체험,508.3720105957914,면목제2동 주민센터,중랑구,문화체험,1.0,0.0019670634479424637
도보,STORE_04566,문화체험,763.6585142908327,면목제5동 주민센터,중랑구,문화체험,1.0,0.0013094858255180255
도보,STORE_04670,체육시설,601.117822077622,지성재활운동센터 지성메디텍,중랑구,체육시설,1.0,0.0016635673794261096
도보,STORE_04657,체육시설,630.946605052589,점핑퀸 다이어트,중랑구,체육시설,1.0,0.0015849201691427606
도보,STORE_04562,체육시설,923.604211389378,면목2동 체육관(서울시중랑구시설관리공단),중랑구,체육시설,1.0,0.001082714855203724
도보,STORE_04602,체육시설,772.6218211092707,세리당구장,중랑구,체육시설,1.0,0.001294294275256525
도보,STORE_04594,문화체험,1291.941405944513,상봉제2동 주민센터,중랑구,문화체험,1.0,0.0007740289113722766
도보,STORE_04656,체육용품,1159.2994790143334,자전거나라,중랑구,체육용품,1.0,0.0008625898813050671
도보,STORE_04646,문화체험,1105.6382963749065,웜스토리 캔들(warmstory candle),중랑구,문화체험,1.0,0.0009044549228067929
도보,STORE_04589,체육용품,1338.5028072089199,삼천리자전거 동서울점,중랑구,체육용품,1.0,0.0007471034013632182
도보,STORE_04587,체육시설,594.2091915544382,삼보당구클럽,중랑구,체육시설,1.0,0.0016829090061431429
도보,STORE_01538,영상,1424.1007422007388,㈜딜라이브노원케이블티브이(케이블티비),노원구,TV,1.0,0.000702197513396873
도보,STORE_04577,체육용품,1023.6358471242877,바이크랜드,중랑구,체육용품,1.0,0.0009769099067889345
도보,STORE_04531,영상,2083.1313752871934,㈜딜라이브중랑케이블티브이(케이블티비),중랑구,TV,1.0,0.00048004653564498966
도보,STORE_04535,문화체험,792.214819777492,그리고만들다,중랑구,문화체험,1.0,0.0012622838844151745
도보,STORE_01826,체육용품,785.2061484825781,센티스포츠,도봉구,체육용품,1.0,0.0012735509037117374
도보,STORE_01886,체육시설,1629.4105399342811,태사자태권도,도봉구,체육시설,1.0,0.0006137188728632705
도보,STORE_01176,체육시설,59.42444637164164,손빛 재활운동센터,광진구,체육시설,1.0,0.01682809114864917
도보,STORE_01245,음악,112.59720112723342,한음악기,광진구,음악,1.0,0.008881215429769098
도보,STORE_01183,도서,126.51844638233831,시온성기독교백화점,광진구,도서,1.0,0.007903985771197376
도보,STORE_01113,체육시설,19.58758419520772,광진구민체육센터(광진구시설관리공단),광진구,체육시설,1.0,0.05105274800782523
도보,STORE_01110,도서,164.3478005555269,공손서점,광진구,도서,1.0,0.006084657029907363
도보,STORE_01266,문화체험,1119.2645638638137,개봉1동 주민자치위원회,구로구,문화체험,1.0,0.0008934438132731546
도보,STORE_01392,체육시설,824.543748477102,킹짐 헬스PT(킹짐5호점),구로구,체육시설,1.0,0.0012127919250457704
도보,STORE_01298,체육시설,1320.9365258322612,더 드림 필라테스,구로구,체육시설,1.0,0.0007570386467812646
도보,STORE_01386,체육용품,1251.946689726006,코디바이크,구로구,체육용품,1.0,0.0007987560558340183
도보,STORE_01356,문화체험,859.4084807676252,애일리아공방,구로구,문화체험,1.0,0.0011635910307829383
도보,STORE_01329,체육용품,600.9155180913976,삼천리자전거 고척점,구로구,체육용품,1.0,0.0016641274353775344
도보,STORE_01391,도서,938.9855950520949,키즈북또또,구로구,도서,1.0,0.0010649790638636155
도보,STORE_01273,문화체험,509.87538230142576,고척1동 주민자치위원회,구로구,문화체험,1.0,0.001961263545390832
도보,STORE_01322,도서,159.6161397596456,벌툰 고척점,구로구,도서,1.0,0.006265030600951932
도보,STORE_01405,체육시설,253.18411897891147,해뜰탁구장,구로구,체육시설,1.0,0.00394969480721377
도보,STORE_01359,체육시설,340.54514324456335,엠케이(MK) 볼링센터 구로점,구로구,체육시설,1.0,0.002936468247564604
도보,STORE_01332,체육용품,184.75893186251562,삼천리자전거 신도림센터점,구로구,체육용품,1.0,0.005412458222826967
도보,STORE_01145,체육시설,843.9937158457612,머슬H휘트니스,광진구,체육시설,1.0,0.0011848429451846163
도보,STORE_01192,체육용품,1556.7743364162827,알톤자전거 군자점(군자MTB),광진구,체육용품,1.0,0.0006423538573368409
도보,STORE_01150,체육시설,347.27883216727645,모던 요가 필라테스,광진구,체육시설,1.0,0.0028795305310123894
도보,STORE_04527,도서,924.9373313563477,Mangu Bookstore 망우문고,중랑구,도서,1.0,0.001081154329162581
도보,STORE_04606,체육시설,431.94433626926815,스포원 스포츠센터(주식회사 스포멤버스),중랑구,체육시설,1.0,0.0023151131199845476
도보,STORE_04684,체육시설,431.94433626926815,파이어짐 신내역점,중랑구,체육시설,1.0,0.0023151131199845476
도보,STORE_00833,체육시설,50.02631372839952,제이와이빌리어드클럽 (JY billlard club),강서구,체육시설,1.0,0.01998948004502495
도보,STORE_00859,체육시설,51.47261315612948,포커스볼링센터,강서구,체육시설,1.0,0.019427807113012632
도보,STORE_00687,체육시설,83.63355223269116,도전볼링장,강서구,체육시설,1.0,0.01195692366644585
도보,STORE_00872,문화체험,103.3810401466971,한국문화센터 평생교육원,강서구,문화체험,1.0,0.009672953556870832
도보,STORE_03268,체육시설,244.59758831181995,나다피트니스,양천구,체육시설,1.0,0.004088347750694793
도보,STORE_03294,문화체험,1000.6609003297341,목2동주민자치회,양천구,문화체험,1.0,0.0009993395361710283
도보,STORE_00730,체육시설,229.19994224045683,바디채널 등촌역점,강서구,체육시설,1.0,0.0043630028446991756
도보,STORE_04173,도서,4.4312125445026815,영풍문고 종각 종로본점,종로구,도서,1.0,0.22567186519648896
도보,STORE_03919,체육시설,35.35567406446028,(주)스매싱볼 종로점,종로구,체육시설,1.0,0.028284003245894994
도보,STORE_04123,체육시설,11.65952503825747,스포짐 종로점(주식회사 케이에스스포짐),종로구,체육시설,1.0,0.08576678695905533
도보,STORE_03932,도서,6.057659268036917,Chinabook 중국서점,종로구,도서,1.0,0.1650802654544263
도보,STORE_04006,도서,27.205935232743638,놀숲 종로관철점,종로구,도서,1.0,0.03675668531315374
도보,STORE_04151,도서,44.184544007552915,알라딘 중고서점 종로점,종로구,도서,1.0,0.02263234853864419
도보,STORE_04443,체육시설,3.5783383726053186,에이스당구장,중구,체육시설,1.0,0.2794593176698154
도보,STORE_04216,문화체험,75.6730308028037,종로1234가동 주민센터,종로구,문화체험,1.0,0.013214747571111555
도보,STORE_04179,음악,16.950579641952295,올스타기획,종로구,음악,1.0,0.05899503268460643
도보,STORE_04137,문화체험,71.25451779839507,아델라인공방,종로구,문화체험,1.0,0.014034197843136956
도보,STORE_04135,음악,93.86789725481681,씨디마트,종로구,음악,1.0,0.010653269426983837
도보,STORE_04104,음악,99.99088332074544,서울레코드,종로구,음악,1.0,0.010000911751046875
도보,STORE_04291,도서,126.27400151216949,한우리문고 종로3가,종로구,도서,1.0,0.00791928653582445
도보,STORE_04217,체육시설,149.08872915121648,종로당구클럽,종로구,체육시설,1.0,0.00670741514595465
도보,STORE_04301,문화체험,96.09813238986673,호래이,종로구,문화체험,1.0,0.01040602949434059
도보,STORE_04160,체육시설,102.96838945287398,"어메이징 휘트니스 헬스, PT 종로점",종로구,체육시설,1.0,0.009711718376033011
도보,STORE_04035,음악,142.04530928017894,동성음반전자,종로구,음악,1.0,0.007040007199586846
도보,STORE_03931,영상,319.4990328703795,CGV 피카디리1958,종로구,영화,1.0,0.0031298999280717672
도보,STORE_03937,체육시설,193.63561080563304,PEAKERS 클라이밍 종로(CJCGV (씨제이씨지브이) (주)),종로구,체육시설,1.0,0.005164339327045462
도보,STORE_04361,도서,100.83123516466628,금지옥엽(모두를위한극장공정영화협동조합),중구,도서,1.0,0.009917561739345075
도보,STORE_04423,도서,98.70242650770716,소요서가(주식회사 연구소오늘),중구,도서,1.0,0.010131463180613044
도보,STORE_04215,도서,203.06279049772226,조이엔영,종로구,도서,1.0,0.004924585137183057
도보,STORE_04429,문화체험,54.961948440311666,시립서울청소년센터,중구,문화체험,1.0,0.01819440591859646
도보,STORE_04464,문화체험,47.745135958555906,을지로동 주민자치위원회,중구,문화체험,1.0,0.020944541887324974
도보,STORE_03998,문화체험,60.21743089735491,꽃길걷는서울(서울상사),종로구,문화체험,1.0,0.016606487276160525
도보,STORE_04110,문화체험,60.21743089735491,선한한복,종로구,문화체험,1.0,0.016606487276160525
도보,STORE_04177,문화체험,60.21743089735491,오복상회,종로구,문화체험,1.0,0.016606487276160525
도보,STORE_04451,체육시설,138.87224333365435,온핏스마트짐 을지트윈타워점,중구,체육시설,1.0,0.007200863009013261
도보,STORE_03997,문화체험,141.2937123263369,김선영한복 ,종로구,문화체험,1.0,0.00707745577305213
도보,STORE_04228,문화체험,141.2937123263369,좋은날 한복을,종로구,문화체험,1.0,0.00707745577305213
도보,STORE_04226,도서,72.1654255587526,종합서적,종로구,도서,1.0,0.013857051243823986
도보,STORE_04016,도서,12.336000069592828,대원서적,종로구,도서,1.0,0.0810635533688844
도보,STORE_04030,도서,12.336000069592828,동남서적,종로구,도서,1.0,0.0810635533688844
도보,STORE_04193,도서,12.791094450922795,유한서적,종로구,도서,1.0,0.07817939300165642
도보,STORE_04214,도서,12.336000069592828,제일서점(제일서적),종로구,도서,1.0,0.0810635533688844
도보,STORE_03911,도서,13.561045409419853,(주)기독교문사,종로구,도서,1.0,0.07374062764404389
도보,STORE_04259,도서,13.561045409419853,천마서점,종로구,도서,1.0,0.07374062764404389
도보,STORE_04360,도서,7.218392015727888,글방,중구,도서,1.0,0.13853500860318155
도보,STORE_04375,도서,7.200916796501458,대광서림,중구,도서,1.0,0.1388712060228007
도보,STORE_04377,도서,7.200916796501458,대원서점,중구,도서,1.0,0.1388712060228007
도보,STORE_04385,도서,7.200916796501458,동화마을,중구,도서,1.0,0.1388712060228007
도보,STORE_04488,도서,7.200916796501458,책사랑,중구,도서,1.0,0.1388712060228007
도보,STORE_04501,도서,7.200916796501458,평화서림,중구,도서,1.0,0.1388712060228007
도보,STORE_04514,도서,7.211025773917615,합동기독서림,중구,도서,1.0,0.13867652555299617
도보,STORE_04254,도서,705.6305933924538,창신책방,종로구,도서,1.0,0.0014171721143669653
도보,STORE_04108,도서,212.41637083028388,선교기독교백화점,종로구,도서,1.0,0.0047077350775330705
도보,STORE_04252,문화체험,732.8333609815841,창신2동 주민센터,종로구,문화체험,1.0,0.0013645666985746432
도보,STORE_04090,도서,293.7531716504222,사랑방서원,종로구,도서,1.0,0.0034042185634340634
도보,STORE_04392,영상,224.9284921978874,메가박스 동대문,중구,영화,1.0,0.0044458573932920015
도보,STORE_04507,체육용품,22.465579623215028,하이볼링 프로샵,중구,체육용품,1.0,0.04451253948358582
도보,STORE_04339,영상,3.6229413820340572,CGV 동대문,중구,영화,1.0,0.2760188185651963
도보,STORE_04355,도서,0.2648865833725879,교보문고 동대문점,중구,도서,1.0,3.775200643489768
도보,STORE_04183,영상,1241.10105647668,우성비디오,종로구,영화,1.0,0.0008057361604693709
도보,STORE_04251,문화체험,281.4555379872722,창신1동 주민센터,종로구,문화체험,1.0,0.003552959046928476
도보,STORE_03706,도서,718.5864082060557,한국서점,용산구,도서,1.0,0.0013916210890997655
도보,STORE_02261,체육시설,149.9079729294606,모리재활운동센터,마포구,체육시설,1.0,0.006670759269559006
도보,STORE_02303,체육시설,330.9321367892965,신석스포렉스((주)다빈홀딩스 신석스포렉스점),마포구,체육시설,1.0,0.00302176757356357
도보,STORE_02180,도서,509.011339716706,Booksales(북세일즈),마포구,도서,1.0,0.0019645927742131587
도보,STORE_02256,문화체험,140.11646306144982,멜리센트,마포구,문화체험,1.0,0.007136920088836652
도보,STORE_02327,도서,119.5371234601633,오케이어맨션,마포구,도서,1.0,0.008365602007591039
도보,STORE_01965,문화체험,599.6259554283566,생활한복 끼니,동대문구,문화체험,1.0,0.00166770632749816
도보,STORE_01993,체육시설,518.673986462807,용두문화복지센터(동대문구시설관리공단),동대문구,체육시설,1.0,0.0019279933563271308
도보,STORE_01994,문화체험,801.3002334700847,용신동 주민센터,동대문구,문화체험,1.0,0.0012479716818119878
도보,STORE_01680,체육시설,307.8074667184948,엔티에스태권도(nts),노원구,체육시설,1.0,0.003248784087861486
도보,STORE_01533,체육시설,162.63347166191704,OB탁구회관(핑퐁스포츠),노원구,체육시설,1.0,0.006148795753919606
도보,STORE_01686,체육시설,179.43814210172704,와우기구필라테스 노원점,노원구,체육시설,1.0,0.005572951147884045
도보,STORE_01551,체육용품,216.58632639371405,구삼스포츠,노원구,체육용품,1.0,0.004617096640635495
도보,STORE_01820,체육용품,664.0016970448038,삼천리자전거 도봉강북점,도봉구,체육용품,1.0,0.0015060202473135013
도보,STORE_01652,음악,2103.3451857092496,수락악기,노원구,음악,1.0,0.00047543313707816304
도보,STORE_01620,문화체험,744.1324079276297,북부종합사회복지관,노원구,문화체험,1.0,0.00134384686024487
도보,STORE_01734,체육시설,305.07227720420485,카인드짐 헬스 스쿼시 PT 24시 수락산역점,노원구,체육시설,1.0,0.003277911743290376
도보,STORE_01579,체육시설,433.26944145465444,닥터정필라테스,노원구,체육시설,1.0,0.002308032610475851
도보,STORE_01667,체육용품,1585.7502607089627,알톤 코렉스 자전거,노원구,체육용품,1.0,0.0006306163238799762
도보,STORE_01578,체육시설,464.80317894249237,다올핏,노원구,체육시설,1.0,0.0021514482802703137
도보,STORE_01577,도서,2028.1144901642947,다솜서점,노원구,도서,1.0,0.000493068810883054
도보,STORE_01588,체육시설,396.872294353794,레몬핏 수락산점,노원구,체육시설,1.0,0.002519702217128174
도보,STORE_01704,체육시설,359.10881805348083,위고짐,노원구,체육시설,1.0,0.0027846712465052124
도보,STORE_01641,문화체험,1015.8503823595983,상계1동 주민센터(상계1동주민자치회),노원구,문화체험,1.0,0.0009843969322305306
도보,STORE_01808,체육용품,233.15493575408078,미미민턴,도봉구,체육용품,1.0,0.004288993483092058
도보,STORE_00629,체육시설,366.16351020612746,가양레포츠센터(강서구시설관리공단),강서구,체육시설,1.0,0.002731020356007243
도보,STORE_00815,체육용품,1502.9387164236368,윈윈BIKE(윈윈바이크),강서구,체육용품,1.0,0.0006653631243059465
도보,STORE_04038,문화체험,76.50884026619347,디앤나잇,종로구,문화체험,1.0,0.01307038502375345
도보,STORE_04268,문화체험,74.53420343994256,쿠잉핸즈,종로구,문화체험,1.0,0.013416659115512923
도보,STORE_04309,도서,210.888790886187,환경과생명문화재단 이다,종로구,도서,1.0,0.004741835712547105
도보,STORE_02287,도서,285.5900739644408,상암누리문고,마포구,도서,1.0,0.0035015222557227645
도보,STORE_02266,도서,172.62415380442334,문화서점,마포구,도서,1.0,0.005792932089520695
도보,STORE_02366,체육시설,333.96575302752314,태비태권도장,마포구,체육시설,1.0,0.0029943190010790926
도보,STORE_04093,문화체험,45.15298943121686,삼청동 주민센터,종로구,문화체험,1.0,0.022146927868936236
도보,STORE_03808,체육시설,524.6209121699918,서부재활체육센터,은평구,체육시설,1.0,0.0019061382739466019
도보,STORE_03767,문화체험,1246.603769911271,마누알레,은평구,문화체험,1.0,0.0008021795089478806
도보,STORE_03837,문화체험,684.9774972535436,열매공방,은평구,문화체험,1.0,0.0014599019734364371
도보,STORE_01365,문화체험,870.4242054508469,오류2동 주민자치위원회,구로구,문화체험,1.0,0.0011488651093773728
도보,STORE_01408,체육시설,287.9530705667132,헬스 스튜디오 HJS,구로구,체육시설,1.0,0.0034727881110346386
도보,STORE_01270,체육시설,901.7817743228771,경희대 SJC 태권도장,구로구,체육시설,1.0,0.0011089157360170338
도보,STORE_01341,음악,2067.9624201779793,쉼터음악사,구로구,음악,1.0,0.00048356778162048753
도보,STORE_01401,문화체험,1059.2706913696525,한울,구로구,문화체험,1.0,0.0009440457553932559
도보,STORE_01344,체육시설,425.8384880276221,승리당구장,구로구,체육시설,1.0,0.002348308168741983
도보,STORE_02563,문화체험,455.63439646267534,릴리스타,서초구,문화체험,1.0,0.0021947421172841984
도보,STORE_02589,체육용품,660.3141253570196,삼천리자전거 고스트휠점,서초구,체육용품,1.0,0.001514430725617627
도보,STORE_03572,도서,0.0,제일서점,영등포구,도서,1.0,0.0
도보,STORE_02271,도서,257.650773722008,백호서점문구,마포구,도서,1.0,0.0038812225771887214
도보,STORE_02254,체육시설,181.96401457316517,메디컬필라테스 마마 신촌이대점,마포구,체육시설,1.0,0.0054955920946551445
도보,STORE_02323,체육시설,206.19861290542718,엠에이 스케이트,마포구,체육시설,1.0,0.0048496931473474515
도보,STORE_02220,음악,668.8607791957864,도프레코드 (DOPE ENTERTAINMENT),마포구,음악,1.0,0.0014950794411990537
도보,STORE_02304,문화체험,562.4516876965581,신수동주민자치위원회,마포구,문화체험,1.0,0.0017779304816300926
도보,STORE_02289,체육용품,595.7870073346825,서강낚시,마포구,체육용품,1.0,0.001678452177857332
도보,STORE_02244,체육시설,317.2558858263375,마포탁구클럽,마포구,체육시설,1.0,0.003152029779984569
도보,STORE_02290,도서,86.46652677968902,서강서림,마포구,도서,1.0,0.011565169057246092
도보,STORE_02343,도서,322.6091554621784,정다운문고,마포구,도서,1.0,0.00309972604022156
도보,STORE_01252,도서,351.3691666196902,(주)에스앤씨퍼블리싱,구로구,도서,1.0,0.0028460095392558032
도보,STORE_01264,영상,782.6142842671355,㈜딜라이브구로금천케이블티브이(케이블티비),구로구,TV,1.0,0.0012777686532215947
도보,STORE_01357,체육시설,260.74337032285723,앵커스 볼링 라운지,구로구,체육시설,1.0,0.003835188594677524
도보,STORE_00403,도서,952.4756535176598,책읽는 개구리,강동구,도서,1.0,0.0010498956023776821
도보,STORE_03100,체육용품,924.2410402740062,삼천리자전거 석촌점,송파구,체육용품,1.0,0.0010819688332640303
도보,STORE_03053,체육시설,321.5051830008515,드림태권도장,송파구,체육시설,1.0,0.0031103697634552643
도보,STORE_03058,체육시설,330.2142698706653,랩스휘트니스 석촌고분점(주식회사 더랩스휘트니스 석촌고분),송파구,체육시설,1.0,0.0030283367232787034
도보,STORE_03122,도서,801.34281597564,송파문고,송파구,도서,1.0,0.0012479053659231894
도보,STORE_03240,체육시설,303.9784964918913,휴메이크휘트니스 석촌점(주식회사 휴메이크 짐),송파구,체육시설,1.0,0.003289706382328512
도보,STORE_03189,체육시설,113.52237379916683,제우스당구장,송파구,체육시설,1.0,0.008808836236714945
도보,STORE_03174,체육시설,126.42047030980964,이경우 탁구클럽,송파구,체육시설,1.0,0.007910111373176917
도보,STORE_03221,체육시설,170.4243089753602,피지오 로직 재활PT 트레이닝센터,송파구,체육시설,1.0,0.005867707523722916
도보,STORE_03169,음악,713.9354840322943,우리악기사,송파구,음악,1.0,0.0014006867880442342
도보,STORE_03155,체육시설,125.52581432661309,연세월드태권도,송파구,체육시설,1.0,0.007966488848246309
도보,STORE_03102,체육용품,303.74798390734287,삼천리자전거 송파삼천리점,송파구,체육용품,1.0,0.0032922029214358375
도보,STORE_03154,체육용품,262.4117333621125,엘파마자전거(코렉스스포츠),송파구,체육용품,1.0,0.00381080520747927
도보,STORE_03017,체육시설,89.79494989513537,RAPS FITNESS 랩스회트니스((주)더랩스휘트니스석촌),송파구,체육시설,1.0,0.011136483746222068
도보,STORE_03079,체육시설,179.3872702430408,미즈요가,송파구,체육시설,1.0,0.005574531563165889
도보,STORE_03241,체육시설,276.2708838340427,휴메이크휘트니스 송파점 (에이치휘트니스),송파구,체육시설,1.0,0.0036196358665168096
도보,STORE_03056,체육시설,246.87824802830036,라엘 기구필라테스 PT(라엘요가필라헬스),송파구,체육시설,1.0,0.004050579619656759
도보,STORE_00243,영상,246.49127333376273,㈜딜라이브강동케이블티브이(케이블티비),강동구,TV,1.0,0.004056938756797061
도보,STORE_03156,문화체험,634.051015034354,영롱 자개 공방,송파구,문화체험,1.0,0.0015771601594957122
도보,STORE_03177,음악,1264.3605998047365,인생기타,송파구,음악,1.0,0.0007909136049908836
도보,STORE_03069,체육시설,306.38841628933994,매니아당구클럽,송파구,체육시설,1.0,0.0032638309636864446
도보,STORE_03237,체육시설,452.4408621603335,홍당구장,송파구,체육시설,1.0,0.002210233609814017
도보,STORE_02699,도서,56.95006892518956,공씨책방,성동구,도서,1.0,0.017559241259455096
도보,STORE_02701,문화체험,157.24886761045468,그루의그릇,성동구,문화체험,1.0,0.006359346271906095
도보,STORE_02726,도서,199.19922143696076,방송대출판문화원 직영서점,성동구,도서,1.0,0.0050200999420897
도보,STORE_02729,도서,172.00624500506146,북카페 에버그린(한국방송통신대학교 소비자생활협동조합),성동구,도서,1.0,0.005813742402030659
도보,STORE_02737,체육시설,50.16124413248252,서울숲복합문화체육센터(성동구도시관리공단),성동구,체육시설,1.0,0.019935709675758178
도보,STORE_02765,문화체험,322.31611979630304,오하루북스,성동구,문화체험,1.0,0.0031025441750539154
도보,STORE_01945,도서,545.2482243549108,무아레 서점,동대문구,도서,1.0,0.0018340270638810628
도보,STORE_01402,체육시설,443.97994315319846,함서GYM 휘트니스,구로구,체육시설,1.0,0.0022523539980159484
도보,STORE_03468,도서,1121.772732742056,대림문고,영등포구,도서,1.0,0.0008914461644611425
도보,STORE_03507,체육용품,530.7584747507229,삼천리자전거 대림점,영등포구,체육용품,1.0,0.0018840961521521854
도보,STORE_03562,체육용품,271.17104987217346,우리동네 자전거포 대림역점(서울영등포지역자활센터),영등포구,체육용품,1.0,0.0036877092907645825
도보,STORE_03604,체육시설,487.10186695535265,활인합기도,영등포구,체육시설,1.0,0.002052958668071907
도보,STORE_01308,체육시설,213.8425652824458,랩스 휘트니스 구로구청점(주식회사 더랩스휘트니스구로구청),구로구,체육시설,1.0,0.004676337466674084
도보,STORE_01258,체육시설,242.4596232606236,Hellene (헬린 구로구청점),구로구,체육시설,1.0,0.004124398060806539
도보,STORE_03465,도서,1935.034709747717,다람쥐책방,영등포구,도서,1.0,0.0005167865955905134
도보,STORE_00623,체육시설,837.3316389714978,START GYM (스타트짐),강서구,체육시설,1.0,0.0011942699325542137
도보,STORE_00628,문화체험,3404.0465835428704,가양3동 주민자치회,강서구,문화체험,1.0,0.00029376801270422626
도보,STORE_00871,체육시설,982.8464887021877,한국 가양 태권도체육관,강서구,체육시설,1.0,0.0010174528896373866
도보,STORE_00718,도서,2037.9889260228679,마포문구문고,강서구,도서,1.0,0.0004906798006756094
도보,STORE_00630,체육용품,4230.2993305959435,가양바이크(집수리의 모든것),강서구,체육용품,1.0,0.0002363898915538738
도보,STORE_00616,체육시설,1139.8599688226313,SBS당구클럽(에스비에스당구클럽),강서구,체육시설,1.0,0.0008773007451370596
도보,STORE_00677,체육시설,615.4235157995747,다온나 필라테스 PT 가양점,강서구,체육시설,1.0,0.0016248972850846839
도보,STORE_00705,영상,4298.099602142134,롯데시네마 가양,강서구,영화,1.0,0.00023266096474395544
도보,STORE_00624,체육시설,782.2272490519007,TCF헬스케어센터((주)더크리스탈포레스트),강서구,체육시설,1.0,0.0012784008754643244
도보,STORE_00733,체육시설,1078.7281394535103,바디플렉스짐 가양역점,강서구,체육시설,1.0,0.0009270176269867268
도보,STORE_00782,체육시설,891.3280348231832,스포터짐,강서구,체육시설,1.0,0.0011219214037157203
도보,STORE_00812,체육시설,1079.2073811720297,원더폴댄스학원,강서구,체육시설,1.0,0.000926605967903954
도보,STORE_00632,문화체험,2762.6490708298807,가양제2동 주민센터,강서구,문화체험,1.0,0.00036197141741915376
도보,STORE_00640,도서,3060.7134139147947,개똥이네 가양점,강서구,도서,1.0,0.0003267212132484346
도보,STORE_00437,문화체험,1346.6784299522403,ART JET SPACE (아트제스페이스),강북구,문화체험,1.0,0.0007425677710123157
도보,STORE_00540,체육시설,258.65357374627916,아이러브 필라테스,강북구,체육시설,1.0,0.003866175075473456
도보,STORE_00574,체육시설,258.65357374627916,큐플러스 당구장,강북구,체육시설,1.0,0.003866175075473456
도보,STORE_00482,체육시설,341.70052678618515,드림아이태권도,강북구,체육시설,1.0,0.002926539240092356
도보,STORE_00471,체육시설,250.38180946645315,노블휘트니스,강북구,체육시설,1.0,0.003993900364131615
도보,STORE_00501,체육시설,269.4978860518896,바디채널광산사거리점,강북구,체육시설,1.0,0.0037106042449901004
도보,STORE_00492,체육시설,282.6339697058793,룩스필라테스 광산사거리점,강북구,체육시설,1.0,0.0035381451176609868
도보,STORE_00488,체육시설,437.51308364221785,레이디짐 (올레이디짐 가오리점),강북구,체육시설,1.0,0.0022856459324031627
도보,STORE_00550,체육시설,405.24419012358396,우이볼링장,강북구,체육시설,1.0,0.002467647962318814
도보,STORE_00491,체육시설,351.32560236270916,루츠댄스학원,강북구,체육시설,1.0,0.002846362443485113
도보,STORE_00585,체육용품,1302.4416625586125,한국스포츠,강북구,체육용품,1.0,0.0007677887069702041
도보,STORE_00516,체육용품,1163.2023886589493,삼천리자전거 수유영광점,강북구,체육용품,1.0,0.0008596956211144782
도보,STORE_00527,문화체험,1765.9950561522912,수유2동주민자치위원회,강북구,문화체험,1.0,0.0005662530008315972
도보,STORE_00447,체육용품,1400.39172963673,UTL자전거,강북구,체육용품,1.0,0.000714085908133295
도보,STORE_00483,체육시설,315.05403017544535,디케이비(DKB)체육관,강북구,체육시설,1.0,0.003174058746187523
도보,STORE_00512,체육시설,265.58233765074414,삼각산 헬스타운,강북구,체육시설,1.0,0.0037653106334015964
도보,STORE_00507,도서,1040.7177242845246,벌툰 파리지앵 수유역점,강북구,도서,1.0,0.0009608753427231987
도보,STORE_00511,체육시설,176.5009114899359,블랙홀볼링장,강북구,체육시설,1.0,0.005665693120553772
도보,STORE_00530,체육시설,305.2519297486961,수유태권도,강북구,체육시설,1.0,0.0032759825656901403
도보,STORE_00454,체육시설,171.04280065107275,강북웰빙스포츠센터(강북구청),강북구,체육시설,1.0,0.005846489862148595
도보,STORE_00573,문화체험,573.6818280737241,큐브이스케이프(방탈출카페) 수유점,강북구,문화체험,1.0,0.0017431265050833885
도보,STORE_00538,체육시설,210.0870420030508,씨엘필라테스 수유점,강북구,체육시설,1.0,0.0047599318380877505
도보,STORE_00473,도서,717.5873232419467,놀숲 수유점,강북구,도서,1.0,0.0013935586201302404
도보,STORE_00539,도서,1026.8549776769214,아멘서적,강북구,도서,1.0,0.000973847351124814
도보,STORE_00528,문화체험,311.4260087488381,수유3동주민자치위원회,강북구,문화체험,1.0,0.0032110355972435486
도보,STORE_00584,체육시설,159.55939269077157,하이엔드짐 헬스 PT 수유점,강북구,체육시설,1.0,0.006267258750088217
도보,STORE_00450,체육시설,226.45354724214388,강북롤러스케이트(주식회사 마이그라운드),강북구,체육시설,1.0,0.004415916695403816
도보,STORE_00480,체육시설,228.09861276611844,더블유볼링,강북구,체육시설,1.0,0.00438406874935865
도보,STORE_00541,도서,958.7086920783291,알라딘 중고서점 수유점,강북구,도서,1.0,0.001043069712690471
도보,STORE_00439,영상,3113.862041070955,CGV 수유,강북구,영화,1.0,0.00032114460654013706
도보,STORE_00508,체육시설,522.8475333141702,볼링펍 수유점,강북구,체육시설,1.0,0.0019126034575726249
도보,STORE_01878,체육시설,1366.2085129165507,챔피언탁구클럽,도봉구,체육시설,1.0,0.0007319526928325332
도보,STORE_00563,체육시설,459.5211766359237,정필라테스요가,강북구,체육시설,1.0,0.0021761782717410975
도보,STORE_00498,문화체험,1826.8282266657225,미싱공방(류지민 공방),강북구,문화체험,1.0,0.0005473968408213031
도보,STORE_01867,도서,1901.7963476711109,종일서적,도봉구,도서,1.0,0.000525818656253375
도보,STORE_03717,체육용품,1364.0138674385423,BLADER 블레이더(에잇리젠드),은평구,체육용품,1.0,0.0007331303763633154
도보,STORE_03803,체육용품,1147.5604365933386,삼천리자전거 신사점,은평구,체육용품,1.0,0.0008714137993190247
도보,STORE_03815,문화체험,1252.941994270794,신사1동 주민자치회,은평구,문화체험,1.0,0.0007981215447902637
도보,STORE_03820,체육시설,836.0282136084852,안드로 탁구아카데미 신사,은평구,체육시설,1.0,0.0011961318813437836
도보,STORE_03896,체육시설,836.0282136084852,행복가득 검무관 합기도 주짓수,은평구,체육시설,1.0,0.0011961318813437836
도보,STORE_03738,문화체험,703.7368850216493,굿바잉,은평구,문화체험,1.0,0.0014209856286973457
도보,STORE_03836,체육시설,531.9607681781059,역촌태권도장,은평구,체육시설,1.0,0.001879837874933645
도보,STORE_03741,도서,792.6644553276562,글벗서점,은평구,도서,1.0,0.0012615678592357714
도보,STORE_03865,문화체험,648.2155830127915,조은음악교습소,은평구,문화체험,1.0,0.0015426966370542601
도보,STORE_03899,도서,1271.1317797110896,현대문고,은평구,도서,1.0,0.0007867004947569527
도보,STORE_03902,체육시설,487.9007266462125,화랑태권도 (화랑체육관),은평구,체육시설,1.0,0.0020495972754004973
도보,STORE_03754,체육용품,962.8091949139231,동우스포츠,은평구,체육용품,1.0,0.0010386273887729146
도보,STORE_03780,도서,930.053520080416,미하북스,은평구,도서,1.0,0.0010752069406860976
도보,STORE_01055,체육시설,375.477385493525,조원생활스포츠센터 (서울특별시관악구시설관리공단),관악구,체육시설,1.0,0.002663276241485507
도보,STORE_01053,음악,1251.3160091678867,정음통상,관악구,음악,1.0,0.0007991586399226127
도보,STORE_00927,체육시설,314.8230957008906,관악탁구장,관악구,체육시설,1.0,0.0031763870365790676
도보,STORE_00957,체육시설,369.53553567132843,드림복싱클럽,관악구,체육시설,1.0,0.0027060996939937544
도보,STORE_00300,체육시설,188.43725539237744,마린파크,강동구,체육시설,1.0,0.005306806225328049
도보,STORE_00291,체육시설,59.541802176024134,랩스휘트니스 강동구청,강동구,체육시설,1.0,0.01679492328840985
도보,STORE_00302,영상,653.6687022450697,메가박스 강동,강동구,영화,1.0,0.0015298269544884618
도보,STORE_00292,체육시설,107.86522225295116,랩스휘트니스 강동점(주식회사 더랩스피트니스강동),강동구,체육시설,1.0,0.009270828716738127
도보,STORE_00359,체육시설,253.07496914863862,신창민 심리운동센터,강동구,체육시설,1.0,0.003951398288673384
도보,STORE_00432,도서,598.1900043771412,화랑문구 할인점,강동구,도서,1.0,0.0016717096452342746
도보,STORE_03633,도서,160.32434147096978,두란노서원 서빙고지점,용산구,도서,1.0,0.00623735604228926
도보,STORE_01097,체육용품,514.8439126416645,ANDREW BIKE (앤드류바이크),광진구,체육용품,1.0,0.001942336260458047
도보,STORE_01207,체육용품,637.0405073698171,우리동네자전거포  광진1호점(광진우리동네자전거포),광진구,체육용품,1.0,0.0015697588904177429
도보,STORE_01096,체육시설,258.0529374853557,232boardschool(이상이보드스쿨),광진구,체육시설,1.0,0.0038751738683724508
도보,STORE_01137,체육시설,258.0529374853557,뚝섬 한강수영장(주식회사 중앙출판사),광진구,체육시설,1.0,0.0038751738683724508
도보,STORE_01249,체육용품,205.70117299155507,휠러바이크 (자전거대리점),광진구,체육용품,1.0,0.0048614209897629235
도보,STORE_01112,체육시설,809.9445988713708,광진구 스포츠클럽,광진구,체육시설,1.0,0.0012346523470783864
도보,STORE_01167,체육용품,461.377736930483,삼천리자전거 메기동구점,광진구,체육용품,1.0,0.002167421442250198
도보,STORE_01242,문화체험,560.8765839948475,하이맘스터,광진구,문화체험,1.0,0.0017829234247532548
도보,STORE_01221,체육용품,639.5371007340286,제로타입스토어 (ZEROTYPE),광진구,체육용품,1.0,0.001563630943149741
도보,STORE_01180,체육시설,194.37915496994447,슈퍼짐 강변점(슈퍼짐프리미엄휘트니스),광진구,체육시설,1.0,0.005144584562859239
도보,STORE_01141,체육시설,171.91142200379292,리몸델링짐 PT 필라테스 구의점,광진구,체육시설,1.0,0.0058169491494168245
도보,STORE_01128,음악,260.2805968975305,대일레코드,광진구,음악,1.0,0.003842007479311601
도보,STORE_01132,체육시설,101.26578326117865,동서울그랜드볼링센터,광진구,체육시설,1.0,0.00987500385417313
도보,STORE_01098,도서,324.2813449172439,BOOK 티아모(티아모 (BOOK)),광진구,도서,1.0,0.0030837419903238603
도보,STORE_01216,체육용품,1211.2800769605603,자전거로 행복한 사람들(자행사),광진구,체육용품,1.0,0.0008255728951715932
도보,STORE_01229,도서,2296.223995732524,초원서점,광진구,도서,1.0,0.00043549758292678564
도보,STORE_01108,도서,431.68752168808965,강변아울렛서적,광진구,도서,1.0,0.0023164904004858806
도보,STORE_01099,영상,513.0996449068589,CGV 강변,광진구,영화,1.0,0.0019489391776553
도보,STORE_01134,도서,310.3758688059945,두란노문고 동서울점,광진구,도서,1.0,0.00322189996228433
도보,STORE_01149,체육용품,206.56709526496493,멜킨스포츠(거성디지털),광진구,체육용품,1.0,0.004841042077477507
도보,STORE_01171,음악,139.15154724078062,서울악기,광진구,음악,1.0,0.0071864094925919286
도보,STORE_01178,음악,139.15154724078062,수악기,광진구,음악,1.0,0.0071864094925919286
도보,STORE_01189,음악,139.15154724078062,악기코리아,광진구,음악,1.0,0.0071864094925919286
도보,STORE_01197,체육용품,206.56709526496493,야판다베이스샵,광진구,체육용품,1.0,0.004841042077477507
도보,STORE_01179,체육시설,166.56201991027075,쉐르빌골프존,광진구,체육시설,1.0,0.0060037696501202
도보,STORE_01139,음악,208.40914219435456,로그몰,광진구,음악,1.0,0.004798253999181271
도보,STORE_01190,체육용품,551.3493889661821,안전한자전거센터,광진구,체육용품,1.0,0.0018137319456816095
도보,STORE_01187,문화체험,853.7969782975543,아이그루공방,광진구,문화체험,1.0,0.001171238626299627
도보,STORE_00660,체육시설,173.72288633122082,국가대표태권스쿨 가양관,강서구,체육시설,1.0,0.00575629395250431
도보,STORE_00667,체육시설,334.47611953135896,기쁜우리체육센터,강서구,체육시설,1.0,0.002989750064671641
도보,STORE_00124,도서,121.61049943020163,서적백화점,강남구,도서,1.0,0.008222974206054882
도보,STORE_00116,체육용품,101.2541245406195,삼천리자전거 개포점,강남구,체육용품,1.0,0.00987614089338984
도보,STORE_00168,도서,76.46791547525011,우리서점,강남구,도서,1.0,0.013077380150681153
도보,STORE_00068,체육시설,367.39227488688397,대청당구장,강남구,체육시설,1.0,0.0027218863007064833
도보,STORE_00161,체육시설,274.94541608096654,영희종합스포츠센터(대한생활체육지도자연합회강남지점),강남구,체육시설,1.0,0.0036370855504843833
도보,STORE_00119,체육용품,1643.8820895008366,삼천리자전거 일원점,강남구,체육용품,1.0,0.0006083161355591197
도보,STORE_00225,도서,1762.920455244685,황룡서점,강남구,도서,1.0,0.0005672405677890922
도보,STORE_00156,체육시설,397.31026704618483,엑스바디짐,강남구,체육시설,1.0,0.002516924637851748
도보,STORE_00224,체육시설,533.2462793500516,화랑태권도장,강남구,체육시설,1.0,0.0018753060991233772
도보,STORE_00101,체육시설,535.7586207686418,모두와당구장,강남구,체육시설,1.0,0.0018665121964165892
도보,STORE_00179,체육용품,1257.6103477360691,조은자전거,강남구,체육용품,1.0,0.0007951588517064802
도보,STORE_00175,체육시설,108.45893238350553,일원스포츠문화센터(강남구도시관리공단),강남구,체육시설,1.0,0.00922007969305883
도보,STORE_00067,체육시설,953.4183694136822,대진체육관(강남구도시관리공단),강남구,체육시설,1.0,0.0010488574922412747
도보,STORE_00115,체육용품,508.87463507512524,삼천리자전거 강남점,강남구,체육용품,1.0,0.0019651205445765044
도보,STORE_03203,체육시설,204.3898524153982,캣츠당구장,송파구,체육시설,1.0,0.0048926108032389904
도보,STORE_03204,체육시설,279.07310201606157,커브스 거여클럽,송파구,체육시설,1.0,0.0035832905169859283
도보,STORE_03027,문화체험,1431.4569002064054,거여2동 주민자치위원회,송파구,문화체험,1.0,0.0006985889689419272
도보,STORE_03227,체육시설,332.67831007670367,하이런당구장,송파구,체육시설,1.0,0.0030059068166164364
도보,STORE_03152,체육시설,267.3043204405511,에이알휘트니스,송파구,체육시설,1.0,0.0037410543845751323
도보,STORE_03222,체육시설,267.3043204405511,필라제이,송파구,체육시설,1.0,0.0037410543845751323
도보,STORE_03076,체육시설,186.78925511251182,문당구클럽,송파구,체육시설,1.0,0.005353627002782648
도보,STORE_03067,체육시설,464.51689724093177,마천동필라테스,송파구,체육시설,1.0,0.002152774217557318
도보,STORE_03238,도서,1966.7200150091126,황룡서점(황룡서적),송파구,도서,1.0,0.0005084607836237262
도보,STORE_03187,체육시설,215.5306102013483,점핑스타 거여역점,송파구,체육시설,1.0,0.004639712192462137
도보,STORE_03160,체육시설,295.7790319576868,오색당구장,송파구,체육시설,1.0,0.0033809022680926777
도보,STORE_03225,도서,1573.110416030103,하늘꿈기독교백화점,송파구,도서,1.0,0.0006356832869517178
도보,STORE_03202,체육시설,417.66558361990724,캐슬당구클럽,송파구,체육시설,1.0,0.0023942599994306473
도보,STORE_03121,체육시설,187.74839116976665,송파구체육문화회관(송파구시설관리공단),송파구,체육시설,1.0,0.0053262773319627315
도보,STORE_03170,체육시설,269.9173681302747,원탁구,송파구,체육시설,1.0,0.0037048375468649104
도보,STORE_03066,문화체험,1357.4091623762856,마천2동 자치회관(마천2동 주민자치위원회),송파구,문화체험,1.0,0.0007366975468541823
도보,STORE_03099,체육용품,1428.4339468393155,삼천리자전거 거마점,송파구,체육용품,1.0,0.0007000673725324802
도보,STORE_03118,도서,817.0015193391682,세신서적,송파구,도서,1.0,0.00122398793188151
도보,STORE_03083,체육용품,837.2815683983279,바이크패밀리(비에프컴퍼니),송파구,체육용품,1.0,0.0011943413515156476
도보,STORE_02439,체육용품,1019.5320583137134,삼천리자전거 가재울점,서대문구,체육용품,1.0,0.0009808421342375256
도보,STORE_02403,문화체험,978.0960511496402,남가좌1동주민자치위원회,서대문구,문화체험,1.0,0.001022394476314074
도보,STORE_02412,체육시설,994.0470277744209,마젤필라테스 가재울점,서대문구,체육시설,1.0,0.001005988622327967
도보,STORE_03138,체육용품,932.4364036981115,아우토반키즈카 송파점,송파구,체육용품,1.0,0.0010724592004708593
도보,STORE_03043,체육시설,1249.9224950464045,덕아웃 야구캠프,송파구,체육시설,1.0,0.000800049606246085
도보,STORE_03106,체육용품,933.8559603230345,삼천리자전거 장지점,송파구,체육용품,1.0,0.0010708289527370852
도보,STORE_03035,도서,682.1486829037603,놀숲 문정로데오점,송파구,도서,1.0,0.0014659560665619333
도보,STORE_03018,체육시설,393.5584413826915,ROCK BODY GYM (락 바디짐),송파구,체육시설,1.0,0.00254091869173659
도보,STORE_03103,체육용품,599.7440300863836,삼천리자전거 오금동부점(동부상사),송파구,체육용품,1.0,0.001667377997670049
도보,STORE_03115,체육시설,252.9205268627513,서울곰두리체육센터,송파구,체육시설,1.0,0.003953811153266557
도보,STORE_03148,체육시설,203.43223278337172,양일영 탁구장,송파구,체육시설,1.0,0.004915641864211691
도보,STORE_03120,체육시설,261.2492095722383,소마필라테스 송파개롱역점,송파구,체육시설,1.0,0.0038277627773012986
도보,STORE_03026,도서,826.8915594493724,개롱서점,송파구,도서,1.0,0.001209348418873571
도보,STORE_03082,체육용품,293.63676035609717,바이크코리아,송파구,체육용품,1.0,0.003405568154298143
도보,STORE_00344,체육시설,356.93998848757457,석사경희태권도,강동구,체육시설,1.0,0.002801591394220631
도보,STORE_00273,체육시설,411.1529556803072,놀자GO볼링장,강동구,체육시설,1.0,0.0024321848747149762
도보,STORE_00406,체육용품,823.1524907638944,천호자전거,강동구,체육용품,1.0,0.001214841734940253
도보,STORE_00263,도서,931.7523927361402,교보문고 천호점,강동구,도서,1.0,0.0010732465060416395
도보,STORE_00416,체육시설,459.8244352640547,파이어짐 (파이어짐 헬스 PT 천호역점),강동구,체육시설,1.0,0.0021747430612854422
도보,STORE_00340,체육용품,758.9740504928955,삼천리자전거 천호영MTB점,강동구,체육용품,1.0,0.0013175681030867612
도보,STORE_00369,도서,824.8235381629385,알라딘 중고서점 천호점,강동구,도서,1.0,0.0012123805319950224
도보,STORE_00274,문화체험,668.9694230983674,뉴웨이브실용음악학원,강동구,문화체험,1.0,0.0014948366329935482
도보,STORE_00388,체육시설,832.685993471783,올바로필라테스 천호점,강동구,체육시설,1.0,0.001200932894080062
도보,STORE_00405,문화체험,1144.669695228165,천호2동 주민자치위원회,강동구,문화체험,1.0,0.0008736144620310506
도보,STORE_00418,문화체험,254.5743776828213,평생문화센터 강동교육원,강동구,문화체험,1.0,0.003928125089029649
도보,STORE_00385,문화체험,318.24466426685393,예종피아노음악학원,강동구,문화체험,1.0,0.0031422365000328234
도보,STORE_00339,체육용품,412.5651919921312,삼천리자전거 천호삼천리점,강동구,체육용품,1.0,0.0024238593546182462
도보,STORE_01599,체육시설,629.8934311543529,마이핏 휘트니스,노원구,체육시설,1.0,0.0015875701357408725
도보,STORE_01540,체육시설,661.4923913030779,경호태권스쿨(경호태권도체육관),노원구,체육시설,1.0,0.0015117331856683853
도보,STORE_01591,체육시설,822.1186424707371,로즈짐(ROSEGYM),노원구,체육시설,1.0,0.0012163694488117566
도보,STORE_01731,체육시설,200.51363566949325,차즘,노원구,체육시설,1.0,0.0049871920014871235
도보,STORE_01663,문화체험,1150.2002898730475,쏭앤비,노원구,문화체험,1.0,0.0008694137958445257
도보,STORE_01368,체육시설,377.4971636196025,와탁구장,구로구,체육시설,1.0,0.002649026526216984
도보,STORE_02647,체육시설,68.05268995691468,잠원스포츠파크,서초구,체육시설,1.0,0.014694496288583407
도보,STORE_02578,문화체험,100.84032162653033,반포종합사회복지관,서초구,문화체험,1.0,0.009916668093380095
도보,STORE_02527,도서,38.402294722963376,거목서점,서초구,도서,1.0,0.026040110551050773
도보,STORE_02634,도서,26.914548822196043,요단기독교서적교회용품센터,서초구,도서,1.0,0.03715462616914887
도보,STORE_02575,음악,101.76231926965036,반포기독센타,서초구,음악,1.0,0.00982682005654956
도보,STORE_02646,문화체험,305.36562167866174,잠원동 주민센터,서초구,문화체험,1.0,0.00327476287115354
도보,STORE_02503,체육시설,295.50742193551616,(주) 신사스포츠센타,서초구,체육시설,1.0,0.0033840097600601514
도보,STORE_00374,체육시설,348.57182377562594,암사 라이크짐 헬스PT,강동구,체육시설,1.0,0.0028688492063652722
도보,STORE_00428,도서,477.2929678856061,현대서적문구,강동구,도서,1.0,0.002095149242256744
도보,STORE_00290,체육시설,294.2057926960465,라이언짐 암사역점 헬스 PT,강동구,체육시설,1.0,0.003398981341720665
도보,STORE_00277,체육시설,325.95789818484565,다빈치 당구장 (다빈치당구클럽),강동구,체육시설,1.0,0.0030678808691818093
도보,STORE_00387,체육시설,314.98251605952805,올바로필라테스 암사점,강동구,체육시설,1.0,0.003174779389377319
도보,STORE_00332,체육용품,561.6022351809553,삼천리자전거 대광점,강동구,체육용품,1.0,0.0017806196937193233
도보,STORE_00337,체육용품,654.0487188281221,삼천리자전거 암사점(엠케이 바이크),강동구,체육용품,1.0,0.0015289380916328813
도보,STORE_01234,체육시설,393.15786332430827,코엑스짐 군자역점,광진구,체육시설,1.0,0.002543507566005667
도보,STORE_01213,체육시설,1233.3284383427656,인사이트 피트니스 중곡점,광진구,체육시설,1.0,0.0008108140288597488
도보,STORE_01173,도서,675.4751238999826,서점로티,광진구,도서,1.0,0.0014804394190363547
도보,STORE_01238,문화체험,2516.123143814442,토모토모(tomotomo),광진구,문화체험,1.0,0.00039743682754890937
도보,STORE_03055,체육시설,195.37188505777806,땡큐당구장,송파구,체육시설,1.0,0.0051184437295277475
도보,STORE_03195,체육시설,279.0270978192409,"참,고운 필라테스",송파구,체육시설,1.0,0.003583881306925319
도보,STORE_03158,체육시설,260.65788320914896,영화당구클럽,송파구,체육시설,1.0,0.0038364464089413754
도보,STORE_03042,도서,39.78725854306377,더함 뮤지움 샵,송파구,도서,1.0,0.025133674362551248
도보,STORE_03362,문화체험,615.3413600292578,양천문화원,양천구,문화체험,1.0,0.0016251142292019064
도보,STORE_03330,도서,489.1152641295418,신목서점,양천구,도서,1.0,0.0020445078559951685
도보,STORE_01259,체육시설,163.14670339049712,IXU웰니스짐(주식회사우덜끼리),구로구,체육시설,1.0,0.006129452690235894
도보,STORE_03601,체육시설,636.0687687185782,행운당구장,영등포구,체육시설,1.0,0.0015721570515317019
도보,STORE_03478,체육용품,627.0498075011293,두발자전거,영등포구,체육용품,1.0,0.0015947696467448465
도보,STORE_03564,체육시설,373.64811021570813,웰니스요가 신풍점,영등포구,체육시설,1.0,0.0026763148873486797
도보,STORE_03500,체육시설,483.46285468086444,보라필라테스,영등포구,체육시설,1.0,0.00206841123432348
도보,STORE_03469,문화체험,1052.998191192999,대림제1동 주민자치위원회,영등포구,문화체험,1.0,0.0009496692476432894
도보,STORE_03498,체육용품,578.2316747915363,반도스포츠,영등포구,체육용품,1.0,0.0017294106213751076
도보,STORE_03455,문화체험,859.2591309335259,관인리틀모짜르트음악학원,영등포구,문화체험,1.0,0.0011637932772545214
도보,STORE_03581,도서,1490.7994958479171,책마을서점,영등포구,도서,1.0,0.0006707810156799344
도보,STORE_03528,체육시설,481.8767870786527,신풍탁구장(신풍탁구클럽),영등포구,체육시설,1.0,0.0020752192818052854
도보,STORE_01548,도서,673.6961029227099,공일서적,노원구,도서,1.0,0.0014843487971233306
도보,STORE_01625,체육용품,641.5281456661093,빅터 노원점((주)빅터아이엔디-노원점),노원구,체육용품,1.0,0.001558778062592536
도보,STORE_01740,음악,1304.063077579337,키니 기타,노원구,음악,1.0,0.0007668340720575011
도보,STORE_01536,체육시설,380.65080347888215,SWIMFIT 스윔핏 노원태릉입구역점(주 일오삼피엠씨),노원구,체육시설,1.0,0.0026270797036567354
도보,STORE_01752,체육시설,252.70824805789184,피트니스 씨씨,노원구,체육시설,1.0,0.003957132415285924
도보,STORE_01733,도서,500.015386520565,책인감,노원구,도서,1.0,0.0019999384558116416
도보,STORE_01587,문화체험,572.1378873002891,랑주얼리,노원구,문화체험,1.0,0.0017478304132569106
도보,STORE_01757,체육시설,287.9486676445584,한당구장(아스콘앤아스팔트한당구),노원구,체육시설,1.0,0.003472841212220479
도보,STORE_01545,체육시설,345.1186908572374,공릉볼링센타,노원구,체육시설,1.0,0.0028975538749179547
도보,STORE_01547,체육용품,711.5189996659676,공릉프로샵,노원구,체육용품,1.0,0.0014054438468536522
도보,STORE_01682,문화체험,457.68506899689277,오묘유리공방,노원구,문화체험,1.0,0.0021849085052997198
도보,STORE_01746,문화체험,455.0480082349226,토토얀,노원구,문화체험,1.0,0.002197570326434087
도보,STORE_01556,체육용품,346.74460312961816,글로리 바이크153,노원구,체육용품,1.0,0.002883967020609072
도보,STORE_01613,음악,1027.363590720328,버드뮤직,노원구,음악,1.0,0.0009733652321656229
도보,STORE_01766,도서,519.1211817645858,화랑문고,노원구,도서,1.0,0.001926332492542148
도보,STORE_01618,도서,346.1032117597113,북마켓 태능입구점,노원구,도서,1.0,0.002889311529111925
도보,STORE_01760,도서,346.1032117597113,한우리문고 태릉입구,노원구,도서,1.0,0.002889311529111925
도보,STORE_01527,체육용품,769.1588935874654,CELLO(첼로)(한성상사),노원구,체육용품,1.0,0.0013001214811881835
도보,STORE_01718,도서,511.41751416774184,좋은책 많은데,노원구,도서,1.0,0.0019553495378963615
도보,STORE_01645,문화체험,511.72201832860617,샘미술학원,노원구,문화체험,1.0,0.0019541859919692617
도보,STORE_01753,체육시설,177.13692480025367,필짐 (필짐 헬스PT 공릉점),노원구,체육시설,1.0,0.0056453503476343965
도보,STORE_01695,체육시설,463.97853565476845,원더짐(주식회사 다락팩토리),노원구,체육시설,1.0,0.0021552721153119633
도보,STORE_01528,영상,676.64037753664,CGV 중계,노원구,영화,1.0,0.0014778899297150652
도보,STORE_01754,문화체험,1421.705100805437,하계1동 자치회관(하계1동 주민자치회),노원구,문화체험,1.0,0.0007033807499413705
도보,STORE_01535,체육시설,396.34170097955825,RC풋볼클럽(리하컴퍼니),노원구,체육시설,1.0,0.0025230754107592028
도보,STORE_00745,문화체험,1724.580962867714,방화제3동 주민센터,강서구,문화체험,1.0,0.0005798510023775011
도보,STORE_00754,문화체험,906.9836544671616,비즈갤러리 ( SW atelier ),강서구,문화체험,1.0,0.0011025557021614508
도보,STORE_00743,체육시설,1874.2301061480725,방화당구사랑,강서구,체육시설,1.0,0.0005335524153195924
도보,STORE_00714,체육용품,815.6507242275889,마곡스포츠,강서구,체육용품,1.0,0.0012260149722137347
도보,STORE_00763,체육용품,942.0517450563067,삼천리자전거 방화점,강서구,체육용품,1.0,0.001061512815243742
도보,STORE_00739,체육용품,1189.21321316495,바이크로(자전거),강서구,체육용품,1.0,0.0008408921032239614
도보,STORE_00658,도서,1725.8573160792034,교보서적,강서구,도서,1.0,0.0005794221751029781
도보,STORE_00777,체육시설,574.5161740582286,순수요가,강서구,체육시설,1.0,0.0017405950348382145
도보,STORE_01088,체육시설,385.33424425636406,헬스걸피트니스,관악구,체육시설,1.0,0.002595149574442434
도보,STORE_00962,체육시설,290.3625393014776,랩스휘트니스 낙성대점,관악구,체육시설,1.0,0.003443970432293678
도보,STORE_00938,도서,618.171363972141,낙성대책방(광림서점),관악구,도서,1.0,0.001617674415673947
도보,STORE_00931,체육시설,293.1768924103805,까치산체육센터(관악구시설관리공단),관악구,체육시설,1.0,0.0034109100201533925
도보,STORE_00960,문화체험,300.3327197948023,또딩동,관악구,문화체험,1.0,0.0033296405422733647
도보,STORE_00980,도서,603.1115017292984,밝은책방,관악구,도서,1.0,0.0016580681965651547
도보,STORE_01047,문화체험,1203.524601307058,인헌동주민자치위원회,관악구,문화체험,1.0,0.0008308928616116155
도보,STORE_00937,문화체험,316.18727343505617,낙성대동 주민센터,관악구,문화체험,1.0,0.003162682637843097
도보,STORE_01085,문화체험,316.18727343505617,행운동 주민센터,관악구,문화체험,1.0,0.003162682637843097
도보,STORE_00919,체육용품,1875.0587601371901,관동스포츠,관악구,체육용품,1.0,0.000533316619862534
도보,STORE_00964,체육시설,1255.1645274239338,럭키탁구장,관악구,체육시설,1.0,0.0007967083024982974
도보,STORE_00914,도서,551.4622492619256,가나안기독교백화점,관악구,도서,1.0,0.0018133607537748869
도보,STORE_01080,문화체험,1038.329031101692,한국문화센터 서울대지부,관악구,문화체험,1.0,0.0009630858524094006
도보,STORE_01076,도서,700.8977152292904,플레로마,관악구,도서,1.0,0.0014267417032068107
도보,STORE_00952,도서,385.25965362972585,대민문고,관악구,도서,1.0,0.0025956520247539415
도보,STORE_01061,문화체험,1034.1934136044185,청림동 주민센터,관악구,문화체험,1.0,0.0009669371191552593
도보,STORE_01029,음악,2100.138631334512,예음피아노악기,관악구,음악,1.0,0.00047615904258880285
도보,STORE_01039,체육용품,686.3052314069809,월드스포츠,관악구,체육용품,1.0,0.0014570776299488782
도보,STORE_01059,체육용품,683.9755580409203,찬스포츠,관악구,체육용품,1.0,0.0014620405484433595
도보,STORE_01041,체육시설,302.7550006161273,"웨이브짐 서울대입구점 헬스장,PT",관악구,체육시설,1.0,0.003303000769483348
도보,STORE_02062,도서,446.72549663669275,놀숲 숭실대점,동작구,도서,1.0,0.0022385111383361835
도보,STORE_02110,체육시설,798.5787253269518,숭실당구장,동작구,체육시설,1.0,0.0012522246940532792
도보,STORE_02125,문화체험,404.0489592884366,어뮤징음악학원,동작구,문화체험,1.0,0.002474947594868409
도보,STORE_02069,도서,857.3295806805141,더북스한길서점,동작구,도서,1.0,0.0011664125705382051
도보,STORE_02111,도서,102.43989017018556,숭실대학교 구내서점,동작구,도서,1.0,0.00976182225828902
도보,STORE_02104,문화체험,1083.875569627303,상도제1동 주민센터,동작구,문화체험,1.0,0.0009226151303916333
도보,STORE_02060,문화체험,501.70506950537936,노량진문화원 평생교육시설,동작구,문화체험,1.0,0.001993202901030837
도보,STORE_02724,체육용품,707.3532706187563,바이크월드,성동구,체육용품,1.0,0.001413720755295655
도보,STORE_02734,체육용품,822.0728768378525,삼천리자전거 성동점,성동구,체육용품,1.0,0.0012164371653356984
도보,STORE_02746,체육시설,1027.0795846918124,송정동 우리동네 작은체육관(서울특별시성동구도시관리공단),성동구,체육시설,1.0,0.0009736343852069282
도보,STORE_01124,도서,1168.2752290235373,놀숲 화양점,광진구,도서,1.0,0.0008559626834130649
도보,STORE_02697,문화체험,291.83921598540684,㈜에이치스토리컨설팅,성동구,문화체험,1.0,0.0034265442929712507
도보,STORE_01549,도서,1010.4340886844964,광운대구내서적,노원구,도서,1.0,0.0009896736572911147
도보,STORE_01628,체육시설,470.6666347893192,사우스포복싱클럽 광운대점((주)사우스스포츠),노원구,체육시설,1.0,0.0021246460362494618
도보,STORE_02946,문화체험,320.82586747200395,장위3동주민센터,성북구,문화체험,1.0,0.0031169556491178582
도보,STORE_02951,문화체험,315.6566337793748,장위제3동 주민자치회,성북구,문화체험,1.0,0.003167999316304376
도보,STORE_02998,체육용품,1153.2066581580614,힐링바이크,성북구,체육용품,1.0,0.0008671472653455124
도보,STORE_01636,체육용품,591.1730564409994,삼천리자전거 월계점,노원구,체육용품,1.0,0.001691552057565402
도보,STORE_01534,체육시설,276.62377439932715,PILATES WE (스탓필라테스강북호스팅점),노원구,체육시설,1.0,0.0036150182758927477
도보,STORE_01698,문화체험,534.5998078915809,월계1동 주민센터(월계1동주민자치회),노원구,문화체험,1.0,0.0018705580982977164
도보,STORE_00050,도서,111.44033349285965,광평서점,강남구,도서,1.0,0.008973411768047817
도보,STORE_00136,체육시설,53.626701639377686,수서청소년수련관 체육관,강남구,체육시설,1.0,0.018647426924084914
도보,STORE_00026,문화체험,67.5573518758096,JAYGRAY 실용음악학원 (제이그레이실용음악학원),강남구,문화체험,1.0,0.014802237983488398
도보,STORE_00200,체육시설,704.3521661828246,태화기독교사회복지관,강남구,체육시설,1.0,0.001419744338147511
도보,STORE_00030,체육시설,1250.8277920531139,SMS당구클럽(에스엠에스당구장),강남구,체육시설,1.0,0.0007994705636965388
도보,STORE_00118,체육용품,3061.1790861678237,삼천리자전거 수서점,강남구,체육용품,1.0,0.00032667151181013155
도보,STORE_00040,체육시설,1548.2137289567622,강남스포츠문화센터(강남구도시관리공단),강남구,체육시설,1.0,0.0006459056532678038
도보,STORE_02796,체육시설,471.4323331816733,희소볼링장,성동구,체육시설,1.0,0.002121195195185383
도보,STORE_01243,도서,827.3210649637057,한글서점문구,광진구,도서,1.0,0.0012087205830349185
도보,STORE_01156,문화체험,502.63843607897593,반지만드는남자,광진구,문화체험,1.0,0.001989501654113211
도보,STORE_01233,체육시설,856.9277267018673,코알라당구장,광진구,체육시설,1.0,0.0011669595566113696
도보,STORE_01212,문화체험,389.9730274890314,이은가죽공방(호야금이),광진구,문화체험,1.0,0.0025642799104307968
도보,STORE_02748,체육용품,387.0283031887719,스핀하우스 spinhouse,성동구,체육용품,1.0,0.002583790363032579
도보,STORE_01144,도서,628.6032227119013,만화사랑,광진구,도서,1.0,0.0015908286242724463
도보,STORE_02735,체육용품,595.8050530755233,삼천리자전거 성수뚝섬점,성동구,체육용품,1.0,0.0016784013409051122
도보,STORE_02715,체육시설,732.0108243559284,데일리피트니스 PT 성수점,성동구,체육시설,1.0,0.001366100017550787
도보,STORE_01127,체육용품,1140.835968501942,닥터 모빌리티(자전거가게),광진구,체육용품,1.0,0.0008765502031927719
도보,STORE_02706,도서,1093.9319013567674,낫저스트북스(위해브노플랜),성동구,도서,1.0,0.0009141336848845282
도보,STORE_02782,체육용품,613.1733939230859,코렉스 성수대리점,성동구,체육용품,1.0,0.0016308600632555107
도보,STORE_02742,문화체험,545.9762627545757,성수1가제1동 주민센터,성동구,문화체험,1.0,0.0018315814591549644
도보,STORE_01434,체육시설,430.03238343935965,더 조은태권도,금천구,체육시설,1.0,0.0023254062682491294
도보,STORE_01479,도서,1911.758951992581,언니네 책방,금천구,도서,1.0,0.0005230784974003777
도보,STORE_01491,체육시설,233.69265968660076,웰니스요가 독산점,금천구,체육시설,1.0,0.004279124561897127
도보,STORE_01444,체육용품,1781.4369043863203,레스포 금천대리점,금천구,체육용품,1.0,0.0005613446075680608
도보,STORE_01508,문화체험,1112.8265746012114,토미구움 도예공방,금천구,문화체험,1.0,0.0008986126165780651
도보,STORE_01464,체육시설,412.9118724249762,성무태권도장,금천구,체육시설,1.0,0.002421824284506846
도보,STORE_01436,문화체험,1048.8700862137866,독산3동 주민센터,금천구,문화체험,1.0,0.0009534069215471689
도보,STORE_01494,체육시설,488.886302124511,유진당구장,금천구,체육시설,1.0,0.0020454653682346717
도보,STORE_01447,체육시설,147.5828614859687,룩스필라테스 금천독산점,금천구,체육시설,1.0,0.0067758545262728495
도보,STORE_01506,체육시설,217.79886177473674,크로바볼링장,금천구,체육시설,1.0,0.0045913922223995455
도보,STORE_01504,체육용품,1228.1958730370454,케이스포츠자전거,금천구,체육용품,1.0,0.0008142023776119931
도보,STORE_01442,체육시설,436.5156378831935,랩스휘트니스 독산2호점(랩스휘트니스 헬스 피티 독산 2호점),금천구,체육시설,1.0,0.0022908686727681183
도보,STORE_01424,체육시설,187.9440528586999,금천구민문화체육센터(금천구청),금천구,체육시설,1.0,0.00532073233917021
도보,STORE_01435,문화체험,1058.7561506642355,독산1동주민자치회,금천구,문화체험,1.0,0.0009445045484483151
도보,STORE_01262,체육시설,404.30502328060595,R당구장,구로구,체육시설,1.0,0.0024733801026903266
도보,STORE_01278,문화체험,763.0364717513462,구로2동 주민자치위원회,구로구,문화체험,1.0,0.0013105533444617234
도보,STORE_01345,체육시설,309.7957567214086,시립구로청소년센터 (구로청소년수련관),구로구,체육시설,1.0,0.0032279331730785273
도보,STORE_01279,문화체험,974.319129444964,구로4동 주민자치위원회,구로구,문화체험,1.0,0.0010263577607982155
도보,STORE_01294,도서,2009.0343053197814,늘푸른서점,구로구,도서,1.0,0.0004977515801258696
도보,STORE_01399,체육시설,413.4449880848765,한국체대국일태권도,구로구,체육시설,1.0,0.0024187014689236214
도보,STORE_01330,체육용품,1296.9412675193348,삼천리자전거 구로점,구로구,체육용품,1.0,0.0007710449386136847
도보,STORE_01284,체육용품,777.9785097080895,구로운동구총판 ,구로구,체육용품,1.0,0.0012853825491596375
도보,STORE_01271,체육시설,473.89193583777904,경희대코리안태권도(경희대코리안체육관),구로구,체육시설,1.0,0.0021101857288036156
도보,STORE_01387,체육용품,975.2439526836163,코렉스자전거,구로구,체육용품,1.0,0.001025384466366863
도보,STORE_01224,체육시설,1459.922424139384,조이클럽,광진구,체육시설,1.0,0.0006849679020373252
도보,STORE_01168,체육용품,370.9228872498328,삼천리자전거 자양점,광진구,체육용품,1.0,0.0026959781517241783
도보,STORE_01198,도서,131.00708222205466,에덴기독교백화점,광진구,도서,1.0,0.0076331751157164
도보,STORE_01106,도서,126.80406062810076,yes24 (예스이십사 주식회사 구의점),광진구,도서,1.0,0.007886182785051855
도보,STORE_01147,영상,771.6049713207092,"메가박스 구의 이스트폴
",광진구,영화,1.0,0.001295999944490198
도보,STORE_00238,체육용품,685.0831266262052,M station 서울강동점(트윈플러스),강동구,체육용품,1.0,0.0014596768788112623
도보,STORE_00314,체육용품,419.54761013964685,바이크로이드(바이크하드웨어),강동구,체육용품,1.0,0.002383519714644898
도보,STORE_00299,체육용품,985.4266316601124,마루아라,강동구,체육용품,1.0,0.001014788892314932
도보,STORE_00361,체육용품,810.0688851973229,썬바이크,강동구,체육용품,1.0,0.0012344629182448011
도보,STORE_00353,체육시설,861.0331141207415,스마일당구클럽,강동구,체육시설,1.0,0.0011613955184768554
도보,STORE_00281,문화체험,1773.5708601920596,동명이엔씨,강동구,문화체험,1.0,0.0005638342523803702
도보,STORE_00259,체육용품,364.9232479245172,곰바이크,강동구,체육용품,1.0,0.0027403022572210734
도보,STORE_00409,체육시설,649.8278731827612,킹당구장,강동구,체육시설,1.0,0.0015388690471249676
도보,STORE_00325,체육시설,1903.654499646168,비전태권도,강동구,체육시설,1.0,0.0005253054060943673
도보,STORE_00375,문화체험,1248.2024757786266,암사1동 주민자치위원회,강동구,문화체험,1.0,0.0008011520722038319
도보,STORE_00423,체육용품,1345.2235359855117,한강MTB,강동구,체육용품,1.0,0.0007433708772181118
도보,STORE_00272,문화체험,1105.7386662439947,놀이ㅅ감점빵,강동구,문화체험,1.0,0.0009043728238217708
도보,STORE_00309,문화체험,891.344040857319,미감각 도예공방,강동구,문화체험,1.0,0.0011219012571601116
도보,STORE_03273,도서,14.116980241906216,도토리책방,양천구,도서,1.0,0.07083667915263513
도보,STORE_03394,도서,11.851828315070518,칸트의 시간,양천구,도서,1.0,0.08437516756198894
도보,STORE_03296,문화체험,984.7761664247244,목4동 주민자치회,양천구,문화체험,1.0,0.0010154591815829037
도보,STORE_03264,도서,315.88480391693673,글빛문고,양천구,도서,1.0,0.003165711004771709
도보,STORE_03318,체육용품,1730.487927841255,삼천리자전거 신목점(신목삼천리자전거),양천구,체육용품,1.0,0.0005778716996006309
도보,STORE_03367,체육시설,582.5096900023792,에스짐(S GYM),양천구,체육시설,1.0,0.0017167096396214724
도보,STORE_03258,도서,1378.7249299239718,강서책서점(강서서점),양천구,도서,1.0,0.0007253078393636821
도보,STORE_03417,체육시설,484.5792537807021,헬린피트니스 (헬린 목동점),양천구,체육시설,1.0,0.002063645920038816
도보,STORE_01155,체육시설,693.3113149965553,바론체필라테스군자역점,광진구,체육시설,1.0,0.0014423534974399898
도보,STORE_01148,영상,1649.699378218572,메가박스 군자,광진구,영화,1.0,0.0006061710474061341
도보,STORE_01220,체육시설,514.8406449395259,제너럴필라테스 군자점,광진구,체육시설,1.0,0.001942348588498606
도보,STORE_01228,도서,910.7842648350701,책방자늑,광진구,도서,1.0,0.0010979548490345139
도보,STORE_01227,도서,1018.1423930189871,책방 파란(파란),광진구,도서,1.0,0.000982180888308568
도보,STORE_02309,체육시설,249.91795619324017,아현스포렉스((주)다빈홀딩스),마포구,체육시설,1.0,0.004001313131845499
도보,STORE_02476,체육시설,705.481823135022,커브스 아현클럽,서대문구,체육시설,1.0,0.0014174709641081855
도보,STORE_02322,체육시설,542.9572502375545,엘리트화랑 태권도장,마포구,체육시설,1.0,0.0018417656262302057
도보,STORE_02437,문화체험,371.6301268004663,북아현동 주민자치회,서대문구,문화체험,1.0,0.0026908475063888316
도보,STORE_02246,도서,1377.3333745253806,만유인력,마포구,도서,1.0,0.0007260406365630928
도보,STORE_02470,문화체험,532.6131966652589,은혜한복,서대문구,문화체험,1.0,0.001877535153580673
도보,STORE_02463,체육시설,428.32334489167374,업필라테스,서대문구,체육시설,1.0,0.0023346847934541315
도보,STORE_02308,문화체험,842.9994579700216,아트랑수랑아트스튜디오,마포구,문화체험,1.0,0.0011862403831291214
도보,STORE_00502,체육시설,1736.6306544435608,백두산 K타이거즈 태권도(백두산태권도체육관),강북구,체육시설,1.0,0.0005758276795594243
도보,STORE_00505,문화체험,1712.0233234812545,번3동주민자치위원회,강북구,문화체험,1.0,0.0005841041919724462
도보,STORE_02756,도서,1139.1432490094849,양지서점,성동구,도서,1.0,0.0008778527203400682
도보,STORE_04384,문화체험,742.1777939111206,동화동주민자치위원회,중구,문화체험,1.0,0.0013473860417329527
도보,STORE_04489,문화체험,869.0768175581289,청구동주민자치위원회,중구,문화체험,1.0,0.0011506462717642495
도보,STORE_04434,체육시설,306.5256225218611,아리랑태권도(용인대아리랑태권도장),중구,체육시설,1.0,0.0032623700158334427
도보,STORE_04446,체육시설,285.4009620838421,"여성중심PT,그룹운동 예스무브먼트",중구,체육시설,1.0,0.003503842428205377
도보,STORE_02704,체육시설,426.77131463025347,금호공원체육관(성동구도시관리공단),성동구,체육시설,1.0,0.002343175292524946
도보,STORE_02703,문화체험,944.3171351364979,금호4가동 주민센터,성동구,문화체험,1.0,0.001058966276043962
도보,STORE_00643,체육시설,222.82429246834238,경수태권도,강서구,체육시설,1.0,0.004487841020036334
도보,STORE_00752,도서,609.4434207954664,북오피스,강서구,도서,1.0,0.0016408414068934665
도보,STORE_00779,체육시설,281.4199490328527,스카이당구장,강서구,체육시설,1.0,0.003553408361548886
도보,STORE_00710,체육시설,314.12364046052494,룩스필라테스 강서구청점,강서구,체육시설,1.0,0.0031834598584619014
도보,STORE_00734,체육시설,297.26830497333424,바디플렉스짐 강서구청점,강서구,체육시설,1.0,0.003363964416218886
도보,STORE_00617,영상,350.84931289513884,SK브로드밴드(구 티브로드 강서방송),강서구,TV,1.0,0.0028502264740044624
도보,STORE_00618,영상,350.84931289513884,SK브로드밴드(구 티브로드 광진성동방송),강서구,TV,1.0,0.0028502264740044624
도보,STORE_00619,영상,350.84931289513884,SK브로드밴드(구 티브로드 도봉강북방송),강서구,TV,1.0,0.0028502264740044624
도보,STORE_00620,영상,350.84931289513884,SK브로드밴드(구 티브로드 동대문방송),강서구,TV,1.0,0.0028502264740044624
도보,STORE_00621,영상,350.84931289513884,SK브로드밴드(구 티브로드 서대문방송),강서구,TV,1.0,0.0028502264740044624
도보,STORE_00622,영상,350.84931289513884,SK브로드밴드(구 티브로드 종로중구방송),강서구,TV,1.0,0.0028502264740044624
도보,STORE_00869,체육시설,197.41037761365473,필라테스오운,강서구,체육시설,1.0,0.005065589824041908
도보,STORE_00766,체육용품,1610.927330044251,삼천리자전거 화곡은하점(은하코렉스),강서구,체육용품,1.0,0.0006207604659438801
도보,STORE_00771,체육시설,403.8935047871997,서울당구클럽,강서구,체육시설,1.0,0.0024759001770203568
도보,STORE_00670,체육시설,248.31234209103943,나비당구클럽,강서구,체육시설,1.0,0.0040271860495495115
도보,STORE_00848,도서,1254.731714812002,책의향기서점,강서구,도서,1.0,0.0007969831225233923
도보,STORE_02367,문화체험,250.49122976542745,태제로,마포구,문화체험,1.0,0.0039921557370948685
도보,STORE_04118,문화체험,422.72451332600446,숭인1동 주민센터,종로구,문화체험,1.0,0.00236560683962229
도보,STORE_04253,문화체험,426.3855341284101,창신제3동주민센터,종로구,문화체험,1.0,0.0023452953253776205
도보,STORE_00920,체육시설,166.26946894643382,관악구민종합체육센터(관악구시설관리공단),관악구,체육시설,1.0,0.006014333276797588
도보,STORE_00976,문화체험,725.217877316728,미성동 주민센터,관악구,문화체험,1.0,0.0013788959584117712
도보,STORE_01034,체육시설,971.8448208101548,용인대강태권도,관악구,체육시설,1.0,0.0010289708589138484
도보,STORE_01060,체육시설,844.7845313914959,천마태권스쿨 (천마태권도장),관악구,체육시설,1.0,0.0011837337958270132
도보,STORE_00950,도서,1702.5882950442297,다솜서점,관악구,도서,1.0,0.0005873410518037317
도보,STORE_00986,문화체험,626.0850869438864,보아 매듭,관악구,문화체험,1.0,0.0015972269917517237
도보,STORE_01015,문화체험,636.3665082000452,아트댄스학원,관악구,문화체험,1.0,0.0015714214797829125
도보,STORE_01056,도서,2587.151547554231,좋은책서점,관악구,도서,1.0,0.0003865254824153429
도보,STORE_00909,체육시설,449.2297583794773,J 다이어트 복싱 체육관,관악구,체육시설,1.0,0.0022260324062398184
도보,STORE_01054,문화체험,1086.5157890338357,정이네 힐링공방,관악구,문화체험,1.0,0.0009203731874796147
도보,STORE_00934,문화체험,848.6214906363282,꿈꾸는 뮤직스튜디오,관악구,문화체험,1.0,0.0011783816590010732
도보,STORE_00942,체육시설,1648.3424012658484,남부태권도 (남부체육관),관악구,체육시설,1.0,0.0006066700700243151
도보,STORE_01082,체육용품,1869.9293642093612,한미스포츠,관악구,체육용품,1.0,0.0005347795585972936
도보,STORE_00939,문화체험,407.59217102938004,난곡동 주민센터,관악구,문화체험,1.0,0.00245343279649971
도보,STORE_01277,문화체험,143.53135270117195,구로1동 주민자치위원회,구로구,문화체험,1.0,0.006967118898976522
도보,STORE_03016,체육시설,568.2299659682412,NEW 지펠당구장,송파구,체육시설,1.0,0.0017598508700540632
도보,STORE_03093,문화체험,548.9126398078793,사단법인 월드유스비전,송파구,문화체험,1.0,0.001821783517956523
도보,STORE_03078,도서,939.5591690159662,미래서적,송파구,도서,1.0,0.001064328924645944
도보,STORE_02053,도서,826.6098354088086,Tallship Bookstore(톨쉽북스토어),동작구,도서,1.0,0.0012097605873579273
도보,STORE_02124,도서,137.04472158041767,양현책세상,동작구,도서,1.0,0.007296888114097858
도보,STORE_02059,문화체험,1311.2129115419018,길위문화협동조합,동작구,문화체험,1.0,0.0007626526487022345
도보,STORE_02141,도서,161.1912027581802,이그잼플러스,동작구,도서,1.0,0.006203812508925842
도보,STORE_02147,도서,85.53739376621168,종일문화사,동작구,도서,1.0,0.011690793417591971
도보,STORE_02149,체육용품,1129.5811702591493,참화상회,동작구,체육용품,1.0,0.0008852838789536296
도보,STORE_02165,도서,122.38683164869089,홍문관서적,동작구,도서,1.0,0.008170813693996764
도보,STORE_02146,도서,164.66748300765656,제일서점,동작구,도서,1.0,0.006072844387580169
도보,STORE_02061,도서,74.22645150861584,놀숲 노량진점,동작구,도서,1.0,0.013472286222438169
도보,STORE_03577,체육시설,232.07089920129928,짐브라운,영등포구,체육시설,1.0,0.004309027988608756
도보,STORE_03584,체육시설,199.9476295269414,초이스당구장,영등포구,체육시설,1.0,0.005001309604749566
도보,STORE_03494,체육시설,177.6102899290843,모델비필라테스(모델비주식회사),영등포구,체육시설,1.0,0.005630304417605967
도보,STORE_01694,체육시설,272.65057423528395,운동에 빠지다,노원구,체육시설,1.0,0.0036676981253560446
도보,STORE_01735,체육시설,338.16794495447743,커브스 공릉클럽,노원구,체육시설,1.0,0.0029571105568110996
도보,STORE_01543,문화체험,251.0355678082043,공릉2동 주민자치회,노원구,문화체험,1.0,0.003983499265586214
도보,STORE_01531,체육시설,290.7478751841685,JG GYM (제이지휘트니스),노원구,체육시설,1.0,0.00343940604679078
도보,STORE_01583,체육시설,275.55445624556086,동천재활체육센터,노원구,체육시설,1.0,0.003629046735897634
도보,STORE_01689,체육시설,418.7546745154919,용인대백두산태권도,노원구,체육시설,1.0,0.0023880330438269645
도보,STORE_01727,체육시설,815.4250998566564,중계구민체육센터(서울특별시노원구서비스공단),노원구,체육시설,1.0,0.0012263542049120023
도보,STORE_01649,음악,604.3033126741147,세기악기사,노원구,음악,1.0,0.0016547981436257232
도보,STORE_01589,체육시설,813.0802998024998,레몬핏 중계점(레몬핏휘트니스),노원구,체육시설,1.0,0.0012298908241202052
도보,STORE_01562,도서,1017.9230089346241,꽃동산기독서점(대한예수교장로회꽃동산교회),노원구,도서,1.0,0.0009823925692048333
도보,STORE_01756,도서,865.9368194856052,한국성서대학교(서점),노원구,도서,1.0,0.0011548186628604529
도보,STORE_01584,도서,682.0864070984961,두란노문고 노원점,노원구,도서,1.0,0.0014660899111798248
도보,STORE_01565,체육시설,282.8048678853961,나이스당구장,노원구,체육시설,1.0,0.0035360070266019614
도보,STORE_01762,문화체험,1456.3449476582693,향수공방 퍼퓸플레이 노원,노원구,문화체험,1.0,0.0006866505092821247
도보,STORE_01707,체육시설,233.66409187993796,이음피트니스 헬스 PT 노원역점,노원구,체육시설,1.0,0.004279647728303171
도보,STORE_01675,도서,548.851148017759,언약기독교서점,노원구,도서,1.0,0.0018219876256278566
도보,STORE_01711,체육시설,395.2549479078155,임팩트 탁구클럽,노원구,체육시설,1.0,0.0025300126039996544
도보,STORE_01582,체육시설,134.52597412513148,더블랙볼링장,노원구,체육시설,1.0,0.0074335087071722965
도보,STORE_01720,체육시설,134.09317369106665,주식회사 와우짐,노원구,체육시설,1.0,0.00745750117231076
도보,STORE_01558,체육시설,155.99585237857505,금호스포츠센터,노원구,체육시설,1.0,0.006410426846305967
도보,STORE_01705,문화체험,581.7926473960069,위드피아노 노원점(노원위드피아노학원),노원구,문화체험,1.0,0.0017188254345870638
도보,STORE_01568,도서,349.3441007194587,노원문고 5매장,노원구,도서,1.0,0.002862507189732256
도보,STORE_01530,체육시설,253.57609433878292,"H,C평생교육원(주식회사 런케이에듀)",노원구,체육시설,1.0,0.003943589408960528
도보,STORE_01624,체육시설,109.31904917499232,블루짐,노원구,체육시설,1.0,0.009147536568848594
도보,STORE_01739,체육시설,385.46523362638555,큐빌리어드클럽,노원구,체육시설,1.0,0.002594267686847359
도보,STORE_01525,영상,645.7013418756642,(주)더숲아트시네마,노원구,영화,1.0,0.001548703611324629
도보,STORE_01617,체육시설,412.88720344394795,복싱팩토리짐,노원구,체육시설,1.0,0.0024219689824699453
도보,STORE_01706,체육시설,82.26240923003394,이라이요가 노원점(이라이요가 노원 플라잉요가 다이어트 피티),노원구,체육시설,1.0,0.012156220676732877
도보,STORE_01554,체육시설,65.64025735737222,그린라이트 볼링장,노원구,체육시설,1.0,0.015234553310106537
도보,STORE_01574,도서,114.36869670702369,놀숲 노원역점,노원구,도서,1.0,0.008743651268158478
도보,STORE_01592,영상,619.9240866314924,롯데컬처웍스㈜롯데시네마 노원,노원구,영화,1.0,0.0016131007353396157
도보,STORE_01681,체육시설,422.19398298012294,여성헬스 우먼핏,노원구,체육시설,1.0,0.0023685794689477617
도보,STORE_01666,도서,173.68977752345526,알라딘 중고서점 노원역점,노원구,도서,1.0,0.005757391219324688
도보,STORE_01614,도서,1163.5456093507448,벌툰 몽유도원 노원상계점,노원구,도서,1.0,0.0008594420295720055
도보,STORE_01640,문화체험,1094.016444528451,상계10동주민자치위원회,노원구,문화체험,1.0,0.0009140630426547431
도보,STORE_01658,체육시설,760.1167072569615,스텝비 복싱짐,노원구,체육시설,1.0,0.0013155874492072502
도보,STORE_01634,체육용품,1446.9636994658367,삼천리자전거 상계동일점,노원구,체육용품,1.0,0.0006911023409703792
도보,STORE_01737,체육용품,1280.2726430755401,코렉스자전거 보람대리점(동기상회),노원구,체육용품,1.0,0.0007810836273106219
도보,STORE_01749,체육시설,825.2982361854596,포커스복싱짐,노원구,체육시설,1.0,0.0012116831905784925
도보,STORE_01873,체육시설,227.39672291684735,창동탁구클럽,도봉구,체육시설,1.0,0.004397600753312844
도보,STORE_01834,체육시설,215.6403044580417,아이언복싱짐,도봉구,체육시설,1.0,0.004637352013174213
도보,STORE_01844,음악,1010.3692401699019,영창악기 도봉점(도봉악기),도봉구,음악,1.0,0.000989737177501407
도보,STORE_01778,체육시설,380.5651580927481,고수당구장(고수당구클럽),도봉구,체육시설,1.0,0.002627670922402961
도보,STORE_01805,영상,1953.1956748705618,메가박스 창동,도봉구,영화,1.0,0.0005119814736771163
도보,STORE_01776,체육시설,188.97626276169413,경희대라이언킹태권도,도봉구,체육시설,1.0,0.005291669892218347
도보,STORE_01819,도서,307.1290440388937,사진책방 책가도,도봉구,도서,1.0,0.003255960383458113
도보,STORE_01786,문화체험,661.782245379589,도봉구민회관,도봉구,문화체험,1.0,0.0015110710614885325
도보,STORE_01788,문화체험,661.782245379589,도봉문화원,도봉구,문화체험,1.0,0.0015110710614885325
도보,STORE_01876,도서,855.8254348636616,책방 비빌언덕 (비빌언덕),도봉구,도서,1.0,0.0011684625850823262
도보,STORE_01799,체육시설,157.35417390228642,랠리포인트짐,도봉구,체육시설,1.0,0.006355090400213843
도보,STORE_01836,음악,1358.164876692105,악기정류장,도봉구,음악,1.0,0.0007362876313187852
도보,STORE_01771,체육시설,220.12269501881661,MARC (대한무술문화복지협회),도봉구,체육시설,1.0,0.004542920937409555
도보,STORE_01782,체육시설,228.77466883854956,끌로에 필라테스(필라테스 끌로에 창동점 평생교육원),도봉구,체육시설,1.0,0.00437111331021407
도보,STORE_01810,체육시설,204.27737875977857,미화볼링센타(미화볼링장),도봉구,체육시설,1.0,0.004895304639560492
도보,STORE_01880,체육시설,204.25629665629202,"카인드짐 24시 휘트니스(카인드짐 헬스,PT,GX 창동점)",도봉구,체육시설,1.0,0.004895809903391762
도보,STORE_01846,도서,203.3878208279123,예일문고,도봉구,도서,1.0,0.00491671524838307
도보,STORE_01847,체육시설,104.26451549765119,와우기구필라테스 창동점,도봉구,체육시설,1.0,0.009590990714597694
도보,STORE_01784,체육시설,326.31733321689546,다엔PT 필라테스,도봉구,체육시설,1.0,0.003064501631408355
도보,STORE_01885,체육시설,82.84512805277566,킹당구클럽,도봉구,체육시설,1.0,0.012070715846597038
도보,STORE_01875,문화체험,298.29889344428983,창제4동 주민센터,도봉구,문화체험,1.0,0.0033523423049062018
도보,STORE_01843,문화체험,236.04217300033366,엠에스스토리,도봉구,문화체험,1.0,0.00423653107107511
도보,STORE_01850,도서,28.379385446898418,우리아이유아동서점,도봉구,도서,1.0,0.03523684478196796
도보,STORE_01845,문화체험,206.72562227126662,예림사회적협동조합,도봉구,문화체험,1.0,0.004837329736938917
도보,STORE_00084,체육시설,221.8576830195112,렛츠핏 개포점,강남구,체육시설,1.0,0.004507394048246936
도보,STORE_00121,도서,410.27186207504553,샘서림,강남구,도서,1.0,0.0024374081979258023
도보,STORE_00223,음악,946.6148989036192,홀리원뮤직,강남구,음악,1.0,0.001056395796387963
도보,STORE_02506,도서,285.80303698965844,(주)고성도서유통,서초구,도서,1.0,0.003498913134489135
도보,STORE_00045,문화체험,304.57108153615064,개포4문화센터(강남구청),강남구,문화체험,1.0,0.0032833058048595673
도보,STORE_00186,문화체험,397.50943851485994,차다(클레이파티),강남구,문화체험,1.0,0.0025156635367857244
도보,STORE_00042,문화체험,136.74109636112252,강남타악퍼포먼스연구원,강남구,문화체험,1.0,0.0073130904066987905
도보,STORE_01595,도서,998.3933762438879,마들문고문구(마들문고 주식회사),노원구,도서,1.0,0.0010016092091497605
도보,STORE_01643,문화체험,884.1654483024721,상계9동 주민자치위원회,노원구,문화체험,1.0,0.0011310100410731059
도보,STORE_01590,체육시설,347.41315862014704,레몬핏휘트니스 마들점,노원구,체육시설,1.0,0.0028784171675356007
도보,STORE_01632,체육용품,1137.4567834861145,삼천리자전거 상계1점,노원구,체육용품,1.0,0.0008791542804247626
도보,STORE_01639,체육시설,300.75959501729085,상경스포츠센터,노원구,체육시설,1.0,0.0033249147045250854
도보,STORE_01767,문화체험,639.8744616932075,흙이랑붓이랑,노원구,문화체험,1.0,0.001562806550137732
도보,STORE_04077,문화체험,48.75767258119807,부암동 주민센터,종로구,문화체험,1.0,0.020509592584319128
도보,STORE_03950,문화체험,78.58854587014282,가죽공방 마마스토리(마마스레더),종로구,문화체험,1.0,0.012724500611735044
도보,STORE_01191,도서,121.77452883254232,알라딘 중고서점 건대점,광진구,도서,1.0,0.008211897919762394
도보,STORE_01210,문화체험,1015.8956222917708,위드피아노 건대점(건대위드피아노학원),광진구,문화체험,1.0,0.0009843530950001422
도보,STORE_01158,도서,107.31353171822757,벌툰 건대점,광진구,도서,1.0,0.009318489327382249
도보,STORE_01123,도서,124.79428730163274,놀숲 건대점,광진구,도서,1.0,0.00801318731508086
도보,STORE_01152,음악,610.4035531104988,뮤직닷컴,광진구,음악,1.0,0.001638260450654641
도보,STORE_01222,체육시설,814.6021447450944,제우스 당구장,광진구,체육시설,1.0,0.0012275931342077676
도보,STORE_04513,도서,1868.6307951718406,한우리문고 약수,중구,도서,1.0,0.0005351511933677831
도보,STORE_04441,문화체험,729.6708010680165,약수동 주민자치위원회,중구,문화체험,1.0,0.0013704810423225153
도보,STORE_04511,체육시설,1248.5043133899346,한국체육관,중구,체육시설,1.0,0.0008009583861867512
도보,STORE_04374,문화체험,279.26057815724135,다산동 주민자치위원회,중구,문화체험,1.0,0.0035808849448021153
도보,STORE_04370,문화체험,1097.773421565716,남산타운문화체육센터,중구,문화체험,1.0,0.0009109347888690317
도보,STORE_04499,체육시설,216.38662412612516,페리필라테스 신당청구점,중구,체육시설,1.0,0.004621357738901322
도보,STORE_04316,도서,1184.4548851863112,(재)예수그리스도후기성도교회,중구,도서,1.0,0.0008442702314007535
도보,STORE_04493,체육시설,271.38775674196586,카프킥복싱MMA(신당),중구,체육시설,1.0,0.0036847646039935215
도보,STORE_04491,체육시설,167.99377796821494,충무스포츠센터(서울특별시 중구청),중구,체육시설,1.0,0.00595260141235233
도보,STORE_04431,문화체험,539.7050954541783,신당동주민자치위원회,중구,문화체험,1.0,0.0018528637369237169
도보,STORE_04498,체육시설,369.3615831729137,파스텔발란스 필라테스 약수점,중구,체육시설,1.0,0.002707374143812509
도보,STORE_04495,체육용품,721.9645437288509,타그로스포츠,중구,체육용품,1.0,0.0013851095717736122
도보,STORE_04459,체육용품,667.6893456857927,월드베스트,중구,체육용품,1.0,0.0014977024966197215
도보,STORE_04401,체육용품,162.62907237201583,미성종합체육산업주식회사,중구,체육용품,1.0,0.0061489620854043164
도보,STORE_04430,문화체험,581.9874183847214,신당5동주민자치위원회,중구,문화체험,1.0,0.0017182502033728714
도보,STORE_04420,체육시설,509.0851232037588,성동교육문화회관((주)한국스포터),중구,체육시설,1.0,0.0019643080389126887
도보,STORE_03352,체육시설,813.0084510818726,아라한태권도,양천구,체육시설,1.0,0.0012299995143584266
도보,STORE_03412,도서,1609.9533671018448,한솔미디어(서점),양천구,도서,1.0,0.0006211360033366361
도보,STORE_04565,문화체험,1131.4603876930662,면목제4동 주민센터,중랑구,문화체험,1.0,0.0008838135306167451
도보,STORE_04596,도서,2884.3799804627806,상현서림,중랑구,도서,1.0,0.0003466949593234787
도보,STORE_04662,체육시설,527.3504909456678,중곡스포렉스(주식회사 인투스포츠),중랑구,체육시설,1.0,0.001896272056572388
도보,STORE_04617,문화체험,1360.3028394578905,씨엔케이미술학원(씨엔케이미술교습소),중랑구,문화체험,1.0,0.0007351304216923646
도보,STORE_04690,체육시설,503.41266935892827,하나캐롬,중랑구,체육시설,1.0,0.0019864418614522587
도보,STORE_04560,체육시설,451.1639289925468,머슬킹 익스프레스(머슬킹 익스프레스 면목경남아너스빌점),중랑구,체육시설,1.0,0.002216489253103654
도보,STORE_01938,도서,1474.9713961420719,레마 기독교백화점(기독교서점(레마)),동대문구,도서,1.0,0.0006779792493709337
도보,STORE_01962,체육용품,848.6802580199883,삼천리자전거 청량리점,동대문구,체육용품,1.0,0.001178300061242202
도보,STORE_01990,체육시설,343.5999672761252,에스비에스(SBS)당구프로,동대문구,체육시설,1.0,0.0029103611619275154
도보,STORE_01541,체육시설,809.1024521828425,곤마스터짐,노원구,체육시설,1.0,0.0012359374233783908
도보,STORE_01729,문화체험,1316.8955044814975,중계종합사회복지관,노원구,문화체험,1.0,0.0007593616931616233
도보,STORE_01751,체육시설,409.1616007208575,피트니스 서울 상계점,노원구,체육시설,1.0,0.002444022113116696
도보,STORE_01611,체육시설,554.3097101369691,발리짐 상계역점,노원구,체육시설,1.0,0.001804045611528078
도보,STORE_01712,체육시설,349.743703933208,잇요가 중계점(잇요가엔잇필라테스),노원구,체육시설,1.0,0.0028592366031297426
도보,STORE_01724,문화체험,946.4750752327301,중계1동 주민자치센터,노원구,문화체험,1.0,0.0010565518587524437
도보,STORE_01697,체육시설,402.0300040404118,원티어피트니스 중계점,노원구,체육시설,1.0,0.0024873765389398163
도보,STORE_01692,체육시설,475.07992205012795,우리스포츠센터 상계역본점,노원구,체육시설,1.0,0.002104908992332632
도보,STORE_03336,문화체험,1098.7996480392035,신월6동주민센터,양천구,문화체험,1.0,0.0009100840192154135
도보,STORE_03265,도서,1134.2550621207656,기쁜소식사,양천구,도서,1.0,0.0008816359154088825
도보,STORE_03338,체육시설,418.6474369323136,신월경희대퍼스트태권도,양천구,체육시설,1.0,0.0023886447444360654
도보,STORE_03329,도서,1201.0769795094147,시인서점,양천구,도서,1.0,0.0008325861015240293
도보,STORE_03356,체육용품,1355.7998118782311,알톤스포츠(바이크샵),양천구,체육용품,1.0,0.0007375720156021185
도보,STORE_03313,체육시설,1105.8318233286525,백호합기도라온주짓수(백호용인대합기도),양천구,체육시설,1.0,0.0009042966379733138
도보,STORE_03259,체육시설,427.6747317693655,건강힐링문화관(양천구시설관리공단),양천구,체육시설,1.0,0.002338225585277915
도보,STORE_03322,체육용품,1335.6590696539583,삼천리자전거신월4동점,양천구,체육용품,1.0,0.0007486940512889111
도보,STORE_03332,문화체험,1114.1342516095524,신월2동 주민센터,양천구,문화체험,1.0,0.0008975579007245612
도보,STORE_03360,체육시설,497.41435342085936,양천당구장(양천스포츠당구장),양천구,체육시설,1.0,0.00201039634888442
도보,STORE_03249,체육시설,406.6848230542891,AM번지핏요가 신월점(에이엠번지핏 비),양천구,체육시설,1.0,0.0024589066109961723
도보,STORE_02079,영상,668.3799265788674,롯데컬처웍스(주) 롯데시네마 신대방,동작구,영화,1.0,0.0014961550463050929
도보,STORE_02044,도서,632.941101253651,(재)팀선교회생명의말씀사 구로점,동작구,도서,1.0,0.0015799258383115337
도보,STORE_03508,체육용품,1008.7528493386604,삼천리자전거 신길대림점,영등포구,체육용품,1.0,0.000991323098274866
도보,STORE_03548,체육시설,686.2365147551121,영등포 제1스포츠센터(영등포구시설관리공단),영등포구,체육시설,1.0,0.0014572235351784748
도보,STORE_03591,체육용품,1068.1525836264034,티막스토어 영등포점(주. 튤립코리아),영등포구,체육용품,1.0,0.0009361958350603583
도보,STORE_03524,문화체험,929.5217738375612,신길5동 주민자치위원회(영등포구청),영등포구,문화체험,1.0,0.0010758220282150756
도보,STORE_04626,체육시설,927.5999466861471,에반더필라테스 ,중랑구,체육시설,1.0,0.001078050945962753
도보,STORE_04027,도서,261.65110360016905,독립서점 공간과몰입,종로구,도서,1.0,0.0038218833639169633
도보,STORE_04278,문화체험,178.44819747054112,프루스트,종로구,문화체험,1.0,0.0056038671960532615
도보,STORE_04067,도서,84.84121615154235,바오로딸 혜화나무((재)천주교성바오로딸수도회),종로구,도서,1.0,0.011786724016471099
도보,STORE_04257,도서,63.87487685697833,책방이음,종로구,도서,1.0,0.01565560748146867
도보,STORE_02255,음악,169.20988609988765,메타복스,마포구,음악,1.0,0.005909820182785785
도보,STORE_02218,도서,96.50881500419521,대학서적㈜홍익대점,마포구,도서,1.0,0.010361747783935905
도보,STORE_02269,문화체험,30.203888741625324,반지대학 홍대본점,마포구,문화체험,1.0,0.03310831954634555
도보,STORE_02248,문화체험,65.38884444560996,머더파커 홍대1호점,마포구,문화체험,1.0,0.015293128491233605
도보,STORE_02186,문화체험,38.15858420251886,KT&G 상상마당 아카데미 홍대(컴퍼니에스에스(주)),마포구,문화체험,1.0,0.026206423034269434
도보,STORE_02188,영상,192.33866189011164,"KT,G 상상마당 시네마(주식회사 키노라이츠)",마포구,영화,1.0,0.0051991627173289135
도보,STORE_02172,체육시설,251.73952890633345,(주)스매시볼 홍대점,마포구,체육시설,1.0,0.0039723598607832354
도보,STORE_02226,도서,55.239660285540275,땡스북스,마포구,도서,1.0,0.01810293536982094
도보,STORE_02213,도서,24.855535922386977,놀숲 프리미엄 홍대점,마포구,도서,1.0,0.040232485958965634
도보,STORE_02386,문화체험,26.148809112512033,홍대반지카페(홍대반지),마포구,문화체험,1.0,0.03824265937684736
도보,STORE_01796,문화체험,1849.0905052340297,둘리뮤지엄(도봉구청),도봉구,문화체험,1.0,0.000540806411135314
도보,STORE_04422,문화체험,19.156684136627117,소공동 주민자치위원회,중구,문화체험,1.0,0.05220110082036714
도보,STORE_04416,도서,0.7186370654019371,서울책방(우리인쇄(주)),중구,도서,1.0,1.3915229928207158
도보,STORE_00349,문화체험,2.3956885422294123,세라클레이,강동구,문화체험,1.0,0.4174165307270729
도보,STORE_00720,영상,6.267030367855234,메가박스 화곡,강서구,영화,1.0,0.1595652073315595
도보,STORE_00741,문화체험,2.3956885422294123,발산제1동주민센터(발산제1동주민자치회),강서구,문화체험,1.0,0.4174165307270729
도보,STORE_00835,체육시설,0.8656399986540116,조이점핑,강서구,체육시설,1.0,1.1552146406761534
도보,STORE_00837,체육시설,0.8656399986540116,주식회사 1986 피트니스 가양점,강서구,체육시설,1.0,1.1552146406761534
도보,STORE_01336,체육시설,0.8656399986540116,서울특별시구로구시설관리공단,구로구,체육시설,1.0,1.1552146406761534
도보,STORE_01396,체육시설,0.8656399986540116,프리덤짐,구로구,체육시설,1.0,1.1552146406761534
도보,STORE_01451,도서,0.7339571665898287,매일경제 시흥지국(일간신문),금천구,도서,1.0,1.3624773290875831
도보,STORE_01777,체육시설,0.8656399986540116,경희대선덕태권도 제2관,도봉구,체육시설,1.0,1.1552146406761534
도보,STORE_02199,체육시설,0.8656399986540116,감성기구필라테스(감성기구필라테스평생교육원),마포구,체육시설,1.0,1.1552146406761534
도보,STORE_02422,체육시설,0.8656399986540116,무무히어,서대문구,체육시설,1.0,1.1552146406761534
도보,STORE_02618,도서,0.7339571665898287,알라딘 중고서점 신논현점,서초구,도서,1.0,1.3624773290875831
도보,STORE_02911,체육시설,0.8656399986540116,아지트 당구클럽,성북구,체육시설,1.0,1.1552146406761534
도보,STORE_03859,문화체험,2.3956885422294123,이지실용음악교습소,은평구,문화체험,1.0,0.4174165307270729
도보,STORE_04417,도서,0.8503311038194488,서울책방(한가람커뮤니케이션즈),중구,도서,1.0,1.1760124914968775
도보,STORE_01860,체육용품,3572.258606368319,자전거마트,도봉구,체육용품,1.0,0.0002799349403812157
도보,STORE_01890,체육시설,890.2279080553985,필라테스 에덴(에덴 평생교육시설),도봉구,체육시설,1.0,0.0011233078529119427
도보,STORE_01815,문화체험,4308.214514745426,방학제2동 주민센터,도봉구,문화체험,1.0,0.00023211471865603944
도보,STORE_01803,체육시설,684.1722533751587,리라탁구클럽,도봉구,체육시설,1.0,0.0014616202207365175
도보,STORE_01822,체육용품,1372.2756335787535,삼천리자전거 방학점,도봉구,체육용품,1.0,0.0007287165752496115
도보,STORE_01774,체육시설,509.58282133495425,건강해GYM,도봉구,체육시설,1.0,0.0019623895432351896
도보,STORE_01829,도서,3257.103161839209,신명문고,도봉구,도서,1.0,0.00030702128557553077
도보,STORE_01854,체육용품,1039.9041338374545,위드바이크,도봉구,체육용품,1.0,0.0009616271033655764
도보,STORE_01857,체육시설,449.454995655974,인생탁구클럽,도봉구,체육시설,1.0,0.002224916865237002
도보,STORE_01864,체육시설,352.14567956557306,제우스스크린골프,도봉구,체육시설,1.0,0.002839733831843846
도보,STORE_01842,체육시설,1586.434804215535,에이스당구클럽,도봉구,체육시설,1.0,0.0006303442141730388
도보,STORE_01852,체육시설,283.03019556409515,워라밸피트니스 방학역점,도봉구,체육시설,1.0,0.0035331919197064596
도보,STORE_01769,영상,3051.3081397199253,CGV 방학,도봉구,영화,1.0,0.0003277282903626339
도보,STORE_01882,체육시설,303.7353336983451,콤마짐 방학역점,도봉구,체육시설,1.0,0.0032923400377025303
도보,STORE_01835,체육시설,539.9077136295533,아이언짐방학점,도봉구,체육시설,1.0,0.0018521683887000912
도보,STORE_01812,체육시설,435.81992120566537,바디복싱짐,도봉구,체육시설,1.0,0.0022945256775632693
도보,STORE_01892,체육시설,436.66178011169706,핏업(FITUP)715,도봉구,체육시설,1.0,0.002290101963456024
도보,STORE_03470,체육용품,430.3583100875506,대림종합자전거,영등포구,체육용품,1.0,0.0023236451500066617
도보,STORE_03459,체육시설,554.8322308435957,그림 필라테스 도림점,영등포구,체육시설,1.0,0.0018023466273391295
도보,STORE_03595,체육시설,413.6765912316371,프라나 헬스클럽,영등포구,체육시설,1.0,0.0024173473220292824
도보,STORE_00587,체육시설,389.8387344755685,한울림탁구 (한울림탁구클럽),강북구,체육시설,1.0,0.002565163262560998
도보,STORE_00443,체육용품,1238.7329082964927,Kevin 스포츠(캐빈스포츠),강북구,체육용품,1.0,0.0008072765269271819
도보,STORE_00522,체육시설,504.4609679475486,세종당구아카데미클럽,강북구,체육시설,1.0,0.001982313922261623
도보,STORE_00582,체육시설,296.02176732146927,피트니스 베네핏,강북구,체육시설,1.0,0.003378129956619153
도보,STORE_00553,문화체험,937.194184789557,위드피아노 수유점,강북구,문화체험,1.0,0.0010670147299564666
도보,STORE_00445,영상,2165.5261826940937,SK브로드밴드(구 티브로드 노원방송),강북구,TV,1.0,0.00046178153281708063
도보,STORE_00474,체육시설,717.7004907847385,뉴힐링라이프 재활운동센터 강북점,강북구,체육시설,1.0,0.0013933388827790732
도보,STORE_00490,영상,1755.90762021253,롯데시네마 수유,강북구,영화,1.0,0.0005695060426236791
도보,STORE_00529,체육시설,705.6868978370705,수유OK탁구클럽,강북구,체육시설,1.0,0.0014170590428488877
도보,STORE_00478,체육용품,2122.5401757186714,달리는 자전거,강북구,체육용품,1.0,0.0004711336027650971
도보,STORE_00442,체육시설,175.2329955437659,DW휘트니스,강북구,체육시설,1.0,0.005706687812400272
도보,STORE_00458,문화체험,428.4717038223879,강북한국문화센터 Cle (강북한국문화센터),강북구,문화체험,1.0,0.0023338764055572843
도보,STORE_00545,체육시설,342.62603768684534,에브리피티,강북구,체육시설,1.0,0.0029186339915998555
도보,STORE_02713,체육시설,617.4492378085139,더블와이짐 헬스 PT 행당점,성동구,체육시설,1.0,0.0016195663364153743
도보,STORE_02747,체육시설,287.9099481886275,슈가복싱 프리미엄 왕십리점,성동구,체육시설,1.0,0.0034733082559024278
도보,STORE_02780,체육시설,458.2831394054242,커브스 행당클럽,성동구,체육시설,1.0,0.0021820571476781764
도보,STORE_02778,도서,1199.4010244910874,차일드북앤토이,성동구,도서,1.0,0.0008337494962740303
도보,STORE_02716,체육시설,161.58675284733684,라인(LINE)볼링장,성동구,체육시설,1.0,0.0061886261242267504
도보,STORE_02793,문화체험,1205.1519491470428,행당제2동 주민자치회,성동구,문화체험,1.0,0.0008297708854951934
도보,STORE_04032,문화체험,42.674683346907734,동림매듭공방(동림),종로구,문화체험,1.0,0.0234330971332787
도보,STORE_04262,문화체험,36.91906288738818,초연한복,종로구,문화체험,1.0,0.027086277976508644
도보,STORE_01456,도서,2799.7799711064677,반도서점,금천구,도서,1.0,0.00035717092425830945
도보,STORE_01484,체육시설,816.588164555171,열매점핑허브다이어트,금천구,체육시설,1.0,0.0012246075113576266
도보,STORE_01470,문화체험,2755.961759408284,시흥4동 주민자치회,금천구,문화체험,1.0,0.00036284973715118026
도보,STORE_01455,체육시설,570.4162316085298,바이올렛필라테스,금천구,체육시설,1.0,0.0017531057929050812
도보,STORE_01502,체육시설,432.2392762767095,짐웨이독산점(주식회사엠케이지컴퍼니),금천구,체육시설,1.0,0.0023135333943133463
도보,STORE_01482,체육시설,461.01771516358355,연세태권도체육관,금천구,체육시설,1.0,0.0021691140429281955
도보,STORE_01465,체육시설,578.7128762178316,성무태권도장,금천구,체육시설,1.0,0.0017279726114536856
도보,STORE_01430,체육시설,502.2080988572241,뉴금천 스크린 골프 (뉴금천휘트니스),금천구,체육시설,1.0,0.0019912064386765223
도보,STORE_01463,체육시설,502.2080988572241,성무태권도장,금천구,체육시설,1.0,0.0019912064386765223
도보,STORE_01492,체육시설,372.70821942450885,위너스볼링장,금천구,체육시설,1.0,0.0026830639837889265
도보,STORE_01493,체육용품,2196.9099009205925,유봉mtb(유봉자전거),금천구,체육용품,1.0,0.00045518480279093846
도보,STORE_01427,음악,1316.6346117002342,기타매니아,금천구,음악,1.0,0.0007595121616229209
도보,STORE_01501,체육시설,395.5432820385155,짐베스트 독산점,금천구,체육시설,1.0,0.0025281683330488883
도보,STORE_01454,체육시설,191.44420679570857,바디채널 독산점,금천구,체육시설,1.0,0.005223453959445777
도보,STORE_02720,체육시설,209.62044500045477,메디앤컬필라테스 옥수점,성동구,체육시설,1.0,0.004770527035174601
도보,STORE_02766,문화체험,450.0663319162696,옥수동 주민센터,성동구,문화체험,1.0,0.0022218947054809695
도보,STORE_02262,체육시설,342.8998707039058,몸의집,마포구,체육시설,1.0,0.002916303228540732
도보,STORE_02298,문화체험,175.803405611605,스탬프마마(블리스크래프트),마포구,문화체험,1.0,0.0056881719470739805
도보,STORE_02325,도서,70.00531825856386,영풍문고 홍대점,마포구,도서,1.0,0.014284629009277712
도보,STORE_02252,영상,148.29592040932744,메가박스 홍대,마포구,영화,1.0,0.0067432738354486965
도보,STORE_02230,영상,114.07682972014733,롯데컬처웍스㈜롯데시네마 홍대입구,마포구,영화,1.0,0.008766022008616427
도보,STORE_02338,영상,124.5793062213239,인디스페이스,마포구,영화,1.0,0.008027015323262674
도보,STORE_02381,체육시설,92.01506923214714,헬스보이짐필라걸 홍대점,마포구,체육시설,1.0,0.010867785117642793
도보,STORE_02182,영상,78.61623095650734,CGV 홍대,마포구,영화,1.0,0.012720019617236898
도보,STORE_02181,영상,131.28065156550136,CGV 연남,마포구,영화,1.0,0.007617268714583265
도보,STORE_02321,체육시설,71.16360232729893,에이블짐 홍대입구역점,마포구,체육시설,1.0,0.014052127313633643
도보,STORE_00027,음악,79.39180950191442,MUSICPLANT(뮤직플랜트),강남구,음악,1.0,0.012595757752263933
도보,STORE_02192,음악,79.39180950191442,MUSICPLANT(주식회사 뮤플컴퍼니),마포구,음악,1.0,0.012595757752263933
도보,STORE_02232,문화체험,39.24235630295982,리슬 홍대점((주)리슬),마포구,문화체험,1.0,0.025482669600157926
도보,STORE_02385,문화체험,25.291854665699404,홍대반지 공방 (홍대반지만들기공방),마포구,문화체험,1.0,0.039538421093182674
도보,STORE_02175,도서,50.58240389865096,(주)좋은생각사람들,마포구,도서,1.0,0.01976972075118538
도보,STORE_02205,문화체험,122.18903935374182,궁울림 얼후 스튜디오,마포구,문화체험,1.0,0.008184040117583401
도보,STORE_02387,도서,50.6346372656763,홍익도서,마포구,도서,1.0,0.019749326824502998
도보,STORE_03247,도서,45.87144169737799,(주)조선뉴스프레스,양천구,도서,1.0,0.021800056047882183
도보,STORE_02973,도서,140.7261998480894,커뮤니케이션북스,성북구,도서,1.0,0.007105997327288566
도보,STORE_03864,문화체험,516.5742308852708,젠트호프16,은평구,문화체험,1.0,0.0019358302064086045
도보,STORE_02274,음악,290.01415877406237,벨루가뮤직(주식회사 아이돌뮤직),마포구,음악,1.0,0.003448107513878511
도보,STORE_02214,체육시설,312.2529731646439,다앤유 재활운동센터,마포구,체육시설,1.0,0.0032025315559532645
도보,STORE_02329,문화체험,656.0201340614907,용강동 주민센터,마포구,문화체험,1.0,0.0015243434584985879
도보,STORE_02238,도서,473.0476241572382,마포문고,마포구,도서,1.0,0.0021139520609189362
도보,STORE_02253,체육시설,211.54870127861636,메디컬필라테스 마마 마포공덕점,마포구,체육시설,1.0,0.0047270439097755
도보,STORE_02365,체육시설,105.47874461815502,클럽스트라이크,마포구,체육시설,1.0,0.009480583065527686
도보,STORE_02675,체육시설,279.4153704998098,한국문화스포츠진흥원,서초구,체육시설,1.0,0.0035789011828920867
도보,STORE_02661,도서,302.20155195401236,책 읽는 정원(밸류가든),서초구,도서,1.0,0.0033090498494599903
도보,STORE_01512,체육시설,235.2103498403742,팩토리짐,금천구,체육시설,1.0,0.004251513594867961
도보,STORE_01417,체육시설,100.69588825551008,PILATES Keming (필라테스 케밍 독산점 평생교육원),금천구,체육시설,1.0,0.009930892088290209
도보,STORE_01446,영상,1239.3963471777142,롯데컬처웍스㈜롯데시네마 독산,금천구,영화,1.0,0.0008068443983049857
도보,STORE_01478,음악,706.539752919369,야마하 예음악기(예음피아노악기),금천구,음악,1.0,0.0014153485290361587
도보,STORE_01515,체육시설,100.69588825551008,피트니스메이트 독산점,금천구,체육시설,1.0,0.009930892088290209
도보,STORE_03628,문화체험,1102.466657265466,남영동 주민자치위원회,용산구,문화체험,1.0,0.0009070569104378884
도보,STORE_03689,도서,1548.4544426505079,자작나무 책방,용산구,도서,1.0,0.0006458052445432544
도보,STORE_01261,체육시설,310.6252400125743,PMF PT센터(피티마스터필),구로구,체육시설,1.0,0.0032193134078850752
도보,STORE_01347,문화체험,227.0675881176326,신도림동 주민자치위원회,구로구,문화체험,1.0,0.00440397508200047
도보,STORE_01406,문화체험,263.8856011796572,해우니,구로구,문화체험,1.0,0.0037895208966675876
도보,STORE_01376,체육시설,103.62732585837747,제니스당구클럽,구로구,체육시설,1.0,0.009649964347884961
도보,STORE_03388,도서,267.98693946385237,진학서점,양천구,도서,1.0,0.0037315251332794364
도보,STORE_03308,문화체험,262.43913254442,바나나음악학원,양천구,문화체험,1.0,0.0038104073516198726
도보,STORE_03111,체육시설,349.45877099690546,서문석헬스짐(서문석헬스GYM),송파구,체육시설,1.0,0.002861567895827274
도보,STORE_03408,체육시설,245.45592191369437,필라테스L,양천구,체육시설,1.0,0.004074051227623726
도보,STORE_03304,체육용품,369.90616961722975,목동테니스샵 매점,양천구,체육용품,1.0,0.0027033882701517973
도보,STORE_03403,문화체험,437.1744222397919,풀잎문화센터 목동지부,양천구,문화체험,1.0,0.002287416530172701
도보,STORE_03390,도서,511.6067795714667,창조기독교백화점,양천구,도서,1.0,0.0019546261698049085
도보,STORE_03889,체육시설,672.9366193642961,하나태권도,은평구,체육시설,1.0,0.001486024049255443
도보,STORE_03855,문화체험,1529.6083854927901,응암3동 주민자치위원회,은평구,문화체험,1.0,0.0006537621063562832
도보,STORE_03773,도서,1255.3422910335619,모아북,은평구,도서,1.0,0.0007965954840704596
도보,STORE_02481,체육시설,585.9667064962366,피트니스써밋,서대문구,체육시설,1.0,0.0017065816008207328
도보,STORE_03825,체육시설,255.9632243961667,어라운드짐 새절역점,은평구,체육시설,1.0,0.003906811231805126
도보,STORE_03877,도서,723.8505942240533,충암서적,은평구,도서,1.0,0.0013815005582360138
도보,STORE_03769,체육시설,460.00987954672837,마젤필라테스,은평구,체육시설,1.0,0.0021738663547516673
도보,STORE_03891,문화체험,1490.7351920100255,한국문화센터 은평지부,은평구,문화체험,1.0,0.0006708099502579361
도보,STORE_02769,체육시설,73.51893396638573,온느필라테스,성동구,체육시설,1.0,0.013601938249774122
도보,STORE_02708,체육시설,85.65962562492489,뉴바디필라테스((주)에스포텍),성동구,체육시설,1.0,0.011674111259587668
도보,STORE_02772,체육시설,151.62859457316574,유니온스타볼링클럽,성동구,체육시설,1.0,0.006595062117504937
도보,STORE_02582,도서,170.07323930493538,뷸라육일공삼x책방애지,서초구,도서,1.0,0.0058798198004980365
도보,STORE_01214,문화체험,1304.4221858898036,자양2동주민자치위원회,광진구,문화체험,1.0,0.0007666229621185538
도보,STORE_01237,체육시설,196.4397164984017,태초골프스쿨,광진구,체육시설,1.0,0.0050906202565616935
도보,STORE_01114,체육시설,246.13335395497313,광진문화예술회관(광진구시설관리공단),광진구,체육시설,1.0,0.004062838229486512
도보,STORE_01107,문화체험,554.1519551536647,감성공업,광진구,문화체험,1.0,0.001804559183992598
도보,STORE_01117,도서,204.26769325099238,교보문고 건대점,광진구,도서,1.0,0.004895536754171192
도보,STORE_01241,문화체험,179.1513194985799,풀잎문화센터 건대점,광진구,문화체험,1.0,0.005581873484375463
도보,STORE_03128,체육시설,140.9891334911092,슈나이더 GYM,송파구,체육시설,1.0,0.007092745201268013
도보,STORE_03015,체육시설,145.1856864282596,More 댄스 뮤직아카데미 (모어댄스뮤직학원),송파구,체육시설,1.0,0.006887731322564835
도보,STORE_03130,체육시설,241.75860135058718,스타당구클럽,송파구,체육시설,1.0,0.004136357483926068
도보,STORE_03212,체육시설,8.524319032233155,퍼플필라테스((주)퍼플필라테스),송파구,체육시설,1.0,0.11731142349537631
도보,STORE_01678,체육용품,1371.7167049740292,에스바이크 SBike,노원구,체육용품,1.0,0.0007290135028419976
도보,STORE_01871,체육시설,300.9981067929998,창동문화체육센터(도봉구청),도봉구,체육시설,1.0,0.0033222800324379203
도보,STORE_01887,체육용품,716.1378514761972,파워MTB 도봉점,도봉구,체육용품,1.0,0.001396379199812814
도보,STORE_01789,문화체험,930.7574372988056,도봉서원종합사회복지관,도봉구,문화체험,1.0,0.0010743937785790319
도보,STORE_01794,문화체험,930.7574372988056,도봉제2동 주민센터,도봉구,문화체험,1.0,0.0010743937785790319
도보,STORE_01877,도서,811.7929316401758,책방스콜레,도봉구,도서,1.0,0.0012318412257908723
도보,STORE_01783,체육시설,330.674826318323,나드짐 방학본점,도봉구,체육시설,1.0,0.0030241189241220112
도보,STORE_01825,체육시설,240.22168923434995,서원휘트니스(서원헬스),도봉구,체육시설,1.0,0.004162821447086083
도보,STORE_01891,체육시설,703.7018509877812,필라테스인 도봉점,도봉구,체육시설,1.0,0.0014210563729458823
도보,STORE_01800,체육용품,1080.6673872940382,레스포 도봉대리점(자전거종합할인매장),도봉구,체육용품,1.0,0.0009253541022496966
도보,STORE_01787,체육시설,247.46931325864367,도봉동 실내스포츠센터(도봉구청),도봉구,체육시설,1.0,0.004040905059427896
도보,STORE_01795,문화체험,878.9542954892967,도희정원(도봉지역자활센터),도봉구,문화체험,1.0,0.001137715584452909
도보,STORE_01848,체육용품,1065.729232318257,우리동네 자전거포(도봉지역자활센터),도봉구,체육용품,1.0,0.0009383246416397178
도보,STORE_01895,문화체험,878.9542954892967,함께 꿈꾸는 목공방(도봉지역자활센터),도봉구,문화체험,1.0,0.001137715584452909
도보,STORE_01893,체육시설,136.83364276524324,하이엔드짐 헬스 PT,도봉구,체육시설,1.0,0.0073081442530594344
도보,STORE_01821,체육용품,969.8039189051417,삼천리자전거 도봉산점(영광자전차),도봉구,체육용품,1.0,0.0010311362745666652
도보,STORE_02972,도서,647.4496628370702,캣툰 석계역점,성북구,도서,1.0,0.0015445216167355525
도보,STORE_02841,도서,481.11711754163287,다온책방,성북구,도서,1.0,0.0020784959909755573
도보,STORE_02812,체육용품,760.8902788591123,YB BIKE,성북구,체육용품,1.0,0.0013142499356141224
도보,STORE_02804,체육시설,312.45673500137303,4구3구 당구클럽,성북구,체육시설,1.0,0.003200443094931545
도보,STORE_02814,문화체험,982.2978909934367,가죽공방 만듦,성북구,문화체험,1.0,0.0010180211208523115
도보,STORE_02928,체육시설,766.1596816633053,우리들 당구장,성북구,체육시설,1.0,0.0013052109422268681
도보,STORE_01623,체육시설,466.61184363048756,블랙홀볼링센터,노원구,체육시설,1.0,0.0021431089108657634
도보,STORE_02913,체육시설,160.7282781956462,아크로짐 돌곶이점 24시 헬스PT,성북구,체육시설,1.0,0.006221680535784449
도보,STORE_02985,문화체험,350.22107401681757,한국문화센터 성북지부,성북구,문화체험,1.0,0.002855339310483584
도보,STORE_02857,도서,1003.198606100675,모과나무 책방(나무바람),성북구,도서,1.0,0.0009968115923594555
도보,STORE_01586,도서,1144.4541478398191,땡땡섬,노원구,도서,1.0,0.0008737789992613689
도보,STORE_02967,체육용품,648.7403725358906,철수네자전거,성북구,체육용품,1.0,0.0015414486940146098
도보,STORE_02884,문화체험,513.6728185181511,석관동 주민자치회,성북구,문화체험,1.0,0.001946764484998079
도보,STORE_02877,체육용품,797.5772735969317,삼천리자전거 돌곶이점,성북구,체육용품,1.0,0.0012537970088969282
도보,STORE_02809,체육시설,205.07023313117267,GYM WOOK 짐욱 PT,성북구,체육시설,1.0,0.004876378130220159
도보,STORE_02873,체육시설,202.5784260505411,빌리우스 당구장(빌리우스 당구클럽),성북구,체육시설,1.0,0.00493635980640165
도보,STORE_02974,체육시설,206.32494715952723,커브스 석관클럽,성북구,체육시설,1.0,0.004846723645235278
도보,STORE_02810,체육시설,184.0892496375631,J.J볼링센타(제이제이(J.J)볼링센타),성북구,체육시설,1.0,0.005432147732520018
도보,STORE_02860,체육시설,198.67174032569838,무브짐 앤 무브맥스pt 돌곶이점,성북구,체육시설,1.0,0.005033428500503497
도보,STORE_02987,문화체험,425.7027050145817,한국올아트디자인교육센터,성북구,문화체험,1.0,0.0023490571899601785
도보,STORE_04447,도서,17.85329884841557,영락서점,중구,도서,1.0,0.05601205740690031
도보,STORE_04349,도서,30.527891640089837,Separate Spaces (세퍼럿 스페이시즈),중구,도서,1.0,0.03275692968874339
도보,STORE_04432,문화체험,101.93112729734818,아라우나,중구,문화체험,1.0,0.009810545870672576
도보,STORE_04400,도서,32.52824917187179,문향서점,중구,도서,1.0,0.030742509217641253
도보,STORE_04448,도서,6.035383425295874,예수의성모,중구,도서,1.0,0.16568955599552102
도보,STORE_04395,도서,6.917206119479558,명동문고(주식회사 아트앤오피스),중구,도서,1.0,0.1445670380103172
도보,STORE_04466,도서,4.3451115289683235,인터파크 명동북앤샵(주식회사 인터미디어),중구,도서,1.0,0.23014368983008218
도보,STORE_02508,음악,33.90479498518191,(주)대한음악사,서초구,음악,1.0,0.029494353245228293
도보,STORE_04403,도서,53.37710302183292,바오로딸 명동가톨릭회관((재)천주교성바오로딸수도회),중구,도서,1.0,0.018734624837001147
도보,STORE_04468,음악,341.36786386200407,장안레코드,중구,음악,1.0,0.0029293911520747134
도보,STORE_04383,음악,594.5415346412041,동아DVD (동아비디오음반),중구,음악,1.0,0.001681968275948094
도보,STORE_04518,문화체험,739.7762408698114,황학동 주민자치위원회,중구,문화체험,1.0,0.0013517600927872779
도보,STORE_04033,체육용품,1501.9708655289803,동묘낚시,종로구,체육용품,1.0,0.0006657918758283032
도보,STORE_04156,음악,327.15027881689804,애플큐브,종로구,음악,1.0,0.0030566992136347457
도보,STORE_04180,음악,532.6321323403712,와이에스 예음레코드,종로구,음악,1.0,0.0018774684050810585
도보,STORE_04258,도서,344.8174864100962,책읽는마을,종로구,도서,1.0,0.0029000849417789858
도보,STORE_04260,도서,344.8174864100962,청계천서점,종로구,도서,1.0,0.0029000849417789858
도보,STORE_04478,체육시설,392.86603318207045,주식회사 베네치아스포빌,중구,체육시설,1.0,0.002545396943330447
도보,STORE_03936,음악,256.02216748138295,LP사구팔구,종로구,음악,1.0,0.003905911780364552
도보,STORE_03057,체육시설,598.0662384791372,라이프당구장,송파구,체육시설,1.0,0.0016720555946160198
도보,STORE_03014,체육용품,2964.044955385975,M Station 서울송파점(주식회사 전동포),송파구,체육용품,1.0,0.0003373767992900705
도보,STORE_02379,도서,359.4724772399439,한우리문고 공덕점,마포구,도서,1.0,0.0027818541427095437
도보,STORE_02373,문화체험,822.2765480866636,풀잎문화센터 마포공덕지부,마포구,문화체험,1.0,0.0012161358636907217
도보,STORE_02371,도서,788.3222748749066,푸르넷(금성출판사),마포구,도서,1.0,0.0012685167372172542
도보,STORE_02283,체육용품,535.4123290045422,삼천리자전거 마포점,마포구,체육용품,1.0,0.0018677194114286382
도보,STORE_02335,도서,117.02326912775821,이루리북스,마포구,도서,1.0,0.00854530904369341
도보,STORE_02235,문화체험,484.630065563986,마포구 도화동 주민자치회,마포구,문화체험,1.0,0.002063429553913983
도보,STORE_02250,체육시설,97.40976421472652,머슬마인드 헬스PT 마포공덕점,마포구,체육시설,1.0,0.01026591130839447
도보,STORE_02291,도서,375.77277397139915,서점극장 라블레(라블레문고),마포구,도서,1.0,0.002661182686098786
도보,STORE_01813,체육시설,1051.192909814763,바디크러쉬 신창점,도봉구,체육시설,1.0,0.0009513001758889489
도보,STORE_01802,체육시설,1014.0766070793561,루나필라테스,도봉구,체육시설,1.0,0.0009861187932143527
도보,STORE_01881,문화체험,1622.8542728505765,캔들 라 부이(CANDLE la buee),도봉구,문화체험,1.0,0.0006161982728390515
도보,STORE_01874,문화체험,1474.2245009621938,창제3동 주민센터,도봉구,문화체험,1.0,0.0006783227380547007
도보,STORE_01851,체육시설,422.51812604912993,워라맬피트니스24시 쌍문역점,도봉구,체육시설,1.0,0.002366762366743341
도보,STORE_01861,체육시설,416.7169670543421,잔 필라테스,도봉구,체육시설,1.0,0.002399710304739271
도보,STORE_01856,체육시설,304.8044864829349,은성복싱체육관,도봉구,체육시설,1.0,0.0032807916036235478
도보,STORE_01781,체육시설,365.7393305400986,글램피트니스,도봉구,체육시설,1.0,0.0027341877575027796
도보,STORE_04415,문화체험,711.779098053294,서울중구장애인복지관,중구,문화체험,1.0,0.0014049302694262675
도보,STORE_00087,영상,92.49219199004384,롯데컬처웍스㈜롯데시네마 도곡,강남구,영화,1.0,0.010811723438316212
도보,STORE_00095,체육시설,108.54244112984264,매봉산실내배드민턴장(강남구도시관리공단),강남구,체육시설,1.0,0.00921298608720032
도보,STORE_00074,문화체험,81.39284074116529,도곡2문화센터(강남구청),강남구,문화체험,1.0,0.01228609286632552
도보,STORE_04608,체육시설,317.83742032825404,시너지휘트니스 사가정2호점,중랑구,체육시설,1.0,0.003146262636310182
도보,STORE_04627,체육시설,234.006623656343,에이블짐 사가정역점,중랑구,체육시설,1.0,0.004273383310160391
도보,STORE_04674,체육시설,272.8273502772871,커브스 면목클럽,중랑구,체육시설,1.0,0.0036653216731520996
도보,STORE_04633,음악,4044.037941748987,예랑음악사,중랑구,음악,1.0,0.00024727760085443577
도보,STORE_04585,도서,1985.6969612704831,사가정문고,중랑구,도서,1.0,0.000503601515993751
도보,STORE_04651,체육시설,379.71861892222466,이브필라테스,중랑구,체육시설,1.0,0.002633529013769071
도보,STORE_04588,체육시설,267.6028716300716,삼보아레나볼,중랑구,체육시설,1.0,0.0037368806766108933
도보,STORE_04630,체육시설,267.6028716300716,연탁구클럽,중랑구,체육시설,1.0,0.0037368806766108933
도보,STORE_04688,체육시설,287.5451830143208,피트니스 에이치 사가정점,중랑구,체육시설,1.0,0.0034777143178579915
도보,STORE_04567,문화체험,1141.876592132243,면목제7동 주민센터,중랑구,문화체험,1.0,0.0008757513788181656
도보,STORE_04538,도서,1753.9792363613712,놀숲 사가정점,중랑구,도서,1.0,0.0005701321767494234
도보,STORE_04678,체육시설,477.0125110749314,콜당구장,중랑구,체육시설,1.0,0.0020963810734157353
도보,STORE_04618,체육시설,393.4389357334455,아미고발레학원,중랑구,체육시설,1.0,0.002541690486570193
도보,STORE_04529,체육시설,395.13703218012574,SURYA YOGA(수리야요가),중랑구,체육시설,1.0,0.002530767603538976
도보,STORE_04628,체육시설,608.1420559249808,에이스탁구장,중랑구,체육시설,1.0,0.0016443526479664448
도보,STORE_04590,체육용품,3024.6313929428557,삼천리자전거 면목점,중랑구,체육용품,1.0,0.0003306187994785826
도보,STORE_04629,문화체험,1142.6523203706204,에이치위드,중랑구,문화체험,1.0,0.0008751568453260123
도보,STORE_04550,체육시설,404.6501146720899,르엘필라테스,중랑구,체육시설,1.0,0.0024712707688476863
도보,STORE_04584,체육시설,522.1484388289437,사가정 탁구클럽,중랑구,체육시설,1.0,0.0019151642054944474
도보,STORE_04563,문화체험,2419.9779303115447,면목본동 자치회관(면목본동 주민자치회),중랑구,문화체험,1.0,0.0004132269090037781
도보,STORE_04697,체육시설,1093.2157252880345,한판 당구장,중랑구,체육시설,1.0,0.0009147325425972312
도보,STORE_04582,문화체험,1131.467196221154,비비아나(Atelier),중랑구,문화체험,1.0,0.0008838082123280067
도보,STORE_04632,체육용품,1890.3688777827022,영바이크,중랑구,체육용품,1.0,0.0005289972828863669
도보,STORE_00333,체육용품,479.0627979945925,삼천리자전거 둔촌길동대리점,강동구,체육용품,1.0,0.0020874090081427856
도보,STORE_00326,체육용품,462.7306657681876,비트로 강동점(다산스포츠),강동구,체육용품,1.0,0.002161084349877443
도보,STORE_00260,체육시설,639.3415729899212,공존필라테스PT,강동구,체육시설,1.0,0.0015641091432916474
도보,STORE_00392,체육용품,762.0933746384925,자전거존,강동구,체육용품,1.0,0.001312175165509556
도보,STORE_00266,도서,578.1579921990598,금성서적,강동구,도서,1.0,0.0017296310238598242
도보,STORE_00356,체육용품,793.4717753175744,스마트자전거 길동역점,강동구,체육용품,1.0,0.0012602842736274594
도보,STORE_00275,체육시설,601.6112513233178,뉴힐링라이프 재활운동센터 강동점,강동구,체육시설,1.0,0.0016622029554805985
도보,STORE_00363,도서,794.4234972848691,아운트(주식회사엘엘엘프로젝트),강동구,도서,1.0,0.0012587744489151408
도보,STORE_00278,체육시설,1262.630185921493,달려라휘트니스,강동구,체육시설,1.0,0.0007919975390657874
도보,STORE_00304,체육용품,1314.320667523499,명일MTB 명일점(알톤스포츠),강동구,체육용품,1.0,0.0007608493305398934
도보,STORE_00236,영상,2819.010351332154,CGV 천호,강동구,영화,1.0,0.0003547344193069171
도보,STORE_00425,도서,1501.5147371718297,한국파스칼교육연구원,강동구,도서,1.0,0.000665994129290762
도보,STORE_00396,문화체험,1879.4494370745867,존아저씨 금속공예공방,강동구,문화체험,1.0,0.0005320707119189791
도보,STORE_00317,도서,273.54420354434114,병아리서점,강동구,도서,1.0,0.00365571628659242
도보,STORE_00379,체육시설,251.22310604775987,에스엘빌리어드(에스엘(SL)빌리어드),강동구,체육시설,1.0,0.003980525580357607
도보,STORE_00334,체육용품,199.7639357158752,삼천리자전거 명일점,강동구,체육용품,1.0,0.005005908581127991
도보,STORE_00343,체육시설,403.95091629694804,서울장애인복지관 수중재활센터,강동구,체육시설,1.0,0.0024755482897949187
도보,STORE_02264,도서,164.52510867941749,무슨서점,마포구,도서,1.0,0.006078099616688493
도보,STORE_02356,도서,165.29517779289037,책방서로,마포구,도서,1.0,0.006049783262600488
도보,STORE_02398,체육시설,522.3071757102424,경희대mta태권도,서대문구,체육시설,1.0,0.001914582158746302
도보,STORE_02345,도서,1474.262476276774,조은이책,마포구,도서,1.0,0.0006783052652370858
도보,STORE_02185,체육용품,851.024474239099,IM SPORTS (아이엠스포츠),마포구,체육용품,1.0,0.0011750543377663726
도보,STORE_02201,도서,138.39782230234616,곰곰(그림책방곰곰),마포구,도서,1.0,0.007225547218621573
도보,STORE_02404,문화체험,1208.1785148787742,남가좌2동 주민자치센터,서대문구,문화체험,1.0,0.0008276922554779396
도보,STORE_02440,체육용품,1197.5955893717032,삼천리자전거 모래내점,서대문구,체육용품,1.0,0.0008350064152496017
도보,STORE_02453,체육시설,477.68953307165964,스타칼리휘트니스 홍제2호점,서대문구,체육시설,1.0,0.0020934099049015314
도보,STORE_02496,문화체험,1248.8663390191066,홍제2동 주민센터,서대문구,문화체험,1.0,0.0008007262016409435
도보,STORE_02402,체육시설,479.9892171769935,국가대표나래태권도,서대문구,체육시설,1.0,0.002083380134831769
도보,STORE_02451,체육시설,222.75153793021585,수호복싱클럽,서대문구,체육시설,1.0,0.004489306827202614
도보,STORE_02498,도서,1098.8875029640226,홍제문고,서대문구,도서,1.0,0.0009100112589347919
도보,STORE_02426,체육시설,144.87813558500747,민하요가 홍제점,서대문구,체육시설,1.0,0.006902352766772378
도보,STORE_03456,체육용품,838.7741289765108,광천MTB(광천자전차),영등포구,체육용품,1.0,0.0011922160751670061
도보,STORE_03555,체육시설,315.53328595776395,옐로줌바 신도림점,영등포구,체육시설,1.0,0.0031692377460736617
도보,STORE_03578,체육시설,322.68224700656305,짐야드,영등포구,체육시설,1.0,0.0030990239137006536
도보,STORE_03554,문화체험,1161.8755441932976,예종미술교습소,영등포구,문화체험,1.0,0.0008606773806348687
도보,STORE_03550,체육시설,303.9048489432052,영등포구 스포츠클럽,영등포구,체육시설,1.0,0.0032905036016285596
도보,STORE_01285,체육시설,329.63805481616384,구민생활체육관,구로구,체육시설,1.0,0.003033630326928397
도보,STORE_03272,음악,2721.9151032024192,다온종합악기,양천구,음악,1.0,0.00036738838725111904
도보,STORE_04696,체육시설,425.12533150078224,한체대임병문태권도,중랑구,체육시설,1.0,0.0023522475042119665
도보,STORE_04631,도서,1846.8479668812824,열린문고,중랑구,도서,1.0,0.0005414630862597046
도보,STORE_04700,체육시설,341.68154650036143,휴인필라테스 평생교육원,중랑구,체육시설,1.0,0.002926701808284347
도보,STORE_04573,문화체험,873.9845130639587,묵제1동 주민센터,중랑구,문화체험,1.0,0.0011441850342339183
도보,STORE_04541,체육시설,397.66185771587686,도담태권스쿨,중랑구,체육시설,1.0,0.002514699311983007
도보,STORE_04653,문화체험,803.5615624223069,이윤옥한복연구실,중랑구,문화체험,1.0,0.0012444597237647064
도보,STORE_04547,영상,2037.1228275855926,롯데시네마 중랑,중랑구,영화,1.0,0.0004908884169665923
도보,STORE_04548,체육시설,389.92279005075824,룩스필라테스 먹골역점,중랑구,체육시설,1.0,0.0025646102908471313
도보,STORE_04672,문화체험,717.1838540224962,착한실용음악학원,중랑구,문화체험,1.0,0.0013943426004242316
도보,STORE_04530,체육용품,1681.3857139468757,VELO STORY (벨로스토리),중랑구,체육용품,1.0,0.000594747529793509
도보,STORE_04571,체육시설,702.8517751007057,묵2동 문화체육복합센터(중랑구시설관리공단),중랑구,체육시설,1.0,0.0014227750934494238
도보,STORE_03406,체육시설,588.4687925999186,피플당구장,양천구,체육시설,1.0,0.0016993254571442814
도보,STORE_03303,음악,735.7885959308069,목동악기사(목동악기),양천구,음악,1.0,0.001359086027604102
도보,STORE_03310,체육용품,827.5404693222803,바이시클테크 양천센터,양천구,체육용품,1.0,0.0012084001170588753
도보,STORE_03351,도서,272.2420659598582,쌈북서점,양천구,도서,1.0,0.003673201628389967
도보,STORE_03307,체육시설,311.11562292365693,미진수영장,양천구,체육시설,1.0,0.0032142391005718952
도보,STORE_03299,도서,326.2280083647377,목동문고,양천구,도서,1.0,0.003065340725992952
도보,STORE_03257,체육시설,163.70702142224812,가자 스크린 파크골프,양천구,체육시설,1.0,0.006108473487039438
도보,STORE_03284,체육용품,817.2091531902598,매너바이크,양천구,체육용품,1.0,0.0012236769449976823
도보,STORE_00546,문화체험,1159.7264237244178,여니랑,강북구,문화체험,1.0,0.0008622723252166124
도보,STORE_00493,문화체험,1534.6268740063344,리우공방 (RiUATELIER),강북구,문화체험,1.0,0.0006516241940878928
도보,STORE_00557,체육시설,1093.959984523401,이호준탁구클럽,강북구,체육시설,1.0,0.000914110218058537
도보,STORE_00448,체육용품,2377.679512842557,YONEX(모용철스포츠),강북구,체육용품,1.0,0.0004205781286328546
도보,STORE_00526,문화체험,1637.6164899479065,수유1동주민자치위원회,강북구,문화체험,1.0,0.0006106435823883347
도보,STORE_00520,도서,3182.5668668474723,"서점 오,늘(서울강북지역자활센터 서점 오,늘)",강북구,도서,1.0,0.0003142117799367909
도보,STORE_00497,체육시설,1385.6589996011155,미르 태권도,강북구,체육시설,1.0,0.0007216782774750976
도보,STORE_00113,체육시설,31.448852142001133,삼성당구장(대치동),강남구,체육시설,1.0,0.031797662931692894
도보,STORE_01608,체육용품,62.56811579123073,미르스포츠(주식회사 아워홀딩스),노원구,체육용품,1.0,0.015982581341216537
도보,STORE_01621,체육시설,45.31374187602216,불암산배드민턴장(서울특별시노원구서비스공단),노원구,체육시설,1.0,0.022068360691465023
도보,STORE_01687,체육용품,62.56811579123073,요코하마 배드민턴,노원구,체육용품,1.0,0.015982581341216537
도보,STORE_01598,체육시설,207.90606489666501,마린스포츠센터,노원구,체육시설,1.0,0.004809864495761714
도보,STORE_01553,도서,562.8041260483876,그랜드문고,노원구,도서,1.0,0.001776817108682718
도보,STORE_00932,문화체험,1055.4000579110436,깜짱이만화가네,관악구,문화체험,1.0,0.0009475080018275751
도보,STORE_01002,체육시설,859.4666361851253,성무태권도장,관악구,체육시설,1.0,0.0011635122969271428
도보,STORE_01042,문화체험,897.7445936654497,위드피아노 신림점(신림위드피아노학원),관악구,문화체험,1.0,0.0011139025587634521
도보,STORE_00944,체육용품,2119.4597746636755,노아스포츠용품,관악구,체육용품,1.0,0.00047181834350155764
도보,STORE_01024,도서,1319.1523801294063,에덴서점,관악구,도서,1.0,0.0007580625370223734
도보,STORE_00961,체육시설,985.2748663677621,라이프짐 PT 서원역점 (라이프짐 서원역점),관악구,체육시설,1.0,0.0010149452037546867
도보,STORE_01043,문화체험,600.1303380780604,유림실용음악학원,관악구,문화체험,1.0,0.001666304695080967
도보,STORE_01063,도서,494.85863799441336,코믹존,관악구,도서,1.0,0.002020779113915941
도보,STORE_01017,도서,605.954154248654,알라딘 중고서점 신림점,관악구,도서,1.0,0.0016502898659716899
도보,STORE_00990,체육시설,382.45894208704584,빌리 당구장,관악구,체육시설,1.0,0.0026146597450254013
도보,STORE_00945,도서,502.75978718358397,놀숲 신림역점,관악구,도서,1.0,0.0019890214481987746
도보,STORE_01001,문화체험,494.58716088303987,서원동 주민자치회,관악구,문화체험,1.0,0.002021888312293817
도보,STORE_00979,체육시설,343.99943320016183,바운드짐 신림역점,관악구,체육시설,1.0,0.002906981533943788
도보,STORE_00966,영상,2344.591337958964,롯데컬처웍스㈜롯데시네마 신림,관악구,영화,1.0,0.0004265135607259087
도보,STORE_01028,도서,538.9784621631002,영풍문고 신림 타임스트림점,관악구,도서,1.0,0.0018553617077511164
도보,STORE_01051,체육시설,286.1632973106148,자마이카휘트니스 신림역점(자마이카 짐),관악구,체육시설,1.0,0.0034945082384711065
도보,STORE_02827,체육시설,244.51266059379572,그라시아 필라테스 (Gracia Pilates),성북구,체육시설,1.0,0.004089767775507057
도보,STORE_02863,체육시설,211.3520388436571,물빛수영장(성북구도시관리공단),성북구,체육시설,1.0,0.004731442409882439
도보,STORE_02994,도서,585.1817529747444,햇살속으로,성북구,도서,1.0,0.0017088707823108738
도보,STORE_02937,체육시설,346.7014678655525,위드율 필라테스 길음역점,성북구,체육시설,1.0,0.0028843258327010905
도보,STORE_02897,도서,680.4045440517256,세화 영어서점(Sehwas English Bookstore),성북구,도서,1.0,0.001469713876461087
도보,STORE_02845,문화체험,992.0362193707554,돈암1동주민센터,성북구,문화체험,1.0,0.0010080277115630878
도보,STORE_02920,체육시설,304.0366816895387,엣지당구장,성북구,체육시설,1.0,0.0032890768128469813
도보,STORE_02803,체육시설,325.93485086139174,369당구클럽,성북구,체육시설,1.0,0.003068097803463379
도보,STORE_02907,도서,408.2466262283089,시대문구사,성북구,도서,1.0,0.0024494997282372088
도보,STORE_02992,문화체험,293.61528282088886,해누리,성북구,문화체험,1.0,0.003405817266705493
도보,STORE_02957,문화체험,452.2875358007047,정릉제1동 주민자치회,성북구,문화체험,1.0,0.0022109828833325146
도보,STORE_02554,도서,112.21132018967245,두란노서원 양재지점,서초구,도서,1.0,0.008911756837988229
도보,STORE_02662,체육시설,470.92510604602955,캐넌24시,서초구,체육시설,1.0,0.0021234799061705945
도보,STORE_00327,체육시설,280.60047289909284,빅뱅당구장,강동구,체육시설,1.0,0.0035637858684565067
도보,STORE_00391,체육용품,401.09964556760013,자전거보호구역8142,강동구,체육용품,1.0,0.002493146057471305
도보,STORE_00261,체육시설,341.1725302212384,광나루 자연형 물놀이장(주식회사 중앙출판사),강동구,체육시설,1.0,0.0029310683346972137
도보,STORE_00338,체육용품,400.92579575822697,삼천리자전거 천호MTB점,강동구,체육용품,1.0,0.0024942271377395653
도보,STORE_00287,체육용품,302.700059972707,디케이레이싱(DK RACING),강동구,체육용품,1.0,0.0033036002704795145
도보,STORE_02593,체육용품,39.759994118325,삼천리자전거 잠원반포점,서초구,체육용품,1.0,0.025150909153155775
도보,STORE_02594,도서,17.740868416017435,생각주머니서점,서초구,도서,1.0,0.05636702649218371
도보,STORE_02595,도서,17.740868416017435,생명의말씀사 강남점 (재단법인 팀선교회 생명의말씀사),서초구,도서,1.0,0.05636702649218371
도보,STORE_02683,도서,15.789841397998458,호산나서점(부광),서초구,도서,1.0,0.06333185842682126
도보,STORE_02568,영상,53.451745074075674,메가박스 센트럴,서초구,영화,1.0,0.018708463093471652
도보,STORE_03617,체육시설,1389.9004232400703,Y퍼스널 트레이님(와이짐),용산구,체육시설,1.0,0.000719476002222409
도보,STORE_03648,문화체험,1104.488552338739,보광동 주민센터,용산구,문화체험,1.0,0.000905396437004724
도보,STORE_03671,도서,586.324514630317,와룡서적문구,용산구,도서,1.0,0.001705540148923347
도보,STORE_03626,도서,598.4401670613079,그린서적,용산구,도서,1.0,0.0016710108295547512
도보,STORE_03702,체육용품,1149.4224789598425,트윅스자전거(트윅스바이시클),용산구,체육용품,1.0,0.000870002125680489
도보,STORE_04391,음악,97.02715863843828,마인레코드 ,중구,음악,1.0,0.010306392705225936
도보,STORE_04406,음악,97.00197268169201,베토벤,중구,음악,1.0,0.010309068695762084
도보,STORE_04494,음악,97.0306743881192,코디드바이닐즈 회현,중구,음악,1.0,0.010306019269741815
도보,STORE_04379,음악,116.63420978392894,더디스크,중구,음악,1.0,0.008573813822312966
도보,STORE_04404,문화체험,36.11324208558879,반지대학 명동캠퍼스,중구,문화체험,1.0,0.02769067362132674
도보,STORE_04408,음악,20.08063153701163,부루의뜨락,중구,음악,1.0,0.04979923057483771
도보,STORE_04414,문화체험,75.47898115188157,서울애니메이션센터(재단법인 서울산업진흥원),중구,문화체험,1.0,0.01324872149489887
도보,STORE_04341,영상,154.0233394252752,CGV 명동역 씨네라이브러리,중구,영화,1.0,0.006492522521141366
도보,STORE_04483,음악,15.098766303685249,주식회사뮤직코리아명동지점,중구,음악,1.0,0.06623057671645158
도보,STORE_04412,음악,15.748939291785767,새로나,중구,음악,1.0,0.06349633975169196
도보,STORE_04340,영상,27.564559684599732,CGV 명동,중구,영화,1.0,0.03627846812872176
도보,STORE_04512,도서,62.00750817199967,한양문고 명동눈스퀘어점,중구,도서,1.0,0.016127079276047472
도보,STORE_04393,음악,39.252676170837084,"명동CD,DVD",중구,음악,1.0,0.025475969986040178
도보,STORE_04504,음악,44.3588469046527,"피플 (명동CD,DVD)",중구,음악,1.0,0.022543417373978497
도보,STORE_04389,영상,7.936937540566768,롯데컬처웍스㈜롯데시네마 에비뉴엘,중구,영화,1.0,0.1259931799751307
도보,STORE_04474,문화체험,210.53863797442602,제이미니팅룸,중구,문화체험,1.0,0.004749721996973635
도보,STORE_04397,문화체험,53.47741687419369,명동주민자치위원회,중구,문화체험,1.0,0.01869948210760652
도보,STORE_04399,체육용품,159.6208024318211,무지개수영복(주식회사무지개수영복),중구,체육용품,1.0,0.006264847593578102
도보,STORE_04520,체육시설,458.2800318613143,회현체육센터,중구,체육시설,1.0,0.0021820719439563587
도보,STORE_04519,문화체험,227.74484741757018,회현동주민자치위원회,중구,문화체험,1.0,0.004390878701929533
도보,STORE_02657,도서,130.90057073233663,진영문고,서초구,도서,1.0,0.007639386095915379
도보,STORE_02501,도서,205.80225426051763,(사)기독교문서선교회,서초구,도서,1.0,0.004859033267605204
도보,STORE_02597,음악,251.751373712611,서울음악사,서초구,음악,1.0,0.003972172962764282
도보,STORE_02560,체육시설,238.3066167145133,로얄볼링센터,서초구,체육시설,1.0,0.004196274588539774
도보,STORE_02658,체육시설,254.8282745909805,짐플러스 헬스PT 방배,서초구,체육시설,1.0,0.003924211320761321
도보,STORE_02581,도서,142.1285550868773,북메카,서초구,도서,1.0,0.00703588381229051
도보,STORE_02579,도서,123.29322906470871,백석대학교구내서점,서초구,도서,1.0,0.008110745477151581
도보,STORE_02572,체육용품,542.5652021739975,바이크매니아,서초구,체육용품,1.0,0.0018430964536485439
도보,STORE_02629,체육시설,314.9481987684119,영자피트니스 이수방배본점,서초구,체육시설,1.0,0.003175125318736372
도보,STORE_02590,체육용품,479.2554879823856,삼천리자전거 서초방배점,서초구,체육용품,1.0,0.0020865697421846813
도보,STORE_03081,체육시설,115.2530283502314,바디컬 필라테스,송파구,체육시설,1.0,0.008676561599415815
도보,STORE_01763,체육시설,249.08735521945584,헬린 피트니스 마들역점,노원구,체육시설,1.0,0.004014655818714524
도보,STORE_01792,문화체험,1119.7938959395292,도봉여성센터,도봉구,문화체험,1.0,0.000893021477993484
도보,STORE_01768,체육시설,291.1443585311416,BF 바디페이스 피트니스 (바디페이스),도봉구,체육시설,1.0,0.0034347222286741893
도보,STORE_01817,체육시설,281.84710415524376,볼링스테이션2 쌍문점,도봉구,체육시설,1.0,0.0035480229715228566
도보,STORE_01770,체육시설,350.5557458533208,GYM90 (주식회사짐구컴퍼니),도봉구,체육시설,1.0,0.0028526133484584764
도보,STORE_01775,체육시설,350.5557458533208,경희대 국가대표 태권도,도봉구,체육시설,1.0,0.0028526133484584764
도보,STORE_01831,체육시설,326.37766067789136,쌍문아쉬탕가요가,도봉구,체육시설,1.0,0.003063935190671398
도보,STORE_01894,문화체험,1845.8617181356733,한지사랑,도봉구,문화체험,1.0,0.0005417523914034056
도보,STORE_01823,체육용품,2277.3021988914984,삼천리자전거 쌍문점,도봉구,체육용품,1.0,0.0004391160736097128
도보,STORE_01807,도서,1015.6745657735969,모닝서점(모닝글로리),도봉구,도서,1.0,0.0009845673345559676
도보,STORE_00510,체육시설,362.9988232585249,북한산 국제클라이밍센터(강북구청),강북구,체육시설,1.0,0.002754829867004301
도보,STORE_00742,문화체험,816.3760313926657,방화1동 주민센터(방화1동 주민자치회),강서구,문화체험,1.0,0.0012249257223954603
도보,STORE_00716,체육시설,338.57896442918957,마곡점핑다이어트,강서구,체육시설,1.0,0.0029535207589931065
도보,STORE_00774,문화체험,1627.6299390883448,세라주,강서구,문화체험,1.0,0.0006143902713906283
도보,STORE_00879,문화체험,551.5586187615978,해웃음심리발달센터,강서구,문화체험,1.0,0.001813043919511724
도보,STORE_00614,체육용품,439.2067469902211,MERIDA MORE BIKE (태영스포츠),강서구,체육용품,1.0,0.0022768320542723014
도보,STORE_00773,체육시설,578.7946938958964,성지탁구장,강서구,체육시설,1.0,0.0017277283474541711
도보,STORE_00665,체육시설,340.3684893888956,그린탁구클럽,강서구,체육시설,1.0,0.002937992297099593
도보,STORE_00903,체육시설,383.7658190690381,황재당구장,강서구,체육시설,1.0,0.0026057557768585523
도보,STORE_00697,체육용품,626.8234621925852,라켓매니아,강서구,체육용품,1.0,0.001595345516426697
도보,STORE_00656,체육시설,514.4543353400396,관인 백호 경희대 태권도,강서구,체육시설,1.0,0.0019438071200994517
도보,STORE_00695,도서,1757.9643788214244,또래아동도서 방화,강서구,도서,1.0,0.0005688397398987235
도보,STORE_03854,문화체험,974.5781168841744,응암2동 주민자치위원회,은평구,문화체험,1.0,0.0010260850132743611
도보,STORE_03810,체육시설,532.4982987337178,서울시립은평청소년수련관,은평구,체육시설,1.0,0.0018779402720684787
도보,STORE_03834,체육시설,346.48271199624673,여성전용필라테스 응암점(재미짐 여성전용 필라테스 응암점),은평구,체육시설,1.0,0.002886146885189563
도보,STORE_02154,문화체험,445.0746812451697,토브아트가죽공방(토브 아트),동작구,문화체험,1.0,0.0022468139441280625
도보,STORE_02075,문화체험,436.3175737139111,동작청소년문화의집,동작구,문화체험,1.0,0.0022919086010862576
도보,STORE_02101,음악,1276.1040677194062,삼익피아노 동작노량진대리점,동작구,음악,1.0,0.0007836351480229614
도보,STORE_02126,체육시설,478.6348236592662,에브리데이짐,동작구,체육시설,1.0,0.002089275478024739
도보,STORE_02144,체육시설,424.5855750110762,이콩고휘트니스(이콩고),동작구,체육시설,1.0,0.0023552378103611103
도보,STORE_03549,체육시설,513.4449578240219,영등포 제2스포츠센터(영등포구시설관리공단),영등포구,체육시설,1.0,0.001947628435651597
도보,STORE_03582,체육시설,302.5315290225477,챔프 당구장,영등포구,체육시설,1.0,0.003305440603929483
도보,STORE_01593,체육시설,197.06193456582744,룩스필라테스요가 공릉역점,노원구,체육시설,1.0,0.005074546752031177
도보,STORE_01612,체육시설,192.25616535210438,백두산 체육관,노원구,체육시설,1.0,0.00520139366229721
도보,STORE_01685,체육시설,244.7379533499059,올탁구클럽,노원구,체육시설,1.0,0.004086002952595928
도보,STORE_01824,체육용품,2061.3297717990135,삼천리자전거 창동점,도봉구,체육용품,1.0,0.0004851237359887622
도보,STORE_00503,문화체험,1563.9436072568872,번1동주민자치위원회,강북구,문화체험,1.0,0.0006394092442719029
도보,STORE_03157,도서,1122.1289142126848,영파문고,송파구,도서,1.0,0.0008911632053449281
도보,STORE_00370,체육용품,549.3847517323393,알톤 전기자전거대리점(동아자전거),강동구,체육용품,1.0,0.0018202179744646442
도보,STORE_03108,체육용품,563.8323731622168,삼천리자전거 풍납점,송파구,체육용품,1.0,0.0017735767713931818
도보,STORE_03150,체육시설,357.9301497693106,에스원볼링센터,송파구,체육시설,1.0,0.0027938412023812732
도보,STORE_00386,문화체험,677.8427537376887,오밀공방,강동구,문화체험,1.0,0.001475268407733071
도보,STORE_03129,체육용품,295.4451391377539,스마트자전거 풍납점,송파구,체육용품,1.0,0.0033847231432490793
도보,STORE_00329,체육용품,787.3959532548193,삼성레포츠,강동구,체육용품,1.0,0.001270009067060035
도보,STORE_03107,체육용품,358.6213728876771,삼천리자전거 풍납1호점,송파구,체육용품,1.0,0.002788456225985191
도보,STORE_03216,문화체험,683.0241196686095,풍납2동자치회관(풍납2동주민자치위원회),송파구,문화체험,1.0,0.0014640771404751873
도보,STORE_00296,영상,1460.8029933051928,롯데시네마 강동,강동구,영화,1.0,0.0006845550047357267
도보,STORE_03199,문화체험,379.9965427286324,천호위드피아노학원,송파구,문화체험,1.0,0.0026316028899087424
도보,STORE_03433,체육시설,116.99199727073325,Ascend yoga (어센드요가),영등포구,체육시설,1.0,0.008547593197215724
도보,STORE_03541,문화체험,211.20011052813933,양평제2동 주민센터,영등포구,문화체험,1.0,0.0047348460069426175
도보,STORE_03530,체육시설,125.91607249917769,쏠번지핏 바레(쏠바레),영등포구,체육시설,1.0,0.007941797898807007
도보,STORE_03512,체육용품,255.44757238794202,삼천리자전거 양평점,영등포구,체육용품,1.0,0.003914697605664948
도보,STORE_03449,영상,255.43219956058857,㈜씨엠비 영등포방송(케이블티비),영등포구,TV,1.0,0.003914933206229545
도보,STORE_01772,체육시설,1016.2815068528972,NTS태권도 신창4호점(엔티에스태권도),도봉구,체육시설,1.0,0.0009839793337346895
도보,STORE_02806,체육시설,969.6944370971727,BOSS 당구클럽 (보스당구클럽),성북구,체육시설,1.0,0.0010312526933675607
도보,STORE_02851,문화체험,714.4728257763772,라온음악학원,성북구,문화체험,1.0,0.0013996333575225293
도보,STORE_02819,체육시설,368.36344051947907,건강한정릉,성북구,체육시설,1.0,0.002714710229087243
도보,STORE_02839,체육시설,367.5954566158793,뉴월드당구장,성북구,체육시설,1.0,0.0027203818273656057
도보,STORE_02955,문화체험,189.83579208415566,정릉4동 주민센터,성북구,문화체험,1.0,0.005267710525087347
도보,STORE_02958,문화체험,172.758136386235,정릉제4동 주민자치회,성북구,문화체험,1.0,0.005788439380732275
도보,STORE_02954,문화체험,694.0685461680806,정릉3동주민센터,성북구,문화체험,1.0,0.0014407798848124617
도보,STORE_02822,체육시설,271.02128556565873,고려월드태권스쿨(한국체대 고려월드 태권도장),성북구,체육시설,1.0,0.003689747090944766
도보,STORE_02151,체육시설,158.01134418737902,"크로스핏보라매, 엘루이짐",동작구,체육시설,1.0,0.006328659534812525
도보,STORE_00905,도서,474.51975252482674,(주)대교뉴이프,관악구,도서,1.0,0.0021073938327734426
도보,STORE_01049,도서,1060.9131869709786,일신도서,관악구,도서,1.0,0.0009425841928264721
도보,STORE_00926,체육시설,277.5587833218669,관악축구클럽(케이엔제이 스포츠),관악구,체육시설,1.0,0.003602840407469163
도보,STORE_01081,체육시설,801.6173534570265,한국체대 당곡태권도장,관악구,체육시설,1.0,0.001247477983962592
도보,STORE_01955,문화체험,522.0493386482867,비젼평생교육원,동대문구,문화체험,1.0,0.001915527759481976
도보,STORE_02013,도서,442.8505944520438,진흥기독교백화점,동대문구,도서,1.0,0.002258097905993191
도보,STORE_01957,체육용품,1018.3016597446792,삼천리자전거 신설점,동대문구,체육용품,1.0,0.0009820272710256918
도보,STORE_01989,체육시설,226.73290350622494,업타운 휘트니스 신설점,동대문구,체육시설,1.0,0.004410475870664908
도보,STORE_04119,문화체험,532.5631657730444,숭인2동 주민센터,종로구,문화체험,1.0,0.001877711535961083
도보,STORE_04687,문화체험,1911.0225590518519,풀잎문화센터 중랑중화지부,중랑구,문화체험,1.0,0.0005232800603338492
도보,STORE_04574,체육시설,942.4054742687177,미라클 헬스,중랑구,체육시설,1.0,0.0010611143794299095
도보,STORE_04695,체육시설,970.9745381623673,한양태권도(한양체육관),중랑구,체육시설,1.0,0.0010298931235545737
도보,STORE_02474,문화체험,550.9708149635551,충현동주민자치위원회,서대문구,문화체험,1.0,0.0018149781673393113
도보,STORE_02438,문화체험,507.7211665793529,북아현문화체육센터(서울특별시서대문구도시관리공단),서대문구,문화체험,1.0,0.0019695850120593854
도보,STORE_02401,도서,466.8340636233304,교보문고 이화여대점,서대문구,도서,1.0,0.0021420887589875186
도보,STORE_04288,문화체험,97.23075228564839,한복남(Hanboknam) 창덕궁점(주식회사 한복남),종로구,문화체험,1.0,0.010284811918992049
도보,STORE_04276,음악,36.753597851842656,펄스악기,종로구,음악,1.0,0.027208220649066733
도보,STORE_01944,체육용품,1042.501897932925,모토벨로((주)서울자전거휴게소),동대문구,체육용품,1.0,0.0009592308675723298
도보,STORE_02710,도서,161.396900570252,대학서적㈜한양여대점,성동구,도서,1.0,0.006195905847428125
도보,STORE_02152,도서,408.75430591968995,크리스천중고서점,동작구,도서,1.0,0.002446457408564829
도보,STORE_02130,체육시설,374.6509179793272,영아태권도,동작구,체육시설,1.0,0.0026691513406492677
도보,STORE_02094,문화체험,845.4004617773415,사당문화회관 (동작문화원),동작구,문화체험,1.0,0.0011828713671360358
도보,STORE_02095,체육시설,772.0293129065251,사당문화회관(동작구청),동작구,체육시설,1.0,0.0012952876053827723
도보,STORE_02109,도서,480.1052274712505,솔로몬 위즈덤,동작구,도서,1.0,0.00208287671697947
도보,STORE_02160,도서,976.8905784292393,한길서적,동작구,도서,1.0,0.0010236561003668587
도보,STORE_02058,문화체험,1019.2323272664383,공공칠방,동작구,문화체험,1.0,0.000981130575677462
도보,STORE_02132,도서,286.13177017015823,오즈의성 어린이서점,동작구,도서,1.0,0.003494893277336226
도보,STORE_02121,도서,345.5789663511246,알라딘 중고서점 이수역점,동작구,도서,1.0,0.002893694632398294
도보,STORE_02082,영상,443.8559572059859,메가박스 아트나인,동작구,영화,1.0,0.0022529831666445728
도보,STORE_02083,영상,443.8329741447693,메가박스 이수,동작구,영화,1.0,0.0022530998331679168
도보,STORE_02048,문화체험,343.3076029844589,DOOR ESCAPE (도어이스케이프 이수역점),동작구,문화체험,1.0,0.002912839655477332
도보,STORE_02090,도서,413.7021916879804,벌툰 이수역점 (주식회사 희연(벌툰이수역점)),동작구,도서,1.0,0.0024171977332772096
도보,STORE_02074,체육시설,585.3463014521567,동작삼일수영장(동작구청),동작구,체육시설,1.0,0.0017083903964527484
도보,STORE_02757,체육시설,428.76707615982224,에스투벨리댄스요가,성동구,체육시설,1.0,0.0023322686269578487
도보,STORE_02741,도서,216.0512950459423,성락교회 서점,성동구,도서,1.0,0.0046285304598028655
도보,STORE_02740,체육시설,186.43072504766246,성동탁구교실,성동구,체육시설,1.0,0.00536392271040271
도보,STORE_02940,문화체험,623.4976726745656,유유소잉,성북구,문화체험,1.0,0.001603855224848529
도보,STORE_02833,문화체험,518.7259610990524,길음제1동 주민자치회,성북구,문화체험,1.0,0.0019278001777301575
도보,STORE_00513,문화체험,718.7952385322287,삼각산동주민자치위원회,강북구,문화체험,1.0,0.001391216783853477
도보,STORE_00581,체육시설,469.35221714381987,플로리다 휘트니스,강북구,체육시설,1.0,0.002130596092813551
도보,STORE_00524,문화체험,834.7669524092346,송천동주민자치위원회,강북구,문화체험,1.0,0.0011979391339270004
도보,STORE_00441,체육시설,442.8257171031219,CL필라테스 미아점,강북구,체육시설,1.0,0.002258224762874663
도보,STORE_00494,문화체험,927.5779703951447,림(LIM)실용음악학원,강북구,문화체험,1.0,0.0010780764872779416
도보,STORE_00459,도서,1473.4522462524685,개구리서적 강북점,강북구,도서,1.0,0.0006786782554666214
도보,STORE_00455,체육시설,437.540334286857,강북종합체육센터((주)스포츠아일랜드 강북센터),강북구,체육시설,1.0,0.0022855035790697808
도보,STORE_00456,체육시설,442.42434422419296,강북종합체육센터(강북구청),강북구,체육시설,1.0,0.0022602734525233596
도보,STORE_00536,체육시설,437.4677056096279,썬당구장,강북구,체육시설,1.0,0.002285883019882489
도보,STORE_00569,체육시설,854.454950385132,청훈태권도장(청훈체육관),강북구,체육시설,1.0,0.0011703367152934932
도보,STORE_00590,체육시설,448.68346451580805,해동검도,강북구,체육시설,1.0,0.002228742708579955
도보,STORE_00444,도서,1934.4489395787514,SK문고,강북구,도서,1.0,0.000516943083655525
도보,STORE_00469,체육시설,951.2726990409568,끌로에필라테스 솔샘점,강북구,체육시설,1.0,0.001051223272788306
도보,STORE_00514,문화체험,714.9958332477667,삼양동종합복지센터,강북구,문화체험,1.0,0.0013986095491740735
도보,STORE_00577,체육시설,760.0170961166148,태선문체육관,강북구,체육시설,1.0,0.001315759875810166
도보,STORE_01755,체육시설,142.98302738731073,하드워크짐 (펀더멘틀 크로스핏),노원구,체육시설,1.0,0.006993837088728104
도보,STORE_01569,도서,260.4123833289188,노원문고 본점,노원구,도서,1.0,0.003840063161423975
도보,STORE_01523,도서,192.72723043465427,(재)팀선교회생명의말씀사 노원점,노원구,도서,1.0,0.005188680383901734
도보,STORE_01635,체육용품,2178.454448201874,삼천리자전거 상계점,노원구,체육용품,1.0,0.00045904104206788144
도보,STORE_01676,체육시설,536.6769184437799,에반 더 필라테스,노원구,체육시설,1.0,0.0018633184428719866
도보,STORE_01642,문화체험,1688.8971728008758,상계5동 주민센터,노원구,문화체험,1.0,0.0005921023589266804
도보,STORE_01726,문화체험,1667.0207649459148,중계4동 주민자치회,노원구,문화체험,1.0,0.0005998725516970056
도보,STORE_01714,체육용품,891.6817146416905,자전거 포(for),노원구,체육용품,1.0,0.0011214764008050065
도보,STORE_01567,체육용품,1898.5990633492888,노원 바이크,노원구,체육용품,1.0,0.0005267041469176307
도보,STORE_01544,체육시설,543.2122560045517,공릉구민체육센터(서울특별시노원구시설관리공단),노원구,체육시설,1.0,0.0018409010270777483
도보,STORE_01644,체육시설,543.2122560045517,상계구민체육센터(서울특별시노원구시설관리공단),노원구,체육시설,1.0,0.0018409010270777483
도보,STORE_04622,체육용품,1770.101082238114,알톤 자전거 총판 대리점(신흥자전거),중랑구,체육용품,1.0,0.000564939488504013
도보,STORE_04681,체육용품,1145.1886316635823,킹바이크,중랑구,체육용품,1.0,0.0008732185880568243
도보,STORE_04558,문화체험,1695.200675989887,매듭공예 배키맴,중랑구,문화체험,1.0,0.0005899006614164219
도보,STORE_03188,체육용품,653.5003514920732,정운스포츠,송파구,체육용품,1.0,0.0015302210591268976
도보,STORE_03032,음악,922.0521327550446,그랑기타,송파구,음악,1.0,0.0010845373753564792
도보,STORE_00402,도서,122.42050249418843,채플린서점,강동구,도서,1.0,0.008168566372674971
도보,STORE_00247,도서,111.36716890733082,강동도서(페이퍼북스),강동구,도서,1.0,0.008979307005928337
도보,STORE_00390,도서,797.9285127839005,잉글리쉬플러스 강동점,강동구,도서,1.0,0.0012532451015080165
도보,STORE_00365,체육시설,377.58018184208083,아이엔 요가 필라테스 명일점,강동구,체육시설,1.0,0.0026484440870846344
도보,STORE_00231,체육시설,482.75361025137255,(주)빅브로짐 명일점,강동구,체육시설,1.0,0.0020714500705220915
도보,STORE_00362,체육시설,384.81261198212303,아델필라테스 명일점,강동구,체육시설,1.0,0.002598667426332836
도보,STORE_02288,체육시설,1208.9406283467717,샘탁구클럽,마포구,체육시설,1.0,0.0008271704801314367
도보,STORE_02416,도서,817.7461419825975,메시아기독교백화점,서대문구,도서,1.0,0.0012228733939062485
도보,STORE_03673,문화체험,759.8353368349099,용문동 주민자치회,용산구,문화체험,1.0,0.0013160746171209867
도보,STORE_03672,체육시설,652.6550339212375,용문당구장,용산구,체육시설,1.0,0.0015322029985609213
도보,STORE_03709,문화체험,241.46269639560316,핸드메이트공예학원,용산구,문화체험,1.0,0.004141426460183476
도보,STORE_03711,문화체험,189.50452183195054,효창동 주민자치회,용산구,문화체험,1.0,0.005276918937516348
도보,STORE_02215,체육시설,110.15638429538458,단풍나무 토탈 휘트니스(주식회사 단풍나무짐),마포구,체육시설,1.0,0.009078003117082145
도보,STORE_02318,체육시설,100.49606338031127,에스짐 공덕역점,마포구,체육시설,1.0,0.009950638526164552
도보,STORE_02221,도서,215.26876456468094,도화북스,마포구,도서,1.0,0.004645355781282119
도보,STORE_02281,체육시설,41.96187918650196,삼성 당구장,마포구,체육시설,1.0,0.02383115388029795
도보,STORE_02355,도서,190.33457246126096,책방밀물,마포구,도서,1.0,0.005253906250812796
도보,STORE_03376,문화체험,315.63126515939825,위드피아노 목동점,양천구,문화체험,1.0,0.003168253941810821
도보,STORE_03409,체육시설,270.3321547887853,"핏데이 휘트니스, 필라테스(주식회사 케이앤피 헬스케어)",양천구,체육시설,1.0,0.0036991529948825932
도보,STORE_03147,도서,384.3959402231215,앤디스(ANDY'S)영어전문서점,송파구,도서,1.0,0.002601484290961952
도보,STORE_03196,도서,410.19812089476846,책방 무엇보다,송파구,도서,1.0,0.002437846369989926
도보,STORE_03089,문화체험,346.57511167886634,본디레더 잠실 (BONDY LEADER),송파구,문화체험,1.0,0.0028853774154636697
도보,STORE_03068,체육시설,101.43251303889052,마크짐 휘트니스,송파구,체육시설,1.0,0.009858771808370628
도보,STORE_03080,문화체험,245.78538398127122,민화화실bliss,송파구,문화체험,1.0,0.004068590181408833
도보,STORE_03073,체육시설,240.4684368051739,모션라인 필라테스,송파구,체육시설,1.0,0.004158549925661113
도보,STORE_03136,체육시설,139.79686752009158,시카고포켓볼,송파구,체육시설,1.0,0.007153236104208703
도보,STORE_03219,체육용품,845.0817499943398,프리웨이브,송파구,체육용품,1.0,0.0011833174719566453
도보,STORE_03036,도서,487.99688056479334,놀숲 송파구청점,송파구,도서,1.0,0.002049193426897789
도보,STORE_03207,체육시설,117.07467052967688,큐볼당구장,송파구,체육시설,1.0,0.00854155724270446
도보,STORE_03101,체육용품,630.3291075154985,삼천리자전거 송파동부점,송파구,체육용품,1.0,0.0015864728251906279
도보,STORE_02965,도서,243.86644790178684,책보냥(자작나무디자인스튜디오),성북구,도서,1.0,0.004100605100061708
도보,STORE_00294,문화체험,252.96855492743416,로한바움,강동구,문화체험,1.0,0.003953060491201593
도보,STORE_00242,문화체험,232.01731370936307,wondertales studio(원더테일즈 스튜디오),강동구,문화체험,1.0,0.004310023178928155
도보,STORE_00310,문화체험,232.01731370936307,미미꽃집,강동구,문화체험,1.0,0.004310023178928155
도보,STORE_00345,문화체험,359.91679068802443,성내2동 주민센터,강동구,문화체험,1.0,0.002778419973373232
도보,STORE_00240,체육시설,295.655248986023,S휘트니스 (에스휘트니스),강동구,체육시설,1.0,0.00338231776174985
도보,STORE_00400,체육시설,295.655248986023,진중관 정무합기도 (정무도장),강동구,체육시설,1.0,0.00338231776174985
도보,STORE_00393,체육용품,539.2284993091287,자전거중고세상,강동구,체육용품,1.0,0.0018545013872249367
도보,STORE_00413,문화체험,252.5116361609365,투나,강동구,문화체험,1.0,0.0039602135378927926
도보,STORE_00298,문화체험,168.98784882545993,리아오브제,강동구,문화체험,1.0,0.005917585240302429
도보,STORE_00347,체육시설,285.63444453915594,성일스포렉스((주)다빈홀딩스 성일스포렉스점),강동구,체육시설,1.0,0.0035009783277832793
도보,STORE_00336,체육용품,318.7126719471066,삼천리자전거 성내삼천리점,강동구,체육용품,1.0,0.003137622341435986
도보,STORE_00371,체육용품,360.1911957502802,알톤자전거(아름다운두바퀴),강동구,체육용품,1.0,0.0027763032850289266
도보,STORE_00319,도서,200.943469166911,봄서점,강동구,도서,1.0,0.004976524015166492
도보,STORE_00366,도서,250.7291624485542,아이와 함께 크는 나무 어린이 서점,강동구,도서,1.0,0.003988367329249882
도보,STORE_00410,체육시설,138.08297596490848,탁구365,강동구,체육시설,1.0,0.007242022363815027
도보,STORE_00419,체육시설,146.11736737651,프로당구장,강동구,체육시설,1.0,0.00684381342173539
도보,STORE_00318,도서,317.7837851358082,보성서점(북감자) ,강동구,도서,1.0,0.0031467936590050985
도보,STORE_00271,도서,138.86015121868,놀숲 둔촌역점,강동구,도서,1.0,0.00720149006913566
도보,STORE_00346,문화체험,299.89302434099073,성내3동 주민자치위원회,강동구,문화체험,1.0,0.003334522375762094
도보,STORE_00360,체육용품,159.47694445378738,써니식스,강동구,체육용품,1.0,0.006270498870071944
도보,STORE_01710,체육시설,1207.704673379128,인헬서짐 월계역점,노원구,체육시설,1.0,0.0008280169995550522
도보,STORE_01708,도서,2222.4872561739185,인덕문고,노원구,도서,1.0,0.0004499463370249112
도보,STORE_01701,체육시설,159.68019724814846,월계구민체육센터(서울특별시노원구서비스공단),노원구,체육시설,1.0,0.006262517314191226
도보,STORE_02415,영상,174.83337793482386,메가박스 신촌,서대문구,영화,1.0,0.0057197316199701295
도보,STORE_02479,체육시설,171.45767849413423,플러스파인,서대문구,체육시설,1.0,0.005832343052715549
도보,STORE_02489,음악,276.73391783136736,향음악사,서대문구,음악,1.0,0.003613579455082797
도보,STORE_02405,도서,484.7462045947307,놀숲 이대점,서대문구,도서,1.0,0.002062935182413742
도보,STORE_02462,도서,64.9251077650035,알라딘 중고서점 신촌점,서대문구,도서,1.0,0.015402361804611879
도보,STORE_02482,체육시설,71.15628248370312,필라테스가든 신촌점 (필라테스가든 신촌점 평생교육원),서대문구,체육시설,1.0,0.014053572855341753
도보,STORE_02421,체육시설,78.7533602067121,몸뚱아리(주식회사 두),서대문구,체육시설,1.0,0.012697870889257251
도보,STORE_02484,영상,78.16672248208275,필름포럼((사)필레마),서대문구,영화,1.0,0.012793167837236856
도보,STORE_02392,영상,479.0583138813414,CGV 신촌아트레온,서대문구,영화,1.0,0.0020874285468463686
도보,STORE_02394,체육시설,123.96093892346222,PEAKERS 클라이밍 신촌(CJCGV (씨제이씨지브이) (주)),서대문구,체육시설,1.0,0.008067057322124952
도보,STORE_02431,도서,124.41571543235813,벌툰 몽유도원 이대점,서대문구,도서,1.0,0.008037569824076414
도보,STORE_02432,도서,48.11065787743903,벌툰 신촌점,서대문구,도서,1.0,0.020785415209816516
도보,STORE_02406,도서,45.142061473860736,놀숲 프리미엄 신촌점,서대문구,도서,1.0,0.02215228918110097
도보,STORE_02458,체육시설,100.32756628653348,신촌 빌리아드,서대문구,체육시설,1.0,0.009967350320688738
도보,STORE_02494,도서,112.03781932951676,홍익문고,서대문구,도서,1.0,0.008925557512493876
도보,STORE_02785,체육용품,219.9888383826043,티막스토어 성수점((주)튤립코리아),성동구,체육용품,1.0,0.004545685169084812
도보,STORE_02442,체육용품,1273.0165551792907,삼천리자전거 홍제점,서대문구,체육용품,1.0,0.0007855357386606499
도보,STORE_02471,체육시설,680.887424539802,인왕태권도장,서대문구,체육시설,1.0,0.0014686715658992816
도보,STORE_02495,체육시설,559.9421609425974,홍제 리얼 유도관,서대문구,체육시설,1.0,0.0017858987405353019
도보,STORE_02454,체육시설,171.7182604383476,스타칼리휘트니스 홍제점,서대문구,체육시설,1.0,0.005823492489658851
도보,STORE_02499,체육시설,78.01793098922155,홍제스포츠센터((사)대한생활체육지도자연합회)),서대문구,체육시설,1.0,0.012817566260993942
도보,STORE_02497,문화체험,895.204278932433,홍제3동 주민자치위원회,서대문구,문화체험,1.0,0.0011170634720295799
도보,STORE_02423,도서,1292.299535137225,문화문고,서대문구,도서,1.0,0.0007738144082005055
도보,STORE_02424,문화체험,883.7137383226807,미소공방,서대문구,문화체험,1.0,0.001131588156474782
도보,STORE_00579,체육시설,726.2087417090379,펀휘트니스 미아점,강북구,체육시설,1.0,0.001377014544945617
도보,STORE_01859,체육용품,1153.5789054391505,자이언트 진흥스포츠,도봉구,체육용품,1.0,0.0008668674464182532
도보,STORE_00464,체육용품,786.6675955065718,그린페달 미아점,강북구,체육용품,1.0,0.0012711849397534336
도보,STORE_00434,도서,800.4628518841689,(재)성바오로딸수도회,강북구,도서,1.0,0.0012492772121106565
도보,STORE_00435,도서,828.9972278145136,(재)성바오로수도회,강북구,도서,1.0,0.0012062766514145062
도보,STORE_00558,체육시설,584.8058622795805,이흥덕 유도체육관,강북구,체육시설,1.0,0.0017099691786638177
도보,STORE_00580,문화체험,611.7596497822731,풀잎문화센터 미아지부,강북구,문화체험,1.0,0.0016346288944619062
도보,STORE_00485,체육시설,542.0773243781198,라이프빌딩짐 헬스PT 미아점,강북구,체육시설,1.0,0.0018447552683507225
도보,STORE_00548,도서,415.2994163006702,영풍문고 미아 롯데점,강북구,도서,1.0,0.0024079012894061376
도보,STORE_00517,체육용품,2049.7143456041717,삼천리자전거 수유점,강북구,체육용품,1.0,0.0004878728600132039
도보,STORE_00472,도서,807.0955462273004,놀숲 미아사거리점,강북구,도서,1.0,0.0012390106780720265
도보,STORE_00487,문화체험,1263.846849317144,레아가죽공방 (LEA leather studio),강북구,문화체험,1.0,0.0007912351093333022
도보,STORE_00562,문화체험,867.1626476311036,정이공방,강북구,문화체험,1.0,0.0011531862018408872
도보,STORE_02871,도서,875.7354979515252,북악서점,성북구,도서,1.0,0.0011418972992863117
도보,STORE_02892,체육시설,274.85449402135805,성북종합레포츠타운(성북구도시관리공단),성북구,체육시설,1.0,0.0036382887009382254
도보,STORE_02468,체육시설,400.6996397091649,요가 윤나다,서대문구,체육시설,1.0,0.0024956348868339843
도보,STORE_03973,문화체험,332.0223094276142,교남동 주민센터,종로구,문화체험,1.0,0.0030118458055542648
도보,STORE_02444,체육시설,345.73091290008404,서대문복싱클럽,서대문구,체육시설,1.0,0.00289242287191426
도보,STORE_02459,체육시설,375.5362099790578,아벨라pt&필라테스,서대문구,체육시설,1.0,0.0026628590623944525
도보,STORE_02395,체육시설,199.88763442933634,THE ROOTGYM (더루트짐골프 독립문삼호점),서대문구,체육시설,1.0,0.00500281071840648
도보,STORE_02435,도서,767.3869699421549,보문서점,서대문구,도서,1.0,0.0013031235076553088
도보,STORE_04055,문화체험,395.4752979086453,무악동 주민센터,종로구,문화체험,1.0,0.0025286029374987657
도보,STORE_00676,도서,1441.411620372314,다시서점,강서구,도서,1.0,0.0006937643528513401
도보,STORE_00653,체육시설,545.2849353358429,공항동문화체육센터(강서구시설관리공단),강서구,체육시설,1.0,0.0018339035891099698
도보,STORE_00778,체육용품,764.5375794638701,스윗스윔,강서구,체육용품,1.0,0.0013079801789484923
도보,STORE_00646,체육시설,340.301738857599,경희대태권도(경희체육관),강서구,체육시설,1.0,0.002938568587269121
도보,STORE_00769,체육시설,273.39789616357376,생체탁구클럽,강서구,체육시설,1.0,0.0036576726230610813
도보,STORE_00652,문화체험,638.7181192847967,공항동 주민센터,강서구,문화체험,1.0,0.001565635872550082
도보,STORE_00822,체육용품,776.0893530409264,이스포넷야구용품,강서구,체육용품,1.0,0.0012885114273011625
도보,STORE_00865,문화체험,813.8956122099136,풀잎문화센터 방화지부,강서구,문화체험,1.0,0.0012286587923539362
도보,STORE_00736,체육시설,174.33885532164902,바디플렉스짐 송정역점,강서구,체육시설,1.0,0.005735955981556924
도보,STORE_03734,도서,472.582483241415,광명문고,은평구,도서,1.0,0.0021160327254219407
도보,STORE_01488,도서,1385.0850202194028,올오어낫싱,금천구,도서,1.0,0.0007219773410310914
도보,STORE_01487,문화체험,1056.1088281481348,오후의 작업실,금천구,문화체험,1.0,0.000946872115209452
도보,STORE_01518,체육시설,291.2366332845451,하이블짐 헬스 PT 금천구청점,금천구,체육시설,1.0,0.003433633979084548
도보,STORE_01433,도서,940.8897274331478,대일서점,금천구,도서,1.0,0.0010628238047917812
도보,STORE_03488,영상,364.75044354156597,롯데컬처웍스㈜롯데시네마 영등포,영등포구,영화,1.0,0.002741600504417324
도보,STORE_03450,체육시설,97.2825805943532,갤러리당구장,영등포구,체육시설,1.0,0.010279332578252403
도보,STORE_03462,체육시설,73.19224148329693,뉴본필라테스 영등포점 (뉴본필라테스 영등포점 평생교육원),영등포구,체육시설,1.0,0.013662650299187904
도보,STORE_03547,음악,1047.1599716818869,연흥악기사,영등포구,음악,1.0,0.000954963928189366
도보,STORE_03597,체육용품,602.3295319557071,하나체육사,영등포구,체육용품,1.0,0.0016602207711003218
도보,STORE_03533,도서,194.61830886566676,알라딘 중고서점 영등포 타임스퀘어점,영등포구,도서,1.0,0.0051382627144820146
도보,STORE_04534,체육시설,348.453065596415,경희대태비태권도,중랑구,체육시설,1.0,0.002869826954423237
도보,STORE_00997,체육용품,1725.9805532261516,삼천리자전거 신림점,관악구,체육용품,1.0,0.0005793808036427929
도보,STORE_03305,도서,1194.827507951603,무게로 헌책방(모아드림),양천구,도서,1.0,0.0008369408917563233
도보,STORE_03373,문화체험,1268.309744219329,오고뮤직 실용음악학원,양천구,문화체험,1.0,0.0007884509320832512
도보,STORE_03398,도서,281.9265152676928,키드앤북스,양천구,도서,1.0,0.0035470235889323402
도보,STORE_03319,체육용품,769.9518347220559,삼천리자전거 신정4동점,양천구,체육용품,1.0,0.0012987825405481226
도보,STORE_03342,문화체험,499.34825684351244,신정1동 주민센터,양천구,문화체험,1.0,0.0020026103752143138
도보,STORE_03243,체육용품,911.9785945955585,(주)레아스포츠,양천구,체육용품,1.0,0.0010965169642424303
도보,STORE_03320,체육용품,713.7947207005942,삼천리자전거 신정대리점,양천구,체육용품,1.0,0.001400963009390842
도보,STORE_03298,체육시설,459.37540537105286,목동PT임펄스핏,양천구,체육시설,1.0,0.002176868827342349
도보,STORE_03261,체육시설,366.85925142442187,경희대석사양목태권도합기도,양천구,체육시설,1.0,0.0027258410306330084
도보,STORE_03366,체육시설,619.7006146168357,에스짐 신정네거리역점,양천구,체육시설,1.0,0.0016136824402188234
도보,STORE_03348,도서,1126.2451680970048,신정기독교백화점(신정기독교서점),양천구,도서,1.0,0.0008879061400899781
도보,STORE_03410,음악,2099.8964845879236,하이뮤직,양천구,음악,1.0,0.0004762139502301403
도보,STORE_02342,체육시설,202.80030454986016,점핑제이,마포구,체육시설,1.0,0.004930959064482774
도보,STORE_02319,체육시설,139.20947176367423,에스짐 마포역점,마포구,체육시설,1.0,0.007183419255391092
도보,STORE_03609,체육시설,343.7193725278533,1GYM(주식회사 원짐),용산구,체육시설,1.0,0.002909350126661729
도보,STORE_03636,체육용품,691.6383627915977,리버바이크,용산구,체육용품,1.0,0.0014458422982261856
도보,STORE_02483,체육시설,298.35289357319374,필라테스가든 이대점(주식회사 더건강한패밀리),서대문구,체육시설,1.0,0.003351735550554243
도보,STORE_02461,영상,40.108232537926924,아트하우스모모((주)영화사백두대간),서대문구,영화,1.0,0.024932537205532197
도보,STORE_02190,체육용품,889.4933862232809,LIVE BIKE SHOP (라이브바이크),마포구,체육용품,1.0,0.0011242354529986125
도보,STORE_01040,체육시설,1135.0033687159196,월드짐휘트니스,관악구,체육시설,1.0,0.0008810546537243718
도보,STORE_00953,도서,1215.5650714876501,대천서점,관악구,도서,1.0,0.0008226626640202534
도보,STORE_01064,문화체험,1459.8891803358335,토마화실(주식회사 엘이씨에듀넷),관악구,문화체험,1.0,0.0006849834997543851
도보,STORE_01932,체육시설,556.7803652541245,동대문종합사회복지관,동대문구,체육시설,1.0,0.0017960403462567904
도보,STORE_02010,문화체험,1406.3958754784633,죠이풀챔버콰이어,동대문구,문화체험,1.0,0.0007110373525944782
도보,STORE_02007,체육시설,1243.9377807691435,저스트 주짓수(안암 주짓수),동대문구,체육시설,1.0,0.0008038987282641151
도보,STORE_01302,도서,78.64589022993738,동양미래대학교 구내서점,구로구,도서,1.0,0.012715222589207077
도보,STORE_01986,체육시설,383.2553146491915,앳하움(@hAUM),동대문구,체육시설,1.0,0.0026092267002620403
도보,STORE_02057,도서,1555.3910640132317,곰서점(곰북스서점),동작구,도서,1.0,0.0006429251286938684
도보,STORE_02078,체육시설,1229.7396762039402,러너피트니스,동작구,체육시설,1.0,0.0008131802359072293
도보,STORE_02155,문화체험,915.3678575250541,판클래스(주식회사카리스아트컴퍼니),동작구,문화체험,1.0,0.0010924569742964013
도보,STORE_02067,문화체험,978.2337722732658,더보팩토리,동작구,문화체험,1.0,0.001022250538003971
도보,STORE_02073,문화체험,504.603769803868,동작문화복지센터 (동작문화원),동작구,문화체험,1.0,0.0019817529313914664
도보,STORE_03570,체육용품,379.2074344909408,자이언트탑바이크(나이스통상),영등포구,체육용품,1.0,0.0026370790998399844
도보,STORE_03603,도서,640.7958848587949,형제할인책문고,영등포구,도서,1.0,0.0015605593350843051
도보,STORE_00010,문화체험,71.33629956257964,(주)술술,강남구,문화체험,1.0,0.014018108678636348
도보,STORE_00201,도서,18.08873258932181,터전아동도서,강남구,도서,1.0,0.05528303296331124
도보,STORE_00041,체육시설,20.480099464032797,강남주니어농구교실,강남구,체육시설,1.0,0.04882788786041799
도보,STORE_00069,문화체험,10.075936278879674,대치1문화센터(강남구청),강남구,문화체험,1.0,0.09924636007237517
도보,STORE_00162,도서,7.4397447435479975,예나글방,강남구,도서,1.0,0.13441321368817585
도보,STORE_00038,체육시설,36.84966065158606,강남구민회관체육교실(강남구도시관리공단),강남구,체육시설,1.0,0.027137291967353802
도보,STORE_00020,체육시설,86.59940265673896,Barrerina(주식회사 바레리나),강남구,체육시설,1.0,0.011547423761844878
도보,STORE_03740,체육시설,344.8053019925816,글래드짐,은평구,체육시설,1.0,0.0029001874223544125
도보,STORE_03752,체육시설,510.9159462720037,더본필라테스,은평구,체육시설,1.0,0.001957269111087043
도보,STORE_03753,문화체험,1378.3308629242902,도자기카페 도요,은평구,문화체험,1.0,0.0007255152060357867
도보,STORE_00190,도서,244.0182582345769,최인아책방((주)더보이스),강남구,도서,1.0,0.004098054003150417
도보,STORE_00211,체육시설,125.81869996264537,프로 25,강남구,체육시설,1.0,0.007947944147387411
도보,STORE_02452,체육시설,498.2742197836975,스타칼리휘트니스 연희점,서대문구,체육시설,1.0,0.0020069270299276237
도보,STORE_02408,영상,496.0933179645684,라이카시네마(스페이스독),서대문구,영화,1.0,0.0020157497869612933
도보,STORE_02469,도서,411.5442722825372,유어마인드,서대문구,도서,1.0,0.002429872233317029
도보,STORE_02324,도서,232.84333830249454,연남서가(주식회사 세렝게티),마포구,도서,1.0,0.004294733133832958
도보,STORE_03215,체육시설,1108.5841303150605,푸른솔 태권도장,송파구,체육시설,1.0,0.0009020515201816926
도보,STORE_03110,문화체험,1245.4268758433197,생활한복길쌈우리옷 송파취급점(사임당),송파구,문화체험,1.0,0.0008029375464720616
도보,STORE_03166,체육시설,201.24686583111233,올바로필라테스 석촌점,송파구,체육시설,1.0,0.004969021484484665
도보,STORE_01283,문화체험,544.4219046775061,구로아이마음예술심리센터,구로구,문화체험,1.0,0.0018368107370557772
도보,STORE_01257,체육시설,214.87286790994582,DAILYGYM (데일리짐),구로구,체육시설,1.0,0.004653914706528255
도보,STORE_01334,체육용품,709.4636450361472,삼천리자전거 천왕점,구로구,체육용품,1.0,0.0014095154938475387
도보,STORE_01383,체육시설,501.0324235709689,차오름태권도교육관,구로구,체육시설,1.0,0.0019958788153325063
도보,STORE_00495,문화체험,597.6480825797697,모이 아뜰리에 (Moi Atelier),강북구,문화체험,1.0,0.0016732254802583211
도보,STORE_00592,문화체험,1149.2767124034017,행복한세상,강북구,문화체험,1.0,0.0008701124709198798
도보,STORE_00551,체육시설,786.0053456103253,우주짐 2호점,강북구,체육시설,1.0,0.0012722559783909738
도보,STORE_00499,문화체험,991.9366134169745,미아동 주민센터,강북구,문화체험,1.0,0.0010081289333148508
도보,STORE_00436,도서,1134.5530519540164,21세기문고,강북구,도서,1.0,0.0008814043541443227
도보,STORE_00566,도서,1407.217938953993,조선일보수유지국,강북구,도서,1.0,0.0007106219813707858
도보,STORE_01677,체육시설,730.5082318251756,에반더필라테스,노원구,체육시설,1.0,0.0013689099676556676
도보,STORE_02368,체육시설,84.42393248275792,태화볼링센터,마포구,체육시설,1.0,0.011844982466366775
도보,STORE_02249,문화체험,26.701220606869096,머더파커WOW 홍대점,마포구,문화체험,1.0,0.03745147140362348
도보,STORE_02359,도서,20.080249400451876,카툰플러스 만화카페,마포구,도서,1.0,0.04980017827754154
도보,STORE_02364,문화체험,30.93736293090221,큐브이스케이프 홍대점(주식회사 큐브이스케이프),마포구,문화체험,1.0,0.03232337553247424
도보,STORE_02328,도서,33.90212766548377,온고당서점,마포구,도서,1.0,0.02949667377419837
도보,STORE_02788,체육시설,298.1293011604481,하나태권도장,성동구,체육시설,1.0,0.0033542493009159706
도보,STORE_02736,체육용품,1886.8489612854214,삼천리자전거 왕십리점,성동구,체육용품,1.0,0.0005299841272503057
도보,STORE_02751,체육시설,872.8974822452054,신탁구클럽,성동구,체육시설,1.0,0.0011456099030413864
도보,STORE_02730,체육시설,503.5525281373582,브이랩필라테스 상왕십리점(주식회사 브이랩코퍼레이션),성동구,체육시설,1.0,0.001985890138808362
도보,STORE_02755,체육시설,398.66557560382495,아트요가 왕십리점,성동구,체육시설,1.0,0.0025083680688641973
도보,STORE_02722,문화체험,1430.3551014540653,미디엄스튜디오,성동구,문화체험,1.0,0.0006991270901774136
도보,STORE_04578,체육용품,1826.3219630954975,바이크랜드 망우점,중랑구,체육용품,1.0,0.0005475485813602464
도보,STORE_04665,체육시설,320.3527465904271,중랑문화체육관 수영장,중랑구,체육시설,1.0,0.0031215590022036113
도보,STORE_03635,영상,289.2275072320099,롯데컬처웍스㈜롯데시네마 용산,용산구,영화,1.0,0.003457485802682762
도보,STORE_03642,음악,89.85817290087542,뮤직가이드,용산구,음악,1.0,0.01112864826556314
도보,STORE_03665,음악,89.4010632777328,애플뮤직 용산점,용산구,음악,1.0,0.011185549291437464
도보,STORE_03670,음악,88.0796280647084,올리버,용산구,음악,1.0,0.011353363109859434
도보,STORE_03694,체육시설,104.92434846899842,주식회사 아힘사,용산구,체육시설,1.0,0.009530676288120732
도보,STORE_03662,체육시설,103.98368420421735,아메리카요가 용산점,용산구,체육시설,1.0,0.009616893339113312
도보,STORE_02571,음악,84.44488825932326,뮤직아트,서초구,음악,1.0,0.011842043024902618
도보,STORE_02566,음악,64.90854177054172,만하임악기사,서초구,음악,1.0,0.01540629280403651
도보,STORE_02519,체육용품,238.74617535281237,CONNECTED((주)커넥티드랩),서초구,체육용품,1.0,0.004188548773701728
도보,STORE_02639,음악,54.27223256001466,유럽악기((주) 한독인터네셔널),서초구,음악,1.0,0.018425628591825335
도보,STORE_02599,문화체험,293.221681761427,서초3동주민자치위원회,서초구,문화체험,1.0,0.003410389006682073
도보,STORE_02685,체육시설,228.76775575874078,휴메이크휘트니스 서초점 (주식회사 휴메이크 헬스케어),서초구,체육시설,1.0,0.004371245399874462
도보,STORE_02637,음악,54.64376047406323,월드악기(월드통상),서초구,음악,1.0,0.018300351061575494
도보,STORE_02541,도서,271.28555084896544,놀숲 교대점,서초구,도서,1.0,0.003686152826313763
도보,STORE_02633,체육시설,182.8739357320088,요가룩스앤필라테스 교대점(요가룩스),서초구,체육시설,1.0,0.00546824781780517
도보,STORE_02648,음악,29.745635125029434,장미악기((주)장미악기),서초구,음악,1.0,0.03361837781565979
도보,STORE_02653,음악,238.13709833414148,주식회사 숲플랜컴퍼니,서초구,음악,1.0,0.004199261715185814
도보,STORE_02555,음악,35.53011143205574,라라악기,서초구,음악,1.0,0.02814514111255465
도보,STORE_02641,음악,34.203652875971905,은파악기,서초구,음악,1.0,0.029236643338247093
도보,STORE_02642,음악,55.145135901905746,음악플러스,서초구,음악,1.0,0.01813396564619657
도보,STORE_02681,영상,280.0022993257815,현대에이치씨엔 서초방송(케이블티비),서초구,TV,1.0,0.0035713992435344403
도보,STORE_02522,음악,22.313634485902,SPM 서울타악기(서울타악기 주식회사),서초구,음악,1.0,0.04481564850548265
도보,STORE_02636,체육시설,230.25133737560122,원핏 필라테스 서초본점,서초구,체육시설,1.0,0.004343080094117906
도보,STORE_02556,도서,107.50022184008567,라비블(주식회사 케이씨비에스),서초구,도서,1.0,0.009302306384888881
도보,STORE_02548,도서,109.26999058793484,더북스 반포점(더북스서점),서초구,도서,1.0,0.009151643508152878
도보,STORE_02521,체육시설,183.42678827842832,J&P수영장,서초구,체육시설,1.0,0.005451766393478328
도보,STORE_04300,문화체험,173.04272250412447,혜화동주민센터,종로구,문화체험,1.0,0.00577891971143811
도보,STORE_04188,도서,95.75307500014686,위트 앤 시니컬,종로구,도서,1.0,0.010443528837047439
도보,STORE_03951,도서,92.14839979715256,가톨릭서원,종로구,도서,1.0,0.01085206039607104
도보,STORE_03918,도서,104.44626847251207,(주)샘터사,종로구,도서,1.0,0.00957430087857258
도보,STORE_04036,도서,77.3481536894611,동양서림,종로구,도서,1.0,0.012928556821340814
도보,STORE_04205,도서,108.58504683040582,자각몽,종로구,도서,1.0,0.009209371172090166
도보,STORE_03930,영상,408.89435573899107,CGV 대학로,종로구,영화,1.0,0.0024456194759468106
도보,STORE_03949,문화체험,213.62524295969374,가죽공방 레더레스트(창너머숲),종로구,문화체험,1.0,0.0046810947346174695
도보,STORE_04042,체육시설,174.91604046959827,라운지볼,종로구,체육시설,1.0,0.005717028565906781
도보,STORE_04150,도서,62.299219819534024,알라딘 중고서점 대학로점,종로구,도서,1.0,0.016051565379097226
도보,STORE_04163,도서,58.7094364158027,에코비전21,종로구,도서,1.0,0.017033036953678405
도보,STORE_00463,체육용품,1970.5148093986675,그린페달 3호점,강북구,체육용품,1.0,0.0005074815957892573
도보,STORE_00843,도서,1243.9787631285449,주식회사만나의집,강서구,도서,1.0,0.0008038722441571668
도보,STORE_00703,체육시설,302.0426689914697,로뎀태권도,강서구,체육시설,1.0,0.0033107905030075138
도보,STORE_01159,도서,8.738521518899109,북카페 그릿시내(주식회사 디엠출판유통),광진구,도서,1.0,0.11443583423548992
도보,STORE_02975,체육시설,868.0079836466542,커브스 월계클럽,성북구,체육시설,1.0,0.0011520631363306408
도보,STORE_01688,체육시설,1055.0034751754915,용인대 타이거 체육관,노원구,체육시설,1.0,0.0009478641763086684
도보,STORE_01703,문화체험,1345.1346278214817,월계종합사회복지관,노원구,문화체험,1.0,0.0007434200111401147
도보,STORE_02918,도서,512.956037836794,에바다기독교백화점 (에바다미디어),성북구,도서,1.0,0.0019494848022788408
도보,STORE_02881,체육용품,758.5391696429834,삼천리자전거 종암점,성북구,체육용품,1.0,0.0013183234828475152
도보,STORE_02961,도서,543.5661930678028,종암문고,성북구,도서,1.0,0.0018397023449088252
도보,STORE_02864,체육시설,516.7851348110223,바디어필 필라테스,성북구,체육시설,1.0,0.0019350401794464916
도보,STORE_00917,문화체험,754.6069997319308,공방순수(순수아로마공방),관악구,문화체험,1.0,0.0013251931142372697
도보,STORE_00974,문화체험,774.6285475507431,뮤토 아뜰리에,관악구,문화체험,1.0,0.0012909413204068544
도보,STORE_00983,도서,1187.5099812240296,벌툰(벌툰몽유도원봉천현대시장점 유한회사),관악구,도서,1.0,0.0008420981851194606
도보,STORE_01035,체육시설,680.6714556549925,용인대아이(I)태권도(에이티에스(ATS) 용인대태권도),관악구,체육시설,1.0,0.001469137557763056
도보,STORE_01032,체육시설,546.7481332930804,옳은필라테스 ,관악구,체육시설,1.0,0.0018289957278445014
도보,STORE_00958,도서,1264.050755458181,드림서점,관악구,도서,1.0,0.0007911074738747572
도보,STORE_00933,문화체험,669.4871297559082,꼼아토탈공예,관악구,문화체험,1.0,0.0014936806931069686
도보,STORE_00963,체육시설,398.1797615430059,러브낚시카페(Love 낚시카페),관악구,체육시설,1.0,0.0025114284968298013
도보,STORE_01052,도서,424.1663075130143,자상한 시간,관악구,도서,1.0,0.0023575658469038537
도보,STORE_00956,체육시설,625.4867091030716,두산골프아카데미,관악구,체육시설,1.0,0.0015987549942251672
도보,STORE_00972,체육시설,1152.7630894475712,몬스터 키즈 풀,관악구,체육시설,1.0,0.0008674809326860226
도보,STORE_01089,영상,2037.9286312356614,현대에이치씨엔 관악방송(케이블티비),관악구,TV,1.0,0.0004906943180800537
도보,STORE_00915,체육시설,1360.5820655217035,경희대박병호태권도,관악구,체육시설,1.0,0.0007349795542223016
도보,STORE_01018,체육용품,1983.630121680244,알톤스포츠 파워코리아 봉천역점,관악구,체육용품,1.0,0.0005041262426247817
도보,STORE_01065,문화체험,601.3796667531515,퇴근후미술원 성인취미미술,관악구,문화체험,1.0,0.0016628430512108923
도보,STORE_00907,체육시설,191.67347831721472,ALL BARO (올바로필라테스 봉천점),관악구,체육시설,1.0,0.005217205889825954
도보,STORE_01031,체육시설,191.67347831721472,올바로필라테스 낙성대점,관악구,체육시설,1.0,0.005217205889825954
도보,STORE_01073,체육시설,144.35198591667282,프로틴짐 헬스PT(프로틴짐PT 서울대입구점),관악구,체육시설,1.0,0.006927511205680606
도보,STORE_01074,체육시설,144.35198591667282,"프로틴짐(프로틴짐헬스,PT 서울대입구점)",관악구,체육시설,1.0,0.006927511205680606
도보,STORE_01077,체육시설,145.47516121343568,피트니스에프엠,관악구,체육시설,1.0,0.006874025721358972
도보,STORE_00965,영상,1644.29443497096,롯데컬처웍스㈜롯데시네마 서울대입구,관악구,영화,1.0,0.0006081635859928341
도보,STORE_01050,체육시설,126.67628882657469,자마이카휘트니스 서울대점,관악구,체육시설,1.0,0.007894137168551276
도보,STORE_01016,도서,473.9869034942966,알라딘 중고서점 서울대입구점,관악구,도서,1.0,0.0021097629335913347
도보,STORE_00981,도서,369.37041961648725,벌툰 서울대입구역점(벌툰 몽유도원 서울대입구역점),관악구,도서,1.0,0.0027073093753373313
도보,STORE_03729,체육시설,197.48400796768533,e편한세상수색에코포레아파트생활체육센타(생활체육센터),은평구,체육시설,1.0,0.005063701158848426
도보,STORE_03831,체육시설,347.2724808865574,에이티필라테스,은평구,체육시설,1.0,0.002879583194864978
도보,STORE_03894,도서,487.7170937734253,해오름서적,은평구,도서,1.0,0.002050368979817963
도보,STORE_03895,음악,2281.224725968436,해외악기,은평구,음악,1.0,0.00043836102099738353
도보,STORE_03719,체육시설,380.60711914642326,Confidence (컨피던스 휘트니스),은평구,체육시설,1.0,0.0026273812277675507
도보,STORE_03781,문화체험,863.9638000904313,바늘한땀공방(바늘한땀협동조합),은평구,문화체험,1.0,0.0011574559025451412
도보,STORE_02391,체육시설,493.2841382219936,1986피트니스 헬스PT 무악재점,서대문구,체육시설,1.0,0.0020272291819567246
도보,STORE_01997,체육시설,1262.933193633492,위아짐 회기점,동대문구,체육시설,1.0,0.0007918075200185164
도보,STORE_02017,체육용품,1690.6539680743751,청량낚시,동대문구,체육용품,1.0,0.0005914870925000592
도보,STORE_02015,도서,306.43893544514003,책나라,동대문구,도서,1.0,0.003263292892423666
도보,STORE_01934,도서,248.769002800654,두란노문고 동안점,동대문구,도서,1.0,0.004019793417756832
도보,STORE_01921,도서,277.0828700188849,놀숲 경희대점,동대문구,도서,1.0,0.0036090285910920583
도보,STORE_01991,체육용품,576.9914860105707,연코리아,동대문구,체육용품,1.0,0.0017331278263986022
도보,STORE_01913,도서,139.47659308602678,경희문고,동대문구,도서,1.0,0.00716966178965396
도보,STORE_02035,도서,353.99278637858833,한우리문고,동대문구,도서,1.0,0.0028249163216860574
도보,STORE_03649,도서,166.85252336399807,뿌리서점,용산구,도서,1.0,0.0059933166118108045
도보,STORE_00451,체육시설,372.982586614832,강북문화예술회관,강북구,체육시설,1.0,0.002681090313293018
도보,STORE_00559,문화체험,1579.5360185689383,인수동주민자치위원회,강북구,문화체험,1.0,0.0006330973072117731
도보,STORE_00496,음악,3250.540971553438,뮤직시티,강북구,음악,1.0,0.0003076410999742294
도보,STORE_00594,체육시설,345.94168822124493,화심회라온태권도,강북구,체육시설,1.0,0.0028906605767630295
도보,STORE_00591,체육용품,2950.4241939259045,해피볼링,강북구,체육용품,1.0,0.00033893431393991393
도보,STORE_00533,체육시설,327.09219247239866,승리합기도(승리체육관),강북구,체육시설,1.0,0.003057242034550806
도보,STORE_00481,체육시설,342.9421685487247,더블플러스 휘트니스클럽,강북구,체육시설,1.0,0.002915943537162073
도보,STORE_00462,체육시설,296.0491115279701,그린파크골프 레저로 강북점,강북구,체육시설,1.0,0.0033778179398640824
도보,STORE_00555,체육시설,292.6309755838479,이레당구클럽,강북구,체육시설,1.0,0.0034172732329680144
도보,STORE_00457,체육시설,197.20825315097215,강북청소년수련관 수영장,강북구,체육시설,1.0,0.005070781694082819
도보,STORE_00534,체육시설,197.20825315097215,시립강북청소년센터 체육관,강북구,체육시설,1.0,0.005070781694082819
도보,STORE_00521,도서,1700.9450177413235,"서점 자,활(서울강북지역자활센터서점)",강북구,도서,1.0,0.0005879084800329967
도보,STORE_00525,체육시설,207.14467159679685,수유 펀치라인복싱,강북구,체육시설,1.0,0.004827543920349933
도보,STORE_00549,문화체험,1369.5408479618163,우이동 주민센터,강북구,문화체험,1.0,0.0007301717225070169
도보,STORE_03653,문화체험,1045.9443499944396,서울클레이,용산구,문화체험,1.0,0.0009560738102417363
도보,STORE_04485,문화체험,986.2861788362804,중림동 주민자치회관,중구,문화체험,1.0,0.0010139045050594753
도보,STORE_02382,체육시설,457.6222763362298,헬스존,마포구,체육시설,1.0,0.002185208307615838
도보,STORE_04424,체육시설,1073.654359829606,손기정문화체육센터,중구,체육시설,1.0,0.0009313984438704321
도보,STORE_04023,도서,98.00916812445772,더레퍼런스(컴포지션넘버원 주식회사),종로구,도서,1.0,0.010203127106743138
도보,STORE_04261,문화체험,86.09418456067901,청운효자동 주민센터,종로구,문화체험,1.0,0.011615186381087121
도보,STORE_02852,문화체험,1068.9355011537177,라이크디스,성북구,문화체험,1.0,0.0009355101396863379
도보,STORE_02948,체육시설,736.5949175485989,장위동점핑,성북구,체육시설,1.0,0.001357598289339299
도보,STORE_02979,체육시설,734.103380978911,프로핏 FNC 스튜디오,성북구,체육시설,1.0,0.0013622059588753311
도보,STORE_02925,음악,2718.86545854676,예스레코드 (예스음악실),성북구,음악,1.0,0.00036780047238325
도보,STORE_02893,체육시설,693.1031933388233,성북체육관,성북구,체육시설,1.0,0.0014427866003369433
도보,STORE_02947,체육시설,1136.6781519800463,장위건강누림센터(성북구도시관리공단),성북구,체육시설,1.0,0.0008797565064992596
도보,STORE_02950,문화체험,304.8683863687521,장위제2동 주민자치회,성북구,문화체험,1.0,0.0032801039553850453
도보,STORE_01988,체육시설,332.0523957631954,어트루짐 답십리역점,동대문구,체육시설,1.0,0.0030115729106594195
도보,STORE_01923,문화체험,1051.4703848101283,답십리2동 주민자치위원회,동대문구,문화체험,1.0,0.0009510491350458504
도보,STORE_02037,체육시설,924.5351940137678,헬스데이 답십리점,동대문구,체육시설,1.0,0.0010816245898207619
도보,STORE_01949,체육용품,1252.0509868319216,바이시클프로샵(BICYCLE PRO SHOP)(스포츠타운),동대문구,체육용품,1.0,0.0007986895186515615
도보,STORE_02914,문화체험,507.28844745682716,안나레더웍스,성북구,문화체험,1.0,0.001971265076138177
도보,STORE_02829,문화체험,483.40691371707425,그림살롱,성북구,문화체험,1.0,0.0020686505956455446
도보,STORE_02909,영상,1100.766938449995,아리랑시네센터,성북구,영화,1.0,0.0009084575172725606
도보,STORE_02930,체육시설,484.64116967818643,운동쟁이,성북구,체육시설,1.0,0.0020633822765491103
도보,STORE_02843,도서,1148.2846871256545,대원서점,성북구,도서,1.0,0.0008708641778574654
도보,STORE_02883,체육용품,1144.226356661691,서울성북지역자활센터 우리동네자전거포,성북구,체육용품,1.0,0.0008739529501116589
도보,STORE_02808,체육시설,670.2418880788671,Cue Plus (에스비에스(SBS)당구장),성북구,체육시설,1.0,0.0014919986616568053
도보,STORE_02995,도서,888.0670238602019,행운서점,성북구,도서,1.0,0.0011260411355589514
도보,STORE_02927,체육시설,397.8114920646561,올바로필라테스 종암점,성북구,체육시설,1.0,0.0025137534232858977
도보,STORE_02960,문화체험,1662.1297053198934,종암동주민자치회,성북구,문화체험,1.0,0.0006016377643690208
도보,STORE_02962,체육시설,397.8114920646561,종암박스파크(성북구도시관리공단),성북구,체육시설,1.0,0.0025137534232858977
도보,STORE_02813,영상,1501.114966580046,㈜딜라이브북부케이블티브이(케이블티비),성북구,TV,1.0,0.0006661714940317169
도보,STORE_02894,체육시설,457.7636802003701,성북펜싱체육관(성북구도시관리공단),성북구,체육시설,1.0,0.0021845332936031203
도보,STORE_02850,음악,1245.3757932656247,라바종합악기,성북구,음악,1.0,0.0008029704812053555
도보,STORE_04546,체육시설,1145.4722331663156,레벨업휘트니스 상봉,중랑구,체육시설,1.0,0.0008730023924157453
도보,STORE_04660,도서,1506.6400433057383,종합기독교백화점,중랑구,도서,1.0,0.0006637285424897423
도보,STORE_04561,영상,1268.17839082389,메가박스 상봉,중랑구,영화,1.0,0.0007885325970192064
도보,STORE_04658,체육용품,1471.1129721333502,정금기획,중랑구,체육용품,1.0,0.0006797574482331151
도보,STORE_04676,도서,1918.0297837504525,코프키노,중랑구,도서,1.0,0.0005213683376931889
도보,STORE_04701,체육시설,1351.410915699036,히든피트니스,중랑구,체육시설,1.0,0.0007399673840008434
도보,STORE_04637,체육시설,1211.5881384321958,온리짐 휘트니스(뉴온리짐),중랑구,체육시설,1.0,0.0008253629829143156
도보,STORE_04677,체육시설,1153.3050412094728,콘도르 스크린 파크골프,중랑구,체육시설,1.0,0.0008670732930737027
도보,STORE_04592,체육용품,1637.942208247318,삼천리자전거 중화선명점,중랑구,체육용품,1.0,0.0006105221508822654
도보,STORE_04668,도서,1500.0609980289069,중화문고,중랑구,도서,1.0,0.0006666395575339993
도보,STORE_04669,문화체험,2315.206045160089,중화제1동 주민센터,중랑구,문화체험,1.0,0.00043192699936599085
도보,STORE_04667,도서,1853.9211716588275,중랑중고책갤러리,중랑구,도서,1.0,0.0005393972598658189
도보,STORE_04624,체육용품,1455.772503491302,알톤스포츠중화동점(디에스자전거),중랑구,체육용품,1.0,0.0006869205164967418
도보,STORE_04639,체육용품,1265.7643362824685,요넥스 중화점(YONEX)((주)파워SMC),중랑구,체육용품,1.0,0.000790036479410524
도보,STORE_02407,문화체험,2274.0200474142316,도담공예학원,서대문구,문화체험,1.0,0.0004397498611048268
도보,STORE_02472,체육시설,1042.4943842373098,청솔태권도,서대문구,체육시설,1.0,0.0009592377811527506
도보,STORE_02427,체육시설,554.8555030486241,바디인필라테스 북가좌점,서대문구,체육시설,1.0,0.0018022710318372137
도보,STORE_00696,체육시설,241.370864364454,라이프플러스휘트니스 강서점,강서구,체육시설,1.0,0.004143002108531485
도보,STORE_00669,도서,769.5551130681639,꽃피는책,강서구,도서,1.0,0.00129945208993943
도보,STORE_04171,도서,295.3775417892605,영광서적,종로구,도서,1.0,0.003385497739409918
도보,STORE_04210,체육시설,1027.5546231843914,정당구장,종로구,체육시설,1.0,0.0009731842740398562
도보,STORE_04075,도서,290.46455491062045,복음서원,종로구,도서,1.0,0.003442760857026815
도보,STORE_04164,도서,384.8355949326831,엘림문화사,종로구,도서,1.0,0.0025985122300730104
도보,STORE_01979,음악,790.8905436068495,신뮤직,동대문구,음악,1.0,0.0012643974669864031
도보,STORE_01699,문화체험,877.4323935926141,월계2동 주민자치회,노원구,문화체험,1.0,0.0011396889461825514
도보,STORE_00515,문화체험,1034.0514101188328,삼양동주민자치위원회,강북구,문화체험,1.0,0.0009670699060166461
도보,STORE_03020,체육시설,26.817618426894786,URBAN PILATES(어반 필라테스 문정점),송파구,체육시설,1.0,0.03728891895177099
도보,STORE_02663,체육시설,552.8836339911135,케이탑 복싱 다이어트(케이탑 복싱),서초구,체육시설,1.0,0.001808698862690649
도보,STORE_02677,도서,1045.6629769455385,한솔서점(우면한솔서점),서초구,도서,1.0,0.0009563310761188815
도보,STORE_02528,체육시설,412.2359766048693,경희대박사태권도,서초구,체육시설,1.0,0.002425795070667755
도보,STORE_02535,체육시설,505.85881984424645,꿈꾸는탁구(꿈꾸는탁구클럽),서초구,체육시설,1.0,0.0019768361463143
도보,STORE_00135,체육시설,111.28951689989084,소울업짐,강남구,체육시설,1.0,0.008985572296980479
도보,STORE_00415,체육시설,304.221516500837,팀터틀랫24시헬스 서울강일(팀점틀랫 서울강일점),강동구,체육시설,1.0,0.0032870784798590953
도보,STORE_00264,문화체험,1107.1635158714942,그리다북 그리다붓,강동구,문화체험,1.0,0.0009032089530270139
도보,STORE_00407,체육시설,257.5628462828782,카인드짐 24시 헬스 PT 스쿼시 강일점,강동구,체육시설,1.0,0.0038825475585159202
도보,STORE_00301,체육시설,221.87739426237962,머슬비치짐(머슬비치),강동구,체육시설,1.0,0.004506993618365
도보,STORE_00414,체육시설,221.87739426237962,트리오짐 헬스PT 강일 미사점,강동구,체육시설,1.0,0.004506993618365
도보,STORE_01664,체육시설,313.8938192480658,아이맘 태권도&발레,노원구,체육시설,1.0,0.0031857906676706947
도보,STORE_02805,체육시설,138.8325291468069,BA 바디어필,성북구,체육시설,1.0,0.007202922875103436
도보,STORE_00509,문화체험,699.3900435100871,북서울종합사회복지관,강북구,문화체험,1.0,0.0014298173233653951
도보,STORE_01865,체육시설,905.6817054501937,제이짐휘트니스 솔밭공원점,도봉구,체육시설,1.0,0.0011041406644102664
도보,STORE_01816,체육시설,441.7866523932372,백운나래태권도장,도봉구,체육시설,1.0,0.0022635360180820797
도보,STORE_01833,도서,635.059925235625,쓸모의 발견,도봉구,도서,1.0,0.0015746545487482493
도보,STORE_01830,체육시설,277.5504401057304,신의한큐당구장,도봉구,체육시설,1.0,0.0036029487094996456
도보,STORE_01853,체육시설,258.945890421712,원투체육관 원투짐,도봉구,체육시설,1.0,0.0038618106600241003
도보,STORE_02993,체육시설,224.16566669532622,해오름스포츠센터(성북구도시관리공단),성북구,체육시설,1.0,0.004460986442491863
도보,STORE_00129,체육용품,239.53291108376627,세곡모빌리티 (전기쟁이도시기),강남구,체육용품,1.0,0.0041747916621373725
도보,STORE_02530,체육시설,671.0343592689785,국가대표 경희대 멘토 태권도,서초구,체육시설,1.0,0.0014902366565691138
도보,STORE_02167,문화체험,340.1458718090388,흑석동 주민센터,동작구,문화체험,1.0,0.002939915144880576
도보,STORE_02168,체육시설,104.29934716982048,흑석체육센터(동작구청),동작구,체육시설,1.0,0.0095877877200113
도보,STORE_02047,체육시설,243.02126928772086,BORN FIT PT STUDIO (본핏),동작구,체육시설,1.0,0.004114866171717946
도보,STORE_00995,문화체험,542.6597383253669,삼성동자치회관(관악삼성동주민자치회),관악구,문화체험,1.0,0.001842775369858786
도보,STORE_00994,체육용품,1451.939773039702,삼성동자전거,관악구,체육용품,1.0,0.0006887338018893541
도보,STORE_01090,체육시설,834.3563380847323,휘트니스피플 우먼 신림2호점,관악구,체육시설,1.0,0.0011985286793595926
도보,STORE_00916,도서,453.7012417020886,고시책사랑,관악구,도서,1.0,0.002204093593062336
도보,STORE_00984,도서,424.8093887401978,법문서적,관악구,도서,1.0,0.002353996937227707
도보,STORE_01048,도서,562.2642908830493,일등서점,관악구,도서,1.0,0.0017785230472834696
도보,STORE_00925,문화체험,1163.5303574141087,관악청소년센터(서울특별시관악구시설관리공단),관악구,문화체험,1.0,0.0008594532954193415
도보,STORE_00918,문화체험,859.2319284342882,공유공간 봄(봄꿈교육사회적협동조합),관악구,문화체험,1.0,0.001163830121888304
도보,STORE_00978,체육용품,733.5095102923568,바우탁구용품,관악구,체육용품,1.0,0.0013633088405376331
도보,STORE_00949,도서,792.0373814632025,다산서적,관악구,도서,1.0,0.0012625666709727883
도보,STORE_00910,체육시설,570.409934327713,PILATESSOO,관악구,체육시설,1.0,0.001753125147055167
도보,STORE_01033,체육시설,459.60436768606866,와키당구장,관악구,체육시설,1.0,0.002175784370881016
도보,STORE_00996,체육용품,1101.8434284856885,삼천리자전거 관악점(바이크하우스),관악구,체육용품,1.0,0.0009075699633425627
도보,STORE_01038,체육시설,515.4204349259297,원펀짐,관악구,체육시설,1.0,0.0019401636649189287
도보,STORE_00929,도서,607.3667867372961,그날이 오면,관악구,도서,1.0,0.0016464515706759073
도보,STORE_00951,체육시설,591.876658938397,다짐필라테스 난곡점(이룸 기구필라테스),관악구,체육시설,1.0,0.0016895411989951115
도보,STORE_02446,문화체험,228.78570273710912,서대문종합사회복지관,서대문구,문화체험,1.0,0.004370902499746981
도보,STORE_00486,체육시설,306.14554041915454,럭키볼링센터((주)태원종합실업),강북구,체육시설,1.0,0.003266420273935283
도보,STORE_00461,도서,416.9472500625008,교보문고 수유점,강북구,도서,1.0,0.002398384927230241
도보,STORE_01647,도서,16.841266888662336,서울여대구내서점,노원구,도서,1.0,0.05937795574471938
도보,STORE_01745,체육시설,0.0,태릉국제스케이트장(대한체육회선수촌),노원구,체육시설,1.0,0.0
도보,STORE_01721,문화체험,5.389754684919219,주식회사 티알큐,노원구,문화체험,1.0,0.18553720131234283
도보,STORE_01764,도서,5.389754684919219,현대 글마당 삼육대학교 구내서점(현대문구 삼육대점),노원구,도서,1.0,0.18553720131234283
도보,STORE_01912,도서,127.7294475871562,경희대소비자생활협동조합서점,동대문구,도서,1.0,0.007829048186540146
도보,STORE_02630,도서,187.02797158403115,영풍문고 사당역점,서초구,도서,1.0,0.005346793805923852
도보,STORE_03712,문화체험,177.5036959572666,효창종합사회복지관,용산구,문화체험,1.0,0.005633685510642813
도보,STORE_03629,도서,659.6825733222386,놀숲 숙대입구점,용산구,도서,1.0,0.0015158805771749936
도보,STORE_03620,도서,634.5075222769435,고래문고,용산구,도서,1.0,0.0015760254447598652
도보,STORE_01976,도서,659.7961780281837,스튜디오팝콘,동대문구,도서,1.0,0.001515619570559689
도보,STORE_02139,체육용품,830.063394127358,원탑휠,동작구,체육용품,1.0,0.0012047272618873834
도보,STORE_02064,도서,673.2187544400895,다보사,동작구,도서,1.0,0.0014854012806456824
도보,STORE_02133,체육시설,741.209085700426,오케이 복싱,동작구,체육시설,1.0,0.0013491469806458489
도보,STORE_03888,체육시설,462.15048054604193,필라테스앤유(Pilates and you),은평구,체육시설,1.0,0.0021637973822259708
도보,STORE_03801,체육용품,443.2331338535527,삼천리자전거 뉴타운1호점,은평구,체육용품,1.0,0.002256149018702214
도보,STORE_03851,체육시설,286.086957011665,은평인공암벽장(서울특별시산악연맹),은평구,체육시설,1.0,0.0034954407234973166
도보,STORE_03735,도서,547.9430524641427,교보문고 은평점,은평구,도서,1.0,0.001825007170914791
도보,STORE_03765,영상,557.394008623819,롯데컬처웍스㈜롯데시네마 은평(롯데몰),은평구,영화,1.0,0.0017940630586772103
도보,STORE_03163,체육시설,8.227599914236052,올림픽공원스포츠센터(서울올림픽기념국민체육진흥공단),송파구,체육시설,1.0,0.12154212776799221
도보,STORE_03164,체육시설,0.0,올림픽수영장(국민체육진흥공단),송파구,체육시설,1.0,0.0
도보,STORE_03210,체육용품,0.0,티막스토어 올림픽점(티막 올림픽점),송파구,체육용품,1.0,0.0
도보,STORE_03085,문화체험,356.1735584455333,방이2동 주민자치회,송파구,문화체험,1.0,0.0028076199826970643
도보,STORE_01793,문화체험,811.5920269514517,도봉제1동 주민센터,도봉구,문화체험,1.0,0.0012321461606224215
도보,STORE_00908,체육시설,833.0547027200681,F45 사당(주식회사 차민),관악구,체육시설,1.0,0.0012004013622812842
도보,STORE_02140,문화체험,699.7477346512784,위드피아노 사당점,동작구,문화체험,1.0,0.0014290864414135665
도보,STORE_02049,도서,520.4101777593864,M&H BOOKS(홍지문고),동작구,도서,1.0,0.0019215611891094753
도보,STORE_01011,체육시설,271.42121646360874,스포짐사당점 (주식회사 케이앤에스스포츠),관악구,체육시설,1.0,0.0036843103609554293
도보,STORE_00928,도서,0.0,교보문고 서울대점 (서울대학교생활협동조합),관악구,도서,1.0,0.0
도보,STORE_03534,체육시설,7.853614370572933,알엔짐(Right Now Gym),영등포구,체육시설,1.0,0.1273299086019484
도보,STORE_03545,도서,11.640003040086203,여의도순복음교회 서점,영등포구,도서,1.0,0.08591063048318535
도보,STORE_03482,체육시설,7.178049425007902,드메인 필라테스 원격평생교육원,영등포구,체육시설,1.0,0.13931361304312823
도보,STORE_00148,도서,73.98998302077038,알라딘 중고서점 가로수길점,강남구,도서,1.0,0.013515343012300477
도보,STORE_00142,문화체험,153.80254418166913,시그널헌터 가로수길점,강남구,문화체험,1.0,0.006501843030755173
도보,STORE_00226,체육시설,152.20146224766788,휘트니스엠 압구정점(주식회사 엠휘트니스 14),강남구,체육시설,1.0,0.006570239110927613
도보,STORE_00063,도서,63.60620253862644,놀숲 신사가로수길점,강남구,도서,1.0,0.01572173719053146
도보,STORE_00145,도서,277.04091653791454,심지전문서적,강남구,도서,1.0,0.003609575121598129
도보,STORE_00171,도서,153.71306909711572,월드메거진,강남구,도서,1.0,0.006505627698892677
도보,STORE_00097,영상,201.88644509080385,메가박스 브로드웨이신사,강남구,영화,1.0,0.0049532795505425
도보,STORE_00174,영상,166.0017666524651,이봄씨어터,강남구,영화,1.0,0.006024032274870673
도보,STORE_00138,문화체험,58.96377221656018,스튜디오 짱용,강남구,문화체험,1.0,0.01695956622868756
도보,STORE_00143,문화체험,137.60944551108446,신사문화센터(강남구청),강남구,문화체험,1.0,0.007266943023322116
도보,STORE_03676,체육시설,273.590317309538,용산구문화체육센터 (용산구시설관리공단),용산구,체육시설,1.0,0.003655100114046096
도보,STORE_03680,문화체험,348.11619002445394,원효로제1동 주민센터,용산구,문화체험,1.0,0.002872604115108101
도보,STORE_03677,체육시설,204.56919990893635,용산꿈나무종합타운(용산구시설관리공단),용산구,체육시설,1.0,0.004888321411264005
도보,STORE_03618,영상,400.452551659493,㈜딜라이브마포케이블티브이(케이블티비),용산구,TV,1.0,0.0024971747485587393
도보,STORE_03619,영상,395.42165838398705,㈜딜라이브용산케이블티브이(케이블티비),용산구,TV,1.0,0.0025289459461750514
도보,STORE_03698,문화체험,749.2639044764086,청파동 주민센터,용산구,문화체험,1.0,0.001334643233212746
도보,STORE_03631,체육시설,561.1155836927569,뉴청룡볼링장,용산구,체육시설,1.0,0.001782164012303671
도보,STORE_03654,문화체험,257.97908002987333,서울특별시립 청소년미디어센터,용산구,문화체험,1.0,0.003876283301282424
도보,STORE_01928,문화체험,1849.2514130021939,동대문구답십리도서관(서울특별시동대문구시설관리공단),동대문구,문화체험,1.0,0.000540759354281923
도보,STORE_02020,체육시설,560.996172863032,케이엠(KM)당구클럽,동대문구,체육시설,1.0,0.0017825433547906777
도보,STORE_02021,체육시설,561.0320929353167,쿰짐 답십리점,동대문구,체육시설,1.0,0.001782429227476107
도보,STORE_01958,체육용품,516.4130003048307,삼천리자전거 용답점(미술관 옆 자전거),동대문구,체육용품,1.0,0.001936434596746626
도보,STORE_01972,체육시설,559.112864221141,슈브 필라테스 답십리점,동대문구,체육시설,1.0,0.0017885476510955019
도보,STORE_02113,도서,661.5280852340808,스쿨서점,동작구,도서,1.0,0.0015116516174005694
도보,STORE_02105,체육시설,215.46011195602586,서울여성플라자스포츠센터(사단법인한국사회체육협회),동작구,체육시설,1.0,0.004641230299760051
도보,STORE_03483,문화체험,378.3203447696131,디어블룸 Deer bloom,영등포구,문화체험,1.0,0.002643262552028422
도보,STORE_03509,체육용품,920.3922289117809,삼천리자전거 신길대방점,영등포구,체육용품,1.0,0.0010864933107728894
도보,STORE_03471,체육시설,364.1085292669069,대방숭무관,영등포구,체육시설,1.0,0.002746433877869853
도보,STORE_00987,문화체험,878.5154500926104,보이스웨이,관악구,문화체험,1.0,0.001138283908262038
도보,STORE_01086,체육시설,176.9065903130709,헤게모니짐 (헤게모니짐PT 서울대입구점),관악구,체육시설,1.0,0.005652700661011576
도보,STORE_02102,체육용품,474.32534723101713,삼천리자전거 상도점,동작구,체육용품,1.0,0.0021082575616878352
도보,STORE_03504,체육시설,515.597255531405,브론케어필라테스,영등포구,체육시설,1.0,0.0019394982988599132
도보,STORE_03526,문화체험,870.1086117268741,신길7동 주민자치위원회,영등포구,문화체험,1.0,0.0011492818097907744
도보,STORE_03527,체육시설,796.8875586845592,신길스크린골프,영등포구,체육시설,1.0,0.001254882183944148
도보,STORE_03542,체육용품,1290.207954519145,에어원,영등포구,체육용품,1.0,0.0007750688534335504
도보,STORE_02567,영상,84.16396495661066,메가박스 강남,서초구,영화,1.0,0.011881569511554422
도보,STORE_00192,문화체험,22.62413842881325,키이스케이프 강남(키이스케이프강남 주식회사),강남구,문화체험,1.0,0.04420057820749707
도보,STORE_00096,영상,66.18777197780118,메가박스 강남대로(씨티),강남구,영화,1.0,0.015108530928271639
도보,STORE_00104,문화체험,15.041375926166042,반지대학 강남캠퍼스,강남구,문화체험,1.0,0.06648327951569881
도보,STORE_00194,문화체험,17.007927171117068,키이스케이프 로그인(키이스케이프로그인 주식회사),강남구,문화체험,1.0,0.05879611253852287
도보,STORE_00195,문화체험,17.007927171117068,키이스케이프 로그인2,강남구,문화체험,1.0,0.05879611253852287
도보,STORE_00021,영상,113.78352712120417,CGV 강남,강남구,영화,1.0,0.008788618399346882
도보,STORE_00061,도서,100.80622815716931,놀숲 강남역점,강남구,도서,1.0,0.009920021989523077
도보,STORE_00215,체육시설,548.143346157985,플레이오션,강남구,체육시설,1.0,0.0018243403062522658
도보,STORE_00176,문화체험,478.83612510983306,자곡문화센터(강남구청),강남구,문화체험,1.0,0.002088397152095876
도보,STORE_00178,체육시설,41.104304877254414,잘큼센터(웰그로잉센터),강남구,체육시설,1.0,0.024328352054272608
도보,STORE_00199,문화체험,81.72599601641433,키즈런(주식회사 잘큼),강남구,문화체험,1.0,0.012236008721131451
도보,STORE_00177,도서,61.7386024699561,작은서점(소전문화재단),강남구,도서,1.0,0.016197321610683213
도보,STORE_00093,체육시설,162.59880855118325,마이 필라테스 피티 101,강남구,체육시설,1.0,0.006150106565419374
도보,STORE_00169,체육용품,386.3521443917905,원러브보드샵(에이치인터네셔널),강남구,체육용품,1.0,0.0025883122806895148
도보,STORE_00188,문화체험,137.69506299877546,청담문화센터(강남구청),강남구,문화체험,1.0,0.0072624245068894965
도보,STORE_00187,체육시설,98.38779790925736,청담 엑티브짐,강남구,체육시설,1.0,0.01016386199559315
도보,STORE_00133,체육시설,156.0114101465236,세븐당구장,강남구,체육시설,1.0,0.006409787585797827
도보,STORE_00107,체육시설,13.143239023890148,봉은테니스장(강남구도시관리공단),강남구,체육시설,1.0,0.07608474579076924
도보,STORE_00085,체육시설,204.2084679497539,렛츠핏 삼성점,강남구,체육시설,1.0,0.004896956575992985
도보,STORE_00111,문화체험,113.12879049876878,삼성1문화센터(강남구청),강남구,문화체험,1.0,0.008839482819458618
도보,STORE_00098,영상,38.30293799078568,메가박스 코엑스,강남구,영화,1.0,0.026107657857487702
도보,STORE_00160,도서,38.436761039092175,영풍문고 스타필드 코엑스몰점,강남구,도서,1.0,0.026016760334798977
도보,STORE_00167,체육시설,46.69419509906254,올바로필라테스 대치점,강남구,체육시설,1.0,0.021415938274093445
도보,STORE_00012,체육시설,52.24813018392425,(주)월드스포츠가인볼링센터 삼성점,강남구,체육시설,1.0,0.01913944090400542
도보,STORE_00007,도서,85.14926229065695,(주)민음북스,강남구,도서,1.0,0.01174408295619169
도보,STORE_00033,체육시설,83.52582951165742,U Fitness (유휘트니스),강남구,체육시설,1.0,0.011972344433411863
도보,STORE_00064,도서,138.0404698593509,놀숲 압구정역점,강남구,도서,1.0,0.007244252363230128
도보,STORE_00185,체육시설,252.5344551589484,지지당구장,강남구,체육시설,1.0,0.0039598556932383235
도보,STORE_00103,체육시설,150.73954419923578,박흥권 탁구클럽,강남구,체육시설,1.0,0.006633959292581368
도보,STORE_00060,문화체험,412.1147557312666,논현2문화센터(강남구청),강남구,문화체험,1.0,0.0024265086025021727
도보,STORE_00203,체육시설,68.40879004658053,팝콘,강남구,체육시설,1.0,0.014618004489175815
도보,STORE_00024,영상,94.33865298659907,CGV 청담씨네시티,강남구,영화,1.0,0.01060010895154557
도보,STORE_00015,음악,75.38577824922042,(주)풍월당,강남구,음악,1.0,0.013265101498243686
도보,STORE_00062,도서,52.14771589507306,놀숲 더레이블 도산점,강남구,도서,1.0,0.01917629531487266
도보,STORE_00153,체육시설,170.96656661505975,언바운드짐PT(언바운드짐 PT 선정릉역점),강남구,체육시설,1.0,0.005849096813481391
도보,STORE_00065,체육시설,146.41092281182605,다빈치 당구장,강남구,체육시설,1.0,0.006830091504069305
도보,STORE_00229,체육시설,146.1115115470176,휴메이크휘트니스 선정릉점(휴메이크코퍼레이션),강남구,체육시설,1.0,0.006844087706793775
도보,STORE_00112,문화체험,563.5497015847089,삼성2문화센터(강남구청),강남구,문화체험,1.0,0.001774466381914474
도보,STORE_00155,체육시설,56.350882200139715,에이블짐 압구정로데오점,강남구,체육시설,1.0,0.01774595110061153
도보,STORE_00088,체육시설,50.151296792667644,루덴스,강남구,체육시설,1.0,0.01993966385623362
도보,STORE_00134,도서,22.68332597770551,소망서점 ((재)대한예수교장로회소망교회),강남구,도서,1.0,0.04408524574318854
도보,STORE_00035,영상,396.55044890523556,㈜딜라이브강남케이블티브이(케이블티비),강남구,TV,1.0,0.002521747239880119
도보,STORE_00172,문화체험,90.07157601641207,위드피아노 선릉점(선릉위드피아노학원),강남구,문화체험,1.0,0.01110228158789837
도보,STORE_00075,도서,31.142483465249615,동아서점,강남구,도서,1.0,0.03211047703102585
도보,STORE_00221,도서,38.34706853106045,현대서적,강남구,도서,1.0,0.026077612665229354
도보,STORE_03337,문화체험,1797.4314020402362,신월7동주민자치위원회,양천구,문화체험,1.0,0.000556349465612382
도보,STORE_03339,체육시설,478.88707462640645,신월문화체육센터(양천구시설관리공단),양천구,체육시설,1.0,0.002088174964379919
도보,STORE_03349,문화체험,686.4973868933782,신정종합사회복지관,양천구,문화체험,1.0,0.00145666978358843
도보,STORE_00799,도서,431.4801174001952,영풍문고 김포공항 롯데점,강서구,도서,1.0,0.002317603893373622
도보,STORE_00744,문화체험,880.4508510015947,방화제2동 주민자치회,강서구,문화체험,1.0,0.0011357817405280566
도보,STORE_00735,체육시설,886.3959404740066,바디플렉스짐 개화산역점,강서구,체육시설,1.0,0.001128164011519776
도보,STORE_00823,체육시설,538.9274653034528,"이프, 이프다이나믹",강서구,체육시설,1.0,0.0018555372742729526
도보,STORE_00828,체육용품,946.5922192108255,자전거나라,강서구,체육용품,1.0,0.0010564211068982805
도보,STORE_00759,체육용품,970.1028847582562,삼천리자전거 공항점,강서구,체육용품,1.0,0.0010308184994720368
도보,STORE_00849,체육시설,372.48132275471863,초이스당구클럽,강서구,체육시설,1.0,0.0026846983698522423
도보,STORE_00603,체육시설,465.86425799739436,BARO ON (바로온 피티필라테스),강서구,체육시설,1.0,0.002146548018726934
도보,STORE_03328,문화체험,379.0625206419037,스튜디오 컴포트(STUDIO COMFOART),양천구,문화체험,1.0,0.0026380872429872574
도보,STORE_03355,체육용품,943.1532985718263,알톤스포츠 목동N바이크,양천구,체육용품,1.0,0.0010602730240293428
도보,STORE_00605,체육시설,362.7146114191158,BILLIARD CAFE (한솔빌리어드카페),강서구,체육시설,1.0,0.0027569884656355975
도보,STORE_00671,체육시설,428.8244106209294,남부태권도 (MMA남부태권도 줄넘기클럽),강서구,체육시설,1.0,0.0023319567991757265
도보,STORE_03407,체육시설,1292.6221681637303,픽스바디짐 신월점,양천구,체육시설,1.0,0.000773621267396781
도보,STORE_03325,체육용품,1975.6702225049762,스마트자전거 신월점,양천구,체육용품,1.0,0.0005061573478250272
도보,STORE_03331,문화체험,2344.410021722799,신월1동 주민센터,양천구,문화체험,1.0,0.00042654654720557207
도보,STORE_00702,도서,3189.4140175692105,로뎀서점,강서구,도서,1.0,0.00031353721858980946
도보,STORE_03316,체육용품,1914.1613685388197,삼천리자전거 강서점,양천구,체육용품,1.0,0.0005224219945277408
도보,STORE_03340,체육시설,675.6871845796566,신월복싱체육관,양천구,체육시설,1.0,0.001479974791326104
도보,STORE_03333,문화체험,1115.3414306067561,신월3동주민센터,양천구,문화체험,1.0,0.0008965864376220569
도보,STORE_03381,체육용품,1377.9744831221567,장수전기자전거(이레바이크),양천구,체육용품,1.0,0.0007257028430121884
도보,STORE_03290,체육시설,587.2358160411034,명품태권도,양천구,체육시설,1.0,0.0017028934078673521
도보,STORE_03314,체육시설,771.9135416490828,비트당구장,양천구,체육시설,1.0,0.0012954818720547938
도보,STORE_03251,체육시설,337.4873308984355,K BULLS 헬스 PT 요가(케이불스 휘트니스 신월사거리점),양천구,체육시설,1.0,0.00296307419107517
도보,STORE_03422,체육시설,337.4873308984355,화랑당구클럽,양천구,체육시설,1.0,0.00296307419107517
도보,STORE_03279,체육시설,436.9920323685929,레벨업 휘트니스,양천구,체육시설,1.0,0.0022883712423308502
도보,STORE_03283,체육시설,231.17272642528073,마스터 베이스볼 아카데미,양천구,체육시설,1.0,0.004325769806254451
도보,STORE_03350,문화체험,960.0334056177385,신해피아노음악학원,양천구,문화체험,1.0,0.0010416304205128621
도보,STORE_00780,체육시설,543.3349101100828,스타짐,강서구,체육시설,1.0,0.0018404854563778981
도보,STORE_03253,체육용품,1250.3398423420538,"XIOM,CHAMPION(엑시옴(XIOM)서서울점)",양천구,체육용품,1.0,0.000799782560017336
도보,STORE_03335,문화체험,1318.9042978111236,신월5동주민자치회,양천구,문화체험,1.0,0.0007582051265278438
도보,STORE_03323,체육시설,473.1489141576984,상지태권도장,양천구,체육시설,1.0,0.002113499513742315
도보,STORE_03369,도서,1483.0821745630585,열두달책방,양천구,도서,1.0,0.0006742714713664583
도보,STORE_03315,체육용품,600.4089143872692,삼공보트대리점 본전낚시,양천구,체육용품,1.0,0.0016655315669663608
도보,STORE_00844,체육시설,373.37926405887515,준당구장,강서구,체육시설,1.0,0.0026782419278707404
도보,STORE_00904,도서,1036.4185423748324,흥인서점,강서구,도서,1.0,0.0009648611628547444
도보,STORE_00898,체육시설,178.49318705274857,화곡와이어주짓수(주짓수 하우스),강서구,체육시설,1.0,0.005602454729571715
도보,STORE_00895,체육시설,153.78619744826426,화곡당구클럽,강서구,체육시설,1.0,0.006502534145409333
도보,STORE_03368,체육시설,282.9230460040866,에이치(H)당구장,양천구,체육시설,1.0,0.0035345300219394495
도보,STORE_00704,문화체험,845.38613793842,론콧(Loncot),강서구,문화체험,1.0,0.0011828914091714649
도보,STORE_03405,체육시설,292.2446973638717,피트니스클라쓰 화곡점 (위시핏화곡점),양천구,체육시설,1.0,0.003421790058195333
도보,STORE_00698,도서,617.8333647534776,람희서점,강서구,도서,1.0,0.0016185593997485247
도보,STORE_00855,문화체험,1774.915350092846,토리티나스톤,강서구,문화체험,1.0,0.0005634071506270369
도보,STORE_03460,체육시설,706.6477236828678,까치당구클럽,영등포구,체육시설,1.0,0.001415132273812834
도보,STORE_03372,도서,973.7469554496763,예루살렘 기독교백화점,양천구,도서,1.0,0.0010269608489180846
도보,STORE_00679,체육시설,135.20574970811325,대영당구장,강서구,체육시설,1.0,0.007396135165544615
도보,STORE_00821,체육시설,135.37930594529726,이브필라테스 화곡점(이브필라테스 화곡 평생교육원),강서구,체육시설,1.0,0.007386653322067334
도보,STORE_00827,체육시설,135.20574970811325,자마이카휘트니스 화곡점,강서구,체육시설,1.0,0.007396135165544615
도보,STORE_00900,문화체험,663.9161794969647,화곡제3동 주민센터,강서구,문화체험,1.0,0.0015062142343897674
도보,STORE_00607,체육시설,140.7065267403008,DK CAROM CLUB(디케이캐롬클럽(DK)),강서구,체육시설,1.0,0.007106990863655386
도보,STORE_00738,체육시설,140.7065267403008,바운드짐 화곡역점,강서구,체육시설,1.0,0.007106990863655386
도보,STORE_00746,도서,641.4990893315194,벌툰 화곡역점,강서구,도서,1.0,0.001558848666553931
도보,STORE_00818,체육시설,141.13805378372763,유연필라테스 화곡역점 (유연필라테스 평생교육원),강서구,체육시설,1.0,0.0070852613677977044
도보,STORE_00786,체육시설,424.96468522136564,아타요가,강서구,체육시설,1.0,0.002353136707063309
도보,STORE_03364,체육시설,590.61202858646,양천탁구클럽,양천구,체육시설,1.0,0.0016931588785845553
도보,STORE_03326,체육시설,579.2334253967499,스타존휘트니스,양천구,체육시설,1.0,0.0017264197060365485
도보,STORE_03365,도서,1202.0452534072992,에덴서점,양천구,도서,1.0,0.0008319154351014782
도보,STORE_00740,체육시설,814.0595833502622,박사 경희대 태권도(경희체육관),강서구,체육시설,1.0,0.001228411310981071
도보,STORE_00636,체육시설,425.58380080767535,강서다목적체육관(강서구시설관리공단),강서구,체육시설,1.0,0.0023497134949737146
도보,STORE_00875,체육시설,695.3461804872514,한국태권도,강서구,체육시설,1.0,0.0014381325849798553
도보,STORE_00894,체육시설,28.00894085192337,화곡다목적체육관(강서구시설관리공단),강서구,체육시설,1.0,0.035702885206790325
도보,STORE_00678,체육시설,361.81329424989366,당구치기좋은날,강서구,체육시설,1.0,0.0027638564306300194
도보,STORE_00659,체육시설,658.4147592599448,국가대표코리아태권도키즈플레이(코리아태권도키즈플레이),강서구,체육시설,1.0,0.0015187994891305223
도보,STORE_00767,체육용품,3225.1891373840567,삼천리자전거 화곡점,강서구,체육용품,1.0,0.00031005933525222573
도보,STORE_00800,도서,2604.4871509840586,예림서점,강서구,도서,1.0,0.00038395274847954924
도보,STORE_00897,문화체험,1973.632353499521,화곡본동 주민자치회,강서구,문화체험,1.0,0.0005066799792914129
도보,STORE_00902,체육용품,2583.6642997429312,화곡체육사,강서구,체육용품,1.0,0.00038704718724468103
도보,STORE_00732,체육시설,402.48739269720113,바디채널 화곡점,강서구,체육시설,1.0,0.002484549871981503
도보,STORE_00805,문화체험,765.9395600655151,우리 옷 초희 한복,강서구,문화체험,1.0,0.0013055860437793086
도보,STORE_00709,체육시설,54.99918759955734,루키,강서구,체육시설,1.0,0.018182086747914956
도보,STORE_02449,체육시설,503.27745869243785,선태권도장,서대문구,체육시설,1.0,0.0019869755394928555
도보,STORE_02500,체육용품,738.0658055074965,홍제전기자전거,서대문구,체육용품,1.0,0.001354892737934657
도보,STORE_02455,문화체험,430.0967738573532,시옷디귿 스튜디오(ㅅㄷstudio),서대문구,문화체험,1.0,0.0023250581282705973
도보,STORE_02399,체육시설,387.96632237734457,경희대백련태권도,서대문구,체육시설,1.0,0.002577543313224435
도보,STORE_00901,문화체험,1671.3958874485484,화곡제4동 주민센터,강서구,문화체험,1.0,0.0005983022978036277
도보,STORE_00022,영상,30.421953196723898,CGV 씨네드쉐프 압구정,강남구,영화,1.0,0.032870999226561455
도보,STORE_00023,영상,30.421953196723898,CGV 압구정,강남구,영화,1.0,0.032870999226561455
도보,STORE_02718,체육용품,190.39494235698834,매니아아울렛,성동구,체육용품,1.0,0.005252240356915634
도보,STORE_02739,체육시설,257.5382245452283,성동구민종합체육센터(성동구도시관리공단),성동구,체육시설,1.0,0.0038829187463951874
도보,STORE_02744,문화체험,300.4738560485196,성수종합사회복지관,성동구,문화체험,1.0,0.0033280765692923478
도보,STORE_03065,도서,1052.6382194905827,마중물서점,송파구,도서,1.0,0.0009499940069475564
도보,STORE_03200,체육시설,153.26057272001745,청목 당구장,송파구,체육시설,1.0,0.006524835332743014
도보,STORE_03192,체육시설,202.0320822482895,주식회사 아쿠아키즈,송파구,체육시설,1.0,0.004949708921828758
도보,STORE_03167,체육용품,836.6970870990164,우량스포츠,송파구,체육용품,1.0,0.001195175668015273
도보,STORE_03072,체육시설,235.19177357786268,명당구장,송파구,체육시설,1.0,0.004251849394166585
도보,STORE_03242,체육시설,110.24228703749155,휴메이크휘트니스 잠실점(주식회사 휴메이크 짐),송파구,체육시설,1.0,0.00907092937631017
도보,STORE_03105,체육용품,621.2615342897049,삼천리자전거 잠실점,송파구,체육용품,1.0,0.001609628062911236
도보,STORE_03097,체육시설,273.4080236196827,삼전 W GYM(삼전W짐),송파구,체육시설,1.0,0.003657537137209348
도보,STORE_03010,체육시설,313.63430063343935,DS캐롬클럽,송파구,체육시설,1.0,0.003188426769585868
도보,STORE_03182,문화체험,1144.8681912595912,잠실3동 주민자치위원회(2관),송파구,문화체험,1.0,0.0008734629956831919
도보,STORE_03223,체육시설,310.66179564640044,필라햅스튜디오 잠실삼전,송파구,체육시설,1.0,0.003218934590651159
도보,STORE_03008,체육시설,70.71632346122144,CL필라테스 잠실새내점,송파구,체육시설,1.0,0.014141006645352087
도보,STORE_03009,체육시설,70.71632346122144,CL필라테스 잠실점(씨엘필라테스),송파구,체육시설,1.0,0.014141006645352087
도보,STORE_03104,체육용품,886.2366220505969,삼천리자전거 잠실본동점(레스포잠실대리점),송파구,체육용품,1.0,0.0011283668211387772
도보,STORE_03184,체육시설,328.57218813511474,잠실탁구교실,송파구,체육시설,1.0,0.0030434712252297574
도보,STORE_03143,도서,164.40310000239776,알라딘 중고서점 잠실새내역점,송파구,도서,1.0,0.006082610364314392
도보,STORE_03162,체육시설,109.3126003722533,온화 피트니스라운지 여성전용 헬스 PT 잠실새내점,송파구,체육시설,1.0,0.009148076219892295
도보,STORE_03165,체육시설,411.5107209254921,올바로필라테스 삼전점,송파구,체육시설,1.0,0.00243007034604345
도보,STORE_03171,문화체험,379.55206416997015,위드피아노 잠실점(신천위드피아노학원),송파구,문화체험,1.0,0.0026346846569965756
도보,STORE_03231,문화체험,251.84408054461852,한국문화센터 잠실지부,송파구,문화체험,1.0,0.003970710758170203
도보,STORE_03037,도서,162.22879525896363,놀숲 잠실새내점,송파구,도서,1.0,0.006164133798834625
도보,STORE_03088,도서,211.25953364778016,벌툰 잠실새내점,송파구,도서,1.0,0.004733514188605744
도보,STORE_03041,체육시설,94.57621984645276,당구타임클럽,송파구,체육시설,1.0,0.010573482442241074
도보,STORE_03091,도서,44.4447290502944,북스토어 무근검,송파구,도서,1.0,0.022499855919211102
도보,STORE_03096,체육시설,345.95967817255666,삼손당구장,송파구,체육시설,1.0,0.002890510262011584
도보,STORE_03030,도서,4.268389131568291,교보문고 잠실점,송파구,도서,1.0,0.23428042035909225
도보,STORE_03094,도서,4.274601378169929,사적인서점,송파구,도서,1.0,0.23393994235507562
도보,STORE_03172,체육용품,4.122078060804281,유니크스포츠,송파구,체육용품,1.0,0.24259608509327565
도보,STORE_03031,문화체험,2.5927554129623935,국가유산체험센터(와이비에스에듀 사회적협동조합),송파구,문화체험,1.0,0.38569006355190066
도보,STORE_03208,문화체험,2.5927554129623935,키자니아 서울,송파구,문화체험,1.0,0.38569006355190066
도보,STORE_03140,도서,0.08045784222837489,아크앤북 롯데월드몰점,송파구,도서,1.0,12.4288692351649
도보,STORE_00180,도서,179.41179992583858,종로서적(주) 강남점,강남구,도서,1.0,0.005573769397628019
도보,STORE_00055,체육시설,159.6100749807213,김정균탁구클럽,강남구,체육시설,1.0,0.006265268656259865
도보,STORE_00070,문화체험,72.84293891150982,대치2문화센터(강남구청),강남구,문화체험,1.0,0.013728166586123166
도보,STORE_00052,도서,78.32570523938652,글벗서점,강남구,도서,1.0,0.012767200715827636
도보,STORE_00219,도서,82.92874542995824,한길서점,강남구,도서,1.0,0.012058544896770466
도보,STORE_00173,도서,49.91462156480539,은마서적,강남구,도서,1.0,0.020034209789644007
도보,STORE_03029,도서,41.622207790577804,교보문고 가든파이브점,송파구,도서,1.0,0.02402563566621697
도보,STORE_03077,도서,41.622207790577804,문학서적,송파구,도서,1.0,0.02402563566621697
도보,STORE_03149,도서,37.340365406967784,에듀갤러리(키즈스콜레강남송파),송파구,도서,1.0,0.026780669902426772
도보,STORE_03135,체육시설,80.32321352449387,스핀볼링센터 가든5,송파구,체육시설,1.0,0.012449701102845675
도보,STORE_03232,도서,62.03446262383477,한미서적,송파구,도서,1.0,0.016120071935882004
도보,STORE_03145,체육용품,983.4290380974836,알톤자전거(월드스포츠),송파구,체육용품,1.0,0.0010168501856875959
도보,STORE_01480,체육시설,285.84917473369313,에스바디짐,금천구,체육시설,1.0,0.0034983483892567966
도보,STORE_00235,영상,0.0,CGV 고덕강일,강동구,영화,1.0,0.0
도보,STORE_00368,도서,0.0,아크앤북 강동점 (주식회사 오티디코퍼레이션),강동구,도서,1.0,0.0
도보,STORE_00331,체육용품,86.68811079181503,삼천리 자전거(달려라 삼천리),강동구,체육용품,1.0,0.011535607257626597
도보,STORE_00244,체육시설,185.78019373457866,㈜키즈토피아,강동구,체육시설,1.0,0.0053827051199477425
도보,STORE_02574,문화체험,27.43914861838307,반포2동 주민센터,서초구,문화체험,1.0,0.03644427944568376
도보,STORE_02627,문화체험,17.113514235452016,에이스웨이브,서초구,문화체험,1.0,0.05843335192537018
도보,STORE_02671,도서,38.78533892776588,피노키오서점,서초구,도서,1.0,0.025782938286614123
도보,STORE_00866,문화체험,437.9362510808181,풀잎문화센터 염창지부,강서구,문화체험,1.0,0.0022834373668131364
도보,STORE_00635,체육용품,522.9024785534659,강서낚시할인마트,강서구,체육용품,1.0,0.0019124024861506784
도보,STORE_00749,문화체험,297.7892276779852,벨커스가죽공방 (벨커스(Valkers)),강서구,문화체험,1.0,0.0033580798331676103
도보,STORE_03660,도서,69.55221924432963,시사저널(주식회사 시사저널사),용산구,도서,1.0,0.014377686447172952
도보,STORE_03123,문화체험,444.4949206172603,송파어린이문화회관,송파구,문화체험,1.0,0.00224974449339336
도보,STORE_00123,체육시설,0.0,서울특별시립 강남주민편익시설,강남구,체육시설,1.0,0.0
도보,STORE_01496,체육용품,87.78718221151208,일육이공(1620)자전거,금천구,체육용품,1.0,0.011391184621812179
도보,STORE_01398,문화체험,1067.4421612641472,필레더(phil leather)가죽공방,구로구,문화체험,1.0,0.0009368189081230622
도보,STORE_01314,체육시설,511.5501434911459,메가유도클럽,구로구,체육시설,1.0,0.001954842575500731
도보,STORE_01297,문화체험,925.0117717231625,대한종합공예소(대한종합공예소협회),구로구,문화체험,1.0,0.001081067323215947
도보,STORE_01303,도서,986.4424197327586,동화나라,구로구,도서,1.0,0.0010137439144911411
도보,STORE_01255,체육시설,746.6700718576346,0211필라테스 개봉오류점(0211필라테스 개봉 평생교육원),구로구,체육시설,1.0,0.0013392796064694381
도보,STORE_01275,체육시설,0.0,고척체육센터(서울시설공단),구로구,체육시설,1.0,0.0
도보,STORE_03061,영상,0.0215381688633236,롯데컬처웍스㈜롯데시네마 월드타워,송파구,영화,1.0,46.42920233125556
도보,STORE_03186,도서,66.1928509030297,장미문고,송파구,도서,1.0,0.015107371662613028
도보,STORE_00066,체육시설,205.68492247941188,당구의 신 빌리우스,강남구,체육시설,1.0,0.004861805075187732
도보,STORE_03183,문화체험,37.119838926761346,잠실3동주민자치위원회(1관),송파구,문화체험,1.0,0.026939772071021984
도보,STORE_00025,체육시설,225.17480133650696,CYPHER GYM 싸이퍼짐(멤버쉽휘트니스플레이바이어스),강남구,체육시설,1.0,0.004440994258969389
도보,STORE_02891,체육시설,241.51017168120902,성북정릉스크린파크골프장(성북구도시관리공단),성북구,체육시설,1.0,0.004140612352013024
도보,STORE_02189,영상,651.8928641000415,KT스카이라이프,마포구,TV,1.0,0.0015339943955062789
도보,STORE_00820,체육시설,492.4888562443397,이룸케어재활운동센터,강서구,체육시설,1.0,0.0020305027968061627
도보,STORE_01129,도서,577.9056425710759,대학서적㈜세종대점,광진구,도서,1.0,0.0017303862885834538
도보,STORE_03419,도서,913.1394784364178,형제서점,양천구,도서,1.0,0.0010951229506715827
도보,STORE_03416,도서,587.9707041139706,햇빛문고 푸른마을점,양천구,도서,1.0,0.0017007650092140693
도보,STORE_03277,체육시설,560.0226773725208,라인짐 휘트니스,양천구,체육시설,1.0,0.0017856419755923763
도보,STORE_03281,체육시설,558.3726055298747,로웰(Lowell PILATES),양천구,체육시설,1.0,0.001790918806002378
도보,STORE_02753,도서,112.59074492595566,아람북스(주식회사 아람북스),성동구,도서,1.0,0.008881724698221346
도보,STORE_02728,도서,80.75060569116827,벌툰 몽유도원 성수점,성동구,도서,1.0,0.012383808040084713
도보,STORE_02761,도서,45.12608824160011,예림당,성동구,도서,1.0,0.02216013040275306
도보,STORE_04440,체육시설,192.91867480243354,애프터요가 충무로역점,중구,체육시설,1.0,0.005183531356018757
도보,STORE_04505,문화체험,191.6848592526779,필동주민자치위원회,중구,문화체험,1.0,0.005216896127835562
도보,STORE_04426,도서,66.78614530110701,스페인책방,중구,도서,1.0,0.014973165399671966
도보,STORE_00213,체육시설,630.40824684046,플러스,강남구,체육시설,1.0,0.0015862736647432756
도보,STORE_00039,문화체험,240.60910913313106,강남문화원,강남구,문화체험,1.0,0.0041561186257777615
도보,STORE_00059,문화체험,318.0558366194279,논현1문화센터(강남구청),강남구,문화체험,1.0,0.003144102025068502
도보,STORE_00057,영상,637.14695591876,넥스트엔터테인먼트월드(씨네Q),강남구,영화,1.0,0.0015694966297971388
도보,STORE_00058,체육시설,157.5257165934441,노블당구장,강남구,체육시설,1.0,0.006348169820302332
도보,STORE_00105,문화체험,14.332208087777467,반지만들기 반지공방 8그램 (GRAM),강남구,문화체험,1.0,0.0697729194186625
도보,STORE_00196,문화체험,44.65985516487736,키이스케이프 메모리컴퍼니,강남구,문화체험,1.0,0.022391474318672843
도보,STORE_00086,문화체험,216.4482124102926,로얄클래식 음악학원,강남구,문화체험,1.0,0.004620042775425794
도보,STORE_02668,도서,17.718323214539804,파고다서점,서초구,도서,1.0,0.05643874919153702
도보,STORE_00197,문화체험,18.052177813141927,키이스케이프 스테이션,강남구,문화체험,1.0,0.05539497839822978
도보,STORE_02540,도서,68.51306034840403,놀숲 강남교보타워점,서초구,도서,1.0,0.014595757289409922
도보,STORE_02529,도서,240.02504292528724,교보문고 강남점,서초구,도서,1.0,0.004166231939020091
도보,STORE_02626,체육시설,247.15303583081337,에이스당구클럽,서초구,체육시설,1.0,0.004046076135130066
도보,STORE_02600,문화체험,65.96999038092949,서초4동 주민센터,서초구,문화체험,1.0,0.015158407546002593
도보,STORE_02603,문화체험,65.96999038092949,서초여성가족플라자 서초센터,서초구,문화체험,1.0,0.015158407546002593
도보,STORE_02543,체육시설,147.96790306702533,뉴온PT&필라테스(뉴온필라테스),서초구,체육시설,1.0,0.006758222420351716
도보,STORE_02672,체육시설,115.44678356549223,필라테스케밍 강남논현점평생교육원,서초구,체육시설,1.0,0.008661999660065941
도보,STORE_00227,체육시설,235.204066189027,휴메이크휘트니스 논현점 (주식회사 휴메이크 헬스케어),강남구,체육시설,1.0,0.0042516271772118416
도보,STORE_02659,음악,221.35870623847572,찬스공방,서초구,음악,1.0,0.00451755441198989
도보,STORE_02562,음악,253.64416618407205,리코디아,서초구,음악,1.0,0.003942531046719561
도보,STORE_04405,영상,163.76671425094423,배리어프리영화위원회,중구,영화,1.0,0.006106246953624975
도보,STORE_04382,도서,114.55961480994907,동국대학교 중앙도서관 서점 (동국대학교소비자생활협동조합),중구,도서,1.0,0.008729079629492206
도보,STORE_00655,체육시설,294.4068881735166,공항스포렉스(저스트스윔),강서구,체육시설,1.0,0.0033966596576728977
도보,STORE_00651,도서,880.5653472596846,공항기독교백화점,강서구,도서,1.0,0.001135634059541402
도보,STORE_00648,체육시설,512.7589706322874,경희대효태권도장,강서구,체육시설,1.0,0.0019502340422574988
도보,STORE_00647,체육시설,289.5788536480262,경희대효태권도,강서구,체육시설,1.0,0.0034532908304674343
도보,STORE_01100,영상,886.27503550771,CGV 건대입구,광진구,영화,1.0,0.0011283179147962142
도보,STORE_01163,체육시설,287.2446446482281,빠띠오델솔,광진구,체육시설,1.0,0.003481352981270172
도보,STORE_02564,음악,42.24390947266618,마가뮤직(마가뮤직 주식회사),서초구,음악,1.0,0.023672051485837207
도보,STORE_02643,음악,42.4263955903352,이상희 활 공방 (이상희 보우아뜰리에),서초구,음악,1.0,0.02357023230669639
도보,STORE_02509,음악,23.42886414919968,(주)대한음악사서초지점,서초구,음악,1.0,0.04268239354805255
도보,STORE_02614,문화체험,62.14287622318862,아르코예술기록원(한국문화예술위원회 예술자료원),서초구,문화체험,1.0,0.016091949082119406
도보,STORE_02632,음악,13.155159208231339,예전레코드,서초구,음악,1.0,0.07601580369884753
도보,STORE_02602,도서,310.5123273627146,서초서적,서초구,도서,1.0,0.0032204840577291587
도보,STORE_03252,영상,780.2892960562804,LG헬로비전 양천방송(케이블티비),양천구,TV,1.0,0.0012815759552952683
도보,STORE_02142,체육시설,173.87059217664287,이소영탁구교실,동작구,체육시설,1.0,0.00575140388884197
도보,STORE_02773,문화체험,430.62753574886057,응봉동 주민센터(응봉동 주민자치회),성동구,문화체험,1.0,0.002322192421487868
도보,STORE_02097,체육시설,138.63969670226567,사당종합체육관(동작구청),동작구,체육시설,1.0,0.0072129413421001655
도보,STORE_02676,도서,263.4747455695191,한길서적주식회사,서초구,도서,1.0,0.0037954301761955593
도보,STORE_02096,문화체험,623.0458494317138,사당제2동 주민센터,동작구,문화체험,1.0,0.0016050183159266847
도보,STORE_02524,문화체험,218.69743427150493,withpiano(양재위드피아노학원),서초구,문화체험,1.0,0.004572527351914592
도보,STORE_02625,문화체험,120.6815092158211,양재종합사회복지관,서초구,문화체험,1.0,0.008286273568319794
도보,STORE_02534,문화체험,39.360067757893255,길상도예,서초구,문화체험,1.0,0.025406460328043015
도보,STORE_00018,도서,315.6802998767591,21세기문고,강남구,도서,1.0,0.003167761815958734
도보,STORE_00073,문화체험,93.45267760092926,도곡1문화센터(강남구청),강남구,문화체험,1.0,0.010700602975447076
도보,STORE_00202,체육시설,46.82809232149313,파워나인(POWER9) 복싱짐,강남구,체육시설,1.0,0.02135470292350604
도보,STORE_02711,체육시설,255.85104340189898,대현산체육관(성동구도시관리공단),성동구,체육시설,1.0,0.003908524220591777
도보,STORE_02723,도서,1063.247555914681,바둑마당,성동구,도서,1.0,0.0009405147413103894
도보,STORE_02749,체육시설,213.91796337573155,시립성동청소년센터,성동구,체육시설,1.0,0.004674689232355732
도보,STORE_02693,영상,673.0749773516317,CGV 왕십리,성동구,영화,1.0,0.001485718580617467
도보,STORE_02696,영상,805.763380366929,㈜딜라이브동서울케이블티브이(케이블티비),성동구,TV,1.0,0.0012410591302183767
도보,STORE_02789,체육시설,114.24556250715287,하이엔드짐 헬스PT 왕십리점,성동구,체육시설,1.0,0.0087530752009505
도보,STORE_02731,체육시설,141.90120879831986,브이랩필라테스 왕십리점(주식회사 브이랩코퍼레이션),성동구,체육시설,1.0,0.007047156317190162
도보,STORE_01276,도서,167.60100950948143,교보문고 신도림디큐브시티점,구로구,도서,1.0,0.0059665511736874625
도보,STORE_01311,영상,177.06808365408358,롯데컬처웍스㈜롯데시네마 신도림,구로구,영화,1.0,0.005647545166601445
도보,STORE_01296,체육용품,196.7691524985088,닥터바이크,구로구,체육용품,1.0,0.0050820974085741336
도보,STORE_01409,도서,562.3025595706677,화광신문사,구로구,도서,1.0,0.0017784020061433216
도보,STORE_03474,문화체험,55.442073640930424,댕댕라탄,영등포구,문화체험,1.0,0.018036843399409655
도보,STORE_03451,문화체험,34.88909755699011,갤러리도감(민화팩토리),영등포구,문화체험,1.0,0.02866224895517963
도보,STORE_02071,체육시설,417.51123995204813,동작구민체육센터(동작구청),동작구,체육시설,1.0,0.002395145098644175
도보,STORE_01084,문화체험,1852.7279921565919,해리앤가죽공방,관악구,문화체험,1.0,0.0005397446383027825
도보,STORE_00775,체육시설,538.460553609056,수명산다목적체육관(강서구시설관리공단),강서구,체육시설,1.0,0.001857146253885183
도보,STORE_00888,도서,598.0889907132062,호수책장,강서구,도서,1.0,0.0016719919870244143
도보,STORE_00644,체육시설,725.4198645844812,경희대석사비룡태권도,강서구,체육시설,1.0,0.0013785120160347383
도보,STORE_00816,문화체험,1524.290917221773,유나손뜨개(유나공방),강서구,문화체험,1.0,0.0006560427466317491
도보,STORE_00836,도서,378.9714325692427,종로문고(화곡),강서구,도서,1.0,0.0026387213231891505
도보,STORE_02882,도서,366.38675812849755,서경대 구내서점,성북구,도서,1.0,0.002729356282164773
도보,STORE_00753,체육시설,254.7229722628723,비복싱짐,강서구,체육시설,1.0,0.003925833587431632
도보,STORE_00802,체육시설,206.8670056865843,오행히 요가 마곡점,강서구,체육시설,1.0,0.004834023660182228
도보,STORE_00847,체육시설,295.79218869982276,채움태권도(채움태권도장),강서구,체육시설,1.0,0.0033807518866389836
도보,STORE_00764,체육용품,940.6757629625894,삼천리자전거 수명산점,강서구,체육용품,1.0,0.0010630655528431744
도보,STORE_00748,도서,348.9317327788415,벧엘서점,강서구,도서,1.0,0.00286589010416492
도보,STORE_00789,체육용품,1103.3612545048504,알톤자전거(해피바이크),강서구,체육용품,1.0,0.0009063214753256536
도보,STORE_00649,도서,345.7240739780912,고려서점,강서구,도서,1.0,0.002892480088220211
도보,STORE_00842,도서,428.50920143835856,주식회사나라문고,강서구,도서,1.0,0.0023336721747008993
도보,STORE_00723,도서,258.3490076863805,명덕서점,강서구,도서,1.0,0.003870732885546583
도보,STORE_00765,체육용품,587.6643972296582,삼천리자전거 우장산점,강서구,체육용품,1.0,0.001701651494822821
도보,STORE_00768,도서,203.80499780946704,상상아이,강서구,도서,1.0,0.004906651018121149
도보,STORE_00787,체육시설,213.8507535535128,알-포인트 당구장,강서구,체육시설,1.0,0.004676158411336931
도보,STORE_00604,체육시설,143.95255656626244,BF당구클럽,강서구,체육시설,1.0,0.006946733172742871
도보,STORE_00884,체육시설,215.83143893603471,헬스와필라테스 화곡점,강서구,체육시설,1.0,0.004633245299802532
도보,STORE_00809,문화체험,451.44246147970625,우장산동 자치회관(우장산동 주민자치회),강서구,문화체험,1.0,0.002215121716114764
도보,STORE_00814,문화체험,79.37681520249491,위드피아노 마곡점,강서구,문화체험,1.0,0.012598137093922719
도보,STORE_00674,체육시설,198.8759679871326,뇌와검 운동뇌과학 (뇌와검 브라빈트 운동센터(해동검도)),강서구,체육시설,1.0,0.005028259623931538
도보,STORE_00713,문화체험,875.647443585922,마곡문화센터(주식회사 로뎀),강서구,문화체험,1.0,0.0011420121275119968
도보,STORE_00609,체육시설,97.40388156418697,H피트니스발산역점 (주식회사 위드에이치),강서구,체육시설,1.0,0.010266531312112264
도보,STORE_00639,체육시설,89.72424544267261,강서클라이밍센터,강서구,체육시설,1.0,0.011145259512256681
도보,STORE_00673,도서,316.8123253596967,놀숲 마곡발산점,강서구,도서,1.0,0.003156442852608837
도보,STORE_00762,체육용품,686.2112158560482,삼천리자전거 마곡점 ,강서구,체육용품,1.0,0.0014572772593821576
도보,STORE_00751,체육시설,116.89212712980869,볼원볼링장(주식회사 볼원클라쓰),강서구,체육시설,1.0,0.008554896078582779
도보,STORE_00625,도서,1810.9899845887219,YES24 강서NC점(예스이십사 주식회사 강서NC점),강서구,도서,1.0,0.0005521841691615435
도보,STORE_00711,체육시설,18.904187215093845,룩스필라테스 발산점 평생교육원,강서구,체육시설,1.0,0.052898333507909866
도보,STORE_00719,영상,381.40199309080754,메가박스 마곡,강서구,영화,1.0,0.0026219055435347744
도보,STORE_00796,체육시설,134.7768003214697,에이펙스 피트니스 발산역점,강서구,체육시설,1.0,0.00741967458505321
도보,STORE_00877,문화체험,21.935216953603135,한복윤작,강서구,문화체험,1.0,0.04558879003180944
도보,STORE_00615,체육시설,334.59045054186277,MUL ACADEMY(물아카데미댄스뮤직학원),강서구,체육시설,1.0,0.00298872845408624
도보,STORE_00834,체육시설,285.5735312664359,조아라 폴 벨리댄스아카데미,강서구,체육시설,1.0,0.003501725091836381
도보,STORE_00717,체육시설,336.93063468390966,마샬아츠트릭킹 앤 아크로바틱 팀나르샤,강서구,체육시설,1.0,0.002967969953038395
도보,STORE_00817,체육시설,420.64145566627474,유엠비(UMB)당구클럽,강서구,체육시설,1.0,0.0023773215562314246
도보,STORE_00806,문화체험,2940.1257578446057,우리누리,강서구,문화체험,1.0,0.0003401215058001791
도보,STORE_00982,도서,606.739956883515,벌툰 신림점,관악구,도서,1.0,0.0016481525382578109
도보,STORE_01066,체육시설,308.6558787929911,파운드짐 신림역점,관악구,체육시설,1.0,0.0032398540533571975
도보,STORE_00946,체육시설,248.88665273778292,뉴본필라테스 신림2호점,관악구,체육시설,1.0,0.004017893241762387
도보,STORE_00970,체육시설,412.6272608460661,메이저필라테스,관악구,체육시설,1.0,0.0024234947491097976
도보,STORE_01037,체육용품,1710.4039687285176,우리동네자전거,관악구,체육용품,1.0,0.0005846572027913273
도보,STORE_03124,도서,65.78948714619402,송파탑어린이서점,송파구,도서,1.0,0.01519999688974397
도보,STORE_03206,체육시설,32.70006109980913,큐52 당구아카데미,송파구,체육시설,1.0,0.030580982614917405
도보,STORE_03021,영상,61.46976201585389,㈜딜라이브송파케이블티브이(케이블티비),송파구,TV,1.0,0.016268161242304572
도보,STORE_03071,영상,61.46976201585389,메가박스 송파파크하비오,송파구,영화,1.0,0.016268161242304572
도보,STORE_03611,영상,118.19323877077208,CGV 용산아이파크몰,용산구,영화,1.0,0.008460720853410519
도보,STORE_03645,문화체험,118.19323877077208,방탈출 미션브레이크 용산아이파크몰점,용산구,문화체험,1.0,0.008460720853410519
도보,STORE_03668,도서,29.50206064006899,영풍문고 용산 아이파크몰점,용산구,도서,1.0,0.033895937378754626
도보,STORE_03691,도서,29.50206064006899,종로서적 용산역사점(코레일유통주식회사),용산구,도서,1.0,0.033895937378754626
도보,STORE_03651,체육용품,185.00358914503718,삼천리자전거 한강동광점,용산구,체육용품,1.0,0.005405300538337288
도보,STORE_02143,체육시설,460.881681992725,이음태권도장,동작구,체육시설,1.0,0.002169754275492739
도보,STORE_01475,체육시설,489.7074858483752,아샤요가,금천구,체육시설,1.0,0.002042035355591079
도보,STORE_01429,체육시설,493.1579967027688,나이스 탁구 클럽(나이스탁구클럽),금천구,체육시설,1.0,0.0020277477130776606
도보,STORE_01420,체육시설,377.1066895100228,공룡당구장(공룡당구클럽),금천구,체육시설,1.0,0.002651769453624136
도보,STORE_01460,체육용품,626.0803595197078,삼천리자전거 시흥3동점,금천구,체육용품,1.0,0.0015972390521356418
도보,STORE_01418,도서,1034.2376758435653,가람프라자,금천구,도서,1.0,0.0009668957371760416
도보,STORE_01490,도서,1415.751499285839,원테이블,금천구,도서,1.0,0.0007063386480639008
도보,STORE_01457,체육시설,167.7098552054416,복싱체육관(팀와일드울프),금천구,체육시설,1.0,0.005962678810824907
도보,STORE_01516,체육시설,1050.1868036252727,필라테스 나무 금천시흥본점,금천구,체육시설,1.0,0.0009522115461249118
도보,STORE_01415,체육시설,153.53934639364547,GX 휘트니스 (지엑스 휘트니스센터),금천구,체육시설,1.0,0.006512988517198657
도보,STORE_01509,체육시설,484.243830761652,투피크짐,금천구,체육시설,1.0,0.002065075353520005
도보,STORE_01519,체육시설,538.9884684195359,한성탁구클럽,금천구,체육시설,1.0,0.0018553272631829732
도보,STORE_01471,문화체험,2341.546832740274,시흥5동 주민자치회,금천구,문화체험,1.0,0.00042706811839834794
도보,STORE_01474,체육시설,109.86073485173364,썬당구장,금천구,체육시설,1.0,0.009102433197352855
도보,STORE_01472,문화체험,574.6056243826166,시흥제3동 주민센터,금천구,문화체험,1.0,0.001740324071965789
도보,STORE_01413,체육시설,66.78555525955646,DG피트니스 금천구청점,금천구,체육시설,1.0,0.01497329768560857
도보,STORE_01499,체육시설,154.25941396366383,지티알(GTR)파크골프 신영금천시흥점,금천구,체육시설,1.0,0.0064825865359215765
도보,STORE_01423,체육시설,231.5835680766073,금빛휘트니스센터(금천구청),금천구,체육시설,1.0,0.004318095658968353
도보,STORE_01421,체육시설,244.946643325313,공원당구장,금천구,체육시설,1.0,0.004082521754225073
도보,STORE_01448,체육시설,190.13165276149462,룩스필라테스(룩스필라테스K),금천구,체육시설,1.0,0.005259513529051484
도보,STORE_01461,체육용품,2665.8916419949246,삼천리자전거 시흥본동점,금천구,체육용품,1.0,0.00037510901952927304
도보,STORE_01469,문화체험,1160.2626451123547,시흥1동주민자치회,금천구,문화체험,1.0,0.0008618738215976646
도보,STORE_02092,도서,454.34297754865656,북천국,동작구,도서,1.0,0.002200980425394399
도보,STORE_01428,문화체험,497.20636487309247,기프트레더,금천구,문화체험,1.0,0.002011237326487647
도보,STORE_02052,체육용품,725.8028618603644,TREK(펠레스포츠),동작구,체육용품,1.0,0.001377784592136794
도보,STORE_02081,도서,761.5800502218341,맑음책방,동작구,도서,1.0,0.0013130596051048324
도보,STORE_02136,체육시설,810.39689332821,용인대팀타이거태권도장,동작구,체육시설,1.0,0.0012339632693964449
도보,STORE_02093,체육시설,328.3780877792865,빅브로짐 상도점,동작구,체육시설,1.0,0.0030452701846297742
도보,STORE_02193,문화체험,235.56393486067736,Solmea (솔메),마포구,문화체험,1.0,0.004245132008817236
도보,STORE_02358,도서,53.19341942444936,책방연희,마포구,도서,1.0,0.01879931786337407
도보,STORE_02200,도서,83.21823882734734,경문사,마포구,도서,1.0,0.01201659653089628
도보,STORE_02357,도서,101.89683775969274,책방숨어있는책,마포구,도서,1.0,0.009813847239875478
도보,STORE_02210,도서,129.18161551976715,글벗서점,마포구,도서,1.0,0.007741039589700608
도보,STORE_02388,체육시설,185.49119520069783,홍익요가연구원,마포구,체육시설,1.0,0.005391091468886271
도보,STORE_02400,도서,76.23159318122795,공씨책방 신촌점,서대문구,도서,1.0,0.013117920776267474
도보,STORE_01087,문화체험,641.0899334098166,헤르모소 가죽공방,관악구,문화체험,1.0,0.0015598435537448226
도보,STORE_00922,체육시설,260.2062080639447,관악스크린골프,관악구,체육시설,1.0,0.003843105848397951
도보,STORE_01046,체육시설,193.80730453925295,이브필라테스 자이로토닉,관악구,체육시설,1.0,0.005159764243031738
도보,STORE_01045,체육시설,107.80266008749852,이브필라테스 서울대입구점(이브라필스교육원 주서울대입구점),관악구,체육시설,1.0,0.009276208946869636
도보,STORE_01072,문화체험,202.4739208414007,풀잎문화센터 서울대지부,관악구,문화체험,1.0,0.004938907666944955
도보,STORE_01014,문화체험,220.40315155035736,싱글벙글교육센터(재단법인 관악문화재단),관악구,문화체험,1.0,0.004537140204057026
도보,STORE_00947,도서,421.45606390446665,늘벗서점,관악구,도서,1.0,0.0023727265678319307
도보,STORE_00985,문화체험,1085.957699913244,보라매동 주민센터,관악구,문화체험,1.0,0.0009208461803621716
도보,STORE_00977,문화체험,703.7258779326241,민트리(Mintlee),관악구,문화체험,1.0,0.0014210078545608658
도보,STORE_00973,체육시설,753.8915926291548,무예합기도,관악구,체육시설,1.0,0.0013264506591890166
도보,STORE_00924,음악,1438.559275859975,관악악기,관악구,음악,1.0,0.0006951399339468977
도보,STORE_01280,문화체험,1048.8181186883699,구로5동 주민자치위원회,구로구,문화체험,1.0,0.0009534541615762505
도보,STORE_01679,체육시설,90.7047907172533,에이블짐 노원역2호점,노원구,체육시설,1.0,0.01102477600237477
도보,STORE_03583,도서,204.69896630752515,청소년문화가족,영등포구,도서,1.0,0.0048852225198717965
도보,STORE_03484,체육시설,298.67026720621556,디지피트니스 (디지피트니스(DGFIT) 골프 문래점),영등포구,체육시설,1.0,0.003348173922212198
도보,STORE_01633,체육용품,551.0480670573171,삼천리자전거 상계동수점,노원구,체육용품,1.0,0.0018147237233589375
도보,STORE_01581,체육시설,85.09152291140606,대한검도 호검관,노원구,체육시설,1.0,0.011752051976330951
도보,STORE_01075,문화체험,512.4756225648275,플랜잇(잇다협동조합),관악구,문화체험,1.0,0.0019513123277849207
도보,STORE_00936,문화체험,501.50504632862334,꿈피움그리고가게,관악구,문화체험,1.0,0.0019939978816179765
도보,STORE_00954,체육시설,732.3538304336773,데일리휘트니스,관악구,체육시설,1.0,0.0013654601893839087
도보,STORE_02241,체육시설,494.13325923296674,마포아트센터 체육관((재)마포문화재단),마포구,체육시설,1.0,0.0020237455814091127
도보,STORE_02375,체육용품,701.2339906462447,하나스포츠,마포구,체육용품,1.0,0.001426057511956056
도보,STORE_02183,체육시설,389.70786190161556,CTA퍼스트태권도,마포구,체육시설,1.0,0.0025660247014787116
도보,STORE_01125,도서,397.5994115741827,농경애니텍,광진구,도서,1.0,0.0025150942654587494
도보,STORE_01131,도서,456.7476866123365,도토리책방,광진구,도서,1.0,0.0021893925887549104
도보,STORE_01140,영상,229.1044815511833,롯데컬처웍스㈜롯데시네마 건대입구,광진구,영화,1.0,0.004364820771856416
도보,STORE_01157,문화체험,159.60886395150075,반지만들기카페 건대점,광진구,문화체험,1.0,0.006265316193866671
도보,STORE_01201,음악,460.67228435881975,엠제이어쿠스틱,광진구,음악,1.0,0.0021707405328102946
도보,STORE_01022,도서,885.4293795200421,양지서점,관악구,도서,1.0,0.001129395548792454
도보,STORE_01083,체육시설,931.3669422330951,한양대대호태권도장(대호체육도장),관악구,체육시설,1.0,0.0010736906740562925
도보,STORE_04515,문화체험,66.21586338429809,합집합,중구,문화체험,1.0,0.01510212128770841
도보,STORE_02465,문화체험,397.3235755842589,연희동 주민자치회,서대문구,문화체험,1.0,0.002516840332289655
도보,STORE_04609,문화체험,758.0386857329963,시립망우청소년센터,중랑구,문화체험,1.0,0.0013191938865666675
도보,STORE_00940,문화체험,328.1507516017264,난향동 주민자치회,관악구,문화체험,1.0,0.003047379885979024
도보,STORE_01926,체육시설,307.4372060398094,더밸런스짐,동대문구,체육시설,1.0,0.0032526967470245358
도보,STORE_02012,체육시설,348.2698091811438,중독된복싱체육관,동대문구,체육시설,1.0,0.002871337031341339
도보,STORE_04604,체육시설,489.45682802153175,소로요가,중랑구,체육시설,1.0,0.0020430811110392945
도보,STORE_04553,체육시설,414.2967061977521,마마멀티짐,중랑구,체육시설,1.0,0.0024137290619025103
도보,STORE_02996,체육시설,240.6881706530323,후태권도,성북구,체육시설,1.0,0.004154753419276119
도보,STORE_02815,도서,1149.5537620050566,갑을문고,성북구,도서,1.0,0.0008699027684062342
도보,STORE_02906,체육시설,214.79298283314898,스포웰짐 월곡역점(스포웰짐 헬스 스피닝 요가 필라테스),성북구,체육시설,1.0,0.00465564557468248
도보,STORE_02838,체육용품,736.3355307940432,뉴바이크(NewBike),성북구,체육용품,1.0,0.0013580765265009398
도보,STORE_02859,체육시설,94.18146005929799,몽키당구클럽,성북구,체육시설,1.0,0.010617800991515589
도보,STORE_02931,체육시설,94.41620521515054,워너비짐,성북구,체육시설,1.0,0.010591402161538414
도보,STORE_02910,체육시설,196.8965020380698,아이두 필라테스,성북구,체육시설,1.0,0.00507881038844789
도보,STORE_02934,문화체험,930.8138769046926,월곡제2동 주민자치회,성북구,문화체험,1.0,0.0010743286330510858
도보,STORE_02943,체육시설,311.91374651725476,이너라인GYM월곡점,성북구,체육시설,1.0,0.0032060145189679256
도보,STORE_02970,체육시설,250.5527129945931,카라필라테스(카라필라테스협회),성북구,체육시설,1.0,0.003991176100422348
도보,STORE_02862,체육용품,1136.744712557393,문화자전거,성북구,체육용품,1.0,0.0008797049935251061
도보,STORE_00489,문화체험,589.5935844118821,렛잇닛,강북구,문화체험,1.0,0.0016960835844194218
도보,STORE_01700,문화체험,1327.9190792349937,월계3동 주민자치회,노원구,문화체험,1.0,0.0007530579352591982
도보,STORE_01954,체육시설,178.41290030533716,블루당구장,동대문구,체육시설,1.0,0.005604975863788956
도보,STORE_00037,체육시설,213.9368720721759,강남구민체육관(강남구도시관리공단),강남구,체육시설,1.0,0.004674276062438783
도보,STORE_00206,체육시설,213.9368720721759,포이테니스장(강남구도시관리공단),강남구,체육시설,1.0,0.004674276062438783
도보,STORE_02240,체육시설,339.9679871158353,마포스포츠클럽,마포구,체육시설,1.0,0.002941453424728711
도보,STORE_02551,도서,49.715373988054495,동문서점,서초구,도서,1.0,0.020114502210931327
도보,STORE_02570,도서,32.272959582599086,명문사,서초구,도서,1.0,0.03098569244759255
도보,STORE_02586,도서,103.29638181200954,사단법인 사랑플러스 서울강남분사무소,서초구,도서,1.0,0.00968088119310813
도보,STORE_02638,문화체험,160.08242882380358,위드피아노 교대점(교대위드피아노학원),서초구,문화체험,1.0,0.006246781782032184
도보,STORE_02580,도서,18.854385721102165,법률서점,서초구,도서,1.0,0.053038057818069466
도보,STORE_02787,체육시설,342.6094054050265,필라테스가든 왕십리점,성동구,체육시설,1.0,0.0029187756793127686
도보,STORE_02709,도서,38.8129522150346,대학서적㈜한양대점,성동구,도서,1.0,0.02576459513978016
도보,STORE_02725,체육시설,47.858310693423164,박창환복싱클럽,성동구,체육시설,1.0,0.02089501249649046
도보,STORE_02707,도서,326.3734476348753,놀숲 한양대점,성동구,도서,1.0,0.003063974741961034
도보,STORE_02791,체육시설,57.61970532353552,한양탁구장,성동구,체육시설,1.0,0.01735517379662018
도보,STORE_02717,체육시설,336.0904719344597,마장국민체육센터(성동구도시관리공단),성동구,체육시설,1.0,0.0029753893177757447
도보,STORE_02760,도서,365.7393441911216,영풍문고 왕십리역점,성동구,도서,1.0,0.002734187655450702
도보,STORE_02573,문화체험,162.31235070766388,반포1동 주민센터,서초구,문화체험,1.0,0.006160960614765979
도보,STORE_02604,체육시설,0.0,서초종합체육관(주식회사 스포월드),서초구,체육시설,1.0,0.0
도보,STORE_03473,도서,134.27921698063324,대원책문고,영등포구,도서,1.0,0.007447168835846187
도보,STORE_03491,도서,366.0327887430445,만점북스,영등포구,도서,1.0,0.002731995686599545
도보,STORE_03579,체육시설,145.5449280301603,참피온키즈태권도,영등포구,체육시설,1.0,0.006870730663955372
도보,STORE_03580,체육시설,127.79548820887528,참피온태권도(영등포 참피온 태권도),영등포구,체육시설,1.0,0.007825002384791162
도보,STORE_03558,체육시설,102.61430042910149,오케이당구장,영등포구,체육시설,1.0,0.009745230399840052
도보,STORE_03596,체육시설,106.8156803221397,프로당구장 (뉴프로),영등포구,체육시설,1.0,0.009361921367575935
도보,STORE_03434,체육시설,130.5487117213539,Ayna (아이나 요가 앤 필라테스),영등포구,체육시설,1.0,0.007659976010597657
도보,STORE_03476,체육시설,113.83983725020458,더필라테스301,영등포구,체육시설,1.0,0.008784271166886291
도보,STORE_03383,체육시설,265.8152481643938,제이제이당구장,양천구,체육시설,1.0,0.0037620114229923664
도보,STORE_03423,체육시설,254.08620258508552,흑룡태권도,양천구,체육시설,1.0,0.003935672184581259
도보,STORE_03485,체육시설,141.8006269396973,때려,영등포구,체육시설,1.0,0.007052154998054162
도보,STORE_03467,문화체험,207.84999051802217,당산2동 주민자치위원회,영등포구,문화체험,1.0,0.0048111621150797815
도보,STORE_03466,문화체험,452.5031829121416,당산1동 주민자치위원회,영등포구,문화체험,1.0,0.0022099292066066214
도보,STORE_00606,영상,1221.7045924392826,CGV 등촌,강서구,영화,1.0,0.0008185284774966571
도보,STORE_03421,음악,1153.5440811137655,호호악기(호호뮤직(호호악기)),양천구,음악,1.0,0.0008668936162669084
도보,STORE_02430,도서,97.40403303208065,밤의서점,서대문구,도서,1.0,0.010266515347168876
도보,STORE_03239,체육시설,1468.639948230712,황제당구장,송파구,체육시설,1.0,0.0006809020830494989
도보,STORE_03092,체육시설,395.0549148730451,북위례퍼스트태권도,송파구,체육시설,1.0,0.0025312936565321815
도보,STORE_03038,체육용품,297.47030965053324,뉴바이크샵 (NEWBIKE샵),송파구,체육용품,1.0,0.0033616800317813078
도보,STORE_01477,체육시설,371.50962064846976,아이펀 태권도(아이펀),금천구,체육시설,1.0,0.002691720333525955
도보,STORE_01907,체육시설,987.6279025301327,PLAZA BILLIARDS CLUB (프라자당구장),동대문구,체육시설,1.0,0.001012527083771299
도보,STORE_03546,문화체험,50.760893728761914,여의동 주민자치위원회,영등포구,문화체험,1.0,0.019700204754932917
도보,STORE_00691,문화체험,903.5070351174605,등촌제2동 주민센터,강서구,문화체험,1.0,0.0011067982440999974
도보,STORE_03384,체육시설,651.6126203785257,종이연당구클럽,양천구,체육시설,1.0,0.0015346541314977817
도보,STORE_03295,문화체험,1003.2240840849112,목3동주민자치회,양천구,문화체험,1.0,0.0009967862772275328
도보,STORE_03317,체육용품,2091.7793611922766,삼천리자전거 삼천리목동대리점,양천구,체육용품,1.0,0.0004780618924502716
도보,STORE_00798,도서,1087.5141801219715,영일서점,강서구,도서,1.0,0.0009195282399792191
도보,STORE_03282,체육시설,537.9940668306341,리뉴짐(RENEW GYM),양천구,체육시설,1.0,0.0018587565582109105
도보,STORE_00422,체육시설,102.0732854445762,필짐 헬스PT 고덕점,강동구,체육시설,1.0,0.009796882657832939
도보,STORE_00320,도서,91.3590209037368,북데이423,강동구,도서,1.0,0.010945826587323876
도보,STORE_00255,문화체험,220.75579672226135,고덕1동 주민센터,강동구,문화체험,1.0,0.004529892373599259
도보,STORE_00380,체육시설,96.47086139125761,에스엠탁구장,강동구,체육시설,1.0,0.010365824307759544
도보,STORE_00258,체육시설,504.83024262913705,고위드 피트니스 (주 커넥트컴퍼니),강동구,체육시설,1.0,0.001980863893557639
도보,STORE_00431,도서,110.19969661072041,홀로서기,강동구,도서,1.0,0.009074435145974061
도보,STORE_00394,도서,743.8149564241413,제1기독교백화점 빌레몬,강동구,도서,1.0,0.0013444203983305975
도보,STORE_02588,체육시설,127.18303781448876,삼성레포츠센터(올웨이즈 연구소),서초구,체육시설,1.0,0.007862683713048404
도보,STORE_04462,도서,559.3942200677942,웰북하우스(영재아동연구원),중구,도서,1.0,0.001787648073801706
도보,STORE_01256,영상,784.7534591277555,CGV 구로,구로구,영화,1.0,0.0012742855585644549
도보,STORE_01260,체육시설,297.2075950595369,PEAKERS 클라이밍 구로(CJCGV (씨제이씨지브이) (주)),구로구,체육시설,1.0,0.003364651565514936
도보,STORE_01377,도서,651.887546201604,종로서적(주) 구로점,구로구,도서,1.0,0.001534006909361539
도보,STORE_03532,도서,2.6000353456229823,아크앤북 TP타워 여의도점 (주식회사 오티디코퍼레이션),영등포구,도서,1.0,0.3846101560440113
도보,STORE_03553,도서,1.7312651820669918,영풍문고 여의도 IFC몰점,영등포구,도서,1.0,0.5776122631924476
도보,STORE_03306,문화체험,490.5699644774201,문화예술창작소 그리다,양천구,문화체험,1.0,0.002038445221702985
도보,STORE_03300,체육시설,695.79131754288,목동문화체육센터(양천구시설관리공단),양천구,체육시설,1.0,0.001437212530233064
도보,STORE_03391,도서,884.7706116253872,책과노는아이들,양천구,도서,1.0,0.001130236455484126
도보,STORE_03413,체육시설,239.80509764865008,한울태권도(용인대한울태권도),양천구,체육시설,1.0,0.004170053138174518
도보,STORE_03288,체육시설,258.7475351320375,메이드 헬스 PT 등촌역점,양천구,체육시설,1.0,0.0038647711155575075
도보,STORE_03311,음악,450.17520789481614,바첼악기사,양천구,음악,1.0,0.0022213573347949693
도보,STORE_03371,체육시설,139.81013597117732,영앤짐 헬스&PT 등촌역점,양천구,체육시설,1.0,0.007152557238097214
도보,STORE_00634,체육시설,554.8123052986124,강서구민올림픽체육센터(강서구시설관리공단),강서구,체육시설,1.0,0.0018024113568673962
도보,STORE_03442,문화체험,110.65553805372626,Jo은공방(조은공방(Jo)),영등포구,문화체험,1.0,0.009037053342187653
도보,STORE_03556,체육시설,49.59698143543694,옐로줌바문래점,영등포구,체육시설,1.0,0.02016251737621883
도보,STORE_03523,체육시설,161.13444980000338,시립문래청소년센터,영등포구,체육시설,1.0,0.006205997545783527
도보,STORE_03763,체육시설,113.32738321553951,로얄마린 은평점((주)스포에듀),은평구,체육시설,1.0,0.008823992680551715
도보,STORE_03841,체육시설,113.32738321553951,오아스 필라테스(Oasth Pilates),은평구,체육시설,1.0,0.008823992680551715
도보,STORE_03746,체육용품,684.9300192822041,뉴타운스포츠,은평구,체육용품,1.0,0.0014600031709049405
도보,STORE_00707,영상,8.89471635069649,롯데컬처웍스㈜롯데시네마 김포공항,강서구,영화,1.0,0.11242629450704139
도보,STORE_02553,체육시설,83.45904634526629,동호당구장,서초구,체육시설,1.0,0.011981924594046347
도보,STORE_02538,체육시설,87.95363085234962,노블레스볼링장,서초구,체육시설,1.0,0.011369627271882952
도보,STORE_02628,도서,87.88376092984689,연희서점,서초구,도서,1.0,0.011378666427330628
도보,STORE_02545,도서,16.119864818265732,대원법률서적(종합법률서적대원),서초구,도서,1.0,0.06203525967952787
도보,STORE_02493,문화체험,447.12473828683886,홍은2동 주민자치회,서대문구,문화체험,1.0,0.002236512351858468
도보,STORE_03701,도서,63.710817375006194,텐티북카페(천제서점)(텐티북스(주)),용산구,도서,1.0,0.0156959216849147
도보,STORE_03707,도서,163.7072098941339,한우리문고 삼각지,용산구,도서,1.0,0.00610846645451156
도보,STORE_03863,체육시설,1086.848769496325,제이에이치짐,은평구,체육시설,1.0,0.0009200912105401995
도보,STORE_04045,도서,161.41418674125754,리브로성균관대북갤러리,종로구,도서,1.0,0.006195242315367064
도보,STORE_02410,체육시설,527.1127642450605,롤러스케이트장(충암 롤러클럽 롤러스케이트장),서대문구,체육시설,1.0,0.0018971272711109858
도보,STORE_02473,체육시설,527.1306093622973,충암볼링장,서대문구,체육시설,1.0,0.0018970630470686615
도보,STORE_02485,도서,356.779560802861,학술정보 명지전문대점,서대문구,도서,1.0,0.0028028511435736403
도보,STORE_02418,도서,1152.0533656974744,명지서적,서대문구,도서,1.0,0.0008680153452740286
도보,STORE_02352,체육시설,103.38685335193202,창천교육문화관,마포구,체육시설,1.0,0.009672409668915732
도보,STORE_03606,도서,952.9571044450003,(주)성화출판사,용산구,도서,1.0,0.001049365176392066
도보,STORE_03679,체육시설,38.32008829615967,워너블짐,용산구,체육시설,1.0,0.02609597327311527
도보,STORE_01977,도서,79.09004492989447,시립대학구내서적,동대문구,도서,1.0,0.012643816309453375
도보,STORE_03334,문화체험,177.11762665205242,신월4동 주민자치,양천구,문화체험,1.0,0.005645965446253974
도보,STORE_02505,도서,3.634055008170713,(주)가톨릭다이제스트,서초구,도서,1.0,0.27517470091994384
도보,STORE_02396,영상,509.8286869931764,㈜딜라이브서서울케이블티브이(케이블티비),서대문구,TV,1.0,0.0019614431778990577
도보,STORE_00788,도서,115.11997926578353,알라딘 중고서점 강서홈플러스점,강서구,도서,1.0,0.008686589472807735
도보,STORE_03440,체육시설,77.83914893044545,GLADGYM (글래드짐),영등포구,체육시설,1.0,0.012847005828565364
도보,STORE_03513,체육용품,64.86715887630132,삼천리자전거 여의점,영등포구,체육용품,1.0,0.01541612145996642
도보,STORE_04616,체육용품,1667.1850873692426,신성스포츠,중랑구,체육용품,1.0,0.0005998134265811863
도보,STORE_04682,도서,2332.4814717064596,태릉어린이서점(태릉서점),중랑구,도서,1.0,0.000428727950095309
도보,STORE_04679,체육시설,981.4145262306816,콤마짐 망우역점,중랑구,체육시설,1.0,0.0010189374349702154
도보,STORE_04523,영상,2881.347917386345,CGV 상봉,중랑구,영화,1.0,0.0003470597889154235
도보,STORE_04559,체육시설,736.1273122501053,맹호태권도장,중랑구,체육시설,1.0,0.0013584606675485528
도보,STORE_04605,체육시설,332.90679077494536,슈퍼짐프리미엄휘트니스,중랑구,체육시설,1.0,0.0030038438016604745
도보,STORE_04576,체육시설,336.45004053412566,바디톡,중랑구,체육시설,1.0,0.0029722094799348713
도보,STORE_04544,체육시설,314.45544332469007,럭키당구클럽,중랑구,체육시설,1.0,0.0031801007781170855
도보,STORE_01218,체육시설,291.3053947344964,정립회관 수영센터,광진구,체육시설,1.0,0.00343282348379242
도보,STORE_01219,체육시설,291.3053947344964,정립회관 체육센터,광진구,체육시설,1.0,0.00343282348379242
도보,STORE_04603,체육시설,492.3751146155892,센터인필라테스 양원점,중랑구,체육시설,1.0,0.0020309718552301887
도보,STORE_04680,체육시설,492.3751146155892,콤마짐 양원역점,중랑구,체육시설,1.0,0.0020309718552301887
도보,STORE_04470,체육시설,67.60881243522014,장충문화체육센터,중구,체육시설,1.0,0.014790971235564254
도보,STORE_00132,문화체험,322.6847451715542,세곡커뮤니티센터(강남구청),강남구,문화체험,1.0,0.003098999921636685
도보,STORE_03379,체육용품,217.37361350430254,이지라이드 동작점,양천구,체육용품,1.0,0.004600374368714291
도보,STORE_03411,문화체험,622.0952850041285,한국문화센터 양천지부,양천구,문화체험,1.0,0.0016074707912202928
도보,STORE_03309,체육시설,567.272815824904,바디샵 필라테스 피티,양천구,체육시설,1.0,0.0017628202376414645
도보,STORE_03345,문화체험,925.2207700303746,신정4동주민자치회,양천구,문화체험,1.0,0.001080823120699258
도보,STORE_03276,체육시설,836.4073917394552,라이프휘트니스(라이프스포츠),양천구,체육시설,1.0,0.0011955896251948771
도보,STORE_01286,체육시설,652.568270874878,궁동탁구클럽,구로구,체육시설,1.0,0.001532406714563874
도보,STORE_01325,도서,302.2557006508304,북파크,구로구,도서,1.0,0.0033084570376894647
도보,STORE_01351,체육시설,243.50070151156962,아이쿠아 수영장,구로구,체육시설,1.0,0.004106764349311274
도보,STORE_01269,체육시설,173.55654373876135,개웅산 생활체육관(서울특별시구로구시설관리공단),구로구,체육시설,1.0,0.005761810983659641
도보,STORE_01320,도서,1333.7885151748874,믿음성경사,구로구,도서,1.0,0.0007497440475927919
도보,STORE_01337,체육시설,263.1352445939247,소원태권도,구로구,체육시설,1.0,0.003800327096217076
도보,STORE_01354,체육용품,653.6389571625112,알톤스포츠(성심MTB)(성심자전거),구로구,체육용품,1.0,0.0015298965721704599
도보,STORE_01369,체육시설,273.2149413373803,요가메이트,구로구,체육시설,1.0,0.0036601219358832465
도보,STORE_01293,체육시설,182.12004762719343,뉴욕휘트니스,구로구,체육시설,1.0,0.005490883694732156
도보,STORE_01328,체육용품,980.7889655846878,삼천리자전거 개봉점,구로구,체육용품,1.0,0.0010195873272328872
도보,STORE_01385,체육시설,376.84449783117253,청우태권도장,구로구,체육시설,1.0,0.002653614437135826
도보,STORE_01267,문화체험,696.3498286555968,개봉2동 주민자치위원회,구로구,문화체험,1.0,0.0014360598062193013
도보,STORE_01367,체육시설,190.26149924358998,온바디짐 헬스PT (온바디짐),구로구,체육시설,1.0,0.005255924104328168
도보,STORE_01349,영상,395.27235558033374,씨네Q 신도림,구로구,영화,1.0,0.002529901183025595
도보,STORE_01371,체육시설,584.7787734366822,용인대 탑 복싱,구로구,체육시설,1.0,0.001710048389963109
도보,STORE_01411,체육시설,68.08830296589382,힐링탁구클럽,구로구,체육시설,1.0,0.014686810457016546
도보,STORE_01291,체육시설,82.09564419463922,네스트짐 헬스피티 구일역점,구로구,체육시설,1.0,0.012180914222795016
도보,STORE_01373,도서,184.76319896014937,유진서적,구로구,도서,1.0,0.005412333222351735
도보,STORE_01403,문화체험,562.6247350922964,항동 주민자치위원회,구로구,문화체험,1.0,0.0017773836406889468
도보,STORE_01404,체육시설,633.43329414263,항동생활체육관(구로스포츠클럽),구로구,체육시설,1.0,0.0015786981979744664
도보,STORE_02243,문화체험,545.5163426360152,마포청소년문화의집,마포구,문화체험,1.0,0.001833125649669546
도보,STORE_02196,체육시설,480.294937309166,ws복싱클럽(월드컵파크점),마포구,체육시설,1.0,0.002082054009568499
도보,STORE_02245,체육시설,527.8360738818722,마포푸르메스포츠센터,마포구,체육시설,1.0,0.0018945275805908569
도보,STORE_01439,도서,1276.6485996313588,동일서점프라자,금천구,도서,1.0,0.0007833009022911684
도보,STORE_01517,문화체험,775.0321428555322,하늘공방,금천구,문화체험,1.0,0.0012902690671842269
도보,STORE_01426,문화체험,790.2709121427646,금천종합복지타운(시흥2동주민센터),금천구,문화체험,1.0,0.0012653888491081743
도보,STORE_01462,문화체험,759.9723243066244,서울시립금천청소년센터((재)청소년폭력예방재단) ,금천구,문화체험,1.0,0.0013158373904107227
도보,STORE_02525,문화체험,188.87244524654864,가보한복,서초구,문화체험,1.0,0.0052945785643566425
도보,STORE_02824,체육시설,228.8882325128507,구립월곡배드민턴전용체육관(성북구도시관리공단),성북구,체육시설,1.0,0.004368944567492591
도보,STORE_02888,체육시설,161.64127627449096,성북구민체육관(성북구도시관리공단),성북구,체육시설,1.0,0.0061865386307755395
도보,STORE_02932,체육시설,175.70484830474203,월곡배드민턴전용체육관,성북구,체육시설,1.0,0.005691362587022087
도보,STORE_02935,문화체험,437.86692363059046,월곡청소년센터,성북구,문화체험,1.0,0.002283798903348217
도보,STORE_03540,문화체험,50.18314330600962,양마리,영등포구,문화체험,1.0,0.019927010030084073
도보,STORE_03432,문화체험,478.4871014083676,(주)하이사이클,영등포구,문화체험,1.0,0.00208992049536262
도보,STORE_03489,체육용품,620.4812522820043,리퍼바이크,영등포구,체육용품,1.0,0.0016116522398093457
도보,STORE_03794,도서,483.5928904962568,사단법인 빅이슈코리아,은평구,도서,1.0,0.0020678550484350853
도보,STORE_00476,체육시설,244.03995445811506,다이어트복싱킥복싱mma우슈,강북구,체육시설,1.0,0.004097689668154858
도보,STORE_00565,체육시설,244.75185044231512,제이짐 휘트니스 419점,강북구,체육시설,1.0,0.004085770947973639
도보,STORE_03457,도서,79.33149780809089,교보문고 영등포점,영등포구,도서,1.0,0.012605333664808377
도보,STORE_03437,영상,279.45747558076977,CGV 영등포,영등포구,영화,1.0,0.003578361959800129
도보,STORE_03492,도서,104.77727403175733,만화카페 롤롤 영등포점,영등포구,도서,1.0,0.009544054369050547
도보,STORE_03543,체육시설,178.3789664852156,에이아이당구클럽,영등포구,체육시설,1.0,0.005606042123149546
도보,STORE_01013,체육시설,238.7106038556579,신림체육센터(관악구시설관리공단),관악구,체육시설,1.0,0.004189172930938058
도보,STORE_01458,도서,1263.525786993075,본동서적,금천구,도서,1.0,0.0007914361624385912
도보,STORE_01511,체육시설,224.7498188043148,파워짐 헬스 (파워육체미도장),금천구,체육시설,1.0,0.004449391796265163
도보,STORE_01495,도서,1454.2526972248968,일등문고,금천구,도서,1.0,0.0006876384014334424
도보,STORE_01481,체육시설,1144.3857991123998,에이스 당구장,금천구,체육시설,1.0,0.0008738311859301406
도보,STORE_02127,도서,393.8631069719406,에이포서점,동작구,도서,1.0,0.0025389532106424007
도보,STORE_00948,문화체험,183.73487755350027,다다르고,관악구,문화체험,1.0,0.005442624793481674
도보,STORE_00935,문화체험,415.002681909554,꿈꾸는세상(마음이 움직이는 토탈공예),관악구,문화체험,1.0,0.0024096229821906085
도보,STORE_02164,체육시설,312.05537472006,현충실내배드민턴장(동작구청),동작구,체육시설,1.0,0.00320455945005621
도보,STORE_00686,문화체험,2141.4210034902494,데이비스 컬쳐,강서구,문화체험,1.0,0.00046697963565787607
도보,STORE_00692,문화체험,867.9081746552617,등촌제3동 주민센터,강서구,문화체험,1.0,0.0011521956229957229
도보,STORE_00781,체육시설,436.8700391989186,스토리짐 등촌점,강서구,체육시설,1.0,0.0022890102553923897
도보,STORE_00760,체육용품,1967.692522641333,삼천리자전거 등촌한강점,강서구,체육용품,1.0,0.0005082094831857417
도보,STORE_00808,체육시설,828.0610051240815,우먼카인드 피트니스,강서구,체육시설,1.0,0.0012076404924419237
도보,STORE_00627,체육시설,524.459652869516,가꿈PT스튜디오,강서구,체육시설,1.0,0.0019067243676965879
도보,STORE_00701,체육시설,524.459652869516,로데오 당구클럽,강서구,체육시설,1.0,0.0019067243676965879
도보,STORE_00860,체육시설,524.459652869516,포텐테짐,강서구,체육시설,1.0,0.0019067243676965879
도보,STORE_00712,체육시설,0.7936806171440732,마곡레포츠센터(강서구시설관리공단),강서구,체육시설,1.0,1.2599526540012185
도보,STORE_00715,체육시설,0.7936806171440732,마곡실내배드민턴장(강서구시설관리공단),강서구,체육시설,1.0,1.2599526540012185
도보,STORE_02669,체육용품,28.062878031775426,파랑테크,서초구,체육용품,1.0,0.035634263843776326
도보,STORE_02817,체육시설,20.596093100357248,개운산스포츠센터(성북구도시관리공단),성북구,체육시설,1.0,0.048552897635846026
도보,STORE_01557,체육시설,426.584628943236,금메달체육관,노원구,체육시설,1.0,0.0023442007333392837
도보,STORE_00251,체육시설,518.9775409278491,강일구민체육센터(강동구청),강동구,체육시설,1.0,0.0019268656562905584
도보,STORE_00306,음악,1210.2188015967201,모닝악기,강동구,음악,1.0,0.0008262968635759378
도보,STORE_00351,체육시설,547.5921744977986,센터 인 필라테스 강일점,강동구,체육시설,1.0,0.001826176571856799
도보,STORE_00355,체육용품,1429.4972135236712,스마트자전거 고덕강일점(휴먼바이크),강동구,체육용품,1.0,0.0006995466591606902
도보,STORE_00239,체육시설,402.4080639420405,NK번지필라테스(엔케이(NK)번지 필라테스),강동구,체육시설,1.0,0.002485039663976594
도보,STORE_00690,도서,340.890201044637,두비시스템,강서구,도서,1.0,0.002933495879129296
도보,STORE_00750,체육시설,255.70415866073134,보타닉 당구장,강서구,체육시설,1.0,0.0039107694033510085
도보,STORE_01747,체육시설,306.2091178711997,파워점핑클럽(한국파워점핑줄넘기),노원구,체육시설,1.0,0.0032657420750633187
도보,STORE_01791,체육시설,504.14244906772063,도봉실내수영장,도봉구,체육시설,1.0,0.0019835663548055473
도보,STORE_01811,도서,1415.7843437550887,민영서점,도봉구,도서,1.0,0.0007063222618691327
도보,STORE_00831,체육시설,345.98315350136795,정직한피트니스,강서구,체육시설,1.0,0.0028903141377837234
도보,STORE_00761,체육용품,0.0,삼천리자전거 마곡나루점,강서구,체육용품,1.0,0.0
도보,STORE_00694,도서,0.0,또래아동도서 마곡점,강서구,도서,1.0,0.0
도보,STORE_00650,체육시설,72.22950362319338,공감PT여성전용공간 마곡점,강서구,체육시설,1.0,0.01384475802598335
도보,STORE_00819,도서,836.4955291478461,의학서적 바이오메디북,강서구,도서,1.0,0.0011954636518126031
도보,STORE_00854,체육시설,21.372373456861965,타워락볼링장(타워볼링센터),강서구,체육시설,1.0,0.0467893751725049
도보,STORE_01801,체육시설,209.06779798078523,레이디짐 (올레이디짐덕성여대점),도봉구,체육시설,1.0,0.0047831373825054915
도보,STORE_01818,도서,296.52200684214864,북스벨리 서점,도봉구,도서,1.0,0.0033724309728294225
도보,STORE_01742,체육시설,826.5742620128077,키즈중앙태권도(중앙태권도),노원구,체육시설,1.0,0.0012098126519992042
도보,STORE_01560,체육시설,797.5740804983843,김도윤탁구클럽,노원구,체육시설,1.0,0.0012538020284900992
도보,STORE_01580,체육시설,179.79350037826214,당고개배드민턴장(서울특별시노원구서비스공단),노원구,체육시설,1.0,0.005561936320813211
도보,STORE_01610,체육시설,668.1112780112643,박흥래남여헬스,노원구,체육시설,1.0,0.0014967566525394592
도보,STORE_01232,도서,151.11841592320405,코믹갤러리,광진구,도서,1.0,0.006617327172805887
도보,STORE_00352,문화체험,1396.3536242837195,스누젤렌 뮤직 스튜디오,강동구,문화체험,1.0,0.0007161509682140618
도보,STORE_01539,음악,2578.721100669023,강북악기프라자,노원구,음악,1.0,0.0003877891252918201
도보,STORE_00589,문화체험,656.7781757239812,함수목공방(함수협동조합),강북구,문화체험,1.0,0.0015225840884522048
도보,STORE_02770,문화체험,944.178627955164,용답동 주민센터,성동구,문화체험,1.0,0.0010591216221084458
도보,STORE_02738,체육시설,821.8225231483885,성동구립용답체육센터(성동구도시관리공단),성동구,체육시설,1.0,0.0012168077313931681
도보,STORE_01987,도서,1420.285482504452,어린이전문서점 아톰북,동대문구,도서,1.0,0.000704083800277009
도보,STORE_01959,체육용품,1256.9700638092652,삼천리자전거 장안점,동대문구,체육용품,1.0,0.000795563895109392
도보,STORE_02005,문화체험,895.4558467948306,장안제1동 주민센터,동대문구,문화체험,1.0,0.0011167496460929612
도보,STORE_01914,체육시설,387.42749702436856,공감요가,동대문구,체육시설,1.0,0.0025811281018525683
도보,STORE_02022,체육용품,311.18920074211974,탁구조아,동대문구,체육용품,1.0,0.003213479123360366
도보,STORE_02764,문화체험,84.9577794579288,오픈어스,성동구,문화체험,1.0,0.01177055246006284
도보,STORE_01929,체육시설,514.1494750285461,동대문구민체육센터(서울특별시동대문구시설관리공단),동대문구,체육시설,1.0,0.0019449596830658613
도보,STORE_01964,체육시설,226.63621234966342,상승짐PT,동대문구,체육시설,1.0,0.004412357538243535
도보,STORE_02026,체육시설,226.63621234966342,필라앤핏,동대문구,체육시설,1.0,0.004412357538243535
도보,STORE_02036,체육시설,272.32050357523,헤이허니워크아웃 장안동점,동대문구,체육시설,1.0,0.003672143620738218
도보,STORE_01930,체육시설,344.7290844911848,동대문구체육관(서울특별시동대문구시설관리공단),동대문구,체육시설,1.0,0.0029008286361331703
도보,STORE_01948,체육시설,475.9886501594713,바디그램 피트니스 (바디그램 답십리점),동대문구,체육시설,1.0,0.0021008904301919136
도보,STORE_01911,체육시설,511.6418458710706,경희대두산태권도,동대문구,체육시설,1.0,0.0019544922059639186
도보,STORE_01925,체육용품,472.8963090773483,대림스포츠,동대문구,체육용품,1.0,0.0021146284731024135
도보,STORE_01968,체육시설,366.18099762876426,센트리얼필라테스 전농점,동대문구,체육시설,1.0,0.002730889932780739
도보,STORE_02029,체육시설,216.89285745739653,핑퐁플러스,동대문구,체육시설,1.0,0.004610571374838502
도보,STORE_01960,체육용품,1182.7261704651535,삼천리자전거 전농지점,동대문구,체육용품,1.0,0.0008455042468593645
도보,STORE_02008,도서,1790.4327097387552,전농서적,동대문구,도서,1.0,0.0005585242017533916
도보,STORE_02009,체육시설,718.9619226827839,전농탁구클럽,동대문구,체육시설,1.0,0.0013908942441187028
도보,STORE_01952,체육용품,1510.3179493220944,베이스볼엠(스포츠엠),동대문구,체육용품,1.0,0.0006621122396438774
도보,STORE_02006,문화체험,1838.944593453026,장안제2동 주민센터,동대문구,문화체험,1.0,0.0005437901737551964
도보,STORE_01951,체육시설,1140.2823347847304,배봉탁구장(배봉탁구클럽),동대문구,체육시설,1.0,0.0008769757887977684
도보,STORE_02034,도서,940.7190880137816,한솔도서할인매장,동대문구,도서,1.0,0.001063016593095164
도보,STORE_02033,도서,1094.0192387805728,한길문고,동대문구,도서,1.0,0.0009140607080316344
도보,STORE_03747,체육시설,440.2900365217038,뉴타운탁구클럽,은평구,체육시설,1.0,0.0022712301370705797
도보,STORE_03875,도서,907.7023970648246,책방 시나브로,은평구,도서,1.0,0.0011016826695992342
도보,STORE_02443,체육시설,326.1428417357135,서대문문화체육회관(서울특별시서대문구도시관리공단),서대문구,체육시설,1.0,0.003066141187333922
도보,STORE_03724,체육시설,512.3479237476047,NEDGYM (니드짐 헬스 PT 응암역점),은평구,체육시설,1.0,0.0019517986775186482
도보,STORE_03835,문화체험,651.7955557728735,역촌동주민센터,은평구,문화체험,1.0,0.0015342234096920764
도보,STORE_03726,체육용품,954.2674828058773,SOTX(쏘텍스)(쏘텍스코리아),은평구,체육용품,1.0,0.0010479242120455087
도보,STORE_03845,체육시설,276.9812902644693,은평구민체육센터(은평구청),은평구,체육시설,1.0,0.0036103521614949973
도보,STORE_03819,체육시설,171.1502800798477,아트요가,은평구,체육시설,1.0,0.005842818367188557
도보,STORE_03882,문화체험,296.4305768865224,테이스티피아노학원,은평구,문화체험,1.0,0.003373471153020808
도보,STORE_02014,체육시설,498.60533595606665,짐 에씨온(에씨온트레이닝),동대문구,체육시설,1.0,0.0020055942604034075
도보,STORE_02866,체육시설,696.2206416808167,베스트특공무술,성북구,체육시설,1.0,0.0014363262737884341
도보,STORE_02002,체육시설,947.4151679426518,이문체육문화센터(서울특별시동대문구시설관리공단),동대문구,체육시설,1.0,0.001055503472856085
도보,STORE_02042,문화체험,431.3577519846683,휘경제1동 주민센터,동대문구,문화체험,1.0,0.002318261339686189
도보,STORE_01963,체육용품,631.386850356214,삼천리자전거 휘경점,동대문구,체육용품,1.0,0.001583815056388683
도보,STORE_02001,문화체험,894.4327407271211,이문제1동 주민자치위원회,동대문구,문화체험,1.0,0.0011180270516339317
도보,STORE_02043,문화체험,262.14470501571924,휘경제2동 주민센터,동대문구,문화체험,1.0,0.0038146870063236107
도보,STORE_01909,체육시설,719.5776776241875,WE BODY GYM (위바디짐),동대문구,체육시설,1.0,0.0013897040320951536
도보,STORE_01999,도서,479.21455014702434,"이레문구,서점",동대문구,도서,1.0,0.002086747991464778
도보,STORE_02016,도서,574.0314626250903,책읽는 개구리,동대문구,도서,1.0,0.0017420647910602715
도보,STORE_02011,체육시설,457.60825558153965,준 Billiards Club(준당구장),동대문구,체육시설,1.0,0.0021852752606684855
도보,STORE_02038,도서,984.6920548928011,현대문고(장안현대문고),동대문구,도서,1.0,0.0010155459212158114
도보,STORE_01862,도서,983.4702402968663,정의문고,도봉구,도서,1.0,0.0010168075850451196
도보,STORE_01832,체육시설,232.88919569001928,쌍문종합체육센터(도봉구시설관리공단),도봉구,체육시설,1.0,0.004293887473127016
도보,STORE_01702,체육시설,574.8111115704536,월계배드민턴장(서울특별시노원구서비스공단),노원구,체육시설,1.0,0.0017397019296789145
도보,STORE_02811,체육시설,376.34099999646963,PROFIT (프로핏 PT 스튜디오),성북구,체육시설,1.0,0.0026571646459178796
도보,STORE_01665,도서,768.4065968066097,아크앤북 월계점,노원구,도서,1.0,0.0013013943453320936
도보,STORE_02820,도서,128.28685050376268,계성문고,성북구,도서,1.0,0.007795031182643851
도보,STORE_02870,도서,606.0152264170199,부청서림,성북구,도서,1.0,0.0016501235553310432
도보,STORE_00578,체육시설,1177.3427862919427,펀치라인복싱 미아삼양점,강북구,체육시설,1.0,0.0008493703037409468
도보,STORE_01691,체육시설,351.62499925169095,우리스포츠센터,노원구,체육시설,1.0,0.0028439388613669256
도보,STORE_00130,문화체험,207.29875209035023,세곡문화센터(강남구청),강남구,문화체험,1.0,0.004823955715682044
도보,STORE_00131,체육용품,790.7752173533958,세곡자전거,강남구,체육용품,1.0,0.0012645818660666274
도보,STORE_03144,체육용품,699.0447301637022,알톤스포츠 장지점(알톤자전거),송파구,체육용품,1.0,0.0014305236229530264
도보,STORE_00772,체육시설,41.82680571787478,서울재활운동센터,강서구,체육시설,1.0,0.023908113059005313
도보,STORE_00611,체육시설,41.33830328383813,JB 빌리아드,강서구,체육시설,1.0,0.024190639686727685
도보,STORE_02429,체육시설,148.9849792669516,발레틱(balletic) 필라테스,서대문구,체육시설,1.0,0.006712086043306405
도보,STORE_00420,체육용품,0.0,프로테크수영복,강동구,체육용품,1.0,0.0
도보,STORE_00830,체육시설,0.22091682075608063,전쟁터당구클럽,강서구,체육시설,1.0,4.526590580914267
도보,STORE_00044,문화체험,119.36938495734748,개포2문화센터(강남구청),강남구,문화체험,1.0,0.008377357396599769
도보,STORE_03761,체육시설,110.44410571861513,레고짐 구파발점,은평구,체육시설,1.0,0.00905435372484031
도보,STORE_03871,문화체험,162.71833868513363,진관동주민자치위원회,은평구,문화체험,1.0,0.006145588801364542
도보,STORE_03872,문화체험,204.2634188232626,진관동주민자치회관 (진관동주민자치회),은평구,문화체험,1.0,0.0048956391984471895
도보,STORE_03853,체육시설,10.563831723404851,은평통일로스포츠센터(은평구청),은평구,체육시설,1.0,0.09466262111923228
도보,STORE_00504,문화체험,51.84556486435898,번2동 주민센터,강북구,문화체험,1.0,0.01928805294370408
도보,STORE_03142,도서,1.2838179630529667,알라딘 중고서점 잠실롯데월드타워점,송파구,도서,1.0,0.778926630393894
도보,STORE_00412,문화체험,646.1714708388889,테디베어공방 테디공장,강동구,문화체험,1.0,0.001547576835451672
도보,STORE_01804,체육시설,25.424940805824164,리케어짐 녹천점,도봉구,체육시설,1.0,0.039331458336018116
도보,STORE_00288,체육시설,376.09282586693115,라비필라테스,강동구,체육시설,1.0,0.0026589180415630136
도보,STORE_00120,체육시설,26.20894449268071,새로운 운동발달센터,강남구,체육시설,1.0,0.03815491311675168
도보,STORE_03640,음악,0.0,무비타운,용산구,음악,1.0,0.0
도보,STORE_01631,체육용품,11.670544134728187,삼천리자전거 광운대점,노원구,체육용품,1.0,0.08568580765864098
도보,STORE_00303,문화체험,12.484368458335691,명일2동 주민센터,강동구,문화체험,1.0,0.08010016712798233
대중교통,STORE_00008,관광지,10516.244722825473,(주)서울오션아쿠아리움 (코엑스아쿠아리움),강남구,테마파크,1.0,9.50909784202248e-05
대중교통,STORE_01670,미술,344.6888296499775,알파문구 공릉점,노원구,공예,1.0,0.0029011674124034535
대중교통,STORE_02428,미술,344.6888296499775,바코문구(모닝글로리연희점),서대문구,공예,1.0,0.0029011674124034535
대중교통,STORE_03198,미술,344.6888296499775,천호문구도매상사,송파구,공예,1.0,0.0029011674124034535
대중교통,STORE_00011,공연,748.4498986725,(주)아이스타미디어컴퍼니,강남구,공연,1.0,0.0013360947763820475
대중교통,STORE_00014,미술,339.78322198129575,(주)타임앤서준스튜디오,강남구,사진관,1.0,0.002943052909348913
대중교통,STORE_00016,관광지,10197.836735755762,(주)한생연 실험누리과학관,강남구,관광명소,1.0,9.806001271757858e-05
대중교통,STORE_00019,미술,208.37590363418877,502스튜디오,강남구,사진관,1.0,0.004799019380645544
대중교통,STORE_00032,미술,338.2795058910161,STORY IN,강남구,사진관,1.0,0.0029561353336083306
대중교통,STORE_00034,미술,312.02238921772033,VIVID STUDIO (주식회사 비비드스튜디오),강남구,사진관,1.0,0.003204898220628099
대중교통,STORE_00046,공연,1132.4159977308132,고스트컴퍼니(공연기획사),강남구,공연,1.0,0.0008830677083367293
대중교통,STORE_00048,미술,206.75684911008508,곰패미리,강남구,사진관,1.0,0.004836599146795677
대중교통,STORE_00049,공연,2433.667029217471,광야아트센터(주식회사 문화동행아티스),강남구,공연,1.0,0.0004109025548665724
대중교통,STORE_00051,공연,1098.8798344604118,극단예일,강남구,공연,1.0,0.0009100176094240867
대중교통,STORE_00053,미술,18.67022252878473,금속공예화랑 갤러리오,강남구,전시,1.0,0.053561225553592336
대중교통,STORE_00072,미술,290.0399357818337,더블유스튜디오,강남구,사진관,1.0,0.0034478010667889332
대중교통,STORE_00078,공연,25.838215840164843,드림메이커엔터테인먼트리미티드(영업소),강남구,공연,1.0,0.03870236266257695
대중교통,STORE_00079,미술,512.2526668704951,디이제이 (dearJAY),강남구,사진관,1.0,0.00195216162779454
대중교통,STORE_00080,미술,310.3215405741275,디지털포토,강남구,사진관,1.0,0.003222464022800012
대중교통,STORE_00081,미술,468.10295919666635,라딘스튜디오,강남구,사진관,1.0,0.0021362821583442823
대중교통,STORE_00083,공연,1444.5610948372005,라움아트센터,강남구,공연,1.0,0.0006922517874626121
대중교통,STORE_00089,미술,438.45043538814997,리유 스튜디오,강남구,사진관,1.0,0.002280759509600494
대중교통,STORE_00092,공연,3075.960885635338,마스트엔터테인먼트,강남구,공연,1.0,0.0003251016632461016
대중교통,STORE_00094,미술,297.4090608022958,맘키드 크래프트,강남구,공예,1.0,0.0033623723409851158
대중교통,STORE_00099,미술,634.9047552893682,명동사진관,강남구,사진관,1.0,0.0015750393923955315
대중교통,STORE_00100,미술,828.747689917601,모닝글로리 수서점,강남구,공예,1.0,0.0012066398641779937
대중교통,STORE_00102,공연,5793.225775120525,밀알아트센타,강남구,공연,1.0,0.00017261540268197046
대중교통,STORE_00106,미술,40.91477037825575,보떼스튜디오,강남구,사진관,1.0,0.02444105125740733
대중교통,STORE_00108,미술,279.7001438929968,붐스튜디오,강남구,사진관,1.0,0.0035752573669842803
대중교통,STORE_00110,미술,471.21589361985434,산스튜디오,강남구,사진관,1.0,0.002122169505612503
대중교통,STORE_00122,미술,385.78474527184943,서래 스튜디오,강남구,사진관,1.0,0.002592119082612595
대중교통,STORE_00126,관광지,8756.825815901677,선릉,강남구,관광명소,1.0,0.00011419663026573877
대중교통,STORE_00127,미술,438.91688088301936,선릉사진관,강남구,사진관,1.0,0.0022783357021679946
대중교통,STORE_00128,공연,586.5185249373828,설렘이엔엠 (주식회사 설렘이엔엠),강남구,공연,1.0,0.001704975985382151
대중교통,STORE_00137,미술,215.4457865882429,스튜디오 담다,강남구,사진관,1.0,0.0046415389032935074
대중교통,STORE_00139,미술,460.8941100290608,스튜디오CS,강남구,사진관,1.0,0.0021696957679431983
대중교통,STORE_00140,미술,362.3933376052846,스튜디오더함,강남구,사진관,1.0,0.002759432628116333
대중교통,STORE_00144,미술,366.98750399059725,신신칼라,강남구,사진관,1.0,0.002724888420248831
대중교통,STORE_00146,미술,316.4763811046147,씨엘스튜디오,강남구,사진관,1.0,0.003159793462341947
대중교통,STORE_00149,미술,877.810216734085,알파 수서점,강남구,공예,1.0,0.0011391984063713967
대중교통,STORE_00150,미술,198.52100576586187,알파 신사점,강남구,공예,1.0,0.0050372503209026274
대중교통,STORE_00151,미술,487.99488420463996,알파문구 선릉역점,강남구,공예,1.0,0.0020492018100350647
대중교통,STORE_00152,미술,454.9071598704863,어나더심펫 스튜디오,강남구,사진관,1.0,0.00219825073820492
대중교통,STORE_00154,미술,371.43680483499514,에이블 스튜디오,강남구,사진관,1.0,0.002692248013613605
대중교통,STORE_00163,미술,650.3710540739366,예쁜사진찍는집,강남구,사진관,1.0,0.0015375838050232726
대중교통,STORE_00164,미술,302.5642525434436,오빠네사진관,강남구,사진관,1.0,0.0033050831074514174
대중교통,STORE_00165,미술,198.12294664727017,오주,강남구,공예,1.0,0.005047370922563343
대중교통,STORE_00166,공연,1389.7074977530247,오픈리뷰(주),강남구,공연,1.0,0.0007195758831386239
대중교통,STORE_00170,미술,497.2388472791283,원세컨드 (1second),강남구,사진관,1.0,0.002011105941283472
대중교통,STORE_00181,미술,534.7330345866035,좋은사진 좋은느낌,강남구,사진관,1.0,0.001870092055885587
대중교통,STORE_00182,공연,2323.88071705667,주식회사 오디뮤직,강남구,공연,1.0,0.0004303146855431367
대중교통,STORE_00183,미술,422.8859570828779,주식회사 피규어뮤지엄더블유,강남구,전시,1.0,0.002364703729814368
대중교통,STORE_00184,미술,351.1016418019021,쥬시 스튜디오(JUCY STUDIO),강남구,사진관,1.0,0.0028481780799083194
대중교통,STORE_00191,미술,309.36334378932384,큰길 문구,강남구,공예,1.0,0.003232445019992411
대중교통,STORE_00204,미술,250.77802220873681,패스포토passfoto,강남구,사진관,1.0,0.00398759026485839
대중교통,STORE_00207,미술,524.506050868085,포토마트,강남구,사진관,1.0,0.0019065556981562892
대중교통,STORE_00212,미술,445.70602808776215,프리클럽포토샵,강남구,사진관,1.0,0.0022436313107326742
대중교통,STORE_00217,미술,410.976677949131,하루에스튜디오,강남구,사진관,1.0,0.0024332280970059714
대중교통,STORE_00218,공연,2143.8330294941984,한국문화의집코우스(한국문화재재단),강남구,공연,1.0,0.0004664542369868857
대중교통,STORE_00222,미술,511.2457022179204,현포토,강남구,사진관,1.0,0.001956006663061876
대중교통,STORE_00241,미술,789.8801460272362,miso studio (미소사진관 천호점),강동구,사진관,1.0,0.0012660148568483182
대중교통,STORE_00249,공연,8897.817147384061,강동아트센터,강동구,공연,1.0,0.00011238711511328347
대중교통,STORE_00257,미술,742.6182491437846,고덕역 사진관,강동구,사진관,1.0,0.0013465868919232302
대중교통,STORE_00321,미술,742.6182491437846,북데이423,강동구,공예,1.0,0.0013465868919232302
대중교통,STORE_00262,미술,860.2483984324612,광영화방,강동구,공예,1.0,0.001162454939552568
대중교통,STORE_00265,공연,6266.656490118759,극단우리,강동구,공연,1.0,0.00015957472722125368
대중교통,STORE_00270,미술,777.3419841162143,나의첫번째사진관,강동구,사진관,1.0,0.0012864350831853406
대중교통,STORE_00276,미술,733.0131582721756,다감사진관,강동구,사진관,1.0,0.0013642319905377324
대중교통,STORE_00279,미술,874.8746660538396,대창문구유통,강동구,공예,1.0,0.0011430208677896043
대중교통,STORE_00280,미술,897.2185251968698,더좋은얼굴사진관,강동구,사진관,1.0,0.0011145556761443123
대중교통,STORE_00285,미술,905.8539356538336,드림디포 굽은다리역점,강동구,공예,1.0,0.0011039307339082355
대중교통,STORE_00297,미술,777.6604593900178,리더스스튜디오,강동구,사진관,1.0,0.001285908249449099
대중교통,STORE_00305,미술,606.5940812377679,모닝글로리 둔촌1호점,강동구,공예,1.0,0.0016485488911455897
대중교통,STORE_00311,미술,766.1911651722935,미소사진관,강동구,사진관,1.0,0.0013051573098929298
대중교통,STORE_00316,미술,917.462297252901,베이비플라워,강동구,사진관,1.0,0.0010899630458867209
대중교통,STORE_00322,공연,10531.572431269624,브랜드매직,강동구,공연,1.0,9.495258248719522e-05
대중교통,STORE_00324,미술,947.3991738405219,비바체스냅(희야포토),강동구,사진관,1.0,0.00105552129198746
대중교통,STORE_00328,미술,678.8777072920118,뽀샵천국천호점,강동구,사진관,1.0,0.0014730193512892315
대중교통,STORE_00330,미술,911.6236758301195,삼일사진관,강동구,사진관,1.0,0.0010969438667654233
대중교통,STORE_00373,미술,728.4734469172932,알파문구 명일동점,강동구,공예,1.0,0.0013727336311731542
대중교통,STORE_00342,관광지,12061.989525666786,서울 암사동 유적,강동구,관광명소,1.0,8.290506287309348e-05
대중교통,STORE_00350,미술,745.7229162333304,세종사진스튜디오,강동구,사진관,1.0,0.0013409806487522618
대중교통,STORE_00357,미술,797.6010193175763,스타포토,강동구,사진관,1.0,0.001253759681570612
대중교통,STORE_00358,미술,822.0511274395839,스튜디오샘포토,강동구,사진관,1.0,0.0012164693491932403
대중교통,STORE_00372,미술,789.8103889685059,알파 강동역점,강동구,공예,1.0,0.0012661266728917079
대중교통,STORE_00376,미술,846.3299713593228,암사역사진관,강동구,사진관,1.0,0.0011815722399548983
대중교통,STORE_00378,미술,906.9508731670767,에뜨스튜디오,강동구,사진관,1.0,0.0011025955535033506
대중교통,STORE_03324,미술,906.9508731670767,세종스튜디오,양천구,사진관,1.0,0.0011025955535033506
대중교통,STORE_00395,미술,836.6221093477951,제일문구인쇄,강동구,공예,1.0,0.001195282779198328
대중교통,STORE_00398,미술,831.0774963192574,준S. STUDIO,강동구,사진관,1.0,0.0012032572226162784
대중교통,STORE_00399,미술,839.9797290771353,준s.STUDIO,강동구,사진관,1.0,0.0011905049198016658
대중교통,STORE_00417,미술,895.1134836723617,페이펄문구센터 둔촌점,강동구,공예,1.0,0.0011171767806438606
대중교통,STORE_00429,미술,803.7658923004363,현진스튜디오,강동구,사진관,1.0,0.0012441433626126227
대중교통,STORE_00430,미술,779.1590264625162,현포토,강동구,사진관,1.0,0.0012834350447560503
대중교통,STORE_00449,미술,954.0522657966852,강북 ANC (강북구청),강북구,공예,1.0,0.001048160604875191
대중교통,STORE_00452,관광지,16943.656176375152,강북사격장,강북구,테마파크,1.0,5.9019139056558415e-05
대중교통,STORE_00554,미술,1100.5149787919386,위위스튜디오,강북구,사진관,1.0,0.00090866550594134
대중교통,STORE_00567,미술,1102.715047217704,조아저씨현상소,강북구,사진관,1.0,0.000906852593082077
대중교통,STORE_00460,미술,882.6189487632778,공예문화예술원 K-ART,강북구,공예,1.0,0.0011329917643408812
대중교통,STORE_00466,공연,11400.036855901357,극단 해밀,강북구,공연,1.0,8.771901465233762e-05
대중교통,STORE_00518,미술,1184.46503613776,상상사진관,강북구,사진관,1.0,0.0008442629959435074
대중교통,STORE_00467,공연,11474.086366619342,꼭두극단무지개,강북구,공연,1.0,8.715290856701424e-05
대중교통,STORE_00468,미술,610.7018559191456,꿈의숲 아트센터,강북구,전시,1.0,0.0016374602276178376
대중교통,STORE_00475,미술,1108.8650101306023,다래원한복(주식회사 다래원),강북구,공예,1.0,0.0009018230270267251
대중교통,STORE_00477,미술,787.0740575215593,달달한사진관,강북구,사진관,1.0,0.0012705284724399753
대중교통,STORE_00484,미술,987.8186450165684,땡큐사진관,강북구,사진관,1.0,0.0010123315702177571
대중교통,STORE_00500,미술,173.1438926728443,미아스튜디오,강북구,사진관,1.0,0.005775543015481937
대중교통,STORE_00519,미술,1005.2957088417738,서울 스튜디오,강북구,사진관,1.0,0.000994732187957039
대중교통,STORE_00531,미술,1284.261594454831,스타사진관,강북구,사진관,1.0,0.0007786575603582539
대중교통,STORE_00532,미술,1127.845497569358,스튜디오 딩딩,강북구,사진관,1.0,0.0008866462668469392
대중교통,STORE_00535,미술,914.486320585536,신신문구백화점(신신문구),강북구,공예,1.0,0.0010935100695215545
대중교통,STORE_00542,미술,1076.1809821303461,알파 미아역점,강북구,공예,1.0,0.0009292117372493029
대중교통,STORE_00543,미술,1222.8808977301899,알파 수유점,강북구,공예,1.0,0.0008177411241406396
대중교통,STORE_00544,미술,1054.3185442566626,알파문구 미아삼거리점,강북구,공예,1.0,0.0009484799498666133
대중교통,STORE_00572,미술,1019.400813916058,코닥사진관,강북구,사진관,1.0,0.000980968414335938
대중교통,STORE_00552,미술,1115.856819712837,우진문구센타,강북구,공예,1.0,0.0008961723245616293
대중교통,STORE_00556,미술,944.3531363530249,이은주스튜디오,강북구,사진관,1.0,0.001058925905474171
대중교통,STORE_00560,미술,865.1729196979136,장미원사진관,강북구,사진관,1.0,0.001155838303803086
대중교통,STORE_00561,공연,8783.519482525497,재단법인 강북문화재단,강북구,공연,1.0,0.00011384957954376544
대중교통,STORE_00568,미술,1210.1232289612028,준스튜디오,강북구,사진관,1.0,0.0008263621225240199
대중교통,STORE_00570,미술,1259.5426539480507,초록나무사진관,강북구,사진관,1.0,0.0007939389721066521
대중교통,STORE_00575,미술,1179.067239456441,클릭사진관,강북구,사진관,1.0,0.0008481280511712018
대중교통,STORE_00583,미술,799.4606245464619,하나사진관(꼬마천국하나스튜디오),강북구,사진관,1.0,0.0012508433427441221
대중교통,STORE_00586,미술,1149.482582136856,한샘사진관,강북구,사진관,1.0,0.0008699566357421683
대중교통,STORE_00610,미술,742.6146019739803,J.J(제이제이),강서구,공예,1.0,0.0013465935053550671
대중교통,STORE_00613,공연,1612.0335698072872,LG아트센터,강서구,공연,1.0,0.0006203344761111559
대중교통,STORE_00637,미술,988.4927705469247,강서스튜디오,강서구,사진관,1.0,0.001011641187266052
대중교통,STORE_00638,관광지,25203.67558081909,강서캠핑,강서구,휴양림/캠핑장,1.0,3.9676752574971096e-05
대중교통,STORE_00641,미술,959.3930925639896,거목스튜디오,강서구,사진관,1.0,0.0010423256199682321
대중교통,STORE_00642,미술,567.8424429761683,겸재정선미술관,강서구,전시,1.0,0.0017610518769234883
대중교통,STORE_00657,공연,6930.748077277423,괜찮은 홀 강서홀,강서구,공연,1.0,0.00014428456911866658
대중교통,STORE_00661,미술,1181.7893768670265,국민포토스튜디오(국민칼라현상소),강서구,사진관,1.0,0.0008461744703197808
대중교통,STORE_00663,미술,867.3262141984201,그랜드포토,강서구,사진관,1.0,0.0011529687257570056
대중교통,STORE_00874,공연,7766.664856611383,한국장애인국제예술단,강서구,공연,1.0,0.00012875539481386903
대중교통,STORE_00666,공연,4855.393614216317,극단 원공,강서구,공연,1.0,0.00020595652576385504
대중교통,STORE_00672,미술,717.8748871515611,낭만사진관,강서구,사진관,1.0,0.0013930003931017514
대중교통,STORE_00803,미술,618.9287619343559,오호라사진관,강서구,사진관,1.0,0.0016156948287144894
대중교통,STORE_00853,미술,642.2427153607224,코닥스튜디오(코닥사진관),강서구,사진관,1.0,0.0015570437407582574
대중교통,STORE_00682,미술,991.4117474423298,더.담 사진관,강서구,사진관,1.0,0.0010086626495800827
대중교통,STORE_00689,미술,1142.6260839867266,동행 스튜디오,강서구,사진관,1.0,0.000875176940220819
대중교통,STORE_00693,미술,720.2199244684904,디토칼라(디토(DITO)칼라),강서구,사진관,1.0,0.001388464781417957
대중교통,STORE_00700,미술,963.0078789369858,럭스본 스튜디오,강서구,사진관,1.0,0.0010384131032280316
대중교통,STORE_00708,미술,739.4503722443296,루시아스튜디오,강서구,사진관,1.0,0.0013523558003830166
대중교통,STORE_00724,미술,421.55035713657696,모닝글로리 공항점,강서구,공예,1.0,0.002372195831578937
대중교통,STORE_00725,미술,867.4591436658148,모닝글로리 등촌2동점,강서구,공예,1.0,0.001152792044791963
대중교통,STORE_03312,관광지,15379.384409306114,배틀샷그라운드,양천구,테마파크,1.0,6.502210838782968e-05
대중교통,STORE_00726,미술,1047.9154830796324,목하사진,강서구,사진관,1.0,0.0009542754316991123
대중교통,STORE_00727,관광지,22550.054834872764,몬스터파크 가양지점 (몬스터파크 주식회사 가양지점),강서구,테마파크,1.0,4.434579016870237e-05
대중교통,STORE_00728,미술,824.1497423810141,문방사우,강서구,공예,1.0,0.001213371731587205
대중교통,STORE_00729,미술,956.7319083959086,문화사진관,강서구,사진관,1.0,0.0010452248861194944
대중교통,STORE_03292,미술,725.9191775805613,모닝글로리 신월점,양천구,공예,1.0,0.001377563826503291
대중교통,STORE_00747,미술,846.0997987424878,베스트드림문구,강서구,공예,1.0,0.0011818936743469809
대중교통,STORE_00756,미술,715.1180770752279,사진관 나들이,강서구,사진관,1.0,0.0013983704678392622
대중교통,STORE_04332,미술,631.3921165533014,(주)이든마케팅커뮤니케이션,중구,전시,1.0,0.0015838018464007558
대중교통,STORE_00757,미술,1052.8353817710938,사진관 아비앙또,강서구,사진관,1.0,0.0009498161035562717
대중교통,STORE_00758,미술,704.2493427243459,사진속 동심,강서구,사진관,1.0,0.0014199516269785366
대중교통,STORE_00776,미술,697.3123603283182,수정문구,강서구,공예,1.0,0.0014340775481581402
대중교통,STORE_00785,미술,928.1324568911685,아임사진관,강서구,사진관,1.0,0.0010774324209602106
대중교통,STORE_00790,미술,503.48123090403396,알파마곡나루역점,강서구,공예,1.0,0.0019861713577771977
대중교통,STORE_00791,미술,859.8457076779055,알파문구 마곡센트럴점,강서구,공예,1.0,0.0011629993510121651
대중교통,STORE_00792,미술,1003.656684364693,애플사진관,강서구,사진관,1.0,0.0009963566382592195
대중교통,STORE_00807,미술,1024.6083809885502,우리동네사진관 강서점,강서구,사진관,1.0,0.0009759826471799813
대중교통,STORE_00801,미술,876.1814936212313,예지랑,강서구,공예,1.0,0.0011413160484216923
대중교통,STORE_00813,미술,959.6907168277827,원스튜디오,강서구,사진관,1.0,0.0010420023685395832
대중교통,STORE_00824,스포츠관람,48309.40752017012,인천 대한항공 점보스,강서구,스포츠관람,1.0,2.069990197214653e-05
대중교통,STORE_00825,미술,858.7341481266421,인포룸,강서구,사진관,1.0,0.0011645047564272763
대중교통,STORE_00832,미술,905.7728330215906,제이부스튜디오,강서구,사진관,1.0,0.0011040295795404624
대중교통,STORE_00838,공연,7153.030327158482,주식회사 라인엔터테인먼트,강서구,공연,1.0,0.00013980088917045692
대중교통,STORE_00839,미술,550.0081911107557,주식회사 옳소 (ALSO Corp),강서구,전시,1.0,0.0018181547405329988
대중교통,STORE_00858,공연,5047.6125680751575,포시즌컴퍼니,강서구,공연,1.0,0.00019811346186209716
대중교통,STORE_00861,미술,1025.0594461726841,포토비,강서구,사진관,1.0,0.00097555317765594
대중교통,STORE_00862,미술,800.7616800069927,포토빌리지,강서구,사진관,1.0,0.0012488110070292917
대중교통,STORE_00863,미술,970.4990518310766,포픽스,강서구,사진관,1.0,0.0010303977094189456
대중교통,STORE_03382,미술,967.3977478459616,제이스튜디오,양천구,사진관,1.0,0.0010337009800018985
대중교통,STORE_00864,미술,1001.1996645451327,포픽스,강서구,사진관,1.0,0.0009988017729254057
대중교통,STORE_00867,미술,956.8497349187301,피터팬포토(성호사진관),강서구,사진관,1.0,0.0010450961770762626
대중교통,STORE_00873,미술,736.6784418290963,한국사진관(한강사진관),강서구,사진관,1.0,0.0013574443654372503
대중교통,STORE_00878,미술,739.609859967593,한씨네사진실,강서구,사진관,1.0,0.0013520641815724526
대중교통,STORE_00881,미술,391.6820079050733,행운의손(북피아),강서구,공예,1.0,0.002553091487016571
대중교통,STORE_00892,미술,422.3488600576683,홍아,강서구,공예,1.0,0.0023677109010391507
대중교통,STORE_00883,미술,788.0875692261653,허준박물관,강서구,전시,1.0,0.0012688945227012204
대중교통,STORE_00885,미술,714.1882670023033,현대표구화랑,강서구,공예,1.0,0.0014001910227359909
대중교통,STORE_00886,미술,620.0710945572887,현스튜디오,강서구,사진관,1.0,0.0016127182975912925
대중교통,STORE_00887,미술,1104.4180086408865,현예술기획 스튜디오,강서구,사진관,1.0,0.0009054542683803346
대중교통,STORE_00896,미술,1085.907429860989,화곡동사진관,강서구,사진관,1.0,0.0009208888092127832
대중교통,STORE_00911,미술,1256.8575319323713,STUDIO JIO,관악구,사진관,1.0,0.000795635125376969
대중교통,STORE_00921,관광지,15121.237462469166,관악산 모험숲 (관악구청),관악구,체험관광,1.0,6.613215369985392e-05
대중교통,STORE_00923,공연,513.8583317664384,관악아트홀(관악문화재단),관악구,공연,1.0,0.0019460616636542644
대중교통,STORE_00943,미술,1209.1219248588511,노벨사장(노벨스튜디오),관악구,사진관,1.0,0.0008270464536624268
대중교통,STORE_00959,미술,808.0305566616925,드림포토스튜디오,관악구,사진관,1.0,0.0012375769601231574
대중교통,STORE_00967,미술,1031.473472468963,리앤 스튜디오,관악구,사진관,1.0,0.0009694868813313954
대중교통,STORE_00968,미술,745.8190881164419,만족한사진관,관악구,사진관,1.0,0.0013408077319735665
대중교통,STORE_01025,미술,784.262869456763,에이스문구,관악구,공예,1.0,0.0012750826782003235
대중교통,STORE_00969,미술,858.063029038664,말하는대로사진관,관악구,사진관,1.0,0.001165415553587428
대중교통,STORE_00971,미술,916.2078462766207,모노폴스튜디오,관악구,사진관,1.0,0.001091455398536372
대중교통,STORE_00975,미술,978.4299155710023,미림17분칼라,관악구,사진관,1.0,0.0010220456101001467
대중교통,STORE_00988,미술,1171.1538453952614,본사진관,관악구,사진관,1.0,0.0008538587854463326
대중교통,STORE_00989,미술,811.9364067247685,비비앤걸즈,관악구,공예,1.0,0.0012316235504623474
대중교통,STORE_00991,미술,552.3382111946403,사진예술원,관악구,사진관,1.0,0.0018104849161840928
대중교통,STORE_00993,미술,364.0080355742176,삼보서점문구(삼보서점),관악구,공예,1.0,0.002747192100917536
대중교통,STORE_00999,미술,854.4477775386806,서울대문구,관악구,공예,1.0,0.0011703465399378727
대중교통,STORE_01000,미술,245.60520870433518,서울대학교 미술관,관악구,전시,1.0,0.0040715748875009465
대중교통,STORE_01003,미술,899.472490531703,세종사진관,관악구,사진관,1.0,0.001111762739301646
대중교통,STORE_01006,미술,947.2368508230704,스튜디오 가고파 (가고파스튜디오),관악구,사진관,1.0,0.0010557021711423947
대중교통,STORE_01021,미술,957.410720573972,알파문구 관악구청점(경일문구),관악구,공예,1.0,0.0010444838129663888
대중교통,STORE_01007,미술,915.5826013115201,스튜디오 느낌,관악구,사진관,1.0,0.0010922007458066118
대중교통,STORE_01020,미술,914.7226943901181,알파 서울대역점,관악구,공예,1.0,0.0010932274952101628
대중교통,STORE_01008,미술,1063.707591951045,스튜디오 늘솜,관악구,사진관,1.0,0.0009401079841555018
대중교통,STORE_01009,미술,1161.7467774197341,스튜디오 다옴,관악구,사진관,1.0,0.000860772777197646
대중교통,STORE_01010,미술,776.1717062317507,스튜디오여백,관악구,사진관,1.0,0.001288374713959772
대중교통,STORE_01012,미술,984.5825715121088,신림동사진관,관악구,사진관,1.0,0.0010156588476517652
대중교통,STORE_01019,미술,1093.2636821245392,알파 보라매점 (알파문구할인마트),관악구,공예,1.0,0.0009146924171638997
대중교통,STORE_01023,미술,860.6028514008251,어반믹스 사진관,관악구,사진관,1.0,0.0011619761640021
대중교통,STORE_01030,미술,856.745615437543,오피스넥스 관악동작점,관악구,공예,1.0,0.001167207607463852
대중교통,STORE_01036,미술,939.2148485631225,우리동네사진관 서울대입구점,관악구,사진관,1.0,0.0010647191124904711
대중교통,STORE_01062,미술,805.3480286364684,추억저장소,관악구,사진관,1.0,0.0012416991964245522
대중교통,STORE_01068,미술,1005.174496851412,포토 지바고,관악구,사진관,1.0,0.0009948521407301713
대중교통,STORE_01069,미술,844.3309455875822,포토픽스,관악구,사진관,1.0,0.0011843697133522514
대중교통,STORE_01071,미술,822.3689746536974,폴로그(polelog),관악구,사진관,1.0,0.0012159991814150136
대중교통,STORE_01104,미술,747.0353939942565,MS팩토리,광진구,사진관,1.0,0.0013386246596070765
대중교통,STORE_01105,미술,606.1393223822723,TM포토스튜디오,광진구,사진관,1.0,0.0016497857226450202
대중교통,STORE_01109,관광지,10499.368635923243,고릴라캠핑 서울강변테크노마트점,광진구,휴양림/캠핑장,1.0,9.524382224075198e-05
대중교통,STORE_01115,공연,5262.48179292875,광진문화재단 나루아트센터,광진구,공연,1.0,0.0001900244104110175
대중교통,STORE_01118,미술,930.3108252351147,국제화방(화양문구),광진구,공예,1.0,0.0010749095601970157
대중교통,STORE_01119,미술,1097.3408031885976,글로리문구,광진구,공예,1.0,0.0009112939180738111
대중교통,STORE_01120,미술,811.8663310294227,글터문구 직영점(군자점),광진구,공예,1.0,0.0012317298572192658
대중교통,STORE_01122,미술,922.7806841141723,나이스포토,광진구,사진관,1.0,0.0010836811142833518
대중교통,STORE_01136,미술,755.7073415492389,드림디포 군자역점,광진구,공예,1.0,0.0013232635770746234
대중교통,STORE_01143,미술,109.54497718908033,리오스포토스튜디오,광진구,사진관,1.0,0.009128670484580484
대중교통,STORE_01153,미술,746.7841240610476,미림사진관(미림현상소),광진구,사진관,1.0,0.0013390750657123673
대중교통,STORE_01154,미술,178.759813774197,미영사진관,광진구,사진관,1.0,0.005594098465906684
대중교통,STORE_01164,미술,702.1978347995864,뽀샵천국,광진구,사진관,1.0,0.0014241000903761102
대중교통,STORE_01172,관광지,5015.332311416146,서울어린이대공원 놀이동산,광진구,테마파크,1.0,0.00019938858243226493
대중교통,STORE_01174,미술,715.0167768657801,선사진관,광진구,사진관,1.0,0.0013985685823812715
대중교통,STORE_01175,미술,457.4905676395936,소라스튜디오,광진구,사진관,1.0,0.002185837415532881
대중교통,STORE_01184,관광지,203.94250467043813,쏙텐트,광진구,휴양림/캠핑장,1.0,0.004903342741700436
대중교통,STORE_01185,미술,541.982619166197,아람채,광진구,사진관,1.0,0.0018450776180579948
대중교통,STORE_01193,미술,99.23959123487774,알파 건대본점,광진구,공예,1.0,0.010076623528539386
대중교통,STORE_01194,미술,808.3030310131669,알파 구의역점,광진구,공예,1.0,0.0012371597799732987
대중교통,STORE_01195,미술,815.7163013851451,알파 아차산역점,광진구,공예,1.0,0.0012259164102788283
대중교통,STORE_01196,미술,785.1602453706588,알파문구 중곡점,광진구,공예,1.0,0.0012736253597861664
대중교통,STORE_01199,미술,910.8449533672888,엘리엘포토(새한사진관),광진구,사진관,1.0,0.0010978816935891397
대중교통,STORE_01203,공연,9495.377625341654,연습실 샐러리(제작소 샐러리),광진구,공연,1.0,0.00010531440027526224
대중교통,STORE_01204,미술,654.6370427929162,와이낫스튜디오(ynotstudio),광진구,사진관,1.0,0.0015275640311059114
대중교통,STORE_01209,관광지,10295.559267876753,우리유황온천주식회사,광진구,온천,1.0,9.712925485457668e-05
대중교통,STORE_01215,미술,767.3985158791088,자연스튜디오,광진구,사진관,1.0,0.0013031039014382636
대중교통,STORE_01217,관광지,12367.181566198498,점핑몬스터 구의점,광진구,테마파크,1.0,8.08591670339151e-05
대중교통,STORE_01230,미술,624.9479381571982,카메에스(KAME.S),광진구,공예,1.0,0.001600133289420441
대중교통,STORE_01231,미술,612.0491536833309,커넥팅더닷츠(주) 서울상상나라,광진구,전시,1.0,0.0016338557025722016
대중교통,STORE_01239,미술,790.800172334438,포토준 스튜디오,광진구,사진관,1.0,0.0012645419601364086
대중교통,STORE_01240,미술,788.8928402338793,푼푼스튜디오(poonpoon studio),광진구,사진관,1.0,0.0012675992847184857
대중교통,STORE_01248,미술,616.7140635403083,화양칼라현상소,광진구,사진관,1.0,0.0016214969936949397
대중교통,STORE_01268,미술,1020.1817992368008,개봉사진실(개봉23분칼라),구로구,사진관,1.0,0.0009802174482509893
대중교통,STORE_01282,미술,1048.4757458879003,구로사진관,구로구,사진관,1.0,0.000953765505708624
대중교통,STORE_01288,미술,763.3524516460257,극동칼라,구로구,사진관,1.0,0.0013100108578202488
대중교통,STORE_01290,공연,5447.9771912784845,꿈나무극장((재)구로문화재단),구로구,공연,1.0,0.0001835543661234251
대중교통,STORE_01382,미술,745.2823257497604,진성사진관,구로구,사진관,1.0,0.0013417733997569195
대중교통,STORE_01300,미술,940.2248915891578,동감,구로구,공예,1.0,0.001063575330695416
대중교통,STORE_01343,미술,992.0166226411386,스튜디오황실(황실사진관),구로구,사진관,1.0,0.001008047624582748
대중교통,STORE_01304,미술,670.0911566440731,디자인플러스 문구센터((주)아트앤아츠 구로점),구로구,공예,1.0,0.0014923342743518133
대중교통,STORE_01305,공연,0.0,디큐브링크아트센터 ,구로구,공연,1.0,0.0
대중교통,STORE_01306,관광지,16022.887096777933,뛰노리방방 고척점,구로구,테마파크,1.0,6.241072498108606e-05
대중교통,STORE_01310,미술,959.1124267432714,롯데스튜디오(롯데칼라),구로구,사진관,1.0,0.0010426306365308652
대중교통,STORE_01315,미술,585.1606942043871,모닝글로리 개봉점,구로구,공예,1.0,0.0017089322811738893
대중교통,STORE_01316,미술,848.8379296830966,모닝글로리 동양미래대점,구로구,공예,1.0,0.0011780811919812984
대중교통,STORE_01317,미술,837.0710411956526,모모스튜디오,구로구,사진관,1.0,0.0011946417338385325
대중교통,STORE_01318,관광지,12752.450610621583,몬스터파크 신도림지점(몬스터파크 주식회사 신도림지점),구로구,테마파크,1.0,7.841630056321055e-05
대중교통,STORE_01319,관광지,2016.9545828236478,문화철도959(재단법인 구로문화재단),구로구,테마파크,1.0,0.0004957969844814473
대중교통,STORE_01324,미술,835.4897675191897,복오픈디자인공방 본점,구로구,사진관,1.0,0.0011969027495923603
대중교통,STORE_01394,미술,869.5232489083498,포토베베,구로구,사진관,1.0,0.0011500555059976352
대중교통,STORE_01339,미술,524.8534420275486,수영사진관,구로구,사진관,1.0,0.0019052937828452155
대중교통,STORE_01342,미술,740.1945666491841,스케치북 스튜디오,구로구,사진관,1.0,0.0013509961367683895
대중교통,STORE_01346,공연,56.07555291009848,신도림 오페라하우스/지하소극장,구로구,공연,1.0,0.017833083190516574
대중교통,STORE_01348,미술,871.7360263962838,심재명작스튜디오,구로구,사진관,1.0,0.001147136254232779
대중교통,STORE_01350,미술,894.950238748985,아이날다스튜디오,구로구,사진관,1.0,0.0011173805611783061
대중교통,STORE_01352,미술,1010.8668908039627,아폴로 스튜디오(아폴로사진관),구로구,사진관,1.0,0.000989249929043259
대중교통,STORE_01355,미술,1067.2556980588274,알파 구로비즈점,구로구,공예,1.0,0.0009369825823547673
대중교통,STORE_01358,미술,948.3587883320931,엘 스튜디오,구로구,사진관,1.0,0.0010544532431219728
대중교통,STORE_01361,미술,1020.3008303823962,여백스튜디오,구로구,사진관,1.0,0.0009801030933447466
대중교통,STORE_01366,공연,4793.712766464322,오류아트홀((재)구로문화재단),구로구,공연,1.0,0.0002086065746357944
대중교통,STORE_01372,관광지,13893.534763118849,월드킹 키즈카페 구로점 (라온아띠 유한회사),구로구,테마파크,1.0,7.197592384153779e-05
대중교통,STORE_01375,공연,8516.465690351322,재단법인 구로문화재단,구로구,공연,1.0,0.0001174196006135437
대중교통,STORE_01384,미술,583.7491497670811,청실사진관,구로구,사진관,1.0,0.0017130645935827145
대중교통,STORE_01390,스포츠관람,91487.53239432203,키움히어로즈,구로구,스포츠관람,1.0,1.0930451109883283e-05
대중교통,STORE_01393,미술,897.2035974394319,포토 빛,구로구,사진관,1.0,0.0011145742202259812
대중교통,STORE_01407,미술,1058.0340859230082,헤이주드스튜디오,구로구,사진관,1.0,0.000945149133950273
대중교통,STORE_01412,공연,8012.311187159495,(주)컬쳐마케팅컴퍼니,금천구,공연,1.0,0.00012480793327181261
대중교통,STORE_01422,공연,7714.336350883869,금나래아트홀,금천구,공연,1.0,0.00012962877874587682
대중교통,STORE_01514,미술,832.4959934550956,포토픽스 금천구청점,금천구,사진관,1.0,0.0012012069822098664
대중교통,STORE_01425,관광지,12866.954653652812,금천구육아종합지원센터 독산점 아이세상놀이터,금천구,테마파크,1.0,7.77184677274128e-05
대중교통,STORE_01432,미술,911.6694006814934,대동문구,금천구,공예,1.0,0.0010968888494584522
대중교통,STORE_01437,미술,737.0208665788218,독산문구,금천구,공예,1.0,0.0013568136878429255
대중교통,STORE_01438,미술,1152.6859841714322,독산탑사진관,금천구,사진관,1.0,0.0008675389600740351
대중교통,STORE_01440,미술,1058.091368110781,둘리포토,금천구,사진관,1.0,0.00094509796614776
대중교통,STORE_01441,미술,999.1570402724676,드림월드,금천구,공예,1.0,0.0010008436709081313
대중교통,STORE_01452,미술,929.3226906478325,문구완구(학생백화점),금천구,공예,1.0,0.0010760524950734801
대중교통,STORE_01453,미술,874.274688098516,미우사진관 금천구청점,금천구,사진관,1.0,0.0011438052749473137
대중교통,STORE_01459,공연,9072.271118562026,사단법인 하늘에,금천구,공연,1.0,0.00011022598277006762
대중교통,STORE_01467,미술,1113.8576011715693,스튜디오아이플러스,금천구,사진관,1.0,0.0008977808284902734
대중교통,STORE_01468,미술,882.4302376858502,스팟스튜디오 (Spot studio),금천구,사진관,1.0,0.00113323405895799
대중교통,STORE_01473,미술,874.1007591077755,시흥칼라,금천구,사진관,1.0,0.0011440328698727297
대중교통,STORE_01476,미술,847.7851767602983,아이보리사진관,금천구,사진관,1.0,0.0011795440960897323
대중교통,STORE_01483,미술,839.6354156173803,연스튜디오,금천구,사진관,1.0,0.001190993116059432
대중교통,STORE_01489,공연,7927.606347681999,원더매직,금천구,공연,1.0,0.00012614148030854182
대중교통,STORE_01498,공연,7194.43849965243,주식회사 제일좋은전람,금천구,공연,1.0,0.0001389962538491796
대중교통,STORE_01507,관광지,12768.050041490316,키주파크금천독산점,금천구,테마파크,1.0,7.832049504430653e-05
대중교통,STORE_01522,미술,868.7054744985554,현대문구,금천구,공예,1.0,0.0011511381352549113
대중교통,STORE_01550,미술,1246.5668315548528,광운사진실,노원구,사진관,1.0,0.0008022032791877608
대중교통,STORE_01603,미술,1234.3658245734928,모닝글로리 광운대점,노원구,공예,1.0,0.0008101326042022651
대중교통,STORE_01552,미술,948.4635528752766,그랑빌스튜디오 ,노원구,사진관,1.0,0.0010543367712638931
대중교통,STORE_01555,공연,8914.612410998154,극단친구,노원구,공연,1.0,0.00011217537610118393
대중교통,STORE_01561,미술,1181.5150714666804,김철포토스튜디오,노원구,사진관,1.0,0.0008463709216664027
대중교통,STORE_01563,미술,981.7676753712335,나라아트센터,노원구,공예,1.0,0.0010185709155904653
대중교통,STORE_01629,미술,1099.626016926524,사진나라,노원구,사진관,1.0,0.0009094000911282722
대중교통,STORE_01566,미술,1217.2808413074174,노벨사진실,노원구,사진관,1.0,0.0008215031125651765
대중교통,STORE_01572,관광지,17505.39795507549,노원우주학교,노원구,관광명소,1.0,5.7125236602236826e-05
대중교통,STORE_01576,미술,1275.0809125956944,뉴페이스 스튜디오(노원점),노원구,사진관,1.0,0.0007842639554256133
대중교통,STORE_01594,미술,1191.0290534923947,리오사진예술원,노원구,사진관,1.0,0.0008396100809361033
대중교통,STORE_01596,미술,1083.1109852740506,마들문고문구(마들문고주식회사),노원구,공예,1.0,0.000923266418304287
대중교통,STORE_01600,미술,700.8466955241245,명가포토스튜디오,노원구,사진관,1.0,0.0014268455660651368
대중교통,STORE_01601,미술,1123.7441424578772,모노무드,노원구,사진관,1.0,0.0008898822803318722
대중교통,STORE_01602,미술,1123.7441424578772,모노무드 아이디,노원구,사진관,1.0,0.0008898822803318722
대중교통,STORE_01604,미술,851.7541655942198,모닝글로리 수락산점,노원구,공예,1.0,0.001174047677597629
대중교통,STORE_01606,미술,940.0691907048016,미니안스튜디오,노원구,사진관,1.0,0.0010637514875370677
대중교통,STORE_01607,미술,1222.8004522758567,미래문구,노원구,공예,1.0,0.0008177949215988725
대중교통,STORE_01615,미술,1030.3704808692448,보람스튜디오,노원구,사진관,1.0,0.0009705246982195922
대중교통,STORE_01630,미술,1044.7945407132502,사진나라스튜디오,노원구,사진관,1.0,0.0009571259812645362
대중교통,STORE_01646,공연,11305.075424260991,서울시티발레단,노원구,공연,1.0,8.84558450493814e-05
대중교통,STORE_01648,관광지,16315.513765916714,서울온천(주식회사 청석모정),노원구,온천,1.0,6.129135829537963e-05
대중교통,STORE_01650,미술,1229.505442945863,소금사진관(소금스튜디오),노원구,사진관,1.0,0.00081333515499047
대중교통,STORE_01651,미술,926.908319638187,수락사진관,노원구,사진관,1.0,0.0010788553504302819
대중교통,STORE_01654,관광지,1088.8018867997096,수락휴 (노원구청),노원구,휴양림/캠핑장,1.0,0.0009184407302409046
대중교통,STORE_01655,미술,1063.4938928261615,수상한 사진관,노원구,사진관,1.0,0.0009402968900390854
대중교통,STORE_01656,관광지,12363.24025875547,숲노리누리협동조합,노원구,체험관광,1.0,8.088494432451188e-05
대중교통,STORE_01657,미술,913.1287217039746,스노우 스톤 스튜디오 (snow stone),노원구,사진관,1.0,0.0010951358513112109
대중교통,STORE_01659,미술,1074.019213737559,스튜디오네모스토리,노원구,사진관,1.0,0.0009310820395102857
대중교통,STORE_01668,미술,24.662457387259725,알파 마들역점,노원구,공예,1.0,0.04054745982112009
대중교통,STORE_01669,미술,1221.5150394297054,알파 상계점(알파문구쎈타),노원구,공예,1.0,0.000818655495610496
대중교통,STORE_01671,미술,1079.3446508712516,알파문구 중계점,노원구,공예,1.0,0.0009264881233189007
대중교통,STORE_01672,미술,1212.9256394844458,알파문구 하계점,노원구,공예,1.0,0.0008244528497435755
대중교통,STORE_01673,공연,7895.950384526154,어드벤쳐프로젝트,노원구,공연,1.0,0.00012664719904518642
대중교통,STORE_01683,미술,976.4859592954391,오색사진관,노원구,사진관,1.0,0.0010240802650368132
대중교통,STORE_01684,미술,1138.4955830559466,오진관,노원구,사진관,1.0,0.0008783521121055234
대중교통,STORE_01690,미술,900.3641647907956,우리가족사진관,노원구,사진관,1.0,0.001110661706791002
대중교통,STORE_01693,미술,1192.774866586359,우진스튜디오(우진현상소),노원구,사진관,1.0,0.0008383811798968672
대중교통,STORE_01696,미술,981.5379792644899,원스캔들,노원구,공예,1.0,0.0010188092780162663
대중교통,STORE_01709,미술,963.6429533333086,인덕문고,노원구,공예,1.0,0.001037728752688877
대중교통,STORE_01715,미술,729.3037771491616,정 스튜디오(정칼라),노원구,사진관,1.0,0.0013711707402764128
대중교통,STORE_01716,미술,1206.8103485783063,제이나,노원구,공예,1.0,0.0008286306138972531
대중교통,STORE_01717,미술,1174.3069511329393,좋아요좋아요사진관,노원구,사진관,1.0,0.0008515661080224615
대중교통,STORE_01723,미술,1011.7535664155376,준주얼리,노원구,공예,1.0,0.0009883829750586613
대중교통,STORE_01732,미술,1119.9682876113832,참좋은 사진만들기,노원구,사진관,1.0,0.000892882424495031
대중교통,STORE_01741,관광지,17260.614394019813,키즈런스포츠파크(주식회사 프롤릭),노원구,테마파크,1.0,5.793536528725561e-05
대중교통,STORE_01744,관광지,10499.429069385853,태릉,노원구,관광명소,1.0,9.524327402866044e-05
대중교통,STORE_01748,미술,1042.2003241637128,팬시랜드 상계점,노원구,공예,1.0,0.0009595084330859565
대중교통,STORE_01750,미술,967.1077141646513,프라임3스튜디오,노원구,사진관,1.0,0.0010340109848712765
대중교통,STORE_01758,미술,1219.0825141230875,한스튜디오,노원구,사진관,1.0,0.000820289019336252
대중교통,STORE_01759,미술,741.5129546972308,한양사진관,노원구,사진관,1.0,0.0013485941056934235
대중교통,STORE_01779,공연,9071.899357239254,고집센아이컴퍼니,도봉구,공연,1.0,0.0001102304997687186
대중교통,STORE_01780,미술,996.078993165016,굿데이포토,도봉구,사진관,1.0,0.0010039364416495977
대중교통,STORE_01790,미술,996.078993165016,도봉스튜디오,도봉구,사진관,1.0,0.0010039364416495977
대중교통,STORE_01839,미술,994.0633828050201,알파문구 도봉구청점,도봉구,공예,1.0,0.0010059720710949318
대중교통,STORE_01896,관광지,12948.034328630143,헬로애니멀,도봉구,동·식물원,1.0,7.723180018057587e-05
대중교통,STORE_01785,미술,1056.5790341403278,대양포토스튜디오(대양스튜디오),도봉구,사진관,1.0,0.0009464507317369186
대중교통,STORE_01797,미술,1104.7483699880609,둘리뮤지엄(도봉구청),도봉구,전시,1.0,0.0009051835034712992
대중교통,STORE_01798,미술,1237.7916848805744,드림디포 창동역점(예일문구),도봉구,공예,1.0,0.0008078903843149364
대중교통,STORE_01806,미술,753.8788407543524,모닝글로리 신창점,도봉구,공예,1.0,0.0013264730961269212
대중교통,STORE_01809,미술,1113.7029044315364,미키랜드,도봉구,공예,1.0,0.0008979055329934931
대중교통,STORE_01814,미술,1039.2803678345044,방학사진관,도봉구,사진관,1.0,0.0009622042626318912
대중교통,STORE_01837,미술,925.4862366801794,알파 덕성여대점,도봉구,공예,1.0,0.0010805130971878194
대중교통,STORE_01869,미술,893.4530143715651,착한사진관,도봉구,사진관,1.0,0.0011192530372773745
대중교통,STORE_01838,미술,1234.785073590692,알파 창동점,도봉구,공예,1.0,0.0008098575382775328
대중교통,STORE_01840,미술,1243.0732326390778,알파문구 쌍문점,도봉구,공예,1.0,0.0008044578338131964
대중교통,STORE_01855,미술,1098.4638901680082,윤우스튜디오,도봉구,사진관,1.0,0.0009103621966554146
대중교통,STORE_01858,미술,933.8213491998357,자연스튜디오(자연사진관),도봉구,사진관,1.0,0.001070868641905511
대중교통,STORE_01863,미술,1248.7855217347644,제니바 스튜디오,도봉구,사진관,1.0,0.0008007780220024002
대중교통,STORE_01866,미술,876.2232392090683,제일문구드림,도봉구,공예,1.0,0.0011412616731127333
대중교통,STORE_01868,미술,1042.4294306237648,지니스튜디오,도봉구,사진관,1.0,0.0009592975511077272
대중교통,STORE_01870,미술,1283.10134590058,참스튜디오 쌍문점,도봉구,사진관,1.0,0.0007793616639830757
대중교통,STORE_01872,미술,571.656619257225,창동스튜디오,도봉구,사진관,1.0,0.0017493018821322104
대중교통,STORE_01879,미술,1142.0267490990261,추억저장소,도봉구,사진관,1.0,0.0008756362325041207
대중교통,STORE_01883,미술,1094.3528574167506,클린트스튜디오,도봉구,사진관,1.0,0.0009137820523085461
대중교통,STORE_01884,관광지,13584.373484853091,키즈팡팡 쌍문점,도봉구,테마파크,1.0,7.361399486807577e-05
대중교통,STORE_01888,미술,1171.8118397234944,패밀리포토 도봉점,도봉구,사진관,1.0,0.000853379327722072
대중교통,STORE_01889,미술,1088.2588579871701,포토렛스튜디오,도봉구,사진관,1.0,0.0009188990217360485
대중교통,STORE_01901,공연,5512.282880572271,(주)더크리에이터스,동대문구,공연,1.0,0.0001814130409606596
대중교통,STORE_01916,미술,1045.3204107471292,국일 사진관,동대문구,사진관,1.0,0.0009566444792609215
대중교통,STORE_01917,미술,923.6553922196321,그린애플스튜디오(Global in Focus),동대문구,사진관,1.0,0.0010826548607017867
대중교통,STORE_01918,미술,618.7484400852514,그림사진관(이엘그라피),동대문구,사진관,1.0,0.0016161656906354697
대중교통,STORE_01920,미술,969.1200622233105,까치사진관,동대문구,사진관,1.0,0.0010318638928037938
대중교통,STORE_01927,공연,7272.004786149387,동대문구 아르코((재) 동대문 문화재단),동대문구,공연,1.0,0.0001375136608689599
대중교통,STORE_01931,공연,3685.33435922765,동대문문화재단,동대문구,공연,1.0,0.00027134580000756674
대중교통,STORE_01933,미술,795.6824258954397,동아스튜디오,동대문구,사진관,1.0,0.0012567828161777316
대중교통,STORE_01935,미술,920.9775452796204,드림디포 경희대점,동대문구,공예,1.0,0.0010858028028211996
대중교통,STORE_01943,미술,734.8573376997987,모닝글로리 경희대점,동대문구,공예,1.0,0.0013608083483661376
대중교통,STORE_01984,미술,700.6310605470538,알파 경희대점,동대문구,공예,1.0,0.001427284709900241
대중교통,STORE_01936,미술,831.3731864259397,드림디포 장안점(우성문구),동대문구,공예,1.0,0.0012028292664801763
대중교통,STORE_01940,미술,875.1165326325278,루케필름스튜디오,동대문구,사진관,1.0,0.0011427049572378634
대중교통,STORE_01942,미술,661.5273613993427,마리네스튜디오,동대문구,사진관,1.0,0.0015116532714303443
대중교통,STORE_01946,미술,664.6167427852253,미르 스튜디오(소공스튜디오),동대문구,사진관,1.0,0.0015046265548611913
대중교통,STORE_01956,미술,842.0808726353455,삼육스튜디오,동대문구,사진관,1.0,0.0011875343954440346
대중교통,STORE_01966,미술,635.5971274579967,서울한방진흥센터 서울약령시한의약박물관(동대문구청),동대문구,전시,1.0,0.0015733236617972047
대중교통,STORE_01967,미술,953.0462692497896,석탑스튜디오,동대문구,사진관,1.0,0.0010492670002130863
대중교통,STORE_01971,미술,784.8774093963098,숲과나무,동대문구,사진관,1.0,0.0012740843194469723
대중교통,STORE_01975,미술,952.240352859849,스튜디오 사계,동대문구,사진관,1.0,0.001050155033859587
대중교통,STORE_01980,미술,1032.8801842376386,신영사진관,동대문구,사진관,1.0,0.0009681665068810404
대중교통,STORE_01981,미술,905.2560764292048,쌩쌩포토,동대문구,사진관,1.0,0.0011046598040462914
대중교통,STORE_02032,미술,890.7717660413367,한국서예명가,동대문구,공예,1.0,0.0011226220207271303
대중교통,STORE_01983,미술,787.9912689050365,아지포토,동대문구,사진관,1.0,0.0012690495941529443
대중교통,STORE_01985,미술,767.4712815145795,알파문구 장안점,동대문구,공예,1.0,0.0013029803512993121
대중교통,STORE_01992,관광지,14815.84595223083,영휘원,동대문구,관광명소,1.0,6.7495302207123e-05
대중교통,STORE_01995,미술,933.3840074864947,우신(신화),동대문구,사진관,1.0,0.001071370402727271
대중교통,STORE_01996,미술,712.8083548512259,우정사진관,동대문구,사진관,1.0,0.0014029016259338254
대중교통,STORE_02003,미술,753.955775048941,이화스튜디오,동대문구,사진관,1.0,0.0013263377416733598
대중교통,STORE_02004,미술,757.3630536824041,인영문구,동대문구,공예,1.0,0.0013203707193503319
대중교통,STORE_02025,미술,851.081967078945,포토모리,동대문구,사진관,1.0,0.0011749749597352727
대중교통,STORE_02027,미술,825.3333283867667,필로그스튜디오(스튜디오엘디와이),동대문구,사진관,1.0,0.0012116316712359656
대중교통,STORE_02039,미술,826.5321832430936,홍조아트스튜디오(앱베이비),동대문구,사진관,1.0,0.0012098742435851253
대중교통,STORE_02041,미술,0.1267430834313044,휘경사진관,동대문구,사진관,1.0,7.889976895993751
대중교통,STORE_02054,미술,599.7984779314044,YOON STUDIO (윤스튜디오),동작구,사진관,1.0,0.0016672266382682694
대중교통,STORE_02112,미술,779.6442294398361,스코피노량진점,동작구,사진관,1.0,0.0012826363131277026
대중교통,STORE_02055,관광지,10058.991415757979,gocamp(주식회사 고캠프),동작구,휴양림/캠핑장,1.0,9.941354542100946e-05
대중교통,STORE_02056,미술,650.8650899122185,경상도사진관,동작구,사진관,1.0,0.0015364167098512978
대중교통,STORE_02063,미술,922.9906117477136,늘봄사진관,동작구,사진관,1.0,0.001083434638740763
대중교통,STORE_02072,미술,782.41903171215,동작구청사진관 윤스튜디오,동작구,사진관,1.0,0.001278087520202215
대중교통,STORE_02065,미술,376.5825850788774,대도문구,동작구,공예,1.0,0.0026554600229071776
대중교통,STORE_02076,미술,668.6640134540495,드림디포 사당점 ,동작구,공예,1.0,0.0014955193937152412
대중교통,STORE_02085,미술,770.4614252111784,모닝글로리 노량진점,동작구,공예,1.0,0.0012979235134658515
대중교통,STORE_02086,미술,954.0034063814733,모닝글로리 상도점,동작구,공예,1.0,0.0010482142865642287
대중교통,STORE_02087,미술,962.2703034217892,문화사진관,동작구,사진관,1.0,0.0010392090418295625
대중교통,STORE_02088,미술,745.2491074156576,미오웍스(미오컴퍼니),동작구,공예,1.0,0.001341833207244966
대중교통,STORE_02098,미술,579.957622158741,사진관 나무,동작구,사진관,1.0,0.001724263914797362
대중교통,STORE_02115,미술,580.8471598282846,스튜디오그린,동작구,사진관,1.0,0.001721623292942724
대중교통,STORE_02099,미술,274.3731109278223,사진사랑,동작구,사진관,1.0,0.0036446720184000244
대중교통,STORE_02100,미술,775.7604339239982,삼성사진관,동작구,사진관,1.0,0.0012890577506534326
대중교통,STORE_02108,미술,625.7114935229952,성대칼라,동작구,사진관,1.0,0.0015981806477129218
대중교통,STORE_02114,미술,910.2963646817345,스튜디오 핫셀,동작구,사진관,1.0,0.001098543330280824
대중교통,STORE_02119,미술,708.0957489331545,쎄븐스튜디오(쎄븐사진관),동작구,사진관,1.0,0.0014122383893797417
대중교통,STORE_02122,미술,729.7057945567816,알파 숭실대역점,동작구,공예,1.0,0.0013704153200638804
대중교통,STORE_02123,미술,574.072057038113,알파문구 흑석점,동작구,공예,1.0,0.0017419416042638168
대중교통,STORE_02128,미술,1172.6456367428993,여명사진관,동작구,사진관,1.0,0.0008527725415647015
대중교통,STORE_02131,미술,923.65335859616,예술표구화랑,동작구,공예,1.0,0.0010826572444015982
대중교통,STORE_02137,미술,687.7241301719113,우리동네사진관 노량진역점,동작구,사진관,1.0,0.001454071416325073
대중교통,STORE_02145,미술,470.09664376406965,제이포토(J포토),동작구,사진관,1.0,0.002127222164346862
대중교통,STORE_02148,공연,5333.54215116653,중력장,동작구,공연,1.0,0.000187492659035475
대중교통,STORE_02153,관광지,14092.211671678015,타요키즈카페 보라매점,동작구,테마파크,1.0,7.096118219752274e-05
대중교통,STORE_02161,공연,5005.940983340689,한울이엔티,동작구,공연,1.0,0.00019976264269353313
대중교통,STORE_02162,미술,883.5194750738204,해그림사진관,동작구,사진관,1.0,0.0011318369636577025
대중교통,STORE_02163,미술,654.0460472258843,현대 사진관,동작구,사진관,1.0,0.0015289443369338727
대중교통,STORE_02173,미술,463.40629723165813,(주)시월이앤씨,마포구,전시,1.0,0.0021579335584645653
대중교통,STORE_02184,스포츠관람,141.1953130659951,FC서울 (서울월드컵경기장),마포구,스포츠관람,1.0,0.00708238806434458
대중교통,STORE_02374,관광지,282.3906261319902,풋볼팬타지움㈜올리브크리에이티브,마포구,관광명소,1.0,0.00354119403217229
대중교통,STORE_04343,스포츠관람,141.1953130659951,GS칼텍스 서울 KIXX,중구,스포츠관람,1.0,0.00708238806434458
대중교통,STORE_02187,공연,2979.694782546353,KT&G 상상마당 홍대(컴퍼니에스에스(주)),마포구,공연,1.0,0.00033560484310592094
대중교통,STORE_02191,미술,576.5233871937946,MAINSTREAM STUDIO,마포구,사진관,1.0,0.0017345350114371968
대중교통,STORE_02207,공연,1664.8741764231283,극단 스케치,마포구,공연,1.0,0.0006006459912474789
대중교통,STORE_02299,미술,516.9057510084275,스튜디오홍대,마포구,사진관,1.0,0.0019345886518946783
대중교통,STORE_02317,공연,1504.5670377738516,에스제이비보이즈(주),마포구,공연,1.0,0.0006646430334401012
대중교통,STORE_02197,공연,1011.2162139170294,㈜혜윤에듀,마포구,공연,1.0,0.0009889081941501091
대중교통,STORE_02204,미술,379.43574454015055,국제핸드메이드페어(사단법인 일상예술창작센터),마포구,전시,1.0,0.0026354923445916505
대중교통,STORE_02206,미술,491.8242081712992,귀빈칼라,마포구,사진관,1.0,0.002033246805231894
대중교통,STORE_02208,공연,2400.245163833317,극단 지우,마포구,공연,1.0,0.0004166241078486115
대중교통,STORE_02313,미술,536.522455126726,알파문구 합정점(문구센터알파),마포구,공예,1.0,0.0018638548870499767
대중교통,STORE_02348,공연,2404.027512620476,주식회사 브라더후드,마포구,공연,1.0,0.00041596861714363834
대중교통,STORE_02377,공연,1929.323751580046,한국마술문화협회,마포구,공연,1.0,0.0005183163267341919
대중교통,STORE_04311,공연,2404.027512620476,후암씨어터 (주식회사 이엘엔터테인먼트),종로구,공연,1.0,0.00041596861714363834
대중교통,STORE_02209,미술,440.86165357135025,근현대디자인박물관,마포구,전시,1.0,0.002268285281559779
대중교통,STORE_02384,미술,315.86367140912773,현대화방,마포구,공예,1.0,0.0031659228031473527
대중교통,STORE_02217,미술,359.0504279329964,당인리소품점,마포구,공예,1.0,0.0027851241001350746
대중교통,STORE_02361,미술,359.0504279329964,칼의노래,마포구,공예,1.0,0.0027851241001350746
대중교통,STORE_02219,미술,594.1039180747201,도안사진,마포구,사진관,1.0,0.0016832072127055567
대중교통,STORE_02223,미술,658.0741551491371,드림디포 상암점,마포구,공예,1.0,0.0015195855849609735
대중교통,STORE_02224,공연,3306.221162680513,디멘션 주식회사,마포구,공연,1.0,0.0003024601049946858
대중교통,STORE_02225,미술,1047.4333671719146,디지털포토샵,마포구,사진관,1.0,0.0009547146685807944
대중교통,STORE_02231,미술,365.4061038862251,리미에르 스튜디오,마포구,사진관,1.0,0.0027366811593036926
대중교통,STORE_02239,미술,451.53469482126116,마포문화원,마포구,전시,1.0,0.0022146692412990487
대중교통,STORE_02242,공연,1467.8136293544503,마포아트센터(재단법인 마포문화재단),마포구,공연,1.0,0.0006812854029975206
대중교통,STORE_02257,미술,461.9294459637907,명동사진관,마포구,사진관,1.0,0.002164832765561317
대중교통,STORE_02258,미술,575.2289605659187,명성스튜디오,마포구,사진관,1.0,0.001738438202096406
대중교통,STORE_02259,미술,655.5550156366572,모닝글로리 마포중앙도서관점(색연필플러스),마포구,공예,1.0,0.0015254249851613555
대중교통,STORE_02260,미술,493.3243472238537,모델로스튜디오,마포구,사진관,1.0,0.002027063950172794
대중교통,STORE_02370,미술,279.6018545151065,포토바이홍대점,마포구,사진관,1.0,0.0035765141892003132
대중교통,STORE_02263,미술,524.6180520736699,몽스튜디오,마포구,사진관,1.0,0.0019061486657717494
대중교통,STORE_02267,미술,546.9738275388563,미디어 아트 갤러리 언더독 뮤지엄(주식회사 아이엠웰),마포구,전시,1.0,0.0018282410412570633
대중교통,STORE_02268,미술,505.3199708427755,바라봄,마포구,사진관,1.0,0.0019789441496487746
대중교통,STORE_02270,미술,425.45493314529523,백승휴 스튜디오,마포구,사진관,1.0,0.0023504252086283704
대중교통,STORE_02273,미술,437.441106597471,베이비로엘스튜디오(주식회사 베이비로엘),마포구,사진관,1.0,0.002286022015119375
대중교통,STORE_02276,미술,522.728575649018,별사진관 홍대상수점,마포구,사진관,1.0,0.0019130387099239856
대중교통,STORE_02280,미술,399.58421854624237,사진과좋은사람들,마포구,사진관,1.0,0.002502601338056282
대중교통,STORE_02295,미술,519.4279730146368,수상한사진관홍대점,마포구,사진관,1.0,0.001925194737195683
대중교통,STORE_02351,미술,488.31515935282704,주식회사 호미화방,마포구,공예,1.0,0.0020478577837422006
대중교통,STORE_02306,미술,544.2099345684657,썬스튜디오,마포구,사진관,1.0,0.0018375261759838244
대중교통,STORE_02363,공연,3263.324448645814,콘서트홀 나누,마포구,공연,1.0,0.00030643597219239763
대중교통,STORE_02311,미술,576.3014318398738,알파 마포구청점,마포구,공예,1.0,0.0017352030460994093
대중교통,STORE_02312,미술,548.3207353736251,알파문구 신촌점,마포구,공예,1.0,0.0018237501073502193
대중교통,STORE_02314,미술,512.4658226585638,알파문구 홍대역점(신알파프라자),마포구,공예,1.0,0.0019513496428156176
대중교통,STORE_02326,미술,24.503070938234252,오빠네사진관,마포구,사진관,1.0,0.040811211073123646
대중교통,STORE_02333,공연,2351.6540411305505,윤형빈소극장,마포구,공연,1.0,0.0004252326160693488
대중교통,STORE_02334,공연,2145.6756692120152,이날프로덕션스,마포구,공연,1.0,0.0004660536605549725
대중교통,STORE_02336,미술,538.6954784397855,이엘스튜디오,마포구,사진관,1.0,0.0018563363533257843
대중교통,STORE_02337,미술,517.3775070055995,이후사진관,마포구,사진관,1.0,0.0019328246521338958
대중교통,STORE_02339,미술,664.6681580232658,인사갤러리,마포구,전시,1.0,0.001504510164852814
대중교통,STORE_02344,미술,195.23229190181408,제일 스튜디오,마포구,사진관,1.0,0.005122103470991973
대중교통,STORE_02346,미술,707.5851753453942,조은칼라,마포구,사진관,1.0,0.0014132574209343336
대중교통,STORE_02350,공연,4091.7923960939656,주식회사 좋은콘서트,마포구,공연,1.0,0.00024439167562719026
대중교통,STORE_02360,미술,395.8965683635653,카프카스튜디오,마포구,사진관,1.0,0.0025259122708072225
대중교통,STORE_02369,미술,438.2458519972102,파라다이스베이,마포구,사진관,1.0,0.0022818242213650565
대중교통,STORE_02376,미술,352.59229591447735,한가람문구센터 홍대점((주)한가람문구),마포구,공예,1.0,0.0028361368401610054
대중교통,STORE_02378,공연,2431.0886835632923,한국파룬따파학회,마포구,공연,1.0,0.0004113383467913154
대중교통,STORE_02380,공연,2604.3964228693403,할리퀸크리에이션즈(주),마포구,공연,1.0,0.0003839661240581303
대중교통,STORE_02397,공연,2574.4718547054977,㈜쇼플러스엔터테인먼트,서대문구,공연,1.0,0.0003884291833186086
대중교통,STORE_02414,미술,711.7332303704679,맥스튜디오,서대문구,사진관,1.0,0.0014050208102261643
대중교통,STORE_02417,미술,848.374883282602,명지사진실(명지사진관),서대문구,사진관,1.0,0.0011787241934022347
대중교통,STORE_02419,미술,813.6513941023242,모닝글로리 명지대점,서대문구,공예,1.0,0.0012290275752593878
대중교통,STORE_02420,공연,2035.9509779294708,모두예술극장(한국장애인문화예술원)(주)컬처닷컴),서대문구,공연,1.0,0.0004911709617964298
대중교통,STORE_02425,미술,442.55894730717836,미스터포토 이대점,서대문구,사진관,1.0,0.0022595859965879395
대중교통,STORE_02433,미술,708.1532003147263,베이비짱 셀프스튜디오,서대문구,사진관,1.0,0.001412123816648103
대중교통,STORE_02445,미술,508.792331195033,서대문자연사박물관,서대문구,전시,1.0,0.001965438428781417
대중교통,STORE_02447,미술,90.78586316636489,서대문형무소역사관,서대문구,전시,1.0,0.011014930795640532
대중교통,STORE_02456,미술,812.1229218629354,신도아트 ,서대문구,공예,1.0,0.0012313406912664057
대중교통,STORE_02460,공연,1728.3266927342186,아트 컴퍼니 노닐다,서대문구,공연,1.0,0.000578594315648737
대중교통,STORE_02466,미술,398.17009350790175,연희동사진관,서대문구,사진관,1.0,0.002511489477248132
대중교통,STORE_02477,미술,448.54679734907126,크레타 스튜디오 ,서대문구,사진관,1.0,0.002229421781428467
대중교통,STORE_02480,미술,741.1081238486232,플레이스막,서대문구,전시,1.0,0.001349330776198936
대중교통,STORE_02487,미술,822.0357450686628,한양사진관,서대문구,사진관,1.0,0.0012164921124159537
대중교통,STORE_02488,미술,559.4542100787086,한양스튜디오,서대문구,사진관,1.0,0.0017874563851424264
대중교통,STORE_02490,미술,777.4754483071882,현대포토홍제점,서대문구,사진관,1.0,0.0012862142491795962
대중교통,STORE_02491,미술,884.1969214045299,현스튜디오,서대문구,사진관,1.0,0.0011309697826266112
대중교통,STORE_02502,미술,393.0997849219756,(재)한원미술관,서초구,전시,1.0,0.0025438833557196805
대중교통,STORE_02504,공연,2093.170124800825,(주)가톨릭다이제스트,서초구,공연,1.0,0.00047774425411080943
대중교통,STORE_02512,미술,497.83602013658555,(주)문구드림,서초구,공예,1.0,0.002008693544765285
대중교통,STORE_02514,공연,1717.8646231100195,(주)신시컴퍼니,서초구,공연,1.0,0.0005821180473404252
대중교통,STORE_02515,공연,1996.5031742800236,(주)컬처닷컴,서초구,공연,1.0,0.0005008757375808424
대중교통,STORE_02526,미술,471.6757101568017,강남역에뜬별스튜디오,서초구,사진관,1.0,0.0021201006930536333
대중교통,STORE_02531,공연,2067.9794586680346,국립국악원,서초구,공연,1.0,0.00048356379741029454
대중교통,STORE_02650,미술,409.3881506290064,전통공연예술진흥재단,서초구,전시,1.0,0.0024426696240805825
대중교통,STORE_02532,공연,2166.964250957842,그랜드필하모닉오케스트라,서초구,공연,1.0,0.00046147507950718603
대중교통,STORE_02533,공연,1679.1412076505435,극단제이엠,서초구,공연,1.0,0.0005955425281946366
대중교통,STORE_02536,미술,332.11267026252875,꿈스튜디오,서초구,사진관,1.0,0.003011026345997336
대중교통,STORE_02539,공연,1845.9056857020234,노블아트오페라단,서초구,공연,1.0,0.0005417394874211496
대중교통,STORE_02585,공연,1872.733035511937,사단법인 뉴서울오페라단,서초구,공연,1.0,0.0005339789393562102
대중교통,STORE_02547,미술,291.2663369155052,더노을,서초구,사진관,1.0,0.0034332838136735817
대중교통,STORE_02558,공연,1484.240366884578,라이네하우스(라이네프로덕션),서초구,공연,1.0,0.0006737453193642759
대중교통,STORE_02561,미술,385.20649562511545,루야스튜디오,서초구,사진관,1.0,0.0025960102214195374
대중교통,STORE_02569,미술,501.6137094780383,명광사진관,서초구,사진관,1.0,0.0019935659275352843
대중교통,STORE_02612,미술,419.39736033005613,스튜디오 로이클라우드,서초구,사진관,1.0,0.0023843736145907615
대중교통,STORE_02576,미술,454.64413314405584,반포스튜디오,서초구,사진관,1.0,0.0021995224992448015
대중교통,STORE_02577,공연,1389.9744463372072,반포심산아트홀((재)서초문화재단),서초구,공연,1.0,0.0007194376865237712
대중교통,STORE_02583,미술,470.40311238915945,빛담사진관 양재점,서초구,사진관,1.0,0.002125836274596565
대중교통,STORE_02584,공연,713.4778420760749,사단법인 그라시아스합창단,서초구,공연,1.0,0.001401585222450923
대중교통,STORE_02587,공연,1619.5163578105232,사단법인 서울오케스트라,서초구,공연,1.0,0.0006174682924178256
대중교통,STORE_02601,미술,425.22699773697286,서초사진관,서초구,사진관,1.0,0.0023516851124738723
대중교통,STORE_02609,미술,354.92186348778034,소울케이브크리에이티브,서초구,사진관,1.0,0.002817521552978179
대중교통,STORE_02611,미술,489.7314870475012,스코피(반포점),서초구,사진관,1.0,0.002041935277694337
대중교통,STORE_02613,공연,599.6897672833597,쏠라이트 뮤지컬선교단,서초구,공연,1.0,0.0016675288700190368
대중교통,STORE_02615,미술,383.02484057520525,아크로 스튜디오,서초구,사진관,1.0,0.0026107967266516085
대중교통,STORE_02616,미술,377.2048308486629,아틀리에 루미에르,서초구,사진관,1.0,0.002651079514941861
대중교통,STORE_02619,미술,437.14099677821764,알파문구 교대점,서초구,공예,1.0,0.002287591434731864
대중교통,STORE_02620,미술,542.7343843764402,알파문구 내방역점,서초구,공예,1.0,0.0018425219200897372
대중교통,STORE_02621,미술,328.52667068978,알파문구 반포점,서초구,공예,1.0,0.0030438928988638383
대중교통,STORE_02622,미술,604.7943383937137,알파문구 사당역점(조양전산문구센터),서초구,공예,1.0,0.0016534546316288633
대중교통,STORE_02623,미술,385.44375654549,알파문구 우면점,서초구,공예,1.0,0.002594412240484638
대중교통,STORE_02631,공연,1858.1609557042543,예술의전당,서초구,공연,1.0,0.0005381665118568773
대중교통,STORE_02635,미술,286.0684277560075,우리동네 사진관,서초구,사진관,1.0,0.003495667130568203
대중교통,STORE_02640,공연,3115.9235287327115,유중아트센터,서초구,공연,1.0,0.00032093213802545197
대중교통,STORE_02645,미술,513.5333480661851,자연칼라스튜디오,서초구,사진관,1.0,0.001947293206499061
대중교통,STORE_02651,미술,464.652898356689,조이어스탁 스튜디오,서초구,사진관,1.0,0.0021521441134589757
대중교통,STORE_02654,미술,375.1970323020453,주식회사 스튜디오에스,서초구,사진관,1.0,0.0026652662838627383
대중교통,STORE_02655,공연,1513.262844050465,주식회사 한국전시산업원 ,서초구,공연,1.0,0.0006608237319323566
대중교통,STORE_02656,미술,375.4962029463429,중앙사진관(레코드미),서초구,사진관,1.0,0.0026631427752224074
대중교통,STORE_02660,공연,1816.0777090010333,창작마을 스튜디오 ((주)창작마을),서초구,공연,1.0,0.0005506372304685509
대중교통,STORE_02670,미술,511.92307706923276,포토제니 양재점,서초구,사진관,1.0,0.0019534184817863944
대중교통,STORE_02674,미술,320.9728050554934,한가람문구센터,서초구,공예,1.0,0.0031155287433996433
대중교통,STORE_02678,관광지,2743.5231003127556,헌릉,서초구,관광명소,1.0,0.0003644948350848594
대중교통,STORE_02679,미술,54.29642835692409,헤르만스튜디오,서초구,사진관,1.0,0.018417417687704614
대중교통,STORE_02682,미술,454.9719156175597,현칼라사진관,서초구,사진관,1.0,0.002197937863137425
대중교통,STORE_02692,미술,516.9098382210341,76스튜디오,성동구,사진관,1.0,0.0019345733550778217
대중교통,STORE_02698,미술,551.0087793347511,갤러리 아토아트,성동구,공예,1.0,0.001814853115783979
대중교통,STORE_02700,공연,2130.9497141836796,공연예술제작소 비상,성동구,공연,1.0,0.0004692743302875536
대중교통,STORE_02743,공연,2130.9497141836796,성수아트홀(성동문화재단),성동구,공연,1.0,0.0004692743302875536
대중교통,STORE_02719,미술,441.76408567362546,머체사진관,성동구,사진관,1.0,0.0022636516467271135
대중교통,STORE_02727,미술,647.9922204262487,배명문구사,성동구,공예,1.0,0.0015432284037950347
대중교통,STORE_02745,공연,4052.317720018542,소월아트홀(성동문화재단),성동구,공연,1.0,0.0002467723582136655
대중교통,STORE_02750,미술,381.8525721555691,신의손사진관 성동구점,성동구,사진관,1.0,0.0026188117428539775
대중교통,STORE_02752,미술,340.4481557390691,아뜰리에 아키,성동구,전시,1.0,0.0029373047941150653
대중교통,STORE_02754,미술,638.2737258140166,아리랑스튜디오,성동구,사진관,1.0,0.0015667259352163667
대중교통,STORE_02762,미술,481.05252748395316,오스카스튜디오,성동구,사진관,1.0,0.0020787750668940365
대중교통,STORE_02771,미술,716.1744255837813,위드베이비스튜디오(위드스튜디오),성동구,사진관,1.0,0.001396307888521517
대중교통,STORE_02776,미술,358.8336344281817,지누사진관,성동구,사진관,1.0,0.0027868067651839468
대중교통,STORE_02779,미술,448.23529754699865,천일사진관,성동구,사진관,1.0,0.002230971111540245
대중교통,STORE_02777,미술,446.22540967994775,진스튜디오,성동구,사진관,1.0,0.0022410198485049147
대중교통,STORE_02781,미술,555.553157883075,코닥대림스튜디오,성동구,사진관,1.0,0.0018000077684923645
대중교통,STORE_02795,미술,334.6443996623252,헬로우뮤지움,성동구,전시,1.0,0.0029882466313766363
대중교통,STORE_02797,공연,4535.122403398254,(주)댄스아트라인(공연),성북구,공연,1.0,0.0002205012149728706
대중교통,STORE_02799,미술,995.323941899556,(주)베이비수,성북구,사진관,1.0,0.0010046980263445887
대중교통,STORE_02816,미술,631.8370001755702,갑을문구,성북구,공예,1.0,0.0015826866734966888
대중교통,STORE_02818,미술,407.6198232767624,갤러리 반디,성북구,전시,1.0,0.0024532663597202635
대중교통,STORE_02905,미술,369.44431540008225,스튜디오작,성북구,사진관,1.0,0.0027067678627483286
대중교통,STORE_02821,미술,678.0113149544483,고려문구,성북구,공예,1.0,0.0014749016394618494
대중교통,STORE_02823,공연,4122.91176527281,공감M아트센터,성북구,공연,1.0,0.00024254702912222782
대중교통,STORE_02828,미술,802.0915594565769,그리다사진관,성북구,사진관,1.0,0.0012467404602505823
대중교통,STORE_02830,공연,2900.0208675108684,극단 진일보,성북구,공연,1.0,0.0003448251049511637
대중교통,STORE_02831,미술,1181.071395163596,금강스튜디오,성북구,사진관,1.0,0.0008466888658000942
대중교통,STORE_02832,미술,601.8733820118523,길음사진관,성북구,사진관,1.0,0.0016614790251354024
대중교통,STORE_02834,미술,695.3710322719479,김사진실,성북구,사진관,1.0,0.0014380811877261475
대중교통,STORE_02835,공연,6020.48436924878,꿈빛극장(성북문화재단),성북구,공연,1.0,0.0001660995924360779
대중교통,STORE_02840,미술,750.3250316799317,뉴페이스 스튜디오 성신여대점(뉴페이스스튜디오),성북구,사진관,1.0,0.0013327557495463817
대중교통,STORE_02908,미술,734.700396717074,시안사진관 성신여대점,성북구,사진관,1.0,0.0013610990336583285
대중교통,STORE_02842,공연,5506.206191451353,달다방프로젝트,성북구,공연,1.0,0.000181613249709491
대중교통,STORE_02849,미술,688.4568821502305,드림디포 성북점,성북구,공예,1.0,0.0014525237904176934
대중교통,STORE_02856,미술,556.208123411154,맑음스튜디오((주) 맑음기획),성북구,사진관,1.0,0.0017978881607609875
대중교통,STORE_02858,미술,980.1663410986599,모던스튜디오,성북구,사진관,1.0,0.0010202349928473454
대중교통,STORE_02861,미술,1251.5156862692008,문스튜디오,성북구,사진관,1.0,0.0007990311355833059
대중교통,STORE_02868,미술,395.7692231911069,보석십자수 정릉점,성북구,공예,1.0,0.002526725024085881
대중교통,STORE_02923,미술,363.96741417189526,영아트 정릉점(제일문구사),성북구,공예,1.0,0.0027474987074741753
대중교통,STORE_02885,미술,210.80970664897723,성북구립미술관(재단법인 성북문화재단),성북구,전시,1.0,0.004743614589175995
대중교통,STORE_03024,미술,270.7734181884389,간송미술관 (주식회사 간송씨앤디),송파구,전시,1.0,0.003693124704375788
대중교통,STORE_02898,미술,267.084709561791,수정사진관(수정포토스튜디오),성북구,사진관,1.0,0.003744130473214703
대중교통,STORE_02902,미술,546.1495744852207,스튜디오 얄라 (STUDIO YALLA),성북구,사진관,1.0,0.0018310002364142846
대중교통,STORE_02903,미술,1118.795898373728,스튜디오 창,성북구,사진관,1.0,0.0008938180783944518
대중교통,STORE_02904,미술,747.4995383603274,스튜디오 힘내,성북구,사진관,1.0,0.0013377934683324933
대중교통,STORE_02916,미술,764.4940869940696,알파문구 성북구청점,성북구,공예,1.0,0.001308054590627275
대중교통,STORE_02917,미술,642.5936208046314,알파문구 성신여대점,성북구,공예,1.0,0.00155619347535358
대중교통,STORE_02919,미술,630.1471357975453,엘리포토,성북구,사진관,1.0,0.0015869309613450052
대중교통,STORE_02981,미술,604.1096276726266,하늘샘도예공방,성북구,공예,1.0,0.0016553286923311715
대중교통,STORE_02921,미술,730.4462574087088,영사진방,성북구,사진관,1.0,0.001369026112266692
대중교통,STORE_02922,미술,1092.3727821260595,영상스튜디오,성북구,사진관,1.0,0.0009154384074397419
대중교통,STORE_02924,미술,729.5586608236484,예성문구,성북구,공예,1.0,0.0013706916985551675
대중교통,STORE_02929,미술,101.70038101176075,우리옛돌박물관(우리옛돌문화재단),성북구,전시,1.0,0.009832804853350145
대중교통,STORE_02939,미술,521.9916467880277,유리토리,성북구,공예,1.0,0.0019157394685399703
대중교통,STORE_02942,관광지,12436.394662675477,의릉,성북구,관광명소,1.0,8.040915611991902e-05
대중교통,STORE_02952,미술,666.4963134056005,재단법인 성북문화재단,성북구,전시,1.0,0.001500383392805721
대중교통,STORE_02953,관광지,5963.170768609648,정릉,성북구,관광명소,1.0,0.00016769601924936263
대중교통,STORE_02956,미술,346.1249032833978,정릉동 사진관,성북구,사진관,1.0,0.002889130456993517
대중교통,STORE_02971,미술,754.4018890574501,카메라아이,성북구,사진관,1.0,0.0013255534145724373
대중교통,STORE_02978,미술,810.4853936147952,포토5025,성북구,사진관,1.0,0.0012338285277911827
대중교통,STORE_02982,공연,3348.3936607092814,하이컴퍼니,성북구,공연,1.0,0.000298650666955382
대중교통,STORE_02983,미술,939.189066108569,학생문구점,성북구,공예,1.0,0.0010647483409739794
대중교통,STORE_02984,미술,246.27577170022317,한국가구박물관,성북구,전시,1.0,0.0040604887484313335
대중교통,STORE_02986,미술,261.90646726793864,한국서화관(구한국서예관),성북구,전시,1.0,0.0038181569566854883
대중교통,STORE_02988,미술,873.1761703177862,한빛 스튜디오,성북구,사진관,1.0,0.0011452442634068418
대중교통,STORE_02989,미술,849.0550482655967,한양표구화랑,성북구,공예,1.0,0.0011777799355209599
대중교통,STORE_02991,미술,953.4132474925693,한정희사진관,성북구,사진관,1.0,0.001048863126907405
대중교통,STORE_03002,미술,692.6267964072853,(재)가현문화재단,송파구,전시,1.0,0.0014437789660854676
대중교통,STORE_03003,미술,733.0896132240122,(주) 두드림멀티미디어,송파구,사진관,1.0,0.001364089712855374
대중교통,STORE_03004,관광지,21.90491793281734,(주)롯데월드 아쿠아리움,송파구,테마파크,1.0,0.04565184873401547
대중교통,STORE_03006,공연,8693.096887885087,(주)쿠폰스퀘어,송파구,공연,1.0,0.0001150338035911718
대중교통,STORE_03007,미술,522.4095070466433,ALLTHAT STUDIO (올댓스튜디오),송파구,사진관,1.0,0.0019142071239348925
대중교통,STORE_03012,스포츠관람,5330.228478672577,LG트윈스 어센틱샵(LG트윈스 공식응원용품점)((주)케이엔코리아),송파구,스포츠관람,1.0,0.0001876092186294117
대중교통,STORE_03013,스포츠관람,5330.228478672577,LG트윈스(서울 잠실야구장),송파구,스포츠관람,1.0,0.0001876092186294117
대중교통,STORE_03019,스포츠관람,5330.228478672577,SK나이츠 SHOP(㈜조이포스플러스),송파구,스포츠관람,1.0,0.0001876092186294117
대중교통,STORE_03045,스포츠관람,5330.228478672577,두산베어스(서울 잠실야구장),송파구,스포츠관람,1.0,0.0001876092186294117
대중교통,STORE_03095,스포츠관람,5330.228478672577,삼성썬더스 SHOP(㈜조이포스플러스),송파구,스포츠관람,1.0,0.0001876092186294117
대중교통,STORE_03113,스포츠관람,5330.228478672577,서울 SK 나이츠,송파구,스포츠관람,1.0,0.0001876092186294117
대중교통,STORE_03114,스포츠관람,5330.228478672577,서울 삼성 썬더스,송파구,스포츠관람,1.0,0.0001876092186294117
대중교통,STORE_03117,스포츠관람,5330.228478672577,서울이랜드FC 레울마켓((주)코어커뮤니케이션),송파구,스포츠관람,1.0,0.0001876092186294117
대중교통,STORE_03023,미술,106.9063580308597,가문스튜디오,송파구,사진관,1.0,0.009353980609004928
대중교통,STORE_03025,미술,849.1446264012698,강동화방,송파구,공예,1.0,0.0011776556889231758
대중교통,STORE_03028,미술,876.0823285808422,고도액자,송파구,공예,1.0,0.0011414452356548397
대중교통,STORE_03185,미술,870.5578840217177,잠실화방,송파구,공예,1.0,0.0011486886953229328
대중교통,STORE_03033,미술,651.1945891156702,그리운사진관,송파구,사진관,1.0,0.0015356392954032551
대중교통,STORE_03034,공연,9299.564204495022,극단국가대표,송파구,공연,1.0,0.0001075319206373823
대중교통,STORE_03044,스포츠관람,57.49078791540346,두산 베어스(㈜위팬),송파구,스포츠관람,1.0,0.01739409105805751
대중교통,STORE_03046,미술,690.8005673830636,듀크사진,송파구,사진관,1.0,0.0014475958000270124
대중교통,STORE_03047,미술,785.3126214595088,드림디포 거여점,송파구,공예,1.0,0.0012733782352071373
대중교통,STORE_03048,미술,674.77325926795,드림디포 마천점,송파구,공예,1.0,0.001481979296400813
대중교통,STORE_03112,미술,625.7563482929343,서보사진관(서보아이앤씨),송파구,사진관,1.0,0.0015980660887068966
대중교통,STORE_03049,미술,722.0508478703177,드림디포 송파역점,송파구,공예,1.0,0.00138494401460713
대중교통,STORE_03050,미술,721.8263794054299,드림디포 송파잠실점,송파구,공예,1.0,0.0013853746947066446
대중교통,STORE_03090,미술,689.9085401345452,부라더 스튜디오 ,송파구,사진관,1.0,0.001449467490002343
대중교통,STORE_03051,미술,833.1863895680708,드림디포 송파점,송파구,공예,1.0,0.0012002116363403468
대중교통,STORE_03052,미술,784.8114262325507,드림디포 오금점(한울(드림디포)),송파구,공예,1.0,0.00127419143831844
대중교통,STORE_03109,미술,708.8029722003323,새라컴,송파구,공예,1.0,0.0014108292984377686
대중교통,STORE_03194,미술,722.0746718772715,찬란한사진관,송파구,사진관,1.0,0.0013848983200036222
대중교통,STORE_03060,관광지,11413.626431607987,롯데월드어드밴쳐,송파구,테마파크,1.0,8.7614572457942e-05
대중교통,STORE_03062,공연,7151.6243683436,롯데콘서트홀(롯데문화재단),송파구,공연,1.0,0.00013982837303738477
대중교통,STORE_03116,관광지,12306.891323749302,서울스카이(롯데월드 전망대),송파구,관광명소,1.0,8.125528808970984e-05
대중교통,STORE_03064,미술,802.0117960512513,마음빚다(마음빚다 공예연구소),송파구,공예,1.0,0.0012468644537693267
대중교통,STORE_03074,미술,723.9055654218113,모아나스튜디오,송파구,사진관,1.0,0.0013813956512646946
대중교통,STORE_03075,미술,758.6922811581184,문구라이프월드유통,송파구,공예,1.0,0.0013180574322880067
대중교통,STORE_03086,미술,848.73235845972,백제스튜디오,송파구,사진관,1.0,0.0011782277298992118
대중교통,STORE_03098,미술,616.2809508295098,삼전문구,송파구,공예,1.0,0.0016226365566776111
대중교통,STORE_03119,미술,558.1716591609986,소마미술관,송파구,전시,1.0,0.0017915635514406524
대중교통,STORE_03126,미술,605.7863373854826,수도스튜디오(수도사진관),송파구,사진관,1.0,0.001650747034533507
대중교통,STORE_03127,미술,766.7327264177029,수정사진관,송파구,사진관,1.0,0.0013042354467796865
대중교통,STORE_03131,미술,686.6243058582114,스튜디오 문정,송파구,사진관,1.0,0.0014564005256850038
대중교통,STORE_03132,미술,762.1800702174206,스튜디오 준,송파구,사진관,1.0,0.0013120259097233263
대중교통,STORE_03133,미술,847.4951567373809,스튜디오창,송파구,사진관,1.0,0.0011799477460729335
대중교통,STORE_03139,미술,445.5514460565647,아이비스문구센터,송파구,공예,1.0,0.0022444097283280855
대중교통,STORE_03146,미술,715.689828329844,알파 문정법조단지점,송파구,공예,1.0,0.0013972533357552825
대중교통,STORE_03159,미술,669.7977943100184,오늘을남기다,송파구,사진관,1.0,0.0014929878964891699
대중교통,STORE_03161,미술,835.26285512401,오진관 송파점,송파구,사진관,1.0,0.0011972279071975872
대중교통,STORE_03230,미술,835.26285512401,한가람화방(한가람문구센타),송파구,공예,1.0,0.0011972279071975872
대중교통,STORE_03168,미술,608.6194500658484,우리동네사진관 잠실신천역점,송파구,사진관,1.0,0.0016430628365422877
대중교통,STORE_03176,미술,645.9992873321497,이루셀프스튜디오(이루),송파구,사진관,1.0,0.0015479893238424516
대중교통,STORE_03178,미술,596.9202383007596,인스튜디오,송파구,사진관,1.0,0.0016752656985574473
대중교통,STORE_03193,미술,566.1973184358734,진주사진관,송파구,사진관,1.0,0.0017661687320641353
대중교통,STORE_03197,미술,841.4315456410005,천호문구 도매상사,송파구,공예,1.0,0.0011884508076509092
대중교통,STORE_03205,미술,384.155158703214,커픽스튜디오 잠실점,송파구,사진관,1.0,0.002603114854361667
대중교통,STORE_03211,미술,528.819977895002,파랑새문구,송파구,공예,1.0,0.001891002688628665
대중교통,STORE_03234,관광지,9785.162267791071,한생연인간과로봇과학관,송파구,관광명소,1.0,0.00010219554593301014
대중교통,STORE_03213,미술,740.5108142723583,페이펄문구센터 방이점,송파구,공예,1.0,0.0013504191710996434
대중교통,STORE_03218,미술,831.8465956149746,프로포토,송파구,사진관,1.0,0.0012021447286932893
대중교통,STORE_03220,미술,318.6223242387591,피노키오사진,송파구,사진관,1.0,0.003138512037375798
대중교통,STORE_03224,미술,193.36070310938564,하나스튜디오,송파구,사진관,1.0,0.005171681649472966
대중교통,STORE_03228,미술,448.80207280546045,하이키스튜디오,송파구,사진관,1.0,0.0022281537020295
대중교통,STORE_03233,미술,809.2798869028707,한샘사진관,송파구,사진관,1.0,0.001235666443938226
대중교통,STORE_03235,미술,820.5365287857175,한양스튜디오,송파구,사진관,1.0,0.0012187147858973007
대중교통,STORE_03236,미술,710.4759387847095,한태금 사진관,송파구,사진관,1.0,0.0014075072010327756
대중교통,STORE_03248,미술,795.4502485154829,717스튜디오,양천구,사진관,1.0,0.0012571496480971124
대중교통,STORE_03250,공연,4649.531738156967,DUBU기획/극단목동,양천구,공연,1.0,0.00021507542185235005
대중교통,STORE_03263,공연,4649.531738156967,극단 밀,양천구,공연,1.0,0.00021507542185235005
대중교통,STORE_03269,미술,582.3042576632997,나인원,양천구,사진관,1.0,0.0017173152812120095
대중교통,STORE_03256,미술,740.522341141109,㈜한생연 생명과학박물관,양천구,전시,1.0,0.0013503981506608545
대중교통,STORE_03266,미술,1014.0099998656933,김스튜디오,양천구,사진관,1.0,0.0009861835683400075
대중교통,STORE_03267,미술,861.7386562729162,나나사진관,양천구,사진관,1.0,0.0011604446344847456
대중교통,STORE_03341,미술,800.9386780325694,신월이층사진관,양천구,사진관,1.0,0.0012485350344877911
대중교통,STORE_03275,미술,985.7417885598467,드림디포 신목동점,양천구,공예,1.0,0.0010144644486067536
대중교통,STORE_03278,미술,915.7724353276467,럭스본 스튜디오 신월점(럭스본 풀씨드림),양천구,사진관,1.0,0.001091974339282464
대중교통,STORE_03280,미술,773.9382391632039,렌즈속이야기,양천구,사진관,1.0,0.0012920927658015946
대중교통,STORE_03285,미술,926.1169841407645,매일사진,양천구,사진관,1.0,0.001079777195672297
대중교통,STORE_03289,미술,888.7869098420324,"메이플문구, 팬시",양천구,공예,1.0,0.0011251290820402991
대중교통,STORE_03291,미술,917.1164081314439,모닝글로리 신월5동점,양천구,공예,1.0,0.001090374123866593
대중교통,STORE_03301,미술,624.2990784974997,목동사진관,양천구,사진관,1.0,0.0016017963736334505
대중교통,STORE_03327,미술,968.0694422296488,스톤사진관 (스톤 스튜디오),양천구,사진관,1.0,0.0010329837472163247
대중교통,STORE_03353,미술,513.4622907434353,아이뽀또 스튜디오,양천구,사진관,1.0,0.001947562689661422
대중교통,STORE_03357,미술,907.7996449359529,알파 신월점,양천구,공예,1.0,0.0011015646520445071
대중교통,STORE_03358,미술,1043.0402388510029,알파문구 목동점,양천구,공예,1.0,0.0009587357829086102
대중교통,STORE_03361,미술,1105.592236740998,양천문구서적(양천문고),양천구,공예,1.0,0.0009044926029398897
대중교통,STORE_03363,미술,1116.9621622653256,양천칼라현상소,양천구,사진관,1.0,0.0008952854749993384
대중교통,STORE_03370,미술,884.8105213022278,영스튜디오,양천구,사진관,1.0,0.001130185475787789
대중교통,STORE_03374,미술,963.6602772444836,오빛나게 스튜디오,양천구,사진관,1.0,0.0010377100972340867
대중교통,STORE_03378,미술,930.4946417901176,유한칼라,양천구,사진관,1.0,0.00107469721488795
대중교통,STORE_03385,공연,6376.095582219794,주식회사 데일리창,양천구,공연,1.0,0.0001568357919207756
대중교통,STORE_03400,미술,784.0043039111214,페르마타스튜디오,양천구,사진관,1.0,0.0012755032019739587
대중교통,STORE_03386,미술,900.0396102690762,중앙스튜디오,양천구,사진관,1.0,0.0011110622116964825
대중교통,STORE_03387,공연,8760.685958712602,진엔터컴,양천구,공연,1.0,0.00011414631282445281
대중교통,STORE_03392,미술,995.3432193886165,청사진관,양천구,사진관,1.0,0.0010046785676746197
대중교통,STORE_03396,미술,1037.5706279192443,크림포토(목동점),양천구,사진관,1.0,0.000963789811596162
대중교통,STORE_03397,미술,1061.7228946211067,클래식포즈앤나무그림(사진관),양천구,사진관,1.0,0.0009418653445886806
대중교통,STORE_03401,미술,729.9741378154328,평화사진관,양천구,사진관,1.0,0.0013699115464455547
대중교통,STORE_03402,미술,56.07555291009848,포토갤러리신정네거리점,양천구,사진관,1.0,0.017833083190516574
대중교통,STORE_03415,미술,870.1267599426301,햇빛문고 목동본점,양천구,공예,1.0,0.0011492578392439429
대중교통,STORE_03418,미술,827.4627266733852,현대스튜디오,양천구,사진관,1.0,0.0012085136499383597
대중교통,STORE_03427,공연,4100.930631500881,(주)에스에이커뮤니케이션,영등포구,공연,1.0,0.00024384708980898186
대중교통,STORE_03428,공연,3071.7335512135933,(주)엠에스엠시,영등포구,공연,1.0,0.0003255490697117645
대중교통,STORE_03544,미술,543.1307572368801,엘림스튜디오,영등포구,사진관,1.0,0.0018411772610474014
대중교통,STORE_03431,관광지,12212.838032116395,(주)주렁주렁 타임스퀘어점,영등포구,동·식물원,1.0,8.188104987311514e-05
대중교통,STORE_03435,미술,410.4225250148939,BRICK FRAME(604웍스(604works)),영등포구,사진관,1.0,0.002436513444196833
대중교통,STORE_03439,미술,629.3875473072953,DH 스튜디오,영등포구,사진관,1.0,0.0015888461795570846
대중교통,STORE_03448,미술,471.36643469151784,Zandi Studio(잔디사진관),영등포구,사진관,1.0,0.0021214917448554487
대중교통,STORE_03458,미술,216.65397376927154,국회박물관문화상품점(한국문화재재단),영등포구,공예,1.0,0.004615655012471467
대중교통,STORE_03521,미술,216.65397376927154,숙이와 득이(유기유),영등포구,공예,1.0,0.004615655012471467
대중교통,STORE_03589,미술,216.65397376927154,킴스미디어,영등포구,사진관,1.0,0.004615655012471467
대중교통,STORE_03475,미술,720.2799122754797,더빅스튜디오,영등포구,사진관,1.0,0.0013883491444886193
대중교통,STORE_03479,미술,832.9653770837455,두손,영등포구,공예,1.0,0.0012005300910597884
대중교통,STORE_03480,미술,998.6567729361268,드림디포 대림점,영등포구,공예,1.0,0.0010013450337496075
대중교통,STORE_03481,미술,708.3662805142643,드림디포 영등포점,영등포구,공예,1.0,0.0014116990425829044
대중교통,STORE_03490,미술,694.250763266719,만물사문구,영등포구,공예,1.0,0.0014404017293328023
대중교통,STORE_03493,미술,18.942054361060553,명진칼라,영등포구,사진관,1.0,0.052792584211758684
대중교통,STORE_03497,미술,16.356807216938638,바로사진관,영등포구,사진관,1.0,0.06113662567132471
대중교통,STORE_03586,미술,21.051799650639275,코니사진관,영등포구,사진관,1.0,0.04750187711242223
대중교통,STORE_03499,미술,826.9633946692863,베뢰아행복스튜디오,영등포구,사진관,1.0,0.0012092433672954935
대중교통,STORE_03502,미술,749.9220614370244,봄 스튜디오,영등포구,사진관,1.0,0.001333471905178744
대중교통,STORE_03503,미술,749.905401967968,봄스튜디오,영등포구,사진관,1.0,0.0013335015288271181
대중교통,STORE_03505,관광지,11098.455945079175,뽀로로파크 영등포점,영등포구,테마파크,1.0,9.010262372968911e-05
대중교통,STORE_03506,미술,731.2510333898487,사진이야기사진관,영등포구,사진관,1.0,0.0013675194349665614
대중교통,STORE_03515,미술,871.5332328179554,샤인미술학원,영등포구,공예,1.0,0.001147403176774647
대중교통,STORE_03517,관광지,8342.364461869925,서울달(재단법인 서울관광재단),영등포구,체험관광,1.0,0.00011987009253439545
대중교통,STORE_03522,미술,713.0757431741674,스튜디오 이눈,영등포구,사진관,1.0,0.0014023755674938895
대중교통,STORE_03529,미술,641.3088483467618,싼타사진관,영등포구,사진관,1.0,0.0015593110910256621
대중교통,STORE_03531,공연,5841.595031327327,아라컴퍼니,영등포구,공연,1.0,0.00017118612205009015
대중교통,STORE_03535,미술,665.574275696162,알파 선유도역점,영등포구,공예,1.0,0.0015024619137421486
대중교통,STORE_03536,미술,1015.6785156096331,알파 신대방점,영등포구,공예,1.0,0.0009845635057070961
대중교통,STORE_03537,미술,18.94560599144154,알파문구 당산점,영등포구,공예,1.0,0.05278268747126582
대중교통,STORE_03538,미술,466.07045702182705,알파문구 문래점,영등포구,공예,1.0,0.00214559834234069
대중교통,STORE_03539,미술,823.1859797428639,알파문구 영등포구청점,영등포구,공예,1.0,0.0012147923125614543
대중교통,STORE_03602,공연,6064.670254901305,헤일로매직아트,영등포구,공연,1.0,0.00016488942646004977
대중교통,STORE_03557,미술,1062.9478541363853,오경근스튜디오,영등포구,사진관,1.0,0.0009407799226543162
대중교통,STORE_03561,미술,692.1189715217453,왕자사진관,영등포구,사진관,1.0,0.001444838302584488
대중교통,STORE_03566,미술,850.0490016302687,유연사진관,영등포구,사진관,1.0,0.001176402769819325
대중교통,STORE_03567,미술,606.1968983274794,윤성상사,영등포구,공예,1.0,0.0016496290277285127
대중교통,STORE_03571,공연,4894.5319652554535,재단법인 영등포문화재단 ,영등포구,공연,1.0,0.00020430962696712276
대중교통,STORE_03576,미술,672.2700640199598,중앙사진관,영등포구,사진관,1.0,0.0014874974411627376
대중교통,STORE_03592,미술,438.2629207040259,포토원 사진관,영등포구,사진관,1.0,0.002281735352818804
대중교통,STORE_03593,미술,957.015006458198,포토키모,영등포구,사진관,1.0,0.0010449156943744117
대중교통,STORE_03594,미술,924.7117170501651,푸딩포토,영등포구,사진관,1.0,0.001081418112868738
대중교통,STORE_03600,미술,926.2835858488459,해오름스튜디오,영등포구,사진관,1.0,0.0010795829865468257
대중교통,STORE_03612,관광지,7272.665617400427,HCC(헬리녹스 크리에이티브 센터),용산구,휴양림/캠핑장,1.0,0.00013750116568090535
대중교통,STORE_03615,미술,74.79019658400625,N PHOTO(씨제이 푸드빌(주)),용산구,사진관,1.0,0.013370736348804412
대중교통,STORE_03616,관광지,1563.0218407912441,N서울타워(씨제이 푸드빌(주)),용산구,관광명소,1.0,0.0006397863253745532
대중교통,STORE_03622,미술,301.6616981173379,국립박물관문화재단 한글박물관지점,용산구,전시,1.0,0.003314971725747656
대중교통,STORE_03623,미술,115.53028338614317,국립중앙박물관(국립박물관문화재단),용산구,전시,1.0,0.008655739176694006
대중교통,STORE_03624,미술,466.9164525954849,국제디지털사진관,용산구,사진관,1.0,0.0021417107802503468
대중교통,STORE_03627,미술,397.9288725520708,남송사진관,용산구,사진관,1.0,0.002513011919910751
대중교통,STORE_03637,미술,175.43698345919563,리움미술관 아트샵((재)삼성문화재단),용산구,전시,1.0,0.005700052407892587
대중교통,STORE_03638,미술,175.43698345919563,리움미술관((재)삼성문화재단),용산구,전시,1.0,0.005700052407892587
대중교통,STORE_03643,미술,246.4106033147902,미스티코티타,용산구,공예,1.0,0.004058266919311493
대중교통,STORE_03650,미술,394.4379972744987,사진이야기,용산구,사진관,1.0,0.002535252706153653
대중교통,STORE_03655,미술,394.7246100833706,소월사진관,용산구,사진관,1.0,0.0025334118381643038
대중교통,STORE_03657,미술,296.40772781848966,스튜디오 미닝나인,용산구,사진관,1.0,0.003373731202488645
대중교통,STORE_03658,미술,316.904184580313,시대사진관,용산구,사진관,1.0,0.003155527912401454
대중교통,STORE_03659,미술,486.0382239313443,시대스튜디오(시대사진관),용산구,사진관,1.0,0.002057451350042905
대중교통,STORE_03664,미술,374.6064863171404,알파 숙대점,용산구,공예,1.0,0.002669467925745962
대중교통,STORE_03669,미술,382.01172087038424,오누이 사진관,용산구,사진관,1.0,0.0026177207278393895
대중교통,STORE_03690,관광지,4809.16189958079,전쟁기념관(전쟁기념사업회),용산구,관광명소,1.0,0.00020793643900555083
대중교통,STORE_03692,미술,321.2718924478573,주식회사 갤러리비케이,용산구,전시,1.0,0.0031126283484706053
대중교통,STORE_03693,공연,1442.4908069066234,주식회사 골든제이엔터테인먼트,용산구,공연,1.0,0.000693245319285236
대중교통,STORE_03697,미술,318.22907840602255,참스튜디오,용산구,사진관,1.0,0.0031423903969081
대중교통,STORE_03699,미술,319.0574220252462,컬쳐앤아이리더스,용산구,전시,1.0,0.0031342320565759243
대중교통,STORE_03704,미술,418.98764361902704,포토클럽,용산구,사진관,1.0,0.00238670522921022
대중교통,STORE_03705,미술,298.47885507695344,프로사진실,용산구,사진관,1.0,0.003350321079669718
대중교통,STORE_03708,미술,116.20948562874761,해방촌사진관,용산구,사진관,1.0,0.008605149524494775
대중교통,STORE_03710,미술,322.9651042530867,허그프레임(주식회사 허그프레임),용산구,사진관,1.0,0.003096309746257804
대중교통,STORE_03714,미술,977.8082926193886,365포토 스튜디오,은평구,사진관,1.0,0.0010226953560816747
대중교통,STORE_03715,미술,1004.936793193543,3월의 어느날,은평구,사진관,1.0,0.000995087459005402
대중교통,STORE_03723,미술,884.5953541156933,N 사진관,은평구,사진관,1.0,0.0011304603798192832
대중교통,STORE_03730,미술,911.4774349986706,가족이야기,은평구,사진관,1.0,0.00109711986452134
대중교통,STORE_03737,미술,624.1265982873168,구파발사진관,은평구,사진관,1.0,0.0016022390373109042
대중교통,STORE_03739,공연,282.3906261319902,극단 단홍,은평구,공연,1.0,0.00354119403217229
대중교통,STORE_03749,미술,243.9968550054685,대성서점문구,은평구,공예,1.0,0.0040984134815081445
대중교통,STORE_03755,미술,921.3833333324778,드림디포 녹번점,은평구,공예,1.0,0.001085324602500872
대중교통,STORE_03762,미술,807.3484725638549,레디언스,은평구,공예,1.0,0.001238622520489017
대중교통,STORE_03775,미술,992.7840570994973,문구이야기,은평구,공예,1.0,0.0010072683911963541
대중교통,STORE_03776,미술,913.3473695701459,문구클럽 새절역점,은평구,공예,1.0,0.001094873684774103
대중교통,STORE_03778,미술,1006.5199877704284,미니사진관,은평구,사진관,1.0,0.0009935222470992642
대중교통,STORE_03779,미술,861.6525943170237,미소천사 스튜디오,은평구,사진관,1.0,0.0011605605398224738
대중교통,STORE_03786,미술,960.5275433086457,백련스튜디오,은평구,사진관,1.0,0.0010410945599283775
대중교통,STORE_03793,미술,900.6567669472512,빛담사진관,은평구,사진관,1.0,0.0011103008789790918
대중교통,STORE_03796,미술,773.5499343331877,사비나미술관,은평구,전시,1.0,0.001292741367578314
대중교통,STORE_03797,미술,983.6066565597645,사진나라,은평구,사진관,1.0,0.0010166665641503205
대중교통,STORE_03812,미술,857.2062090776216,수색스튜디오,은평구,사진관,1.0,0.0011665804440171154
대중교통,STORE_03816,미술,68.36938965003766,쎄븐스튜디오,은평구,사진관,1.0,0.014626428656430886
대중교통,STORE_03817,미술,995.5369677393801,아이꿈터서부점,은평구,공예,1.0,0.0010044830402137193
대중교통,STORE_03822,미술,1005.6568417595278,알파 응암점,은평구,공예,1.0,0.0009943749780992586
대중교통,STORE_03823,미술,976.7835141828482,알파문구 은평점,은평구,공예,1.0,0.0010237683022696939
대중교통,STORE_03824,미술,997.8978316531931,앙팡스튜디오,은평구,사진관,1.0,0.0010021065967678517
대중교통,STORE_03832,공연,6166.40605919311,에이플랜(APLAN),은평구,공연,1.0,0.00016216901553363686
대중교통,STORE_03833,미술,996.8567842805743,엘림스튜디오,은평구,사진관,1.0,0.0010031531266767614
대중교통,STORE_03839,미술,1014.8964691920781,예림 스튜디오,은평구,사진관,1.0,0.0009853221785233555
대중교통,STORE_03850,미술,503.8941978548251,은평역사한옥박물관,은평구,전시,1.0,0.0019845435892240732
대중교통,STORE_03856,미술,1011.2440142242447,응암역사진관 (아이마이센2 응암역사진관),은평구,사진관,1.0,0.0009888810078812972
대중교통,STORE_03861,미술,15.766773780625295,자연스튜디오,은평구,사진관,1.0,0.06342451625892111
대중교통,STORE_03862,공연,5911.305402386749,젊은극단늘,은평구,공연,1.0,0.0001691673719981106
대중교통,STORE_03867,미술,999.286629313098,좋은사진 스튜디오(좋은사진),은평구,사진관,1.0,0.0010007138799479308
대중교통,STORE_03868,공연,6105.466238153816,주식회사 이야기꾼의 책공연,은평구,공연,1.0,0.00016378765535560183
대중교통,STORE_03873,미술,945.8630266318286,진포토스튜디오,은평구,사진관,1.0,0.0010572355318305977
대중교통,STORE_03879,미술,909.2539775648467,쿠누,은평구,공예,1.0,0.0010998027225332446
대중교통,STORE_03885,미술,932.8039033031737,파님스튜디오,은평구,사진관,1.0,0.001072036680441491
대중교통,STORE_03890,공연,4638.835382818495,하늘자전거,은평구,공연,1.0,0.0002155713487277087
대중교통,STORE_03905,미술,52.31376752671448,(재)가나문화재단,종로구,전시,1.0,0.019115426918723477
대중교통,STORE_04229,미술,87.16885897538643,주)가나아트갤러리,종로구,전시,1.0,0.011471986805315033
대중교통,STORE_03906,미술,322.5864266321001,(재)국립현대미술관문화재단 서울 미술가게,종로구,전시,1.0,0.0030999444410612764
대중교통,STORE_03956,미술,368.61410443600334,갤러리 아트링크,종로구,전시,1.0,0.002712864179546375
대중교통,STORE_03958,미술,303.30595542577106,갤러리41,종로구,전시,1.0,0.003297000873577416
대중교통,STORE_03965,관광지,5141.054830615091,경복궁,종로구,관광명소,1.0,0.00019451261131178346
대중교통,STORE_03980,미술,322.5864266321001,국립현대미술관 서울관,종로구,전시,1.0,0.0030999444410612764
대중교통,STORE_03908,미술,206.60746289721666,(재)환기재단(환기미술관),종로구,전시,1.0,0.004840096219067756
대중교통,STORE_03913,공연,1563.1504914682519,(주)도모컴퍼니(공연),종로구,공연,1.0,0.0006397336695718336
대중교통,STORE_04234,공연,1548.1404498914162,주식회사 아트플러스씨어터,종로구,공연,1.0,0.0006459362263095304
대중교통,STORE_03921,공연,407.29267395924455,(주)아트브릿지,종로구,공연,1.0,0.0024552368945876604
대중교통,STORE_03923,미술,107.2320803130434,(주)예화랑,종로구,전시,1.0,0.009325567470860332
대중교통,STORE_04083,공연,866.9596838611257,북촌아트홀(조이피플),종로구,공연,1.0,0.0011534561740476337
대중교통,STORE_04141,공연,866.9596838611257,아름다운세상,종로구,공연,1.0,0.0011534561740476337
대중교통,STORE_03927,미술,267.6006917497671,AG studio(에이지 스튜디오),종로구,공예,1.0,0.003736911117311677
대중교통,STORE_03933,미술,226.57025802410877,JH갤러리,종로구,전시,1.0,0.004413641970137106
대중교통,STORE_04115,미술,370.4236722943434,송죽필방,종로구,공예,1.0,0.0026996114848874646
대중교통,STORE_03934,미술,320.4306980917921,KCDF갤러리,종로구,전시,1.0,0.0031207996173747846
대중교통,STORE_03935,미술,320.4306980917921,KCDF갤러리숍 공예정원,종로구,전시,1.0,0.0031207996173747846
대중교통,STORE_03938,미술,193.28053570505597,PKM갤러리,종로구,전시,1.0,0.005173826719551261
대중교통,STORE_03941,공연,1768.8661010568355,The theater(더 씨어터),종로구,공연,1.0,0.0005653339161186565
대중교통,STORE_03944,공연,1162.419228407407,㈜동숭아트센터,종로구,공연,1.0,0.000860274826466926
대중교통,STORE_04126,미술,449.057437141483,시에나스튜디오,종로구,사진관,1.0,0.0022268866236034154
대중교통,STORE_03945,공연,2138.681437790468,㈜애드벤치,종로구,공연,1.0,0.00046757781796298196
대중교통,STORE_03971,공연,2181.929064002452,공연예술집단 노는이,종로구,공연,1.0,0.00045831004155819625
대중교통,STORE_04005,공연,2123.6455940484584,넌센스컴퍼니,종로구,공연,1.0,0.0004708883642367218
대중교통,STORE_04022,공연,2123.6455940484584,더굿씨어터(씨케이아트웍스),종로구,공연,1.0,0.0004708883642367218
대중교통,STORE_04242,공연,2098.3479868325453,주식회사 해라,종로구,공연,1.0,0.0004765653772754343
대중교통,STORE_03946,미술,241.63071953080507,㈜인사아트프라자,종로구,전시,1.0,0.0041385466299226565
대중교통,STORE_04029,미술,217.6556511275283,돌실나이 인사점,종로구,공예,1.0,0.004594413215644386
대중교통,STORE_04050,미술,236.975330022743,명신당필방,종로구,공예,1.0,0.004219848538259354
대중교통,STORE_04116,미술,243.30011310445502,수민예,종로구,공예,1.0,0.004110150164914532
대중교통,STORE_04165,공연,868.3932237041489,엠스테이지,종로구,공연,1.0,0.0011515520534976997
대중교통,STORE_03947,미술,222.9937487789943,가일아트,종로구,공예,1.0,0.004484430642004609
대중교통,STORE_03976,미술,190.17942132495534,구하산방,종로구,공예,1.0,0.005258192463901351
대중교통,STORE_03999,미술,282.4317643103829,꽃님네사진관,종로구,사진관,1.0,0.0035406782322863445
대중교통,STORE_04060,미술,339.0779075573415,미디어아트사진관,종로구,사진관,1.0,0.002949174740412393
대중교통,STORE_04076,미술,260.57816081970856,봉원필방,종로구,공예,1.0,0.003837620147652704
대중교통,STORE_04112,미술,282.27851435744213,성문당 필방(성문당),종로구,공예,1.0,0.003542600478383294
대중교통,STORE_04203,미술,224.47967803406118,일신당필방,종로구,공예,1.0,0.004454746232522064
대중교통,STORE_04245,미술,189.1061510701959,지운당,종로구,공예,1.0,0.005288035287804052
대중교통,STORE_04297,공연,1290.5059446018508,허리우드스카이쇼(빅스타쉽코리아),종로구,공연,1.0,0.0007748898826719638
대중교통,STORE_03948,미술,526.994578746985,가죽고수,종로구,공예,1.0,0.0018975527269704787
대중교통,STORE_03952,미술,293.2798031947401,가회민화박물관,종로구,전시,1.0,0.0034097131446040696
대중교통,STORE_04079,미술,328.74255951429944,북촌공예마을협동조합,종로구,공예,1.0,0.003041893941196569
대중교통,STORE_03953,미술,419.9411696003263,갤러리 가이아,종로구,전시,1.0,0.002381285933340942
대중교통,STORE_03955,미술,353.01590682501654,갤러리 바움,종로구,전시,1.0,0.0028327335416522222
대중교통,STORE_03957,미술,222.0612322771991,갤러리 일호,종로구,전시,1.0,0.004503262409855042
대중교통,STORE_03959,미술,142.86324236242922,갤러리도스,종로구,전시,1.0,0.006999701137001383
대중교통,STORE_03960,미술,227.87920367961576,갤러리도올,종로구,전시,1.0,0.004388289865212707
대중교통,STORE_03961,미술,294.9732674776141,갤러리시몬,종로구,전시,1.0,0.0033901377184150806
대중교통,STORE_04146,미술,291.7627169886557,아트사이드,종로구,전시,1.0,0.0034274427189368473
대중교통,STORE_03962,미술,227.58602120905198,갤러리조선,종로구,전시,1.0,0.0043939429789558015
대중교통,STORE_03963,미술,357.76779002910587,갤러리현대,종로구,전시,1.0,0.002795109084355095
대중교통,STORE_03992,미술,341.8231971671223,금호미술관 아트샵(재단법인 금호문화재단),종로구,공예,1.0,0.0029254889904709582
대중교통,STORE_03993,미술,341.8231971671223,금호미술관(재단법인 금호문화재단),종로구,전시,1.0,0.0029254889904709582
대중교통,STORE_03964,미술,250.50527319910984,거안,종로구,공예,1.0,0.003991931935122049
대중교통,STORE_04034,미술,250.67770318053962,동서화랑,종로구,공예,1.0,0.003989186063667553
대중교통,STORE_04091,미술,250.50527319910984,사보당(사보필방),종로구,공예,1.0,0.003991931935122049
대중교통,STORE_03966,미술,225.60019441484474,경복궁 버들마루(한국문화재재단),종로구,전시,1.0,0.004432620293585167
대중교통,STORE_03978,미술,225.73003617613455,국립고궁박물관 고궁뜨락 뮤지엄숍(한국문화재재단),종로구,전시,1.0,0.004430070614172548
대중교통,STORE_03967,미술,413.53744706778815,경복궁사진관,종로구,사진관,1.0,0.002418160694008631
대중교통,STORE_03972,미술,226.09008943424047,관성필방,종로구,공예,1.0,0.004423015632849556
대중교통,STORE_04073,미술,200.38092589206178,백송갤러리,종로구,전시,1.0,0.004990494956284737
대중교통,STORE_04107,미술,319.6974701104417,서원서예백화점,종로구,공예,1.0,0.0031279571891968463
대중교통,STORE_03975,미술,330.2896464891016,구봉화랑,종로구,전시,1.0,0.0030276456153856355
대중교통,STORE_04021,미술,412.21046291327906,대흥당필방,종로구,공예,1.0,0.0024259452148122215
대중교통,STORE_04057,미술,250.57840933376406,뮤지엄김치간((주)풀무원),종로구,전시,1.0,0.003990766812906157
대중교통,STORE_04089,미술,244.39131808608818,붓을 만드는 봉원필방 빌딩,종로구,공예,1.0,0.004091798382329378
대중교통,STORE_04142,미술,330.123982734116,아리수갤러리(갤러리 아리수),종로구,전시,1.0,0.003029164957110694
대중교통,STORE_04212,미술,261.2839125630052,정일품표구사,종로구,공예,1.0,0.0038272543846681077
대중교통,STORE_03977,미술,1.4103411181118761,국궁전시관(종로문화재단),종로구,전시,1.0,0.7090483196992591
대중교통,STORE_03979,미술,275.65357377896646,국립박물관문화재단 종로지점,종로구,전시,1.0,0.0036277418293218016
대중교통,STORE_03984,미술,384.87310183199173,그린포토,종로구,사진관,1.0,0.0025982589981996948
대중교통,STORE_03985,공연,1730.4023019433116,극단 스튜디오반,종로구,공연,1.0,0.0005779002945598024
대중교통,STORE_03986,공연,977.3686007479201,극단 틈,종로구,공연,1.0,0.0010231554392424326
대중교통,STORE_04056,공연,977.178521509806,무하아트센터(극단 무하),종로구,공연,1.0,0.0010233544618386957
대중교통,STORE_04094,공연,974.8815073353437,삼형제엔터테인먼트,종로구,공연,1.0,0.001025765687907357
대중교통,STORE_04230,공연,933.5330371165028,주식회사 대호필름,종로구,공연,1.0,0.0010711993686787994
대중교통,STORE_03987,공연,16.435416964769274,극단두레,종로구,공연,1.0,0.060844212358200936
대중교통,STORE_04019,공연,15.791681312920309,대학로 세우아트센터(으랏차차스토리),종로구,공연,1.0,0.06332447952719437
대중교통,STORE_04020,공연,19.28574684100546,대학로예술극장(아르코),종로구,공연,1.0,0.05185176432337039
대중교통,STORE_04168,공연,13.950440136573258,연극 운빨로맨스(주식회사 DPS컴퍼니),종로구,공연,1.0,0.07168232616391391
대중교통,STORE_04187,공연,16.675657852119375,위로컴퍼니,종로구,공연,1.0,0.059967649184701044
대중교통,STORE_04241,공연,20.67789443370706,주식회사 파릇,종로구,공연,1.0,0.04836082335200913
대중교통,STORE_04273,공연,24.174037802799855,파랑씨어터(주식회사 파랑아트),종로구,공연,1.0,0.04136669298515696
대중교통,STORE_04310,공연,18.73336587595093,후암스테이지(주)후플러스,종로구,공연,1.0,0.05338069018786186
대중교통,STORE_03988,공연,2045.2512840364911,극단스케치,종로구,공연,1.0,0.0004889374757053853
대중교통,STORE_04000,공연,1381.8133747461836,나몰라패밀리,종로구,공연,1.0,0.0007236867280892281
대중교통,STORE_04127,공연,1784.4743326850878,시온아트홀(아트컴퍼니 행복자),종로구,공연,1.0,0.0005603891194642772
대중교통,STORE_04138,공연,1911.5513602165227,아루또소극장 (아루또),종로구,공연,1.0,0.0005231353029859105
대중교통,STORE_04231,공연,1425.323943802254,주식회사 딴,종로구,공연,1.0,0.0007015948931106552
대중교통,STORE_04236,공연,1434.3006306742209,주식회사 엔플래닛,종로구,공연,1.0,0.0006972039045467968
대중교통,STORE_04275,공연,1763.1092625010326,파파프로덕션,종로구,공연,1.0,0.0005671798233204587
대중교통,STORE_03991,미술,379.0373713711512,금강표구병풍자수,종로구,공예,1.0,0.002638262281058312
대중교통,STORE_04008,미술,178.2794797145049,누크 갤러리(nook gallery),종로구,전시,1.0,0.005609170509143232
대중교통,STORE_04082,미술,180.15639323687287,북촌생활사박물관,종로구,전시,1.0,0.005550732794062889
대중교통,STORE_04010,미술,443.91688214301337,다시봄 사진관,종로구,사진관,1.0,0.0022526739581799405
대중교통,STORE_04154,미술,433.9315457190153,알파문구 종로점,종로구,공예,1.0,0.0023045109530882837
대중교통,STORE_04011,미술,446.59005822098,단양필방,종로구,공예,1.0,0.002239190016865946
대중교통,STORE_04026,공연,1104.8818443239495,도토리씨어터(설앤수컴퍼니),종로구,공연,1.0,0.0009050741535280416
대중교통,STORE_04068,공연,961.2012009090784,바인프로덕션,종로구,공연,1.0,0.0010403649090889886
대중교통,STORE_04139,미술,398.56770399874137,아르코미술관(한국문화예술위원회),종로구,전시,1.0,0.0025089840194456848
대중교통,STORE_04140,공연,1574.912594015804,아르코예술극장,종로구,공연,1.0,0.000634955872344726
대중교통,STORE_04169,공연,1104.8818443239495,연극열전,종로구,공연,1.0,0.0009050741535280416
대중교통,STORE_04227,공연,2008.5226677354638,좋은공연안내센터((사)한국소극장협회),종로구,공연,1.0,0.0004978783740227656
대중교통,STORE_04269,공연,991.6766317241382,탑아트홀 (케이제이에이치),종로구,공연,1.0,0.0010083932282052373
대중교통,STORE_04028,미술,463.16094440222537,돌실나이 본사할인점,종로구,공예,1.0,0.0021590766926400527
대중교통,STORE_04031,미술,621.2680981820489,동대문표구사,종로구,공예,1.0,0.001609611056685824
대중교통,STORE_04037,공연,1778.1004829911744,두산아트센터(재단법인 두산연강재단),종로구,공연,1.0,0.0005623979125846531
대중교통,STORE_04040,미술,365.30642648301136,떡박물관,종로구,전시,1.0,0.0027374278893133714
대중교통,STORE_04043,공연,1582.0020843137693,라이브,종로구,공연,1.0,0.0006321104187633062
대중교통,STORE_04189,공연,1717.3483144631498,유머러스,종로구,공연,1.0,0.0005822930570218099
대중교통,STORE_04237,공연,1458.537641712453,주식회사 엠컬쳐컴퍼니,종로구,공연,1.0,0.0006856182325372906
대중교통,STORE_04255,미술,369.4411252123915,창작공간 스튜디오블루(Studio Blue),종로구,사진관,1.0,0.002706791236154612
대중교통,STORE_04272,공연,1948.7729276272203,파랑씨어터,종로구,공연,1.0,0.0005131434174927585
대중교통,STORE_04283,공연,1752.3386879488614,하마씨어터(하마컴퍼니),종로구,공연,1.0,0.0005706659373996444
대중교통,STORE_04047,공연,2400.052831625622,맛있는극장(주식회사 미스터이엔티),종로구,공연,1.0,0.00041665749471134455
대중교통,STORE_04054,미술,88.93962333998961,목인박물관 목석원(재단법인 목인문화재단),종로구,전시,1.0,0.011243582583853528
대중교통,STORE_04062,미술,258.1671367021961,미림화방((주)미림아트),종로구,공예,1.0,0.003873459700463469
대중교통,STORE_04200,미술,296.9541812957267,인사칠기,종로구,공예,1.0,0.003367522880589223
대중교통,STORE_04208,미술,166.68981913050547,전북한지,종로구,공예,1.0,0.005999166627069623
대중교통,STORE_04281,미술,166.69377344761347,하나로 갤러리,종로구,전시,1.0,0.005999024314572062
대중교통,STORE_04285,미술,272.296970647694,한국전통관광명품점(연희공방),종로구,공예,1.0,0.0036724609811903857
대중교통,STORE_04302,미술,233.71071542780024,호산붓박물관(호산필방),종로구,공예,1.0,0.004278793970441325
대중교통,STORE_04063,공연,1418.464865837521,미마지아트센터 물빛극장(㈜아트플러스씨어터),종로구,공연,1.0,0.0007049875002787313
대중교통,STORE_04246,공연,1423.316091555096,지인시어터(스튜디오틈 주식회사),종로구,공연,1.0,0.0007025846232844972
대중교통,STORE_04271,미술,299.1963413558091,토담쓰담 스튜디오,종로구,사진관,1.0,0.0033422868590855656
대중교통,STORE_04064,미술,228.92240149413337,미스맥(missmacc studio&gallery),종로구,전시,1.0,0.004368292458375364
대중교통,STORE_04066,미술,501.2867504441193,미스터포토 대학로점,종로구,사진관,1.0,0.0019948662100365538
대중교통,STORE_04069,미술,221.36517636641747,박노수미술관(종로문화재단),종로구,전시,1.0,0.004517422371551059
대중교통,STORE_04074,미술,354.8239499702973,보고예술사진실,종로구,사진관,1.0,0.00281829904684763
대중교통,STORE_04080,미술,188.28409754990577,북촌동양문화박물관,종로구,전시,1.0,0.005311122994521321
대중교통,STORE_04081,미술,188.45216123342905,북촌박물관,종로구,전시,1.0,0.005306386477368839
대중교통,STORE_04158,미술,284.7349078113206,어둠속의대화(dialogue in the dark)(주식회사 엔비전스),종로구,전시,1.0,0.0035120386456536944
대중교통,STORE_04096,미술,427.5577364754795,샘스튜디오,종로구,사진관,1.0,0.0023388654085489814
대중교통,STORE_04224,미술,400.1521779232053,종로칼라,종로구,사진관,1.0,0.002499049249687987
대중교통,STORE_04098,미술,265.00236796448627,서령필방,종로구,공예,1.0,0.0037735511862822782
대중교통,STORE_04099,미술,304.2182014204655,서령필방 (서령서화사),종로구,공예,1.0,0.003287114299311374
대중교통,STORE_04284,미술,180.67670818683456,한국관광명품점,종로구,공예,1.0,0.00553474772722734
대중교통,STORE_04293,미술,298.6700612791005,한지마트,종로구,공예,1.0,0.0033481762307120645
대중교통,STORE_04101,미술,234.1693362546551,서예아이,종로구,공예,1.0,0.0042704139491283235
대중교통,STORE_04197,미술,287.355850826328,이월사일,종로구,공예,1.0,0.0034800057041621873
대중교통,STORE_04102,스포츠관람,28960.38964387893,서울 우리카드 우리WON 프로배구단,종로구,스포츠관람,1.0,3.4529922155635084e-05
대중교통,STORE_04103,공연,1865.7953560944227,서울돈화문국악당((주)인사이트모션 서울돈화문국악당),종로구,공연,1.0,0.0005359644597322027
대중교통,STORE_04105,미술,350.8953592999258,서울미술관,종로구,전시,1.0,0.0028498524517255176
대중교통,STORE_04111,미술,223.41339231284817,성곡미술관((재)성곡미술문화재단),종로구,전시,1.0,0.004476007412302702
대중교통,STORE_04113,미술,438.4481553467239,세화미술관(재단법인 세화예술문화재단),종로구,전시,1.0,0.0022807713701274487
대중교통,STORE_04314,스포츠관람,40583.96933997614,흥국생명 핑크스파이더스,종로구,스포츠관람,1.0,2.4640270931187036e-05
대중교통,STORE_04124,미술,390.66574049000536,승진문구유통,종로구,공예,1.0,0.002559733030968411
대중교통,STORE_04162,관광지,9645.080213925705,에이스아웃도어,종로구,휴양림/캠핑장,1.0,0.00010367980128938541
대중교통,STORE_04130,미술,457.78082501573505,신문박물관 PRESSEUM((주)동아일보사),종로구,전시,1.0,0.002184451478424479
대중교통,STORE_04202,미술,457.78082501573505,일민미술관(일민문화재단),종로구,전시,1.0,0.002184451478424479
대중교통,STORE_04133,공연,504.5902807037525,쏭기획,종로구,공연,1.0,0.0019818059091532623
대중교통,STORE_04145,공연,1795.576025107933,아스가르드씨어터 (아루또),종로구,공연,1.0,0.000556924344063844
대중교통,STORE_04147,미술,300.7352409888716,아프리카미술관,종로구,전시,1.0,0.00332518396151984
대중교통,STORE_04280,미술,367.86101585518156,필소굿캘리(감성문화플랫폼필소굿),종로구,공예,1.0,0.0027184179809737626
대중교통,STORE_04153,미술,604.1581774001883,알파 신설동점,종로구,공예,1.0,0.001655195671278004
대중교통,STORE_04170,미술,384.6606614799416,열림필방,종로구,공예,1.0,0.0025996939644220562
대중교통,STORE_04176,공연,1502.794227418669,오렌지컴퍼니(경복궁아트홀),종로구,공연,1.0,0.0006654270969071312
대중교통,STORE_04178,미술,298.7470432008823,오피스디포광화문점(두레온),종로구,공예,1.0,0.0033473134638778135
대중교통,STORE_04182,미술,465.0224957516774,우리동네사진관 종로점,종로구,사진관,1.0,0.0021504336008165963
대중교통,STORE_04194,미술,348.8317296607228,윤동주문학관(종로문화재단),종로구,전시,1.0,0.002866711697851024
대중교통,STORE_04196,공연,989.0111947317504,이수엔터테인먼트,종로구,공연,1.0,0.0010111109007934233
대중교통,STORE_04206,미술,452.5053843224343,장포토 스튜디오,종로구,사진관,1.0,0.00220991845543974
대중교통,STORE_04207,공연,384.8073330910228,재단법인 세종문화회관,종로구,공연,1.0,0.002598703075555628
대중교통,STORE_04209,공연,1413.5290865178079,전통문화공간 무계원(종로문화재단),종로구,공연,1.0,0.0007074491848367082
대중교통,STORE_04213,미술,629.9158842253587,제일 사진관,종로구,사진관,1.0,0.0015875135475107976
대중교통,STORE_04218,미술,258.3647339001338,종로문화재단 상촌재,종로구,전시,1.0,0.0038704972807416197
대중교통,STORE_04219,공연,1539.892129505435,종로문화재단 아이들극장,종로구,공연,1.0,0.0006493961368067831
대중교통,STORE_04223,미술,315.4797589337714,종로지스튜디오,종로구,사진관,1.0,0.0031697754663554496
대중교통,STORE_04232,공연,1833.1862625608148,주식회사 메이드림,종로구,공연,1.0,0.000545498305558476
대중교통,STORE_04233,공연,2138.3245882736733,주식회사 아츠리퍼블릭,종로구,공연,1.0,0.0004676558486414482
대중교통,STORE_04238,공연,4.550466089663146,주식회사 연우무대,종로구,공연,1.0,0.21975770839642192
대중교통,STORE_04243,미술,351.91652264359766,주식회사 혜화아트센터,종로구,전시,1.0,0.0028415829768036974
대중교통,STORE_04247,미술,443.87624327878325,짚풀생활사박물관((재)짚풀문화재단),종로구,전시,1.0,0.0022528802006011725
대중교통,STORE_04248,관광지,8393.954727892688,창경궁,종로구,관광명소,1.0,0.00011913335637575582
대중교통,STORE_04249,관광지,6857.28158982382,창덕궁,종로구,관광명소,1.0,0.00014583038291500182
대중교통,STORE_04250,미술,80.62560778508738,창덕궁 동궐마루(한국문화재재단),종로구,공예,1.0,0.012403007276119551
대중교통,STORE_04264,미술,89.99481953920298,춘원당한방박물관,종로구,전시,1.0,0.011111750710988274
대중교통,STORE_04265,공연,2906.5084976912035,케이뮤지컬컴퍼니,종로구,공연,1.0,0.00034405541934398403
대중교통,STORE_04266,미술,346.7060239419652,코닥문화칼라,종로구,사진관,1.0,0.002884287929670899
대중교통,STORE_04267,미술,649.4629439462115,코닥칼라사진관,종로구,사진관,1.0,0.0015397337281845291
대중교통,STORE_04277,미술,413.6720175212677,포작,종로구,공예,1.0,0.002417374049112684
대중교통,STORE_04282,미술,229.94787385289692,하나아트갤러리,종로구,전시,1.0,0.004348811681728023
대중교통,STORE_04289,미술,244.80075199137994,한세서각,종로구,공예,1.0,0.004084954771851406
대중교통,STORE_04286,미술,68.38110543054022,한국포토마트,종로구,사진관,1.0,0.014623922700632187
대중교통,STORE_04308,미술,507.4467437776248,화정박물관((재)한빛문화재단),종로구,전시,1.0,0.0019706501465663632
대중교통,STORE_04312,공연,1834.0157946788572,휴먼컴퍼니,종로구,공연,1.0,0.0005452515746600229
대중교통,STORE_04313,미술,777.005067444587,흑백사진관 우리들,종로구,사진관,1.0,0.0012869928934811177
대중교통,STORE_04315,미술,340.65919729999064,(재)국립현대미술관문화재단 덕수궁 미술가게,중구,전시,1.0,0.002935485106305179
대중교통,STORE_04357,미술,220.39723292510917,국립현대미술관 덕수궁관,중구,전시,1.0,0.004537262046024867
대중교통,STORE_04324,공연,1129.5729688990343,(주)명보아트홀,중구,공연,1.0,0.0008852903066321375
대중교통,STORE_04330,공연,1136.058866356941,(주)에픽씨어터(공연),중구,공연,1.0,0.000880236077208527
대중교통,STORE_04398,공연,1129.5729688990343,명보아트홀 페인터즈 전용관((주)펜타토닉 충무로),중구,공연,1.0,0.0008852903066321375
대중교통,STORE_04496,공연,1129.5729688990343,태권쇼 케이킥((주)유니프렌즈),중구,공연,1.0,0.0008852903066321375
대중교통,STORE_04327,공연,1749.9277569183485,(주)수키컴퍼니,중구,공연,1.0,0.0005714521619801131
대중교통,STORE_04334,공연,1933.2380681278669,(주)키위미디어그룹 썬앤문(SUN&MOON),중구,공연,1.0,0.0005172668676902232
대중교통,STORE_04500,공연,1933.2380681278669,페인터즈 경향아트힐((주)펜타토닉),중구,공연,1.0,0.0005172668676902232
대중교통,STORE_04344,스포츠관람,16678.61450994704,IBK 기업은행 알토스,중구,스포츠관람,1.0,5.9957018576309506e-05
대중교통,STORE_04345,공연,1129.8892014879843,JUMP점프(주식회사 에이씨피),중구,공연,1.0,0.0008850425322085303
대중교통,STORE_04346,스포츠관람,58268.86508549603,KOVO마켓 장충점((주)케이엔코리아),중구,스포츠관람,1.0,1.716182387511293e-05
대중교통,STORE_04350,미술,316.68914033926103,piknic (재단법인 목목문화재단),중구,전시,1.0,0.00315767063855971
대중교통,STORE_04352,미술,430.42135896678224,각시공방,중구,공예,1.0,0.0023233047783699206
대중교통,STORE_04353,미술,446.9690292425445,갤러리 포토 (유프코리아),중구,사진관,1.0,0.0022372914778785655
대중교통,STORE_04356,공연,758.8174017451123,국립극장,중구,공연,1.0,0.0013178400992125655
대중교통,STORE_04359,미술,419.93195014990795,그레뱅뮤지엄,중구,전시,1.0,0.0023813382135915557
대중교통,STORE_04362,미술,603.2795728493812,김정사진관,중구,사진관,1.0,0.0016576062658260544
대중교통,STORE_04366,미술,399.97093376059115,"낙원화랑(낙원,현대)",중구,공예,1.0,0.0025001816771979875
대중교통,STORE_04367,미술,319.1767061614852,남대문놋전 방짜유기 놋그릇 납청유기방짜,중구,공예,1.0,0.0031330607174511575
대중교통,STORE_04368,미술,369.1680281616334,남대문미술상사,중구,공예,1.0,0.00270879362164637
대중교통,STORE_04369,관광지,2249.3239608749886,남산케이블카(한국삭도공업㈜),중구,관광명소,1.0,0.00044457802317234875
대중교통,STORE_04373,미술,408.63192756369256,뉴서울스튜디오,중구,사진관,1.0,0.0024471900812109994
대중교통,STORE_04376,미술,68.9231273210065,대영스튜디오,중구,사진관,1.0,0.014508917962218154
대중교통,STORE_04380,관광지,8862.74292811354,덕수궁,중구,관광명소,1.0,0.00011283188603247154
대중교통,STORE_04381,미술,214.58682939459953,덕수궁 돌담길(한국문화재재단),중구,전시,1.0,0.004660118250599246
대중교통,STORE_04394,미술,241.46778747697311,명동갤러리,중구,전시,1.0,0.0041413391427846755
대중교통,STORE_04396,공연,861.0678100140846,명동예술극장(국립극단),중구,공연,1.0,0.0011613487211694082
대중교통,STORE_04407,미술,112.04495400981087,봄사진관(스튜디오 봄),중구,사진관,1.0,0.008924989160265425
대중교통,STORE_04410,미술,575.5475143848425,사진속이야기,중구,사진관,1.0,0.0017374760119828183
대중교통,STORE_04411,미술,306.75202954242843,삼오스튜디오,중구,사진관,1.0,0.003259962131274782
대중교통,STORE_04413,관광지,16347.674341941276,서울시티투어버스,중구,관광명소,1.0,6.117078056995664e-05
대중교통,STORE_04435,미술,299.6305478953929,아트블랙,중구,사진관,1.0,0.0033374434183163467
대중교통,STORE_04460,미술,277.00429318922903,월드포토,중구,사진관,1.0,0.003610052351487828
대중교통,STORE_04502,미술,277.00429318922903,포토마루,중구,사진관,1.0,0.003610052351487828
대중교통,STORE_04437,스포츠관람,31687.753164530528,안산 OK금융그룹 읏맨프로배구단,중구,스포츠관람,1.0,3.1557933274970823e-05
대중교통,STORE_04438,미술,168.39075564357177,알파 숭의여대점(숭의문고),중구,공예,1.0,0.005938568279345889
대중교통,STORE_04439,미술,603.449439356473,알파문구 신당점 (알파문구센터),중구,공예,1.0,0.0016571396620509154
대중교통,STORE_04471,공연,2334.633741788262,재단법인 중구문화재단,중구,공연,1.0,0.0004283327110804237
대중교통,STORE_04472,미술,482.10921865266346,재단법인 중구문화재단,중구,전시,1.0,0.002074218789664862
대중교통,STORE_04492,공연,2276.804712168122,충무아트홀,중구,공연,1.0,0.0004392120214156333
대중교통,STORE_04449,미술,392.70549434327415,오마이포토(아이엠클린),중구,사진관,1.0,0.002546437506998244
대중교통,STORE_04453,미술,408.8796463809053,우정사진관,중구,사진관,1.0,0.002445707456585934
대중교통,STORE_04454,미술,376.56970580392414,우타스튜디오,중구,사진관,1.0,0.0026555508438076253
대중교통,STORE_04455,미술,502.5851514259331,웅진스튜디오,중구,사진관,1.0,0.001989712583355881
대중교통,STORE_04458,미술,396.04744523708405,원포토(서울역사진관 원스튜디오),중구,사진관,1.0,0.00252495000795012
대중교통,STORE_04461,미술,297.48216313545646,월포현상소,중구,사진관,1.0,0.003361546082158401
대중교통,STORE_04506,미술,295.84508096654406,필스튜디오,중구,사진관,1.0,0.003380147463439103
대중교통,STORE_04463,미술,196.43138233138953,은산 스튜디오,중구,사진관,1.0,0.005090836240784327
대중교통,STORE_04473,공연,1215.2583642607037,정동극장,중구,공연,1.0,0.0008228702878406806
대중교통,STORE_04476,미술,424.9009702917755,종이나라박물관(㈜종이나라),중구,전시,1.0,0.0023534895656117456
대중교통,STORE_04486,미술,318.9962130463809,중앙사진관,중구,사진관,1.0,0.003134833452880532
대중교통,STORE_04487,미술,545.6122729048535,중앙칼라,중구,사진관,1.0,0.0018328033471021001
대중교통,STORE_04508,공연,522.4739413481991,한국서도소리연구보존회,중구,공연,1.0,0.0019139710535985507
대중교통,STORE_04509,미술,334.66371675862723,한국의집 사랑 카페앤아트샵(한국문화재재단),중구,전시,1.0,0.002988074147043672
대중교통,STORE_04510,공연,1138.51945829158,한국의집(국가유산진흥원),중구,공연,1.0,0.0008783336926894188
대중교통,STORE_04521,미술,699.0806677769853,ANUDAL (아누달),중랑구,공예,1.0,0.0014304500840795836
대중교통,STORE_04533,관광지,19929.35448876571,가야미,중랑구,휴양림/캠핑장,1.0,5.017723983803417e-05
대중교통,STORE_04536,공연,14324.713718313553,극단 해미소,중랑구,공연,1.0,6.980942304777382e-05
대중교통,STORE_04537,미술,888.7528342618007,넌최고야 사진관,중랑구,사진관,1.0,0.0011251722204977286
대중교통,STORE_04540,미술,911.2017328153507,뉴허니사진관,중랑구,사진관,1.0,0.0010974518199282702
대중교통,STORE_04543,미술,828.212626034604,드라마포토(M.D.P),중랑구,사진관,1.0,0.0012074194096604106
대중교통,STORE_04551,미술,933.015433292306,린스튜디오,중랑구,사진관,1.0,0.0010717936320424276
대중교통,STORE_04612,미술,932.4307444806618,신공손문고,중랑구,공예,1.0,0.0010724657095653495
대중교통,STORE_04686,미술,933.015433292306,포토월드스튜디오,중랑구,사진관,1.0,0.0010717936320424276
대중교통,STORE_04694,미술,895.8121938462525,한양사진관,중랑구,사진관,1.0,0.0011163054118591615
대중교통,STORE_04552,미술,794.0653089304632,링컨포토,중랑구,사진관,1.0,0.0012593422590730136
대중교통,STORE_04554,미술,666.6082413422887,마주하다사진관,중랑구,사진관,1.0,0.0015001314685014853
대중교통,STORE_04556,미술,682.2104548266324,말랑말랑스튜디오,중랑구,사진관,1.0,0.0014658233290401953
대중교통,STORE_04568,미술,729.3605406907973,모닝글로리 망우2호점,중랑구,공예,1.0,0.0013710640269253842
대중교통,STORE_04569,미술,883.2961751607602,모아문구 중랑점,중랑구,공예,1.0,0.0011321230954249289
대중교통,STORE_04570,미술,1060.6236024140242,무지개영상,중랑구,사진관,1.0,0.0009428415488057759
대중교통,STORE_04683,미술,1066.3747420336815,토브미디어 Tov Media (스튜디오 813 Tov Media),중랑구,사진관,1.0,0.0009377566446227914
대중교통,STORE_04575,미술,1116.3010905787648,바닐라스튜디오,중랑구,사진관,1.0,0.0008958156615985508
대중교통,STORE_04580,미술,841.1143635644175,베이비파스텔 중랑점,중랑구,사진관,1.0,0.0011888989694127535
대중교통,STORE_04583,미술,934.5108137553211,빠션포토스튜디오,중랑구,사진관,1.0,0.001070078575101246
대중교통,STORE_04586,미술,1036.9436633810349,사랑이야기스튜디오 중랑점,중랑구,사진관,1.0,0.0009643725453120788
대중교통,STORE_04601,미술,854.5224821500068,선인장사진관 중랑점,중랑구,사진관,1.0,0.00117024422515364
대중교통,STORE_04620,미술,1092.2197989226506,아이비포토,중랑구,사진관,1.0,0.0009155666295249227
대중교통,STORE_04625,미술,1124.2253261528263,알파문구 중화역점,중랑구,공예,1.0,0.00088950139864049
대중교통,STORE_04634,미술,784.9898962091123,예일사진관,중랑구,사진관,1.0,0.0012739017467985492
대중교통,STORE_04636,미술,884.065687429759,오피스랜드,중랑구,공예,1.0,0.0011311376679568872
대중교통,STORE_04675,미술,993.6306909832323,코닥사진관,중랑구,사진관,1.0,0.0010064101371611873
대중교통,STORE_04638,미술,724.318219272686,왕자사진관,중랑구,사진관,1.0,0.001380608651545637
대중교통,STORE_04640,미술,368.6449619408289,용마랜드 스튜디오,중랑구,사진관,1.0,0.0027126370986741157
대중교통,STORE_04645,미술,1121.353792703301,원칼라사진관,중랑구,사진관,1.0,0.0008917792105462562
대중교통,STORE_04649,미술,782.3237102839464,유일피앤아이,중랑구,공예,1.0,0.001278243247462163
대중교통,STORE_04652,미술,789.6558547456085,이상범사진스튜디오,중랑구,사진관,1.0,0.0012663744515921495
대중교통,STORE_04654,미술,993.8237869162466,이재연포토스튜디오,중랑구,사진관,1.0,0.001006214595751343
대중교통,STORE_04659,미술,909.3705529279625,정원사진관,중랑구,사진관,1.0,0.001099661735010257
대중교통,STORE_04671,미술,723.7863678171788,진영상사,중랑구,공예,1.0,0.0013816231480234097
대중교통,STORE_04685,미술,865.7882437474874,포토아트,중랑구,사진관,1.0,0.001155016838380236
대중교통,STORE_04692,미술,864.3226587651842,한국실용아트버닝협회,중랑구,공예,1.0,0.0011569753376923515
대중교통,STORE_04693,미술,949.4177680098967,한빛스튜디오,중랑구,사진관,1.0,0.0010532771069748676
