"동별","연령별","시점","계","한국인","등록외국인",
"합계","합계","2024 년","9597372","9331828","265544",
"합계","합계","2025 년","9579177","9299548","279629",
"합계","0~4세","2024 년","207542","202897","4645",
"합계","0~4세","2025 년","206861","202627","4234",
"합계","5~9세","2024 년","286741","280883","5858",
"합계","5~9세","2025 년","263682","258035","5647",
"합계","10~14세","2024 년","356567","352036","4531",
"합계","10~14세","2025 년","351584","346816","4768",
"합계","15~19세","2024 년","381258","368731","12527",
"합계","15~19세","2025 년","386226","371055","15171",
"합계","20~24세","2024 년","581606","530569","51037",
"합계","20~24세","2025 년","548450","492144","56306",
"합계","25~29세","2024 년","818212","777691","40521",
"합계","25~29세","2025 년","806484","762741","43743",
"합계","30~34세","2024 년","822127","796699","25428",
"합계","30~34세","2025 년","838104","812000","26104",
"합계","35~39세","2024 년","669306","645966","23340",
"합계","35~39세","2025 년","674769","650944","23825",
"합계","40~44세","2024 년","727806","708639","19167",
"합계","40~44세","2025 년","702753","682655","20098",
"합계","45~49세","2024 년","691254","675311","15943",
"합계","45~49세","2025 년","698579","681985","16594",
"합계","50~54세","2024 년","794160","775758","18402",
"합계","50~54세","2025 년","763738","746357","17381",
"합계","55~59세","2024 년","730403","710310","20093",
"합계","55~59세","2025 년","741134","721357","19777",
"합계","60~64세","2024 년","705495","692690","12805",
"합계","60~64세","2025 년","684062","670730","13332",
"합계","65~69세","2024 년","640195","633549","6646",
"합계","65~69세","2025 년","655487","648113","7374",
"합계","70~74세","2024 년","439509","436781","2728",
"합계","70~74세","2025 년","478390","475221","3169",
"합계","75~79세","2024 년","337947","336990","957",
"합계","75~79세","2025 년","353170","352044","1126",
"합계","80~84세","2024 년","235361","234945","416",
"합계","80~84세","2025 년","240530","240084","446",
"합계","85~89세","2024 년","120587","120305","282",
"합계","85~89세","2025 년","128121","127827","294",
"합계","90~94세","2024 년","40193","40067","126",
"합계","90~94세","2025 년","45150","45015","135",
"합계","95~99세","2024 년","9577","9527","50",
"합계","95~99세","2025 년","10445","10385","60",
"합계","100세 이상","2024 년","1526","1484","42",
"합계","100세 이상","2025 년","1458","1413","45",
"종로구","합계","2024 년","149608","138336","11272",
"종로구","합계","2025 년","148813","137048","11765",
"종로구","0~4세","2024 년","2449","2254","195",
"종로구","0~4세","2025 년","2412","2204","208",
"종로구","5~9세","2024 년","3497","3257","240",
"종로구","5~9세","2025 년","3130","2886","244",
"종로구","10~14세","2024 년","4644","4420","224",
"종로구","10~14세","2025 년","4410","4186","224",
"종로구","15~19세","2024 년","5595","4958","637",
"종로구","15~19세","2025 년","5776","5007","769",
"종로구","20~24세","2024 년","12174","8639","3535",
"종로구","20~24세","2025 년","11569","7997","3572",
"종로구","25~29세","2024 년","14573","12324","2249",
"종로구","25~29세","2025 년","14572","12209","2363",
"종로구","30~34세","2024 년","12207","11326","881",
"종로구","30~34세","2025 년","12419","11449","970",
"종로구","35~39세","2024 년","9177","8428","749",
"종로구","35~39세","2025 년","9210","8420","790",
"종로구","40~44세","2024 년","10034","9340","694",
"종로구","40~44세","2025 년","9811","9110","701",
"종로구","45~49세","2024 년","9658","9147","511",
"종로구","45~49세","2025 년","9706","9135","571",
"종로구","50~54세","2024 년","12328","11851","477",
"종로구","50~54세","2025 년","11500","11049","451",
"종로구","55~59세","2024 년","11884","11525","359",
"종로구","55~59세","2025 년","12082","11706","376",
"종로구","60~64세","2024 년","11548","11293","255",
"종로구","60~64세","2025 년","11258","11026","232",
"종로구","65~69세","2024 년","9874","9723","151",
"종로구","65~69세","2025 년","10138","9975","163",
"종로구","70~74세","2024 년","6532","6478","54",
"종로구","70~74세","2025 년","7188","7126","62",
"종로구","75~79세","2024 년","5421","5389","32",
"종로구","75~79세","2025 년","5475","5437","38",
"종로구","80~84세","2024 년","4351","4337","14",
"종로구","80~84세","2025 년","4316","4300","16",
"종로구","85~89세","2024 년","2509","2500","9",
"종로구","85~89세","2025 년","2588","2580","8",
"종로구","90~94세","2024 년","889","884","5",
"종로구","90~94세","2025 년","989","983","6",
"종로구","95~99세","2024 년","223","222","1",
"종로구","95~99세","2025 년","230","229","1",
"종로구","100세 이상","2024 년","41","41","-",
"종로구","100세 이상","2025 년","34","34","-",
"청운효자동","합계","2024 년","11158","11030","128",
"청운효자동","합계","2025 년","11001","10876","125",
"청운효자동","0~4세","2024 년","224","220","4",
"청운효자동","0~4세","2025 년","214","210","4",
"청운효자동","5~9세","2024 년","326","324","2",
"청운효자동","5~9세","2025 년","301","299","2",
"청운효자동","10~14세","2024 년","480","476","4",
"청운효자동","10~14세","2025 년","467","463","4",
"청운효자동","15~19세","2024 년","538","533","5",
"청운효자동","15~19세","2025 년","546","543","3",
"청운효자동","20~24세","2024 년","567","562","5",
"청운효자동","20~24세","2025 년","518","509","9",
"청운효자동","25~29세","2024 년","765","752","13",
"청운효자동","25~29세","2025 년","766","757","9",
"청운효자동","30~34세","2024 년","833","821","12",
"청운효자동","30~34세","2025 년","818","805","13",
"청운효자동","35~39세","2024 년","717","704","13",
"청운효자동","35~39세","2025 년","716","704","12",
"청운효자동","40~44세","2024 년","887","868","19",
"청운효자동","40~44세","2025 년","845","829","16",
"청운효자동","45~49세","2024 년","915","899","16",
"청운효자동","45~49세","2025 년","907","887","20",
"청운효자동","50~54세","2024 년","1013","1008","5",
"청운효자동","50~54세","2025 년","983","975","8",
"청운효자동","55~59세","2024 년","894","887","7",
"청운효자동","55~59세","2025 년","876","871","5",
"청운효자동","60~64세","2024 년","769","760","9",
"청운효자동","60~64세","2025 년","756","749","7",
"청운효자동","65~69세","2024 년","668","663","5",
"청운효자동","65~69세","2025 년","667","663","4",
"청운효자동","70~74세","2024 년","481","477","4",
"청운효자동","70~74세","2025 년","517","513","4",
"청운효자동","75~79세","2024 년","423","420","3",
"청운효자동","75~79세","2025 년","426","423","3",
"청운효자동","80~84세","2024 년","342","340","2",
"청운효자동","80~84세","2025 년","365","363","2",
"청운효자동","85~89세","2024 년","219","219","-",
"청운효자동","85~89세","2025 년","211","211","-",
"청운효자동","90~94세","2024 년","78","78","-",
"청운효자동","90~94세","2025 년","85","85","-",
"청운효자동","95~99세","2024 년","16","16","-",
"청운효자동","95~99세","2025 년","15","15","-",
"청운효자동","100세 이상","2024 년","3","3","-",
"청운효자동","100세 이상","2025 년","2","2","-",
"사직동","합계","2024 년","9208","8962","246",
"사직동","합계","2025 년","9139","8898","241",
"사직동","0~4세","2024 년","163","157","6",
"사직동","0~4세","2025 년","164","155","9",
"사직동","5~9세","2024 년","265","257","8",
"사직동","5~9세","2025 년","232","223","9",
"사직동","10~14세","2024 년","324","318","6",
"사직동","10~14세","2025 년","317","310","7",
"사직동","15~19세","2024 년","312","310","2",
"사직동","15~19세","2025 년","293","289","4",
"사직동","20~24세","2024 년","403","396","7",
"사직동","20~24세","2025 년","395","389","6",
"사직동","25~29세","2024 년","644","628","16",
"사직동","25~29세","2025 년","638","624","14",
"사직동","30~34세","2024 년","835","819","16",
"사직동","30~34세","2025 년","831","821","10",
"사직동","35~39세","2024 년","659","619","40",
"사직동","35~39세","2025 년","653","614","39",
"사직동","40~44세","2024 년","776","740","36",
"사직동","40~44세","2025 년","761","714","47",
"사직동","45~49세","2024 년","695","660","35",
"사직동","45~49세","2025 년","695","658","37",
"사직동","50~54세","2024 년","785","762","23",
"사직동","50~54세","2025 년","720","701","19",
"사직동","55~59세","2024 년","707","690","17",
"사직동","55~59세","2025 년","782","767","15",
"사직동","60~64세","2024 년","699","679","20",
"사직동","60~64세","2025 년","674","664","10",
"사직동","65~69세","2024 년","601","592","9",
"사직동","65~69세","2025 년","623","613","10",
"사직동","70~74세","2024 년","377","376","1",
"사직동","70~74세","2025 년","411","409","2",
"사직동","75~79세","2024 년","336","334","2",
"사직동","75~79세","2025 년","342","340","2",
"사직동","80~84세","2024 년","309","309","-",
"사직동","80~84세","2025 년","290","290","-",
"사직동","85~89세","2024 년","209","208","1",
"사직동","85~89세","2025 년","205","205","-",
"사직동","90~94세","2024 년","79","78","1",
"사직동","90~94세","2025 년","80","79","1",
"사직동","95~99세","2024 년","23","23","-",
"사직동","95~99세","2025 년","27","27","-",
"사직동","100세 이상","2024 년","7","7","-",
"사직동","100세 이상","2025 년","6","6","-",
"삼청동","합계","2024 년","2460","2219","241",
"삼청동","합계","2025 년","2353","2114","239",
"삼청동","0~4세","2024 년","37","32","5",
"삼청동","0~4세","2025 년","39","33","6",
"삼청동","5~9세","2024 년","69","49","20",
"삼청동","5~9세","2025 년","51","35","16",
"삼청동","10~14세","2024 년","95","70","25",
"삼청동","10~14세","2025 년","89","70","19",
"삼청동","15~19세","2024 년","103","85","18",
"삼청동","15~19세","2025 년","104","84","20",
"삼청동","20~24세","2024 년","86","83","3",
"삼청동","20~24세","2025 년","80","75","5",
"삼청동","25~29세","2024 년","164","156","8",
"삼청동","25~29세","2025 년","149","142","7",
"삼청동","30~34세","2024 년","159","146","13",
"삼청동","30~34세","2025 년","153","139","14",
"삼청동","35~39세","2024 년","157","140","17",
"삼청동","35~39세","2025 년","153","133","20",
"삼청동","40~44세","2024 년","206","165","41",
"삼청동","40~44세","2025 년","178","147","31",
"삼청동","45~49세","2024 년","185","142","43",
"삼청동","45~49세","2025 년","178","140","38",
"삼청동","50~54세","2024 년","184","171","13",
"삼청동","50~54세","2025 년","178","158","20",
"삼청동","55~59세","2024 년","176","165","11",
"삼청동","55~59세","2025 년","171","160","11",
"삼청동","60~64세","2024 년","188","184","4",
"삼청동","60~64세","2025 년","189","183","6",
"삼청동","65~69세","2024 년","207","196","11",
"삼청동","65~69세","2025 년","193","182","11",
"삼청동","70~74세","2024 년","137","131","6",
"삼청동","70~74세","2025 년","145","140","5",
"삼청동","75~79세","2024 년","123","122","1",
"삼청동","75~79세","2025 년","124","117","7",
"삼청동","80~84세","2024 년","99","98","1",
"삼청동","80~84세","2025 년","96","94","2",
"삼청동","85~89세","2024 년","54","53","1",
"삼청동","85~89세","2025 년","51","50","1",
"삼청동","90~94세","2024 년","26","26","-",
"삼청동","90~94세","2025 년","26","26","-",
"삼청동","95~99세","2024 년","5","5","-",
"삼청동","95~99세","2025 년","6","6","-",
"삼청동","100세 이상","2024 년","-","-","-",
"삼청동","100세 이상","2025 년","-","-","-",
"부암동","합계","2024 년","9318","9051","267",
"부암동","합계","2025 년","9170","8926","244",
"부암동","0~4세","2024 년","125","125","-",
"부암동","0~4세","2025 년","129","129","-",
"부암동","5~9세","2024 년","245","245","-",
"부암동","5~9세","2025 년","207","207","-",
"부암동","10~14세","2024 년","368","368","-",
"부암동","10~14세","2025 년","341","341","-",
"부암동","15~19세","2024 년","408","401","7",
"부암동","15~19세","2025 년","408","404","4",
"부암동","20~24세","2024 년","555","478","77",
"부암동","20~24세","2025 년","524","439","85",
"부암동","25~29세","2024 년","631","566","65",
"부암동","25~29세","2025 년","648","587","61",
"부암동","30~34세","2024 년","701","665","36",
"부암동","30~34세","2025 년","674","646","28",
"부암동","35~39세","2024 년","565","538","27",
"부암동","35~39세","2025 년","549","526","23",
"부암동","40~44세","2024 년","678","659","19",
"부암동","40~44세","2025 년","661","649","12",
"부암동","45~49세","2024 년","686","675","11",
"부암동","45~49세","2025 년","671","661","10",
"부암동","50~54세","2024 년","840","833","7",
"부암동","50~54세","2025 년","794","791","3",
"부암동","55~59세","2024 년","795","787","8",
"부암동","55~59세","2025 년","809","803","6",
"부암동","60~64세","2024 년","728","725","3",
"부암동","60~64세","2025 년","709","706","3",
"부암동","65~69세","2024 년","668","664","4",
"부암동","65~69세","2025 년","665","661","4",
"부암동","70~74세","2024 년","414","412","2",
"부암동","70~74세","2025 년","464","460","4",
"부암동","75~79세","2024 년","373","372","1",
"부암동","75~79세","2025 년","377","376","1",
"부암동","80~84세","2024 년","272","272","-",
"부암동","80~84세","2025 년","268","268","-",
"부암동","85~89세","2024 년","174","174","-",
"부암동","85~89세","2025 년","178","178","-",
"부암동","90~94세","2024 년","63","63","-",
"부암동","90~94세","2025 년","70","70","-",
"부암동","95~99세","2024 년","27","27","-",
"부암동","95~99세","2025 년","20","20","-",
"부암동","100세 이상","2024 년","2","2","-",
"부암동","100세 이상","2025 년","4","4","-",
"평창동","합계","2024 년","17454","17251","203",
"평창동","합계","2025 년","17270","17071","199",
"평창동","0~4세","2024 년","372","370","2",
"평창동","0~4세","2025 년","371","370","1",
"평창동","5~9세","2024 년","572","569","3",
"평창동","5~9세","2025 년","506","505","1",
"평창동","10~14세","2024 년","759","752","7",
"평창동","10~14세","2025 년","740","734","6",
"평창동","15~19세","2024 년","760","759","1",
"평창동","15~19세","2025 년","797","797","-",
"평창동","20~24세","2024 년","901","898","3",
"평창동","20~24세","2025 년","800","796","4",
"평창동","25~29세","2024 년","1027","1011","16",
"평창동","25~29세","2025 년","972","954","18",
"평창동","30~34세","2024 년","1070","1053","17",
"평창동","30~34세","2025 년","1066","1049","17",
"평창동","35~39세","2024 년","1022","997","25",
"평창동","35~39세","2025 년","986","952","34",
"평창동","40~44세","2024 년","1269","1240","29",
"평창동","40~44세","2025 년","1232","1206","26",
"평창동","45~49세","2024 년","1188","1165","23",
"평창동","45~49세","2025 년","1241","1222","19",
"평창동","50~54세","2024 년","1548","1527","21",
"평창동","50~54세","2025 년","1442","1426","16",
"평창동","55~59세","2024 년","1588","1577","11",
"평창동","55~59세","2025 년","1559","1541","18",
"평창동","60~64세","2024 년","1546","1526","20",
"평창동","60~64세","2025 년","1510","1493","17",
"평창동","65~69세","2024 년","1311","1300","11",
"평창동","65~69세","2025 년","1370","1361","9",
"평창동","70~74세","2024 년","824","818","6",
"평창동","70~74세","2025 년","911","904","7",
"평창동","75~79세","2024 년","666","663","3",
"평창동","75~79세","2025 년","658","658","-",
"평창동","80~84세","2024 년","483","481","2",
"평창동","80~84세","2025 년","502","500","2",
"평창동","85~89세","2024 년","350","347","3",
"평창동","85~89세","2025 년","375","372","3",
"평창동","90~94세","2024 년","153","153","-",
"평창동","90~94세","2025 년","189","188","1",
"평창동","95~99세","2024 년","33","33","-",
"평창동","95~99세","2025 년","34","34","-",
"평창동","100세 이상","2024 년","12","12","-",
"평창동","100세 이상","2025 년","9","9","-",
"무악동","합계","2024 년","7867","7839","28",
"무악동","합계","2025 년","7714","7691","23",
"무악동","0~4세","2024 년","188","188","-",
"무악동","0~4세","2025 년","178","178","-",
"무악동","5~9세","2024 년","310","310","-",
"무악동","5~9세","2025 년","287","287","-",
"무악동","10~14세","2024 년","468","468","-",
"무악동","10~14세","2025 년","420","420","-",
"무악동","15~19세","2024 년","451","451","-",
"무악동","15~19세","2025 년","440","440","-",
"무악동","20~24세","2024 년","418","417","1",
"무악동","20~24세","2025 년","401","401","-",
"무악동","25~29세","2024 년","376","376","-",
"무악동","25~29세","2025 년","392","392","-",
"무악동","30~34세","2024 년","394","388","6",
"무악동","30~34세","2025 년","391","385","6",
"무악동","35~39세","2024 년","432","427","5",
"무악동","35~39세","2025 년","410","406","4",
"무악동","40~44세","2024 년","600","597","3",
"무악동","40~44세","2025 년","595","592","3",
"무악동","45~49세","2024 년","651","648","3",
"무악동","45~49세","2025 년","630","628","2",
"무악동","50~54세","2024 년","823","818","5",
"무악동","50~54세","2025 년","723","719","4",
"무악동","55~59세","2024 년","590","590","-",
"무악동","55~59세","2025 년","639","637","2",
"무악동","60~64세","2024 년","620","617","3",
"무악동","60~64세","2025 년","606","605","1",
"무악동","65~69세","2024 년","488","486","2",
"무악동","65~69세","2025 년","504","503","1",
"무악동","70~74세","2024 년","351","351","-",
"무악동","70~74세","2025 년","377","377","-",
"무악동","75~79세","2024 년","268","268","-",
"무악동","75~79세","2025 년","277","277","-",
"무악동","80~84세","2024 년","248","248","-",
"무악동","80~84세","2025 년","241","241","-",
"무악동","85~89세","2024 년","136","136","-",
"무악동","85~89세","2025 년","146","146","-",
"무악동","90~94세","2024 년","42","42","-",
"무악동","90~94세","2025 년","50","50","-",
"무악동","95~99세","2024 년","10","10","-",
"무악동","95~99세","2025 년","7","7","-",
"무악동","100세 이상","2024 년","3","3","-",
"무악동","100세 이상","2025 년","-","-","-",
"교남동","합계","2024 년","9713","9552","161",
"교남동","합계","2025 년","9589","9438","151",
"교남동","0~4세","2024 년","296","291","5",
"교남동","0~4세","2025 년","271","266","5",
"교남동","5~9세","2024 년","430","423","7",
"교남동","5~9세","2025 년","354","348","6",
"교남동","10~14세","2024 년","357","348","9",
"교남동","10~14세","2025 년","360","351","9",
"교남동","15~19세","2024 년","390","386","4",
"교남동","15~19세","2025 년","401","394","7",
"교남동","20~24세","2024 년","429","425","4",
"교남동","20~24세","2025 년","428","427","1",
"교남동","25~29세","2024 년","644","637","7",
"교남동","25~29세","2025 년","630","623","7",
"교남동","30~34세","2024 년","704","696","8",
"교남동","30~34세","2025 년","703","690","13",
"교남동","35~39세","2024 년","753","725","28",
"교남동","35~39세","2025 년","699","683","16",
"교남동","40~44세","2024 년","854","833","21",
"교남동","40~44세","2025 년","816","796","20",
"교남동","45~49세","2024 년","817","790","27",
"교남동","45~49세","2025 년","815","791","24",
"교남동","50~54세","2024 년","916","903","13",
"교남동","50~54세","2025 년","919","907","12",
"교남동","55~59세","2024 년","745","735","10",
"교남동","55~59세","2025 년","795","780","15",
"교남동","60~64세","2024 년","625","618","7",
"교남동","60~64세","2025 년","596","589","7",
"교남동","65~69세","2024 년","579","574","5",
"교남동","65~69세","2025 년","585","580","5",
"교남동","70~74세","2024 년","404","403","1",
"교남동","70~74세","2025 년","427","427","-",
"교남동","75~79세","2024 년","337","334","3",
"교남동","75~79세","2025 년","353","351","2",
"교남동","80~84세","2024 년","234","233","1",
"교남동","80~84세","2025 년","239","238","1",
"교남동","85~89세","2024 년","148","148","-",
"교남동","85~89세","2025 년","139","139","-",
"교남동","90~94세","2024 년","38","38","-",
"교남동","90~94세","2025 년","49","49","-",
"교남동","95~99세","2024 년","13","12","1",
"교남동","95~99세","2025 년","10","9","1",
"교남동","100세 이상","2024 년","-","-","-",
"교남동","100세 이상","2025 년","-","-","-",
"가회동","합계","2024 년","3882","3778","104",
"가회동","합계","2025 년","3714","3620","94",
"가회동","0~4세","2024 년","57","55","2",
"가회동","0~4세","2025 년","54","50","4",
"가회동","5~9세","2024 년","101","97","4",
"가회동","5~9세","2025 년","77","73","4",
"가회동","10~14세","2024 년","149","146","3",
"가회동","10~14세","2025 년","134","132","2",
"가회동","15~19세","2024 년","163","157","6",
"가회동","15~19세","2025 년","155","152","3",
"가회동","20~24세","2024 년","158","157","1",
"가회동","20~24세","2025 년","128","127","1",
"가회동","25~29세","2024 년","222","217","5",
"가회동","25~29세","2025 년","203","202","1",
"가회동","30~34세","2024 년","286","275","11",
"가회동","30~34세","2025 년","296","287","9",
"가회동","35~39세","2024 년","253","238","15",
"가회동","35~39세","2025 년","232","218","14",
"가회동","40~44세","2024 년","300","290","10",
"가회동","40~44세","2025 년","274","265","9",
"가회동","45~49세","2024 년","314","298","16",
"가회동","45~49세","2025 년","310","293","17",
"가회동","50~54세","2024 년","370","359","11",
"가회동","50~54세","2025 년","326","314","12",
"가회동","55~59세","2024 년","322","313","9",
"가회동","55~59세","2025 년","329","321","8",
"가회동","60~64세","2024 년","308","304","4",
"가회동","60~64세","2025 년","282","279","3",
"가회동","65~69세","2024 년","247","242","5",
"가회동","65~69세","2025 년","271","267","4",
"가회동","70~74세","2024 년","191","190","1",
"가회동","70~74세","2025 년","212","211","1",
"가회동","75~79세","2024 년","177","176","1",
"가회동","75~79세","2025 년","177","175","2",
"가회동","80~84세","2024 년","147","147","-",
"가회동","80~84세","2025 년","142","142","-",
"가회동","85~89세","2024 년","78","78","-",
"가회동","85~89세","2025 년","76","76","-",
"가회동","90~94세","2024 년","29","29","-",
"가회동","90~94세","2025 년","26","26","-",
"가회동","95~99세","2024 년","9","9","-",
"가회동","95~99세","2025 년","9","9","-",
"가회동","100세 이상","2024 년","1","1","-",
"가회동","100세 이상","2025 년","1","1","-",
"종로1.2.3.4가동","합계","2024 년","8549","6668","1881",
"종로1.2.3.4가동","합계","2025 년","8628","6609","2019",
"종로1.2.3.4가동","0~4세","2024 년","192","79","113",
"종로1.2.3.4가동","0~4세","2025 년","177","70","107",
"종로1.2.3.4가동","5~9세","2024 년","208","70","138",
"종로1.2.3.4가동","5~9세","2025 년","209","69","140",
"종로1.2.3.4가동","10~14세","2024 년","240","108","132",
"종로1.2.3.4가동","10~14세","2025 년","243","105","138",
"종로1.2.3.4가동","15~19세","2024 년","217","104","113",
"종로1.2.3.4가동","15~19세","2025 년","293","121","172",
"종로1.2.3.4가동","20~24세","2024 년","454","297","157",
"종로1.2.3.4가동","20~24세","2025 년","401","245","156",
"종로1.2.3.4가동","25~29세","2024 년","779","651","128",
"종로1.2.3.4가동","25~29세","2025 년","749","629","120",
"종로1.2.3.4가동","30~34세","2024 년","703","570","133",
"종로1.2.3.4가동","30~34세","2025 년","746","605","141",
"종로1.2.3.4가동","35~39세","2024 년","634","422","212",
"종로1.2.3.4가동","35~39세","2025 년","667","445","222",
"종로1.2.3.4가동","40~44세","2024 년","706","450","256",
"종로1.2.3.4가동","40~44세","2025 년","663","400","263",
"종로1.2.3.4가동","45~49세","2024 년","566","395","171",
"종로1.2.3.4가동","45~49세","2025 년","610","404","206",
"종로1.2.3.4가동","50~54세","2024 년","645","492","153",
"종로1.2.3.4가동","50~54세","2025 년","652","498","154",
"종로1.2.3.4가동","55~59세","2024 년","642","565","77",
"종로1.2.3.4가동","55~59세","2025 년","636","543","93",
"종로1.2.3.4가동","60~64세","2024 년","716","656","60",
"종로1.2.3.4가동","60~64세","2025 년","682","623","59",
"종로1.2.3.4가동","65~69세","2024 년","670","649","21",
"종로1.2.3.4가동","65~69세","2025 년","669","639","30",
"종로1.2.3.4가동","70~74세","2024 년","416","409","7",
"종로1.2.3.4가동","70~74세","2025 년","482","474","8",
"종로1.2.3.4가동","75~79세","2024 년","319","316","3",
"종로1.2.3.4가동","75~79세","2025 년","311","308","3",
"종로1.2.3.4가동","80~84세","2024 년","264","259","5",
"종로1.2.3.4가동","80~84세","2025 년","262","257","5",
"종로1.2.3.4가동","85~89세","2024 년","122","121","1",
"종로1.2.3.4가동","85~89세","2025 년","123","122","1",
"종로1.2.3.4가동","90~94세","2024 년","41","40","1",
"종로1.2.3.4가동","90~94세","2025 년","40","39","1",
"종로1.2.3.4가동","95~99세","2024 년","11","11","-",
"종로1.2.3.4가동","95~99세","2025 년","10","10","-",
"종로1.2.3.4가동","100세 이상","2024 년","4","4","-",
"종로1.2.3.4가동","100세 이상","2025 년","3","3","-",
"종로5.6가동","합계","2024 년","5852","5294","558",
"종로5.6가동","합계","2025 년","6017","5428","589",
"종로5.6가동","0~4세","2024 년","56","52","4",
"종로5.6가동","0~4세","2025 년","52","49","3",
"종로5.6가동","5~9세","2024 년","94","87","7",
"종로5.6가동","5~9세","2025 년","99","89","10",
"종로5.6가동","10~14세","2024 년","93","88","5",
"종로5.6가동","10~14세","2025 년","95","88","7",
"종로5.6가동","15~19세","2024 년","160","101","59",
"종로5.6가동","15~19세","2025 년","175","110","65",
"종로5.6가동","20~24세","2024 년","520","356","164",
"종로5.6가동","20~24세","2025 년","555","366","189",
"종로5.6가동","25~29세","2024 년","854","720","134",
"종로5.6가동","25~29세","2025 년","913","792","121",
"종로5.6가동","30~34세","2024 년","681","614","67",
"종로5.6가동","30~34세","2025 년","738","665","73",
"종로5.6가동","35~39세","2024 년","358","333","25",
"종로5.6가동","35~39세","2025 년","368","336","32",
"종로5.6가동","40~44세","2024 년","315","291","24",
"종로5.6가동","40~44세","2025 년","340","317","23",
"종로5.6가동","45~49세","2024 년","298","280","18",
"종로5.6가동","45~49세","2025 년","298","274","24",
"종로5.6가동","50~54세","2024 년","399","381","18",
"종로5.6가동","50~54세","2025 년","359","343","16",
"종로5.6가동","55~59세","2024 년","450","433","17",
"종로5.6가동","55~59세","2025 년","436","426","10",
"종로5.6가동","60~64세","2024 년","458","453","5",
"종로5.6가동","60~64세","2025 년","444","439","5",
"종로5.6가동","65~69세","2024 년","360","352","8",
"종로5.6가동","65~69세","2025 년","387","381","6",
"종로5.6가동","70~74세","2024 년","238","237","1",
"종로5.6가동","70~74세","2025 년","244","241","3",
"종로5.6가동","75~79세","2024 년","229","228","1",
"종로5.6가동","75~79세","2025 년","216","215","1",
"종로5.6가동","80~84세","2024 년","176","176","-",
"종로5.6가동","80~84세","2025 년","175","175","-",
"종로5.6가동","85~89세","2024 년","78","78","-",
"종로5.6가동","85~89세","2025 년","84","84","-",
"종로5.6가동","90~94세","2024 년","28","27","1",
"종로5.6가동","90~94세","2025 년","31","30","1",
"종로5.6가동","95~99세","2024 년","7","7","-",
"종로5.6가동","95~99세","2025 년","8","8","-",
"종로5.6가동","100세 이상","2024 년","-","-","-",
"종로5.6가동","100세 이상","2025 년","-","-","-",
"이화동","합계","2024 년","7533","7009","524",
"이화동","합계","2025 년","7607","7057","550",
"이화동","0~4세","2024 년","74","68","6",
"이화동","0~4세","2025 년","68","60","8",
"이화동","5~9세","2024 년","99","93","6",
"이화동","5~9세","2025 년","85","81","4",
"이화동","10~14세","2024 년","142","138","4",
"이화동","10~14세","2025 년","142","138","4",
"이화동","15~19세","2024 년","216","194","22",
"이화동","15~19세","2025 년","216","185","31",
"이화동","20~24세","2024 년","678","505","173",
"이화동","20~24세","2025 년","655","481","174",
"이화동","25~29세","2024 년","1188","1040","148",
"이화동","25~29세","2025 년","1219","1067","152",
"이화동","30~34세","2024 년","850","797","53",
"이화동","30~34세","2025 년","862","796","66",
"이화동","35~39세","2024 년","506","462","44",
"이화동","35~39세","2025 년","522","476","46",
"이화동","40~44세","2024 년","445","426","19",
"이화동","40~44세","2025 년","441","422","19",
"이화동","45~49세","2024 년","375","367","8",
"이화동","45~49세","2025 년","380","367","13",
"이화동","50~54세","2024 년","512","499","13",
"이화동","50~54세","2025 년","459","453","6",
"이화동","55~59세","2024 년","514","503","11",
"이화동","55~59세","2025 년","533","523","10",
"이화동","60~64세","2024 년","525","517","8",
"이화동","60~64세","2025 년","529","519","10",
"이화동","65~69세","2024 년","418","413","5",
"이화동","65~69세","2025 년","456","453","3",
"이화동","70~74세","2024 년","329","325","4",
"이화동","70~74세","2025 년","362","358","4",
"이화동","75~79세","2024 년","259","259","-",
"이화동","75~79세","2025 년","262","262","-",
"이화동","80~84세","2024 년","220","220","-",
"이화동","80~84세","2025 년","213","213","-",
"이화동","85~89세","2024 년","129","129","-",
"이화동","85~89세","2025 년","144","144","-",
"이화동","90~94세","2024 년","44","44","-",
"이화동","90~94세","2025 년","51","51","-",
"이화동","95~99세","2024 년","10","10","-",
"이화동","95~99세","2025 년","8","8","-",
"이화동","100세 이상","2024 년","-","-","-",
"이화동","100세 이상","2025 년","-","-","-",
"혜화동","합계","2024 년","19023","15822","3201",
"혜화동","합계","2025 년","18901","15652","3249",
"혜화동","0~4세","2024 년","195","188","7",
"혜화동","0~4세","2025 년","188","175","13",
"혜화동","5~9세","2024 년","288","283","5",
"혜화동","5~9세","2025 년","264","254","10",
"혜화동","10~14세","2024 년","498","493","5",
"혜화동","10~14세","2025 년","450","444","6",
"혜화동","15~19세","2024 년","904","664","240",
"혜화동","15~19세","2025 년","937","664","273",
"혜화동","20~24세","2024 년","3900","2141","1759",
"혜화동","20~24세","2025 년","3702","2074","1628",
"혜화동","25~29세","2024 년","2963","2125","838",
"혜화동","25~29세","2025 년","3028","2115","913",
"혜화동","30~34세","2024 년","1452","1268","184",
"혜화동","30~34세","2025 년","1467","1268","199",
"혜화동","35~39세","2024 년","837","781","56",
"혜화동","35~39세","2025 년","883","795","88",
"혜화동","40~44세","2024 년","958","917","41",
"혜화동","40~44세","2025 년","897","854","43",
"혜화동","45~49세","2024 년","923","906","17",
"혜화동","45~49세","2025 년","962","940","22",
"혜화동","50~54세","2024 년","1283","1263","20",
"혜화동","50~54세","2025 년","1173","1153","20",
"혜화동","55~59세","2024 년","1072","1065","7",
"혜화동","55~59세","2025 년","1143","1132","11",
"혜화동","60~64세","2024 년","977","966","11",
"혜화동","60~64세","2025 년","967","956","11",
"혜화동","65~69세","2024 년","778","771","7",
"혜화동","65~69세","2025 년","786","779","7",
"혜화동","70~74세","2024 년","565","564","1",
"혜화동","70~74세","2025 년","612","610","2",
"혜화동","75~79세","2024 년","543","541","2",
"혜화동","75~79세","2025 년","534","532","2",
"혜화동","80~84세","2024 년","487","487","-",
"혜화동","80~84세","2025 년","493","493","-",
"혜화동","85~89세","2024 년","279","279","-",
"혜화동","85~89세","2025 년","280","280","-",
"혜화동","90~94세","2024 년","96","95","1",
"혜화동","90~94세","2025 년","108","107","1",
"혜화동","95~99세","2024 년","19","19","-",
"혜화동","95~99세","2025 년","20","20","-",
"혜화동","100세 이상","2024 년","6","6","-",
"혜화동","100세 이상","2025 년","7","7","-",
"창신1동","합계","2024 년","5423","4495","928",
"창신1동","합계","2025 년","5394","4416","978",
"창신1동","0~4세","2024 년","58","51","7",
"창신1동","0~4세","2025 년","63","56","7",
"창신1동","5~9세","2024 년","61","49","12",
"창신1동","5~9세","2025 년","56","39","17",
"창신1동","10~14세","2024 년","78","71","7",
"창신1동","10~14세","2025 년","71","65","6",
"창신1동","15~19세","2024 년","135","90","45",
"창신1동","15~19세","2025 년","130","80","50",
"창신1동","20~24세","2024 년","490","202","288",
"창신1동","20~24세","2025 년","483","181","302",
"창신1동","25~29세","2024 년","563","358","205",
"창신1동","25~29세","2025 년","550","330","220",
"창신1동","30~34세","2024 년","440","363","77",
"창신1동","30~34세","2025 년","448","361","87",
"창신1동","35~39세","2024 년","292","238","54",
"창신1동","35~39세","2025 년","305","245","60",
"창신1동","40~44세","2024 년","273","226","47",
"창신1동","40~44세","2025 년","260","210","50",
"창신1동","45~49세","2024 년","265","230","35",
"창신1동","45~49세","2025 년","274","236","38",
"창신1동","50~54세","2024 년","386","340","46",
"창신1동","50~54세","2025 년","344","305","39",
"창신1동","55~59세","2024 년","515","462","53",
"창신1동","55~59세","2025 년","486","434","52",
"창신1동","60~64세","2024 년","565","531","34",
"창신1동","60~64세","2025 년","537","511","26",
"창신1동","65~69세","2024 년","502","491","11",
"창신1동","65~69세","2025 년","535","518","17",
"창신1동","70~74세","2024 년","299","294","5",
"창신1동","70~74세","2025 년","330","325","5",
"창신1동","75~79세","2024 년","218","217","1",
"창신1동","75~79세","2025 년","225","224","1",
"창신1동","80~84세","2024 년","153","153","-",
"창신1동","80~84세","2025 년","158","158","-",
"창신1동","85~89세","2024 년","100","100","-",
"창신1동","85~89세","2025 년","105","105","-",
"창신1동","90~94세","2024 년","27","26","1",
"창신1동","90~94세","2025 년","29","28","1",
"창신1동","95~99세","2024 년","3","3","-",
"창신1동","95~99세","2025 년","5","5","-",
"창신1동","100세 이상","2024 년","-","-","-",
"창신1동","100세 이상","2025 년","-","-","-",
"창신2동","합계","2024 년","8574","7333","1241",
"창신2동","합계","2025 년","8456","7174","1282",
"창신2동","0~4세","2024 년","90","68","22",
"창신2동","0~4세","2025 년","92","68","24",
"창신2동","5~9세","2024 년","93","79","14",
"창신2동","5~9세","2025 년","90","75","15",
"창신2동","10~14세","2024 년","134","129","5",
"창신2동","10~14세","2025 년","113","109","4",
"창신2동","15~19세","2024 년","227","182","45",
"창신2동","15~19세","2025 년","224","169","55",
"창신2동","20~24세","2024 년","727","330","397",
"창신2동","20~24세","2025 년","678","270","408",
"창신2동","25~29세","2024 년","817","547","270",
"창신2동","25~29세","2025 년","783","510","273",
"창신2동","30~34세","2024 년","640","527","113",
"창신2동","30~34세","2025 년","644","519","125",
"창신2동","35~39세","2024 년","453","376","77",
"창신2동","35~39세","2025 년","438","362","76",
"창신2동","40~44세","2024 년","403","341","62",
"창신2동","40~44세","2025 년","429","363","66",
"창신2동","45~49세","2024 년","440","400","40",
"창신2동","45~49세","2025 년","417","372","45",
"창신2동","50~54세","2024 년","769","716","53",
"창신2동","50~54세","2025 년","689","642","47",
"창신2동","55~59세","2024 년","917","849","68",
"창신2동","55~59세","2025 년","911","843","68",
"창신2동","60~64세","2024 년","894","864","30",
"창신2동","60~64세","2025 년","869","841","28",
"창신2동","65~69세","2024 년","718","693","25",
"창신2동","65~69세","2025 년","746","720","26",
"창신2동","70~74세","2024 년","450","442","8",
"창신2동","70~74세","2025 년","501","493","8",
"창신2동","75~79세","2024 년","340","333","7",
"창신2동","75~79세","2025 년","363","355","8",
"창신2동","80~84세","2024 년","280","277","3",
"창신2동","80~84세","2025 년","267","263","4",
"창신2동","85~89세","2024 년","130","128","2",
"창신2동","85~89세","2025 년","144","142","2",
"창신2동","90~94세","2024 년","41","41","-",
"창신2동","90~94세","2025 년","44","44","-",
"창신2동","95~99세","2024 년","11","11","-",
"창신2동","95~99세","2025 년","14","14","-",
"창신2동","100세 이상","2024 년","-","-","-",
"창신2동","100세 이상","2025 년","-","-","-",
"창신3동","합계","2024 년","6446","6231","215",
"창신3동","합계","2025 년","6354","6128","226",
"창신3동","0~4세","2024 년","138","135","3",
"창신3동","0~4세","2025 년","131","128","3",
"창신3동","5~9세","2024 년","142","135","7",
"창신3동","5~9세","2025 년","125","120","5",
"창신3동","10~14세","2024 년","180","174","6",
"창신3동","10~14세","2025 년","157","150","7",
"창신3동","15~19세","2024 년","227","221","6",
"창신3동","15~19세","2025 년","234","229","5",
"창신3동","20~24세","2024 년","378","314","64",
"창신3동","20~24세","2025 년","359","280","79",
"창신3동","25~29세","2024 년","493","447","46",
"창신3동","25~29세","2025 년","450","412","38",
"창신3동","30~34세","2024 년","537","518","19",
"창신3동","30~34세","2025 년","554","532","22",
"창신3동","35~39세","2024 년","407","393","14",
"창신3동","35~39세","2025 년","395","383","12",
"창신3동","40~44세","2024 년","420","402","18",
"창신3동","40~44세","2025 년","408","393","15",
"창신3동","45~49세","2024 년","390","379","11",
"창신3동","45~49세","2025 년","362","346","16",
"창신3동","50~54세","2024 년","534","523","11",
"창신3동","50~54세","2025 년","516","506","10",
"창신3동","55~59세","2024 년","603","600","3",
"창신3동","55~59세","2025 년","607","601","6",
"창신3동","60~64세","2024 년","602","600","2",
"창신3동","60~64세","2025 년","573","570","3",
"창신3동","65~69세","2024 년","503","501","2",
"창신3동","65~69세","2025 년","537","536","1",
"창신3동","70~74세","2024 년","317","316","1",
"창신3동","70~74세","2025 년","356","354","2",
"창신3동","75~79세","2024 년","239","238","1",
"창신3동","75~79세","2025 년","241","240","1",
"창신3동","80~84세","2024 년","193","193","-",
"창신3동","80~84세","2025 년","193","193","-",
"창신3동","85~89세","2024 년","96","95","1",
"창신3동","85~89세","2025 년","103","102","1",
"창신3동","90~94세","2024 년","38","38","-",
"창신3동","90~94세","2025 년","39","39","-",
"창신3동","95~99세","2024 년","8","8","-",
"창신3동","95~99세","2025 년","13","13","-",
"창신3동","100세 이상","2024 년","1","1","-",
"창신3동","100세 이상","2025 년","1","1","-",
"숭인1동","합계","2024 년","6075","5728","347",
"숭인1동","합계","2025 년","6067","5713","354",
"숭인1동","0~4세","2024 년","83","76","7",
"숭인1동","0~4세","2025 년","88","82","6",
"숭인1동","5~9세","2024 년","95","91","4",
"숭인1동","5~9세","2025 년","96","93","3",
"숭인1동","10~14세","2024 년","161","157","4",
"숭인1동","10~14세","2025 년","152","149","3",
"숭인1동","15~19세","2024 년","182","170","12",
"숭인1동","15~19세","2025 년","178","170","8",
"숭인1동","20~24세","2024 년","346","280","66",
"숭인1동","20~24세","2025 년","315","242","73",
"숭인1동","25~29세","2024 년","499","431","68",
"숭인1동","25~29세","2025 년","504","442","62",
"숭인1동","30~34세","2024 년","474","445","29",
"숭인1동","30~34세","2025 년","477","444","33",
"숭인1동","35~39세","2024 년","397","356","41",
"숭인1동","35~39세","2025 년","381","347","34",
"숭인1동","40~44세","2024 년","395","374","21",
"숭인1동","40~44세","2025 년","427","399","28",
"숭인1동","45~49세","2024 년","412","391","21",
"숭인1동","45~49세","2025 년","414","396","18",
"숭인1동","50~54세","2024 년","581","551","30",
"숭인1동","50~54세","2025 년","530","498","32",
"숭인1동","55~59세","2024 년","532","506","26",
"숭인1동","55~59세","2025 년","557","531","26",
"숭인1동","60~64세","2024 년","562","553","9",
"숭인1동","60~64세","2025 년","558","544","14",
"숭인1동","65~69세","2024 년","469","463","6",
"숭인1동","65~69세","2025 년","460","452","8",
"숭인1동","70~74세","2024 년","300","298","2",
"숭인1동","70~74세","2025 년","350","346","4",
"숭인1동","75~79세","2024 년","248","247","1",
"숭인1동","75~79세","2025 년","255","253","2",
"숭인1동","80~84세","2024 년","196","196","-",
"숭인1동","80~84세","2025 년","178","178","-",
"숭인1동","85~89세","2024 년","96","96","-",
"숭인1동","85~89세","2025 년","98","98","-",
"숭인1동","90~94세","2024 년","34","34","-",
"숭인1동","90~94세","2025 년","36","36","-",
"숭인1동","95~99세","2024 년","12","12","-",
"숭인1동","95~99세","2025 년","12","12","-",
"숭인1동","100세 이상","2024 년","1","1","-",
"숭인1동","100세 이상","2025 년","1","1","-",
"숭인2동","합계","2024 년","11073","10074","999",
"숭인2동","합계","2025 년","11439","10237","1202",
"숭인2동","0~4세","2024 년","101","99","2",
"숭인2동","0~4세","2025 년","133","125","8",
"숭인2동","5~9세","2024 년","99","96","3",
"숭인2동","5~9세","2025 년","91","89","2",
"숭인2동","10~14세","2024 년","118","116","2",
"숭인2동","10~14세","2025 년","119","117","2",
"숭인2동","15~19세","2024 년","202","150","52",
"숭인2동","15~19세","2025 년","245","176","69",
"숭인2동","20~24세","2024 년","1164","798","366",
"숭인2동","20~24세","2025 년","1147","695","452",
"숭인2동","25~29세","2024 년","1944","1662","282",
"숭인2동","25~29세","2025 년","1978","1631","347",
"숭인2동","30~34세","2024 년","1448","1361","87",
"숭인2동","30~34세","2025 년","1551","1437","114",
"숭인2동","35~39세","2024 년","735","679","56",
"숭인2동","35~39세","2025 년","853","795","58",
"숭인2동","40~44세","2024 년","549","521","28",
"숭인2동","40~44세","2025 년","584","554","30",
"숭인2동","45~49세","2024 년","538","522","16",
"숭인2동","45~49세","2025 년","542","520","22",
"숭인2동","50~54세","2024 년","740","705","35",
"숭인2동","50~54세","2025 년","693","660","33",
"숭인2동","55~59세","2024 년","822","798","24",
"숭인2동","55~59세","2025 년","813","793","20",
"숭인2동","60~64세","2024 년","766","740","26",
"숭인2동","60~64세","2025 년","777","755","22",
"숭인2동","65~69세","2024 년","687","673","14",
"숭인2동","65~69세","2025 년","684","667","17",
"숭인2동","70~74세","2024 년","439","435","4",
"숭인2동","70~74세","2025 년","487","484","3",
"숭인2동","75~79세","2024 년","323","321","2",
"숭인2동","75~79세","2025 년","334","331","3",
"숭인2동","80~84세","2024 년","248","248","-",
"숭인2동","80~84세","2025 년","234","234","-",
"숭인2동","85~89세","2024 년","111","111","-",
"숭인2동","85~89세","2025 년","126","126","-",
"숭인2동","90~94세","2024 년","32","32","-",
"숭인2동","90~94세","2025 년","36","36","-",
"숭인2동","95~99세","2024 년","6","6","-",
"숭인2동","95~99세","2025 년","12","12","-",
"숭인2동","100세 이상","2024 년","1","1","-",
"숭인2동","100세 이상","2025 년","-","-","-",
"중구","합계","2024 년","131214","120544","10670",
"중구","합계","2025 년","128444","117805","10639",
"중구","0~4세","2024 년","2775","2562","213",
"중구","0~4세","2025 년","2691","2507","184",
"중구","5~9세","2024 년","3048","2754","294",
"중구","5~9세","2025 년","2765","2470","295",
"중구","10~14세","2024 년","3057","2803","254",
"중구","10~14세","2025 년","2984","2723","261",
"중구","15~19세","2024 년","3604","3080","524",
"중구","15~19세","2025 년","3689","3081","608",
"중구","20~24세","2024 년","8309","6346","1963",
"중구","20~24세","2025 년","7661","5704","1957",
"중구","25~29세","2024 년","12314","10431","1883",
"중구","25~29세","2025 년","11782","10012","1770",
"중구","30~34세","2024 년","13055","12014","1041",
"중구","30~34세","2025 년","12832","11828","1004",
"중구","35~39세","2024 년","10551","9582","969",
"중구","35~39세","2025 년","10373","9394","979",
"중구","40~44세","2024 년","9602","8837","765",
"중구","40~44세","2025 년","9301","8515","786",
"중구","45~49세","2024 년","8238","7579","659",
"중구","45~49세","2025 년","8261","7583","678",
"중구","50~54세","2024 년","9895","9235","660",
"중구","50~54세","2025 년","9218","8575","643",
"중구","55~59세","2024 년","9971","9345","626",
"중구","55~59세","2025 년","9836","9223","613",
"중구","60~64세","2024 년","9942","9568","374",
"중구","60~64세","2025 년","9428","9033","395",
"중구","65~69세","2024 년","9075","8841","234",
"중구","65~69세","2025 년","9107","8876","231",
"중구","70~74세","2024 년","6133","6021","112",
"중구","70~74세","2025 년","6614","6494","120",
"중구","75~79세","2024 년","4865","4824","41",
"중구","75~79세","2025 년","5000","4947","53",
"중구","80~84세","2024 년","3778","3747","31",
"중구","80~84세","2025 년","3738","3707","31",
"중구","85~89세","2024 년","2045","2027","18",
"중구","85~89세","2025 년","2127","2108","19",
"중구","90~94세","2024 년","735","728","7",
"중구","90~94세","2025 년","804","796","8",
"중구","95~99세","2024 년","198","198","-",
"중구","95~99세","2025 년","209","207","2",
"중구","100세 이상","2024 년","24","22","2",
"중구","100세 이상","2025 년","24","22","2",
"소공동","합계","2024 년","3495","2163","1332",
"소공동","합계","2025 년","3520","2186","1334",
"소공동","0~4세","2024 년","116","59","57",
"소공동","0~4세","2025 년","106","68","38",
"소공동","5~9세","2024 년","150","72","78",
"소공동","5~9세","2025 년","160","77","83",
"소공동","10~14세","2024 년","172","82","90",
"소공동","10~14세","2025 년","187","91","96",
"소공동","15~19세","2024 년","142","63","79",
"소공동","15~19세","2025 년","148","64","84",
"소공동","20~24세","2024 년","100","68","32",
"소공동","20~24세","2025 년","100","64","36",
"소공동","25~29세","2024 년","206","135","71",
"소공동","25~29세","2025 년","201","141","60",
"소공동","30~34세","2024 년","345","228","117",
"소공동","30~34세","2025 년","297","184","113",
"소공동","35~39세","2024 년","396","227","169",
"소공동","35~39세","2025 년","379","226","153",
"소공동","40~44세","2024 년","468","296","172",
"소공동","40~44세","2025 년","447","286","161",
"소공동","45~49세","2024 년","372","226","146",
"소공동","45~49세","2025 년","432","265","167",
"소공동","50~54세","2024 년","298","171","127",
"소공동","50~54세","2025 년","319","183","136",
"소공동","55~59세","2024 년","235","144","91",
"소공동","55~59세","2025 년","244","150","94",
"소공동","60~64세","2024 년","150","104","46",
"소공동","60~64세","2025 년","156","98","58",
"소공동","65~69세","2024 년","145","112","33",
"소공동","65~69세","2025 년","137","107","30",
"소공동","70~74세","2024 년","72","63","9",
"소공동","70~74세","2025 년","76","69","7",
"소공동","75~79세","2024 년","50","46","4",
"소공동","75~79세","2025 년","60","54","6",
"소공동","80~84세","2024 년","46","39","7",
"소공동","80~84세","2025 년","38","31","7",
"소공동","85~89세","2024 년","22","19","3",
"소공동","85~89세","2025 년","22","19","3",
"소공동","90~94세","2024 년","6","6","-",
"소공동","90~94세","2025 년","8","7","1",
"소공동","95~99세","2024 년","3","3","-",
"소공동","95~99세","2025 년","2","2","-",
"소공동","100세 이상","2024 년","1","-","1",
"소공동","100세 이상","2025 년","1","-","1",
"회현동","합계","2024 년","4979","4301","678",
"회현동","합계","2025 년","4775","4096","679",
"회현동","0~4세","2024 년","94","73","21",
"회현동","0~4세","2025 년","86","69","17",
"회현동","5~9세","2024 년","114","76","38",
"회현동","5~9세","2025 년","94","55","39",
"회현동","10~14세","2024 년","130","97","33",
"회현동","10~14세","2025 년","134","96","38",
"회현동","15~19세","2024 년","129","99","30",
"회현동","15~19세","2025 년","145","109","36",
"회현동","20~24세","2024 년","178","156","22",
"회현동","20~24세","2025 년","160","142","18",
"회현동","25~29세","2024 년","283","258","25",
"회현동","25~29세","2025 년","260","229","31",
"회현동","30~34세","2024 년","349","302","47",
"회현동","30~34세","2025 년","328","290","38",
"회현동","35~39세","2024 년","313","246","67",
"회현동","35~39세","2025 년","312","249","63",
"회현동","40~44세","2024 년","312","236","76",
"회현동","40~44세","2025 년","317","234","83",
"회현동","45~49세","2024 년","321","252","69",
"회현동","45~49세","2025 년","294","223","71",
"회현동","50~54세","2024 년","447","379","68",
"회현동","50~54세","2025 년","397","322","75",
"회현동","55~59세","2024 년","418","374","44",
"회현동","55~59세","2025 년","406","360","46",
"회현동","60~64세","2024 년","503","454","49",
"회현동","60~64세","2025 년","435","392","43",
"회현동","65~69세","2024 년","499","456","43",
"회현동","65~69세","2025 년","451","417","34",
"회현동","70~74세","2024 년","345","320","25",
"회현동","70~74세","2025 년","373","347","26",
"회현동","75~79세","2024 년","224","214","10",
"회현동","75~79세","2025 년","238","229","9",
"회현동","80~84세","2024 년","163","156","7",
"회현동","80~84세","2025 년","182","176","6",
"회현동","85~89세","2024 년","96","95","1",
"회현동","85~89세","2025 년","99","96","3",
"회현동","90~94세","2024 년","42","39","3",
"회현동","90~94세","2025 년","44","41","3",
"회현동","95~99세","2024 년","17","17","-",
"회현동","95~99세","2025 년","19","19","-",
"회현동","100세 이상","2024 년","2","2","-",
"회현동","100세 이상","2025 년","1","1","-",
"명동","합계","2024 년","3381","2529","852",
"명동","합계","2025 년","3389","2462","927",
"명동","0~4세","2024 년","40","27","13",
"명동","0~4세","2025 년","42","25","17",
"명동","5~9세","2024 년","62","25","37",
"명동","5~9세","2025 년","67","22","45",
"명동","10~14세","2024 년","65","44","21",
"명동","10~14세","2025 년","64","38","26",
"명동","15~19세","2024 년","96","68","28",
"명동","15~19세","2025 년","95","71","24",
"명동","20~24세","2024 년","196","112","84",
"명동","20~24세","2025 년","178","101","77",
"명동","25~29세","2024 년","302","198","104",
"명동","25~29세","2025 년","281","199","82",
"명동","30~34세","2024 년","283","186","97",
"명동","30~34세","2025 년","274","179","95",
"명동","35~39세","2024 년","235","137","98",
"명동","35~39세","2025 년","244","132","112",
"명동","40~44세","2024 년","229","158","71",
"명동","40~44세","2025 년","232","145","87",
"명동","45~49세","2024 년","241","174","67",
"명동","45~49세","2025 년","236","162","74",
"명동","50~54세","2024 년","298","228","70",
"명동","50~54세","2025 년","291","212","79",
"명동","55~59세","2024 년","286","216","70",
"명동","55~59세","2025 년","309","223","86",
"명동","60~64세","2024 년","264","222","42",
"명동","60~64세","2025 년","277","213","64",
"명동","65~69세","2024 년","280","252","28",
"명동","65~69세","2025 년","272","241","31",
"명동","70~74세","2024 년","180","164","16",
"명동","70~74세","2025 년","193","176","17",
"명동","75~79세","2024 년","132","130","2",
"명동","75~79세","2025 년","132","126","6",
"명동","80~84세","2024 년","109","106","3",
"명동","80~84세","2025 년","112","108","4",
"명동","85~89세","2024 년","45","44","1",
"명동","85~89세","2025 년","54","54","-",
"명동","90~94세","2024 년","32","32","-",
"명동","90~94세","2025 년","29","28","1",
"명동","95~99세","2024 년","6","6","-",
"명동","95~99세","2025 년","7","7","-",
"명동","100세 이상","2024 년","-","-","-",
"명동","100세 이상","2025 년","-","-","-",
"필동","합계","2024 년","5328","4341","987",
"필동","합계","2025 년","5293","4301","992",
"필동","0~4세","2024 년","62","62","-",
"필동","0~4세","2025 년","74","71","3",
"필동","5~9세","2024 년","71","67","4",
"필동","5~9세","2025 년","50","49","1",
"필동","10~14세","2024 년","99","94","5",
"필동","10~14세","2025 년","105","95","10",
"필동","15~19세","2024 년","229","101","128",
"필동","15~19세","2025 년","202","100","102",
"필동","20~24세","2024 년","717","362","355",
"필동","20~24세","2025 년","736","361","375",
"필동","25~29세","2024 년","712","458","254",
"필동","25~29세","2025 년","718","461","257",
"필동","30~34세","2024 년","580","491","89",
"필동","30~34세","2025 년","543","450","93",
"필동","35~39세","2024 년","440","388","52",
"필동","35~39세","2025 년","442","391","51",
"필동","40~44세","2024 년","316","295","21",
"필동","40~44세","2025 년","315","297","18",
"필동","45~49세","2024 년","270","246","24",
"필동","45~49세","2025 년","271","243","28",
"필동","50~54세","2024 년","305","287","18",
"필동","50~54세","2025 년","287","268","19",
"필동","55~59세","2024 년","306","290","16",
"필동","55~59세","2025 년","315","300","15",
"필동","60~64세","2024 년","293","279","14",
"필동","60~64세","2025 년","262","250","12",
"필동","65~69세","2024 년","333","328","5",
"필동","65~69세","2025 년","327","322","5",
"필동","70~74세","2024 년","197","197","-",
"필동","70~74세","2025 년","228","227","1",
"필동","75~79세","2024 년","142","142","-",
"필동","75~79세","2025 년","160","160","-",
"필동","80~84세","2024 년","134","134","-",
"필동","80~84세","2025 년","120","120","-",
"필동","85~89세","2024 년","72","71","1",
"필동","85~89세","2025 년","77","76","1",
"필동","90~94세","2024 년","35","34","1",
"필동","90~94세","2025 년","44","43","1",
"필동","95~99세","2024 년","13","13","-",
"필동","95~99세","2025 년","15","15","-",
"필동","100세 이상","2024 년","2","2","-",
"필동","100세 이상","2025 년","2","2","-",
"장충동","합계","2024 년","5499","4546","953",
"장충동","합계","2025 년","5427","4529","898",
"장충동","0~4세","2024 년","70","56","14",
"장충동","0~4세","2025 년","59","45","14",
"장충동","5~9세","2024 년","86","71","15",
"장충동","5~9세","2025 년","73","59","14",
"장충동","10~14세","2024 년","114","102","12",
"장충동","10~14세","2025 년","103","91","12",
"장충동","15~19세","2024 년","212","168","44",
"장충동","15~19세","2025 년","211","152","59",
"장충동","20~24세","2024 년","1013","661","352",
"장충동","20~24세","2025 년","1001","690","311",
"장충동","25~29세","2024 년","785","555","230",
"장충동","25~29세","2025 년","833","604","229",
"장충동","30~34세","2024 년","510","423","87",
"장충동","30~34세","2025 년","479","404","75",
"장충동","35~39세","2024 년","288","244","44",
"장충동","35~39세","2025 년","281","233","48",
"장충동","40~44세","2024 년","307","268","39",
"장충동","40~44세","2025 년","270","232","38",
"장충동","45~49세","2024 년","267","232","35",
"장충동","45~49세","2025 년","269","240","29",
"장충동","50~54세","2024 년","321","291","30",
"장충동","50~54세","2025 년","297","274","23",
"장충동","55~59세","2024 년","307","289","18",
"장충동","55~59세","2025 년","308","293","15",
"장충동","60~64세","2024 년","287","272","15",
"장충동","60~64세","2025 년","276","262","14",
"장충동","65~69세","2024 년","287","279","8",
"장충동","65~69세","2025 년","273","266","7",
"장충동","70~74세","2024 년","203","195","8",
"장충동","70~74세","2025 년","227","219","8",
"장충동","75~79세","2024 년","176","176","-",
"장충동","75~79세","2025 년","197","197","-",
"장충동","80~84세","2024 년","146","145","1",
"장충동","80~84세","2025 년","146","145","1",
"장충동","85~89세","2024 년","84","83","1",
"장충동","85~89세","2025 년","89","88","1",
"장충동","90~94세","2024 년","27","27","-",
"장충동","90~94세","2025 년","30","30","-",
"장충동","95~99세","2024 년","8","8","-",
"장충동","95~99세","2025 년","5","5","-",
"장충동","100세 이상","2024 년","1","1","-",
"장충동","100세 이상","2025 년","-","-","-",
"광희동","합계","2024 년","7088","5727","1361",
"광희동","합계","2025 년","7055","5684","1371",
"광희동","0~4세","2024 년","74","58","16",
"광희동","0~4세","2025 년","84","64","20",
"광희동","5~9세","2024 년","76","58","18",
"광희동","5~9세","2025 년","64","48","16",
"광희동","10~14세","2024 년","99","81","18",
"광희동","10~14세","2025 년","88","72","16",
"광희동","15~19세","2024 년","181","96","85",
"광희동","15~19세","2025 년","191","96","95",
"광희동","20~24세","2024 년","745","396","349",
"광희동","20~24세","2025 년","746","357","389",
"광희동","25~29세","2024 년","1049","750","299",
"광희동","25~29세","2025 년","976","705","271",
"광희동","30~34세","2024 년","929","801","128",
"광희동","30~34세","2025 년","942","820","122",
"광희동","35~39세","2024 년","580","485","95",
"광희동","35~39세","2025 년","621","518","103",
"광희동","40~44세","2024 년","462","382","80",
"광희동","40~44세","2025 년","452","364","88",
"광희동","45~49세","2024 년","351","290","61",
"광희동","45~49세","2025 년","373","304","69",
"광희동","50~54세","2024 년","435","352","83",
"광희동","50~54세","2025 년","403","349","54",
"광희동","55~59세","2024 년","442","377","65",
"광희동","55~59세","2025 년","415","355","60",
"광희동","60~64세","2024 년","452","420","32",
"광희동","60~64세","2025 년","429","402","27",
"광희동","65~69세","2024 년","425","411","14",
"광희동","65~69세","2025 년","432","413","19",
"광희동","70~74세","2024 년","303","295","8",
"광희동","70~74세","2025 년","313","302","11",
"광희동","75~79세","2024 년","211","209","2",
"광희동","75~79세","2025 년","227","223","4",
"광희동","80~84세","2024 년","164","160","4",
"광희동","80~84세","2025 년","174","171","3",
"광희동","85~89세","2024 년","79","76","3",
"광희동","85~89세","2025 년","89","86","3",
"광희동","90~94세","2024 년","23","22","1",
"광희동","90~94세","2025 년","27","27","-",
"광희동","95~99세","2024 년","8","8","-",
"광희동","95~99세","2025 년","8","7","1",
"광희동","100세 이상","2024 년","-","-","-",
"광희동","100세 이상","2025 년","1","1","-",
"을지로동","합계","2024 년","3449","3095","354",
"을지로동","합계","2025 년","3362","3000","362",
"을지로동","0~4세","2024 년","100","90","10",
"을지로동","0~4세","2025 년","98","92","6",
"을지로동","5~9세","2024 년","42","38","4",
"을지로동","5~9세","2025 년","48","46","2",
"을지로동","10~14세","2024 년","46","39","7",
"을지로동","10~14세","2025 년","40","36","4",
"을지로동","15~19세","2024 년","49","40","9",
"을지로동","15~19세","2025 년","68","51","17",
"을지로동","20~24세","2024 년","168","104","64",
"을지로동","20~24세","2025 년","148","87","61",
"을지로동","25~29세","2024 년","358","291","67",
"을지로동","25~29세","2025 년","334","264","70",
"을지로동","30~34세","2024 년","540","497","43",
"을지로동","30~34세","2025 년","471","427","44",
"을지로동","35~39세","2024 년","488","445","43",
"을지로동","35~39세","2025 년","468","421","47",
"을지로동","40~44세","2024 년","299","273","26",
"을지로동","40~44세","2025 년","339","309","30",
"을지로동","45~49세","2024 년","241","212","29",
"을지로동","45~49세","2025 년","244","224","20",
"을지로동","50~54세","2024 년","205","184","21",
"을지로동","50~54세","2025 년","197","177","20",
"을지로동","55~59세","2024 년","188","172","16",
"을지로동","55~59세","2025 년","195","175","20",
"을지로동","60~64세","2024 년","210","206","4",
"을지로동","60~64세","2025 년","188","179","9",
"을지로동","65~69세","2024 년","182","177","5",
"을지로동","65~69세","2025 년","181","176","5",
"을지로동","70~74세","2024 년","133","129","4",
"을지로동","70~74세","2025 년","144","139","5",
"을지로동","75~79세","2024 년","82","81","1",
"을지로동","75~79세","2025 년","84","83","1",
"을지로동","80~84세","2024 년","65","65","-",
"을지로동","80~84세","2025 년","63","63","-",
"을지로동","85~89세","2024 년","42","41","1",
"을지로동","85~89세","2025 년","40","39","1",
"을지로동","90~94세","2024 년","6","6","-",
"을지로동","90~94세","2025 년","8","8","-",
"을지로동","95~99세","2024 년","5","5","-",
"을지로동","95~99세","2025 년","4","4","-",
"을지로동","100세 이상","2024 년","-","-","-",
"을지로동","100세 이상","2025 년","-","-","-",
"신당동","합계","2024 년","8862","7411","1451",
"신당동","합계","2025 년","8878","7416","1462",
"신당동","0~4세","2024 년","107","85","22",
"신당동","0~4세","2025 년","105","86","19",
"신당동","5~9세","2024 년","168","142","26",
"신당동","5~9세","2025 년","144","124","20",
"신당동","10~14세","2024 년","119","104","15",
"신당동","10~14세","2025 년","126","113","13",
"신당동","15~19세","2024 년","176","142","34",
"신당동","15~19세","2025 년","200","129","71",
"신당동","20~24세","2024 년","736","399","337",
"신당동","20~24세","2025 년","675","346","329",
"신당동","25~29세","2024 년","1180","823","357",
"신당동","25~29세","2025 년","1184","831","353",
"신당동","30~34세","2024 년","921","759","162",
"신당동","30~34세","2025 년","998","836","162",
"신당동","35~39세","2024 년","668","573","95",
"신당동","35~39세","2025 년","655","550","105",
"신당동","40~44세","2024 년","583","505","78",
"신당동","40~44세","2025 년","585","507","78",
"신당동","45~49세","2024 년","512","447","65",
"신당동","45~49세","2025 년","494","436","58",
"신당동","50~54세","2024 년","607","550","57",
"신당동","50~54세","2025 년","550","490","60",
"신당동","55~59세","2024 년","719","612","107",
"신당동","55~59세","2025 년","720","625","95",
"신당동","60~64세","2024 년","697","644","53",
"신당동","60~64세","2025 년","668","614","54",
"신당동","65~69세","2024 년","562","535","27",
"신당동","65~69세","2025 년","596","571","25",
"신당동","70~74세","2024 년","379","370","9",
"신당동","70~74세","2025 년","432","425","7",
"신당동","75~79세","2024 년","321","316","5",
"신당동","75~79세","2025 년","321","312","9",
"신당동","80~84세","2024 년","252","250","2",
"신당동","80~84세","2025 년","252","248","4",
"신당동","85~89세","2024 년","100","100","-",
"신당동","85~89세","2025 년","111","111","-",
"신당동","90~94세","2024 년","44","44","-",
"신당동","90~94세","2025 년","47","47","-",
"신당동","95~99세","2024 년","10","10","-",
"신당동","95~99세","2025 년","13","13","-",
"신당동","100세 이상","2024 년","1","1","-",
"신당동","100세 이상","2025 년","2","2","-",
"다산동","합계","2024 년","13510","13030","480",
"다산동","합계","2025 년","13481","13021","460",
"다산동","0~4세","2024 년","184","173","11",
"다산동","0~4세","2025 년","182","171","11",
"다산동","5~9세","2024 년","238","228","10",
"다산동","5~9세","2025 년","223","213","10",
"다산동","10~14세","2024 년","285","278","7",
"다산동","10~14세","2025 년","297","289","8",
"다산동","15~19세","2024 년","384","364","20",
"다산동","15~19세","2025 년","389","360","29",
"다산동","20~24세","2024 년","784","716","68",
"다산동","20~24세","2025 년","699","632","67",
"다산동","25~29세","2024 년","1299","1207","92",
"다산동","25~29세","2025 년","1243","1172","71",
"다산동","30~34세","2024 년","1321","1270","51",
"다산동","30~34세","2025 년","1355","1298","57",
"다산동","35~39세","2024 년","944","889","55",
"다산동","35~39세","2025 년","904","860","44",
"다산동","40~44세","2024 년","908","877","31",
"다산동","40~44세","2025 년","896","853","43",
"다산동","45~49세","2024 년","820","785","35",
"다산동","45~49세","2025 년","842","815","27",
"다산동","50~54세","2024 년","1130","1098","32",
"다산동","50~54세","2025 년","1060","1025","35",
"다산동","55~59세","2024 년","1059","1028","31",
"다산동","55~59세","2025 년","1112","1085","27",
"다산동","60~64세","2024 년","1098","1078","20",
"다산동","60~64세","2025 년","1056","1043","13",
"다산동","65~69세","2024 년","1038","1030","8",
"다산동","65~69세","2025 년","1084","1075","9",
"다산동","70~74세","2024 년","681","675","6",
"다산동","70~74세","2025 년","766","761","5",
"다산동","75~79세","2024 년","567","566","1",
"다산동","75~79세","2025 년","562","560","2",
"다산동","80~84세","2024 년","450","448","2",
"다산동","80~84세","2025 년","471","469","2",
"다산동","85~89세","2024 년","227","227","-",
"다산동","85~89세","2025 년","228","228","-",
"다산동","90~94세","2024 년","73","73","-",
"다산동","90~94세","2025 년","86","86","-",
"다산동","95~99세","2024 년","19","19","-",
"다산동","95~99세","2025 년","25","25","-",
"다산동","100세 이상","2024 년","1","1","-",
"다산동","100세 이상","2025 년","1","1","-",
"약수동","합계","2024 년","16167","15935","232",
"약수동","합계","2025 년","15980","15749","231",
"약수동","0~4세","2024 년","369","365","4",
"약수동","0~4세","2025 년","383","379","4",
"약수동","5~9세","2024 년","431","423","8",
"약수동","5~9세","2025 년","362","355","7",
"약수동","10~14세","2024 년","417","409","8",
"약수동","10~14세","2025 년","387","381","6",
"약수동","15~19세","2024 년","428","417","11",
"약수동","15~19세","2025 년","455","443","12",
"약수동","20~24세","2024 년","707","684","23",
"약수동","20~24세","2025 년","623","610","13",
"약수동","25~29세","2024 년","1025","1006","19",
"약수동","25~29세","2025 년","979","953","26",
"약수동","30~34세","2024 년","1215","1200","15",
"약수동","30~34세","2025 년","1222","1209","13",
"약수동","35~39세","2024 년","1146","1119","27",
"약수동","35~39세","2025 년","1146","1112","34",
"약수동","40~44세","2024 년","1131","1102","29",
"약수동","40~44세","2025 년","1102","1079","23",
"약수동","45~49세","2024 년","1015","998","17",
"약수동","45~49세","2025 년","986","968","18",
"약수동","50~54세","2024 년","1301","1275","26",
"약수동","50~54세","2025 년","1257","1228","29",
"약수동","55~59세","2024 년","1336","1311","25",
"약수동","55~59세","2025 년","1326","1303","23",
"약수동","60~64세","2024 년","1384","1381","3",
"약수동","60~64세","2025 년","1352","1347","5",
"약수동","65~69세","2024 년","1334","1328","6",
"약수동","65~69세","2025 년","1321","1316","5",
"약수동","70~74세","2024 년","985","978","7",
"약수동","70~74세","2025 년","1054","1045","9",
"약수동","75~79세","2024 년","768","767","1",
"약수동","75~79세","2025 년","820","819","1",
"약수동","80~84세","2024 년","620","619","1",
"약수동","80~84세","2025 년","597","597","-",
"약수동","85~89세","2024 년","389","388","1",
"약수동","85~89세","2025 년","411","410","1",
"약수동","90~94세","2024 년","124","124","-",
"약수동","90~94세","2025 년","151","150","1",
"약수동","95~99세","2024 년","38","38","-",
"약수동","95~99세","2025 년","42","42","-",
"약수동","100세 이상","2024 년","4","3","1",
"약수동","100세 이상","2025 년","4","3","1",
"청구동","합계","2024 년","12626","12397","229",
"청구동","합계","2025 년","10914","10736","178",
"청구동","0~4세","2024 년","302","297","5",
"청구동","0~4세","2025 년","296","294","2",
"청구동","5~9세","2024 년","293","282","11",
"청구동","5~9세","2025 년","243","232","11",
"청구동","10~14세","2024 년","339","334","5",
"청구동","10~14세","2025 년","283","280","3",
"청구동","15~19세","2024 년","341","335","6",
"청구동","15~19세","2025 년","320","310","10",
"청구동","20~24세","2024 년","656","618","38",
"청구동","20~24세","2025 년","488","468","20",
"청구동","25~29세","2024 년","890","853","37",
"청구동","25~29세","2025 년","727","692","35",
"청구동","30~34세","2024 년","1186","1152","34",
"청구동","30~34세","2025 년","1066","1051","15",
"청구동","35~39세","2024 년","1007","983","24",
"청구동","35~39세","2025 년","917","891","26",
"청구동","40~44세","2024 년","809","790","19",
"청구동","40~44세","2025 년","717","703","14",
"청구동","45~49세","2024 년","739","725","14",
"청구동","45~49세","2025 년","621","608","13",
"청구동","50~54세","2024 년","1010","991","19",
"청구동","50~54세","2025 년","802","789","13",
"청구동","55~59세","2024 년","1030","1023","7",
"청구동","55~59세","2025 년","884","879","5",
"청구동","60~64세","2024 년","1061","1055","6",
"청구동","60~64세","2025 년","845","840","5",
"청구동","65~69세","2024 년","953","951","2",
"청구동","65~69세","2025 년","878","874","4",
"청구동","70~74세","2024 년","659","659","-",
"청구동","70~74세","2025 년","632","632","-",
"청구동","75~79세","2024 년","553","552","1",
"청구동","75~79세","2025 년","490","489","1",
"청구동","80~84세","2024 년","431","431","-",
"청구동","80~84세","2025 년","368","368","-",
"청구동","85~89세","2024 년","259","259","-",
"청구동","85~89세","2025 년","246","246","-",
"청구동","90~94세","2024 년","86","85","1",
"청구동","90~94세","2025 년","72","72","-",
"청구동","95~99세","2024 년","20","20","-",
"청구동","95~99세","2025 년","18","17","1",
"청구동","100세 이상","2024 년","2","2","-",
"청구동","100세 이상","2025 년","1","1","-",
"신당5동","합계","2024 년","10443","10080","363",
"신당5동","합계","2025 년","10284","9939","345",
"신당5동","0~4세","2024 년","227","219","8",
"신당5동","0~4세","2025 년","199","196","3",
"신당5동","5~9세","2024 년","218","214","4",
"신당5동","5~9세","2025 년","203","195","8",
"신당5동","10~14세","2024 년","244","239","5",
"신당5동","10~14세","2025 년","234","229","5",
"신당5동","15~19세","2024 년","264","254","10",
"신당5동","15~19세","2025 년","260","247","13",
"신당5동","20~24세","2024 년","544","483","61",
"신당5동","20~24세","2025 년","501","432","69",
"신당5동","25~29세","2024 년","1018","931","87",
"신당5동","25~29세","2025 년","902","836","66",
"신당5동","30~34세","2024 년","1092","1063","29",
"신당5동","30~34세","2025 년","1126","1092","34",
"신당5동","35~39세","2024 년","829","789","40",
"신당5동","35~39세","2025 년","833","799","34",
"신당5동","40~44세","2024 년","724","708","16",
"신당5동","40~44세","2025 년","713","696","17",
"신당5동","45~49세","2024 년","679","661","18",
"신당5동","45~49세","2025 년","687","666","21",
"신당5동","50~54세","2024 년","840","814","26",
"신당5동","50~54세","2025 년","785","767","18",
"신당5동","55~59세","2024 년","880","855","25",
"신당5동","55~59세","2025 년","864","837","27",
"신당5동","60~64세","2024 년","849","830","19",
"신당5동","60~64세","2025 년","846","831","15",
"신당5동","65~69세","2024 년","699","692","7",
"신당5동","65~69세","2025 년","727","719","8",
"신당5동","70~74세","2024 년","463","461","2",
"신당5동","70~74세","2025 년","489","488","1",
"신당5동","75~79세","2024 년","389","386","3",
"신당5동","75~79세","2025 년","411","407","4",
"신당5동","80~84세","2024 년","284","281","3",
"신당5동","80~84세","2025 년","293","291","2",
"신당5동","85~89세","2024 년","141","141","-",
"신당5동","85~89세","2025 년","143","143","-",
"신당5동","90~94세","2024 년","45","45","-",
"신당5동","90~94세","2025 년","55","55","-",
"신당5동","95~99세","2024 년","13","13","-",
"신당5동","95~99세","2025 년","11","11","-",
"신당5동","100세 이상","2024 년","1","1","-",
"신당5동","100세 이상","2025 년","2","2","-",
"동화동","합계","2024 년","9991","9828","163",
"동화동","합계","2025 년","9871","9721","150",
"동화동","0~4세","2024 년","241","236","5",
"동화동","0~4세","2025 년","234","229","5",
"동화동","5~9세","2024 년","334","326","8",
"동화동","5~9세","2025 년","311","303","8",
"동화동","10~14세","2024 년","333","328","5",
"동화동","10~14세","2025 년","336","334","2",
"동화동","15~19세","2024 년","358","354","4",
"동화동","15~19세","2025 년","350","345","5",
"동화동","20~24세","2024 년","517","507","10",
"동화동","20~24세","2025 년","458","451","7",
"동화동","25~29세","2024 년","569","553","16",
"동화동","25~29세","2025 년","575","565","10",
"동화동","30~34세","2024 년","701","687","14",
"동화동","30~34세","2025 년","675","660","15",
"동화동","35~39세","2024 년","643","619","24",
"동화동","35~39세","2025 년","620","598","22",
"동화동","40~44세","2024 년","712","692","20",
"동화동","40~44세","2025 년","688","671","17",
"동화동","45~49세","2024 년","646","637","9",
"동화동","45~49세","2025 년","665","656","9",
"동화동","50~54세","2024 년","828","817","11",
"동화동","50~54세","2025 년","782","772","10",
"동화동","55~59세","2024 년","947","932","15",
"동화동","55~59세","2025 년","904","892","12",
"동화동","60~64세","2024 년","916","905","11",
"동화동","60~64세","2025 년","896","882","14",
"동화동","65~69세","2024 년","809","804","5",
"동화동","65~69세","2025 년","835","827","8",
"동화동","70~74세","2024 년","474","472","2",
"동화동","70~74세","2025 년","543","541","2",
"동화동","75~79세","2024 년","380","377","3",
"동화동","75~79세","2025 년","417","415","2",
"동화동","80~84세","2024 년","314","314","-",
"동화동","80~84세","2025 년","294","293","1",
"동화동","85~89세","2024 년","184","183","1",
"동화동","85~89세","2025 년","197","196","1",
"동화동","90~94세","2024 년","68","68","-",
"동화동","90~94세","2025 년","76","76","-",
"동화동","95~99세","2024 년","16","16","-",
"동화동","95~99세","2025 년","14","14","-",
"동화동","100세 이상","2024 년","1","1","-",
"동화동","100세 이상","2025 년","1","1","-",
"황학동","합계","2024 년","13991","13101","890",
"황학동","합계","2025 년","14012","13116","896",
"황학동","0~4세","2024 년","316","303","13",
"황학동","0~4세","2025 년","312","299","13",
"황학동","5~9세","2024 년","316","289","27",
"황학동","5~9세","2025 년","285","261","24",
"황학동","10~14세","2024 년","230","213","17",
"황학동","10~14세","2025 년","245","231","14",
"황학동","15~19세","2024 년","257","227","30",
"황학동","15~19세","2025 년","282","237","45",
"황학동","20~24세","2024 년","736","604","132",
"황학동","20~24세","2025 년","668","529","139",
"황학동","25~29세","2024 년","1760","1580","180",
"황학동","25~29세","2025 년","1697","1533","164",
"황학동","30~34세","2024 년","2021","1923","98",
"황학동","30~34세","2025 년","2009","1914","95",
"황학동","35~39세","2024 년","1422","1345","77",
"황학동","35~39세","2025 년","1459","1371","88",
"황학동","40~44세","2024 년","1125","1074","51",
"황학동","40~44세","2025 년","1106","1056","50",
"황학동","45~49세","2024 년","833","783","50",
"황학동","45~49세","2025 년","884","836","48",
"황학동","50~54세","2024 년","916","868","48",
"황학동","50~54세","2025 년","856","810","46",
"황학동","55~59세","2024 년","923","846","77",
"황학동","55~59세","2025 년","917","846","71",
"황학동","60~64세","2024 년","886","844","42",
"황학동","60~64세","2025 년","885","842","43",
"황학동","65~69세","2024 년","793","759","34",
"황학동","65~69세","2025 년","840","806","34",
"황학동","70~74세","2024 년","548","539","9",
"황학동","70~74세","2025 년","610","596","14",
"황학동","75~79세","2024 년","425","423","2",
"황학동","75~79세","2025 년","432","427","5",
"황학동","80~84세","2024 년","286","286","-",
"황학동","80~84세","2025 년","323","323","-",
"황학동","85~89세","2024 년","124","121","3",
"황학동","85~89세","2025 년","132","129","3",
"황학동","90~94세","2024 년","62","62","-",
"황학동","90~94세","2025 년","54","54","-",
"황학동","95~99세","2024 년","10","10","-",
"황학동","95~99세","2025 년","14","14","-",
"황학동","100세 이상","2024 년","2","2","-",
"황학동","100세 이상","2025 년","2","2","-",
"중림동","합계","2024 년","12405","12060","345",
"중림동","합계","2025 년","12203","11849","354",
"중림동","0~4세","2024 년","473","459","14",
"중림동","0~4세","2025 년","431","419","12",
"중림동","5~9세","2024 년","449","443","6",
"중림동","5~9세","2025 년","438","431","7",
"중림동","10~14세","2024 년","365","359","6",
"중림동","10~14세","2025 년","355","347","8",
"중림동","15~19세","2024 년","358","352","6",
"중림동","15~19세","2025 년","373","367","6",
"중림동","20~24세","2024 년","512","476","36",
"중림동","20~24세","2025 년","480","434","46",
"중림동","25~29세","2024 년","878","833","45",
"중림동","25~29세","2025 년","872","827","45",
"중림동","30~34세","2024 년","1062","1032","30",
"중림동","30~34세","2025 년","1047","1014","33",
"중림동","35~39세","2024 년","1152","1093","59",
"중림동","35~39세","2025 년","1092","1043","49",
"중림동","40~44세","2024 년","1217","1181","36",
"중림동","40~44세","2025 년","1122","1083","39",
"중림동","45~49세","2024 년","931","911","20",
"중림동","45~49세","2025 년","963","937","26",
"중림동","50~54세","2024 년","954","930","24",
"중림동","50~54세","2025 년","935","909","26",
"중림동","55~59세","2024 년","895","876","19",
"중림동","55~59세","2025 년","917","900","17",
"중림동","60~64세","2024 년","892","874","18",
"중림동","60~64세","2025 년","857","838","19",
"중림동","65~69세","2024 년","736","727","9",
"중림동","65~69세","2025 년","753","746","7",
"중림동","70~74세","2024 년","511","504","7",
"중림동","70~74세","2025 년","534","527","7",
"중림동","75~79세","2024 년","445","439","6",
"중림동","75~79세","2025 년","449","446","3",
"중림동","80~84세","2024 년","314","313","1",
"중림동","80~84세","2025 년","305","304","1",
"중림동","85~89세","2024 년","181","179","2",
"중림동","85~89세","2025 년","189","187","2",
"중림동","90~94세","2024 년","62","61","1",
"중림동","90~94세","2025 년","73","72","1",
"중림동","95~99세","2024 년","12","12","-",
"중림동","95~99세","2025 년","12","12","-",
"중림동","100세 이상","2024 년","6","6","-",
"중림동","100세 이상","2025 년","6","6","-",
"용산구","합계","2024 년","217194","203854","13340",
"용산구","합계","2025 년","214984","201894","13090",
"용산구","0~4세","2024 년","5230","4732","498",
"용산구","0~4세","2025 년","5125","4684","441",
"용산구","5~9세","2024 년","6221","5518","703",
"용산구","5~9세","2025 년","5824","5136","688",
"용산구","10~14세","2024 년","6820","6154","666",
"용산구","10~14세","2025 년","6677","5987","690",
"용산구","15~19세","2024 년","7293","6762","531",
"용산구","15~19세","2025 년","7223","6634","589",
"용산구","20~24세","2024 년","11504","10635","869",
"용산구","20~24세","2025 년","10834","9907","927",
"용산구","25~29세","2024 년","18342","17140","1202",
"용산구","25~29세","2025 년","17733","16666","1067",
"용산구","30~34세","2024 년","22145","20582","1563",
"용산구","30~34세","2025 년","22282","20823","1459",
"용산구","35~39세","2024 년","17865","16204","1661",
"용산구","35~39세","2025 년","17988","16419","1569",
"용산구","40~44세","2024 년","17345","15751","1594",
"용산구","40~44세","2025 년","16804","15265","1539",
"용산구","45~49세","2024 년","14897","13606","1291",
"용산구","45~49세","2025 년","15162","13794","1368",
"용산구","50~54세","2024 년","17848","16844","1004",
"용산구","50~54세","2025 년","16821","15851","970",
"용산구","55~59세","2024 년","16577","15813","764",
"용산구","55~59세","2025 년","16747","15994","753",
"용산구","60~64세","2024 년","15700","15219","481",
"용산구","60~64세","2025 년","15294","14821","473",
"용산구","65~69세","2024 년","13504","13269","235",
"용산구","65~69세","2025 년","13723","13460","263",
"용산구","70~74세","2024 년","8779","8647","132",
"용산구","70~74세","2025 년","9440","9301","139",
"용산구","75~79세","2024 년","6881","6803","78",
"용산구","75~79세","2025 년","6995","6910","85",
"용산구","80~84세","2024 년","5405","5367","38",
"용산구","80~84세","2025 년","5297","5260","37",
"용산구","85~89세","2024 년","3311","3289","22",
"용산구","85~89세","2025 년","3372","3348","24",
"용산구","90~94세","2024 년","1189","1187","2",
"용산구","90~94세","2025 년","1293","1291","2",
"용산구","95~99세","2024 년","282","280","2",
"용산구","95~99세","2025 년","295","292","3",
"용산구","100세 이상","2024 년","56","52","4",
"용산구","100세 이상","2025 년","55","51","4",
"후암동","합계","2024 년","16283","15804","479",
"후암동","합계","2025 년","16108","15653","455",
"후암동","0~4세","2024 년","266","259","7",
"후암동","0~4세","2025 년","252","244","8",
"후암동","5~9세","2024 년","393","380","13",
"후암동","5~9세","2025 년","333","323","10",
"후암동","10~14세","2024 년","521","502","19",
"후암동","10~14세","2025 년","521","507","14",
"후암동","15~19세","2024 년","580","564","16",
"후암동","15~19세","2025 년","554","541","13",
"후암동","20~24세","2024 년","757","723","34",
"후암동","20~24세","2025 년","694","660","34",
"후암동","25~29세","2024 년","1392","1357","35",
"후암동","25~29세","2025 년","1368","1333","35",
"후암동","30~34세","2024 년","1666","1614","52",
"후암동","30~34세","2025 년","1693","1645","48",
"후암동","35~39세","2024 년","1262","1207","55",
"후암동","35~39세","2025 년","1273","1217","56",
"후암동","40~44세","2024 년","1228","1175","53",
"후암동","40~44세","2025 년","1156","1105","51",
"후암동","45~49세","2024 년","1076","1033","43",
"후암동","45~49세","2025 년","1143","1097","46",
"후암동","50~54세","2024 년","1370","1315","55",
"후암동","50~54세","2025 년","1279","1242","37",
"후암동","55~59세","2024 년","1259","1231","28",
"후암동","55~59세","2025 년","1300","1264","36",
"후암동","60~64세","2024 년","1295","1260","35",
"후암동","60~64세","2025 년","1202","1173","29",
"후암동","65~69세","2024 년","1095","1082","13",
"후암동","65~69세","2025 년","1129","1112","17",
"후암동","70~74세","2024 년","763","753","10",
"후암동","70~74세","2025 년","819","810","9",
"후암동","75~79세","2024 년","549","546","3",
"후암동","75~79세","2025 년","568","564","4",
"후암동","80~84세","2024 년","432","427","5",
"후암동","80~84세","2025 년","448","444","4",
"후암동","85~89세","2024 년","270","268","2",
"후암동","85~89세","2025 년","267","264","3",
"후암동","90~94세","2024 년","78","78","-",
"후암동","90~94세","2025 년","78","78","-",
"후암동","95~99세","2024 년","22","22","-",
"후암동","95~99세","2025 년","23","23","-",
"후암동","100세 이상","2024 년","9","8","1",
"후암동","100세 이상","2025 년","8","7","1",
"용산2가동","합계","2024 년","10104","8690","1414",
"용산2가동","합계","2025 년","9879","8498","1381",
"용산2가동","0~4세","2024 년","133","96","37",
"용산2가동","0~4세","2025 년","132","99","33",
"용산2가동","5~9세","2024 년","171","130","41",
"용산2가동","5~9세","2025 년","139","100","39",
"용산2가동","10~14세","2024 년","197","162","35",
"용산2가동","10~14세","2025 년","205","163","42",
"용산2가동","15~19세","2024 년","307","256","51",
"용산2가동","15~19세","2025 년","280","221","59",
"용산2가동","20~24세","2024 년","616","430","186",
"용산2가동","20~24세","2025 년","545","386","159",
"용산2가동","25~29세","2024 년","1008","830","178",
"용산2가동","25~29세","2025 년","960","800","160",
"용산2가동","30~34세","2024 년","1197","956","241",
"용산2가동","30~34세","2025 년","1216","989","227",
"용산2가동","35~39세","2024 년","860","673","187",
"용산2가동","35~39세","2025 년","898","702","196",
"용산2가동","40~44세","2024 년","764","624","140",
"용산2가동","40~44세","2025 년","719","588","131",
"용산2가동","45~49세","2024 년","659","553","106",
"용산2가동","45~49세","2025 년","660","548","112",
"용산2가동","50~54세","2024 년","725","639","86",
"용산2가동","50~54세","2025 년","687","606","81",
"용산2가동","55~59세","2024 년","629","565","64",
"용산2가동","55~59세","2025 년","655","585","70",
"용산2가동","60~64세","2024 년","696","669","27",
"용산2가동","60~64세","2025 년","603","574","29",
"용산2가동","65~69세","2024 년","677","657","20",
"용산2가동","65~69세","2025 년","692","666","26",
"용산2가동","70~74세","2024 년","476","471","5",
"용산2가동","70~74세","2025 년","503","494","9",
"용산2가동","75~79세","2024 년","412","407","5",
"용산2가동","75~79세","2025 년","418","414","4",
"용산2가동","80~84세","2024 년","298","295","3",
"용산2가동","80~84세","2025 년","304","302","2",
"용산2가동","85~89세","2024 년","204","202","2",
"용산2가동","85~89세","2025 년","180","178","2",
"용산2가동","90~94세","2024 년","59","59","-",
"용산2가동","90~94세","2025 년","63","63","-",
"용산2가동","95~99세","2024 년","14","14","-",
"용산2가동","95~99세","2025 년","18","18","-",
"용산2가동","100세 이상","2024 년","2","2","-",
"용산2가동","100세 이상","2025 년","2","2","-",
"남영동","합계","2024 년","7258","6739","519",
"남영동","합계","2025 년","7496","6996","500",
"남영동","0~4세","2024 년","62","52","10",
"남영동","0~4세","2025 년","87","76","11",
"남영동","5~9세","2024 년","80","66","14",
"남영동","5~9세","2025 년","72","62","10",
"남영동","10~14세","2024 년","101","82","19",
"남영동","10~14세","2025 년","92","73","19",
"남영동","15~19세","2024 년","145","118","27",
"남영동","15~19세","2025 년","134","107","27",
"남영동","20~24세","2024 년","281","243","38",
"남영동","20~24세","2025 년","308","241","67",
"남영동","25~29세","2024 년","592","518","74",
"남영동","25~29세","2025 년","652","588","64",
"남영동","30~34세","2024 년","701","646","55",
"남영동","30~34세","2025 년","860","814","46",
"남영동","35~39세","2024 년","490","423","67",
"남영동","35~39세","2025 년","561","510","51",
"남영동","40~44세","2024 년","403","366","37",
"남영동","40~44세","2025 년","410","375","35",
"남영동","45~49세","2024 년","450","403","47",
"남영동","45~49세","2025 년","434","388","46",
"남영동","50~54세","2024 년","733","681","52",
"남영동","50~54세","2025 년","648","607","41",
"남영동","55~59세","2024 년","750","722","28",
"남영동","55~59세","2025 년","727","690","37",
"남영동","60~64세","2024 년","843","814","29",
"남영동","60~64세","2025 년","806","787","19",
"남영동","65~69세","2024 년","652","641","11",
"남영동","65~69세","2025 년","681","666","15",
"남영동","70~74세","2024 년","362","357","5",
"남영동","70~74세","2025 년","428","421","7",
"남영동","75~79세","2024 년","266","266","-",
"남영동","75~79세","2025 년","254","254","-",
"남영동","80~84세","2024 년","195","190","5",
"남영동","80~84세","2025 년","184","181","3",
"남영동","85~89세","2024 년","106","105","1",
"남영동","85~89세","2025 년","114","112","2",
"남영동","90~94세","2024 년","35","35","-",
"남영동","90~94세","2025 년","34","34","-",
"남영동","95~99세","2024 년","7","7","-",
"남영동","95~99세","2025 년","8","8","-",
"남영동","100세 이상","2024 년","4","4","-",
"남영동","100세 이상","2025 년","2","2","-",
"청파동","합계","2024 년","19343","18603","740",
"청파동","합계","2025 년","19576","18651","925",
"청파동","0~4세","2024 년","223","214","9",
"청파동","0~4세","2025 년","218","211","7",
"청파동","5~9세","2024 년","240","234","6",
"청파동","5~9세","2025 년","224","217","7",
"청파동","10~14세","2024 년","376","372","4",
"청파동","10~14세","2025 년","346","340","6",
"청파동","15~19세","2024 년","536","525","11",
"청파동","15~19세","2025 년","584","534","50",
"청파동","20~24세","2024 년","1819","1622","197",
"청파동","20~24세","2025 년","1906","1645","261",
"청파동","25~29세","2024 년","2493","2309","184",
"청파동","25~29세","2025 년","2499","2273","226",
"청파동","30~34세","2024 년","2234","2152","82",
"청파동","30~34세","2025 년","2303","2216","87",
"청파동","35~39세","2024 년","1343","1278","65",
"청파동","35~39세","2025 년","1400","1329","71",
"청파동","40~44세","2024 년","1102","1064","38",
"청파동","40~44세","2025 년","1084","1032","52",
"청파동","45~49세","2024 년","1115","1094","21",
"청파동","45~49세","2025 년","1095","1068","27",
"청파동","50~54세","2024 년","1512","1479","33",
"청파동","50~54세","2025 년","1440","1397","43",
"청파동","55~59세","2024 년","1477","1444","33",
"청파동","55~59세","2025 년","1470","1443","27",
"청파동","60~64세","2024 년","1399","1370","29",
"청파동","60~64세","2025 년","1389","1360","29",
"청파동","65~69세","2024 년","1170","1159","11",
"청파동","65~69세","2025 년","1208","1190","18",
"청파동","70~74세","2024 년","805","795","10",
"청파동","70~74세","2025 년","859","853","6",
"청파동","75~79세","2024 년","619","616","3",
"청파동","75~79세","2025 년","653","648","5",
"청파동","80~84세","2024 년","530","528","2",
"청파동","80~84세","2025 년","504","503","1",
"청파동","85~89세","2024 년","254","254","-",
"청파동","85~89세","2025 년","281","281","-",
"청파동","90~94세","2024 년","77","76","1",
"청파동","90~94세","2025 년","91","91","-",
"청파동","95~99세","2024 년","15","15","-",
"청파동","95~99세","2025 년","16","15","1",
"청파동","100세 이상","2024 년","4","3","1",
"청파동","100세 이상","2025 년","6","5","1",
"원효로1동","합계","2024 년","17764","17020","744",
"원효로1동","합계","2025 년","17755","17025","730",
"원효로1동","0~4세","2024 년","560","516","44",
"원효로1동","0~4세","2025 년","558","520","38",
"원효로1동","5~9세","2024 년","584","541","43",
"원효로1동","5~9세","2025 년","520","481","39",
"원효로1동","10~14세","2024 년","526","481","45",
"원효로1동","10~14세","2025 년","479","434","45",
"원효로1동","15~19세","2024 년","477","455","22",
"원효로1동","15~19세","2025 년","516","484","32",
"원효로1동","20~24세","2024 년","908","859","49",
"원효로1동","20~24세","2025 년","843","798","45",
"원효로1동","25~29세","2024 년","1955","1900","55",
"원효로1동","25~29세","2025 년","1913","1864","49",
"원효로1동","30~34세","2024 년","2589","2497","92",
"원효로1동","30~34세","2025 년","2582","2504","78",
"원효로1동","35~39세","2024 년","1887","1787","100",
"원효로1동","35~39세","2025 년","1886","1795","91",
"원효로1동","40~44세","2024 년","1577","1494","83",
"원효로1동","40~44세","2025 년","1551","1458","93",
"원효로1동","45~49세","2024 년","1175","1106","69",
"원효로1동","45~49세","2025 년","1219","1138","81",
"원효로1동","50~54세","2024 년","1239","1196","43",
"원효로1동","50~54세","2025 년","1256","1215","41",
"원효로1동","55~59세","2024 년","1069","1025","44",
"원효로1동","55~59세","2025 년","1141","1102","39",
"원효로1동","60~64세","2024 년","1033","1009","24",
"원효로1동","60~64세","2025 년","1015","989","26",
"원효로1동","65~69세","2024 년","826","814","12",
"원효로1동","65~69세","2025 년","824","813","11",
"원효로1동","70~74세","2024 년","521","514","7",
"원효로1동","70~74세","2025 년","562","552","10",
"원효로1동","75~79세","2024 년","378","371","7",
"원효로1동","75~79세","2025 년","402","396","6",
"원효로1동","80~84세","2024 년","252","248","4",
"원효로1동","80~84세","2025 년","269","265","4",
"원효로1동","85~89세","2024 년","140","139","1",
"원효로1동","85~89세","2025 년","141","139","2",
"원효로1동","90~94세","2024 년","61","61","-",
"원효로1동","90~94세","2025 년","67","67","-",
"원효로1동","95~99세","2024 년","6","6","-",
"원효로1동","95~99세","2025 년","10","10","-",
"원효로1동","100세 이상","2024 년","1","1","-",
"원효로1동","100세 이상","2025 년","1","1","-",
"원효로2동","합계","2024 년","13652","13522","130",
"원효로2동","합계","2025 년","13523","13390","133",
"원효로2동","0~4세","2024 년","315","314","1",
"원효로2동","0~4세","2025 년","320","317","3",
"원효로2동","5~9세","2024 년","407","404","3",
"원효로2동","5~9세","2025 년","355","353","2",
"원효로2동","10~14세","2024 년","452","448","4",
"원효로2동","10~14세","2025 년","444","439","5",
"원효로2동","15~19세","2024 년","476","472","4",
"원효로2동","15~19세","2025 년","480","476","4",
"원효로2동","20~24세","2024 년","736","724","12",
"원효로2동","20~24세","2025 년","677","663","14",
"원효로2동","25~29세","2024 년","1102","1088","14",
"원효로2동","25~29세","2025 년","1088","1081","7",
"원효로2동","30~34세","2024 년","1378","1362","16",
"원효로2동","30~34세","2025 년","1428","1411","17",
"원효로2동","35~39세","2024 년","1043","1024","19",
"원효로2동","35~39세","2025 년","1024","1004","20",
"원효로2동","40~44세","2024 년","1011","997","14",
"원효로2동","40~44세","2025 년","1002","984","18",
"원효로2동","45~49세","2024 년","910","895","15",
"원효로2동","45~49세","2025 년","887","871","16",
"원효로2동","50~54세","2024 년","1116","1105","11",
"원효로2동","50~54세","2025 년","1074","1063","11",
"원효로2동","55~59세","2024 년","1104","1098","6",
"원효로2동","55~59세","2025 년","1088","1080","8",
"원효로2동","60~64세","2024 년","1028","1022","6",
"원효로2동","60~64세","2025 년","1034","1031","3",
"원효로2동","65~69세","2024 년","884","881","3",
"원효로2동","65~69세","2025 년","890","886","4",
"원효로2동","70~74세","2024 년","558","558","-",
"원효로2동","70~74세","2025 년","593","593","-",
"원효로2동","75~79세","2024 년","477","477","-",
"원효로2동","75~79세","2025 년","469","469","-",
"원효로2동","80~84세","2024 년","324","323","1",
"원효로2동","80~84세","2025 년","331","330","1",
"원효로2동","85~89세","2024 년","230","229","1",
"원효로2동","85~89세","2025 년","229","229","-",
"원효로2동","90~94세","2024 년","79","79","-",
"원효로2동","90~94세","2025 년","91","91","-",
"원효로2동","95~99세","2024 년","19","19","-",
"원효로2동","95~99세","2025 년","17","17","-",
"원효로2동","100세 이상","2024 년","3","3","-",
"원효로2동","100세 이상","2025 년","2","2","-",
"효창동","합계","2024 년","10646","10484","162",
"효창동","합계","2025 년","10553","10390","163",
"효창동","0~4세","2024 년","311","301","10",
"효창동","0~4세","2025 년","308","301","7",
"효창동","5~9세","2024 년","379","366","13",
"효창동","5~9세","2025 년","329","317","12",
"효창동","10~14세","2024 년","321","317","4",
"효창동","10~14세","2025 년","326","321","5",
"효창동","15~19세","2024 년","331","323","8",
"효창동","15~19세","2025 년","352","346","6",
"효창동","20~24세","2024 년","618","606","12",
"효창동","20~24세","2025 년","535","523","12",
"효창동","25~29세","2024 년","905","894","11",
"효창동","25~29세","2025 년","860","845","15",
"효창동","30~34세","2024 년","1147","1128","19",
"효창동","30~34세","2025 년","1185","1168","17",
"효창동","35~39세","2024 년","935","907","28",
"효창동","35~39세","2025 년","956","932","24",
"효창동","40~44세","2024 년","845","829","16",
"효창동","40~44세","2025 년","852","830","22",
"효창동","45~49세","2024 년","708","694","14",
"효창동","45~49세","2025 년","761","746","15",
"효창동","50~54세","2024 년","901","887","14",
"효창동","50~54세","2025 년","816","805","11",
"효창동","55~59세","2024 년","849","843","6",
"효창동","55~59세","2025 년","860","852","8",
"효창동","60~64세","2024 년","726","723","3",
"효창동","60~64세","2025 년","686","680","6",
"효창동","65~69세","2024 년","538","538","-",
"효창동","65~69세","2025 년","574","574","-",
"효창동","70~74세","2024 년","363","361","2",
"효창동","70~74세","2025 년","370","369","1",
"효창동","75~79세","2024 년","315","314","1",
"효창동","75~79세","2025 년","313","312","1",
"효창동","80~84세","2024 년","253","252","1",
"효창동","80~84세","2025 년","247","246","1",
"효창동","85~89세","2024 년","139","139","-",
"효창동","85~89세","2025 년","147","147","-",
"효창동","90~94세","2024 년","52","52","-",
"효창동","90~94세","2025 년","63","63","-",
"효창동","95~99세","2024 년","10","10","-",
"효창동","95~99세","2025 년","12","12","-",
"효창동","100세 이상","2024 년","-","-","-",
"효창동","100세 이상","2025 년","1","1","-",
"용문동","합계","2024 년","11268","11161","107",
"용문동","합계","2025 년","11168","11050","118",
"용문동","0~4세","2024 년","278","276","2",
"용문동","0~4세","2025 년","279","277","2",
"용문동","5~9세","2024 년","279","276","3",
"용문동","5~9세","2025 년","262","260","2",
"용문동","10~14세","2024 년","284","282","2",
"용문동","10~14세","2025 년","266","265","1",
"용문동","15~19세","2024 년","356","350","6",
"용문동","15~19세","2025 년","329","326","3",
"용문동","20~24세","2024 년","540","538","2",
"용문동","20~24세","2025 년","481","476","5",
"용문동","25~29세","2024 년","986","976","10",
"용문동","25~29세","2025 년","963","954","9",
"용문동","30~34세","2024 년","1092","1084","8",
"용문동","30~34세","2025 년","1166","1148","18",
"용문동","35~39세","2024 년","883","869","14",
"용문동","35~39세","2025 년","893","875","18",
"용문동","40~44세","2024 년","834","824","10",
"용문동","40~44세","2025 년","782","774","8",
"용문동","45~49세","2024 년","679","665","14",
"용문동","45~49세","2025 년","683","668","15",
"용문동","50~54세","2024 년","940","932","8",
"용문동","50~54세","2025 년","862","857","5",
"용문동","55~59세","2024 년","917","903","14",
"용문동","55~59세","2025 년","948","932","16",
"용문동","60~64세","2024 년","853","845","8",
"용문동","60~64세","2025 년","818","808","10",
"용문동","65~69세","2024 년","753","750","3",
"용문동","65~69세","2025 년","779","777","2",
"용문동","70~74세","2024 년","547","546","1",
"용문동","70~74세","2025 년","583","581","2",
"용문동","75~79세","2024 년","463","463","-",
"용문동","75~79세","2025 년","478","478","-",
"용문동","80~84세","2024 년","344","343","1",
"용문동","80~84세","2025 년","332","331","1",
"용문동","85~89세","2024 년","170","169","1",
"용문동","85~89세","2025 년","198","197","1",
"용문동","90~94세","2024 년","52","52","-",
"용문동","90~94세","2025 년","43","43","-",
"용문동","95~99세","2024 년","13","13","-",
"용문동","95~99세","2025 년","17","17","-",
"용문동","100세 이상","2024 년","5","5","-",
"용문동","100세 이상","2025 년","6","6","-",
"한강로동","합계","2024 년","22642","20901","1741",
"한강로동","합계","2025 년","22624","20889","1735",
"한강로동","0~4세","2024 년","783","700","83",
"한강로동","0~4세","2025 년","771","693","78",
"한강로동","5~9세","2024 년","618","487","131",
"한강로동","5~9세","2025 년","637","503","134",
"한강로동","10~14세","2024 년","545","423","122",
"한강로동","10~14세","2025 년","544","408","136",
"한강로동","15~19세","2024 년","609","521","88",
"한강로동","15~19세","2025 년","605","518","87",
"한강로동","20~24세","2024 년","1009","961","48",
"한강로동","20~24세","2025 년","957","907","50",
"한강로동","25~29세","2024 년","2131","2059","72",
"한강로동","25~29세","2025 년","2050","1982","68",
"한강로동","30~34세","2024 년","2902","2800","102",
"한강로동","30~34세","2025 년","2823","2713","110",
"한강로동","35~39세","2024 년","2300","2094","206",
"한강로동","35~39세","2025 년","2398","2219","179",
"한강로동","40~44세","2024 년","1918","1660","258",
"한강로동","40~44세","2025 년","1895","1647","248",
"한강로동","45~49세","2024 년","1364","1176","188",
"한강로동","45~49세","2025 년","1446","1233","213",
"한강로동","50~54세","2024 년","1623","1499","124",
"한강로동","50~54세","2025 년","1554","1425","129",
"한강로동","55~59세","2024 년","1814","1676","138",
"한강로동","55~59세","2025 년","1768","1658","110",
"한강로동","60~64세","2024 년","1573","1487","86",
"한강로동","60~64세","2025 년","1606","1511","95",
"한강로동","65~69세","2024 년","1291","1253","38",
"한강로동","65~69세","2025 년","1317","1274","43",
"한강로동","70~74세","2024 년","795","762","33",
"한강로동","70~74세","2025 년","841","816","25",
"한강로동","75~79세","2024 년","563","545","18",
"한강로동","75~79세","2025 년","592","571","21",
"한강로동","80~84세","2024 년","415","413","2",
"한강로동","80~84세","2025 년","422","417","5",
"한강로동","85~89세","2024 년","263","261","2",
"한강로동","85~89세","2025 년","268","266","2",
"한강로동","90~94세","2024 년","99","98","1",
"한강로동","90~94세","2025 년","100","99","1",
"한강로동","95~99세","2024 년","24","23","1",
"한강로동","95~99세","2025 년","27","26","1",
"한강로동","100세 이상","2024 년","3","3","-",
"한강로동","100세 이상","2025 년","3","3","-",
"이촌1동","합계","2024 년","25493","24955","538",
"이촌1동","합계","2025 년","25395","24919","476",
"이촌1동","0~4세","2024 년","794","768","26",
"이촌1동","0~4세","2025 년","798","778","20",
"이촌1동","5~9세","2024 년","1364","1314","50",
"이촌1동","5~9세","2025 년","1313","1261","52",
"이촌1동","10~14세","2024 년","1427","1384","43",
"이촌1동","10~14세","2025 년","1416","1385","31",
"이촌1동","15~19세","2024 년","1232","1211","21",
"이촌1동","15~19세","2025 년","1211","1195","16",
"이촌1동","20~24세","2024 년","1294","1284","10",
"이촌1동","20~24세","2025 년","1219","1212","7",
"이촌1동","25~29세","2024 년","1242","1234","8",
"이촌1동","25~29세","2025 년","1251","1241","10",
"이촌1동","30~34세","2024 년","1359","1332","27",
"이촌1동","30~34세","2025 년","1357","1343","14",
"이촌1동","35~39세","2024 년","1709","1656","53",
"이촌1동","35~39세","2025 년","1679","1623","56",
"이촌1동","40~44세","2024 년","2210","2126","84",
"이촌1동","40~44세","2025 년","2161","2093","68",
"이촌1동","45~49세","2024 년","2028","1963","65",
"이촌1동","45~49세","2025 년","2085","2021","64",
"이촌1동","50~54세","2024 년","2422","2369","53",
"이촌1동","50~54세","2025 년","2258","2211","47",
"이촌1동","55~59세","2024 년","2068","2038","30",
"이촌1동","55~59세","2025 년","2186","2162","24",
"이촌1동","60~64세","2024 년","1694","1670","24",
"이촌1동","60~64세","2025 년","1694","1673","21",
"이촌1동","65~69세","2024 년","1510","1493","17",
"이촌1동","65~69세","2025 년","1535","1517","18",
"이촌1동","70~74세","2024 년","929","915","14",
"이촌1동","70~74세","2025 년","1012","999","13",
"이촌1동","75~79세","2024 년","754","745","9",
"이촌1동","75~79세","2025 년","755","745","10",
"이촌1동","80~84세","2024 년","697","696","1",
"이촌1동","80~84세","2025 년","666","665","1",
"이촌1동","85~89세","2024 년","496","493","3",
"이촌1동","85~89세","2025 년","504","500","4",
"이촌1동","90~94세","2024 년","205","205","-",
"이촌1동","90~94세","2025 년","242","242","-",
"이촌1동","95~99세","2024 년","51","51","-",
"이촌1동","95~99세","2025 년","46","46","-",
"이촌1동","100세 이상","2024 년","8","8","-",
"이촌1동","100세 이상","2025 년","7","7","-",
"이촌2동","합계","2024 년","7773","7711","62",
"이촌2동","합계","2025 년","7783","7737","46",
"이촌2동","0~4세","2024 년","241","240","1",
"이촌2동","0~4세","2025 년","246","245","1",
"이촌2동","5~9세","2024 년","146","146","-",
"이촌2동","5~9세","2025 년","154","154","-",
"이촌2동","10~14세","2024 년","189","187","2",
"이촌2동","10~14세","2025 년","190","189","1",
"이촌2동","15~19세","2024 년","244","244","-",
"이촌2동","15~19세","2025 년","239","239","-",
"이촌2동","20~24세","2024 년","325","322","3",
"이촌2동","20~24세","2025 년","305","301","4",
"이촌2동","25~29세","2024 년","443","436","7",
"이촌2동","25~29세","2025 년","434","430","4",
"이촌2동","30~34세","2024 년","663","655","8",
"이촌2동","30~34세","2025 년","675","671","4",
"이촌2동","35~39세","2024 년","673","671","2",
"이촌2동","35~39세","2025 년","667","664","3",
"이촌2동","40~44세","2024 년","640","633","7",
"이촌2동","40~44세","2025 년","627","621","6",
"이촌2동","45~49세","2024 년","475","465","10",
"이촌2동","45~49세","2025 년","523","515","8",
"이촌2동","50~54세","2024 년","614","609","5",
"이촌2동","50~54세","2025 년","559","555","4",
"이촌2동","55~59세","2024 년","621","615","6",
"이촌2동","55~59세","2025 년","618","616","2",
"이촌2동","60~64세","2024 년","620","615","5",
"이촌2동","60~64세","2025 년","616","613","3",
"이촌2동","65~69세","2024 년","667","665","2",
"이촌2동","65~69세","2025 년","655","652","3",
"이촌2동","70~74세","2024 년","423","421","2",
"이촌2동","70~74세","2025 년","456","455","1",
"이촌2동","75~79세","2024 년","319","317","2",
"이촌2동","75~79세","2025 년","341","339","2",
"이촌2동","80~84세","2024 년","260","260","-",
"이촌2동","80~84세","2025 년","261","261","-",
"이촌2동","85~89세","2024 년","138","138","-",
"이촌2동","85~89세","2025 년","142","142","-",
"이촌2동","90~94세","2024 년","53","53","-",
"이촌2동","90~94세","2025 년","56","56","-",
"이촌2동","95~99세","2024 년","17","17","-",
"이촌2동","95~99세","2025 년","17","17","-",
"이촌2동","100세 이상","2024 년","2","2","-",
"이촌2동","100세 이상","2025 년","2","2","-",
"이태원1동","합계","2024 년","7640","6030","1610",
"이태원1동","합계","2025 년","7343","5898","1445",
"이태원1동","0~4세","2024 년","134","89","45",
"이태원1동","0~4세","2025 년","132","98","34",
"이태원1동","5~9세","2024 년","180","110","70",
"이태원1동","5~9세","2025 년","160","86","74",
"이태원1동","10~14세","2024 년","161","96","65",
"이태원1동","10~14세","2025 년","190","111","79",
"이태원1동","15~19세","2024 년","186","140","46",
"이태원1동","15~19세","2025 년","165","121","44",
"이태원1동","20~24세","2024 년","335","237","98",
"이태원1동","20~24세","2025 년","296","215","81",
"이태원1동","25~29세","2024 년","754","547","207",
"이태원1동","25~29세","2025 년","639","501","138",
"이태원1동","30~34세","2024 년","965","712","253",
"이태원1동","30~34세","2025 년","918","691","227",
"이태원1동","35~39세","2024 년","681","463","218",
"이태원1동","35~39세","2025 년","691","495","196",
"이태원1동","40~44세","2024 년","621","430","191",
"이태원1동","40~44세","2025 년","588","422","166",
"이태원1동","45~49세","2024 년","508","359","149",
"이태원1동","45~49세","2025 년","504","349","155",
"이태원1동","50~54세","2024 년","526","424","102",
"이태원1동","50~54세","2025 년","481","392","89",
"이태원1동","55~59세","2024 년","540","466","74",
"이태원1동","55~59세","2025 년","529","458","71",
"이태원1동","60~64세","2024 년","585","537","48",
"이태원1동","60~64세","2025 년","546","503","43",
"이태원1동","65~69세","2024 년","478","461","17",
"이태원1동","65~69세","2025 년","499","478","21",
"이태원1동","70~74세","2024 년","324","313","11",
"이태원1동","70~74세","2025 년","363","352","11",
"이태원1동","75~79세","2024 년","263","254","9",
"이태원1동","75~79세","2025 년","250","240","10",
"이태원1동","80~84세","2024 년","195","193","2",
"이태원1동","80~84세","2025 년","196","194","2",
"이태원1동","85~89세","2024 년","129","125","4",
"이태원1동","85~89세","2025 년","126","123","3",
"이태원1동","90~94세","2024 년","58","58","-",
"이태원1동","90~94세","2025 년","52","52","-",
"이태원1동","95~99세","2024 년","14","14","-",
"이태원1동","95~99세","2025 년","16","16","-",
"이태원1동","100세 이상","2024 년","3","2","1",
"이태원1동","100세 이상","2025 년","2","1","1",
"이태원2동","합계","2024 년","10039","8507","1532",
"이태원2동","합계","2025 년","9898","8350","1548",
"이태원2동","0~4세","2024 년","204","130","74",
"이태원2동","0~4세","2025 년","197","135","62",
"이태원2동","5~9세","2024 년","269","187","82",
"이태원2동","5~9세","2025 년","240","147","93",
"이태원2동","10~14세","2024 년","259","191","68",
"이태원2동","10~14세","2025 년","270","192","78",
"이태원2동","15~19세","2024 년","266","211","55",
"이태원2동","15~19세","2025 년","284","226","58",
"이태원2동","20~24세","2024 년","472","391","81",
"이태원2동","20~24세","2025 년","463","383","80",
"이태원2동","25~29세","2024 년","895","780","115",
"이태원2동","25~29세","2025 년","833","731","102",
"이태원2동","30~34세","2024 년","1195","982","213",
"이태원2동","30~34세","2025 년","1156","949","207",
"이태원2동","35~39세","2024 년","916","719","197",
"이태원2동","35~39세","2025 년","900","717","183",
"이태원2동","40~44세","2024 년","939","732","207",
"이태원2동","40~44세","2025 년","892","680","212",
"이태원2동","45~49세","2024 년","687","537","150",
"이태원2동","45~49세","2025 년","744","576","168",
"이태원2동","50~54세","2024 년","791","670","121",
"이태원2동","50~54세","2025 년","777","651","126",
"이태원2동","55~59세","2024 년","641","558","83",
"이태원2동","55~59세","2025 년","656","561","95",
"이태원2동","60~64세","2024 년","636","595","41",
"이태원2동","60~64세","2025 년","623","588","35",
"이태원2동","65~69세","2024 년","589","560","29",
"이태원2동","65~69세","2025 년","589","561","28",
"이태원2동","70~74세","2024 년","377","369","8",
"이태원2동","70~74세","2025 년","412","400","12",
"이태원2동","75~79세","2024 년","350","344","6",
"이태원2동","75~79세","2025 년","325","319","6",
"이태원2동","80~84세","2024 년","307","306","1",
"이태원2동","80~84세","2025 년","290","289","1",
"이태원2동","85~89세","2024 년","171","170","1",
"이태원2동","85~89세","2025 년","174","172","2",
"이태원2동","90~94세","2024 년","56","56","-",
"이태원2동","90~94세","2025 년","57","57","-",
"이태원2동","95~99세","2024 년","17","17","-",
"이태원2동","95~99세","2025 년","15","15","-",
"이태원2동","100세 이상","2024 년","2","2","-",
"이태원2동","100세 이상","2025 년","1","1","-",
"한남동","합계","2024 년","15947","14073","1874",
"한남동","합계","2025 년","15545","13719","1826",
"한남동","0~4세","2024 년","507","434","73",
"한남동","0~4세","2025 년","456","387","69",
"한남동","5~9세","2024 년","565","442","123",
"한남동","5~9세","2025 년","540","435","105",
"한남동","10~14세","2024 년","579","439","140",
"한남동","10~14세","2025 년","568","437","131",
"한남동","15~19세","2024 년","559","448","111",
"한남동","15~19세","2025 년","548","429","119",
"한남동","20~24세","2024 년","639","596","43",
"한남동","20~24세","2025 년","574","527","47",
"한남동","25~29세","2024 년","1020","920","100",
"한남동","25~29세","2025 년","941","863","78",
"한남동","30~34세","2024 년","1468","1271","197",
"한남동","30~34세","2025 년","1421","1232","189",
"한남동","35~39세","2024 년","1474","1240","234",
"한남동","35~39세","2025 년","1427","1201","226",
"한남동","40~44세","2024 년","1580","1339","241",
"한남동","40~44세","2025 년","1521","1299","222",
"한남동","45~49세","2024 년","1269","1053","216",
"한남동","45~49세","2025 년","1280","1067","213",
"한남동","50~54세","2024 년","1371","1216","155",
"한남동","50~54세","2025 년","1283","1115","168",
"한남동","55~59세","2024 년","1160","1038","122",
"한남동","55~59세","2025 년","1199","1072","127",
"한남동","60~64세","2024 년","1020","967","53",
"한남동","60~64세","2025 년","992","930","62",
"한남동","65~69세","2024 년","960","924","36",
"한남동","65~69세","2025 년","921","892","29",
"한남동","70~74세","2024 년","646","629","17",
"한남동","70~74세","2025 년","705","680","25",
"한남동","75~79세","2024 년","478","473","5",
"한남동","75~79세","2025 년","489","481","8",
"한남동","80~84세","2024 년","368","363","5",
"한남동","80~84세","2025 년","362","358","4",
"한남동","85~89세","2024 년","185","182","3",
"한남동","85~89세","2025 년","218","215","3",
"한남동","90~94세","2024 년","76","76","-",
"한남동","90~94세","2025 년","78","77","1",
"한남동","95~99세","2024 년","22","22","-",
"한남동","95~99세","2025 년","20","20","-",
"한남동","100세 이상","2024 년","1","1","-",
"한남동","100세 이상","2025 년","2","2","-",
"서빙고동","합계","2024 년","13175","12467","708",
"서빙고동","합계","2025 년","12791","12045","746",
"서빙고동","0~4세","2024 년","320","278","42",
"서빙고동","0~4세","2025 년","272","236","36",
"서빙고동","5~9세","2024 년","420","352","68",
"서빙고동","5~9세","2025 년","430","358","72",
"서빙고동","10~14세","2024 년","696","639","57",
"서빙고동","10~14세","2025 년","650","586","64",
"서빙고동","15~19세","2024 년","774","725","49",
"서빙고동","15~19세","2025 년","736","683","53",
"서빙고동","20~24세","2024 년","827","803","24",
"서빙고동","20~24세","2025 년","755","719","36",
"서빙고동","25~29세","2024 년","755","725","30",
"서빙고동","25~29세","2025 년","727","703","24",
"서빙고동","30~34세","2024 년","803","745","58",
"서빙고동","30~34세","2025 년","773","721","52",
"서빙고동","35~39세","2024 년","792","731","61",
"서빙고동","35~39세","2025 년","782","710","72",
"서빙고동","40~44세","2024 년","1053","961","92",
"서빙고동","40~44세","2025 년","997","907","90",
"서빙고동","45~49세","2024 년","1217","1146","71",
"서빙고동","45~49세","2025 년","1145","1070","75",
"서빙고동","50~54세","2024 년","1241","1187","54",
"서빙고동","50~54세","2025 년","1174","1115","59",
"서빙고동","55~59세","2024 년","973","933","40",
"서빙고동","55~59세","2025 년","971","927","44",
"서빙고동","60~64세","2024 년","958","925","33",
"서빙고동","60~64세","2025 년","966","930","36",
"서빙고동","65~69세","2024 년","786","773","13",
"서빙고동","65~69세","2025 년","824","808","16",
"서빙고동","70~74세","2024 년","498","493","5",
"서빙고동","70~74세","2025 년","538","532","6",
"서빙고동","75~79세","2024 년","347","341","6",
"서빙고동","75~79세","2025 년","357","351","6",
"서빙고동","80~84세","2024 년","307","303","4",
"서빙고동","80~84세","2025 년","279","274","5",
"서빙고동","85~89세","2024 년","282","281","1",
"서빙고동","85~89세","2025 년","258","258","-",
"서빙고동","90~94세","2024 년","99","99","-",
"서빙고동","90~94세","2025 년","125","125","-",
"서빙고동","95~99세","2024 년","20","20","-",
"서빙고동","95~99세","2025 년","23","23","-",
"서빙고동","100세 이상","2024 년","7","7","-",
"서빙고동","100세 이상","2025 년","9","9","-",
"보광동","합계","2024 년","8167","7187","980",
"보광동","합계","2025 년","7547","6684","863",
"보광동","0~4세","2024 년","99","65","34",
"보광동","0~4세","2025 년","99","67","32",
"보광동","5~9세","2024 년","126","83","43",
"보광동","5~9세","2025 년","116","79","37",
"보광동","10~14세","2024 년","186","149","37",
"보광동","10~14세","2025 년","170","137","33",
"보광동","15~19세","2024 년","215","199","16",
"보광동","15~19세","2025 년","206","188","18",
"보광동","20~24세","2024 년","328","296","32",
"보광동","20~24세","2025 년","276","251","25",
"보광동","25~29세","2024 년","669","567","102",
"보광동","25~29세","2025 년","555","477","78",
"보광동","30~34세","2024 년","786","646","140",
"보광동","30~34세","2025 년","726","608","118",
"보광동","35~39세","2024 년","617","462","155",
"보광동","35~39세","2025 년","553","426","127",
"보광동","40~44세","2024 년","620","497","123",
"보광동","40~44세","2025 년","567","450","117",
"보광동","45~49세","2024 년","577","464","113",
"보광동","45~49세","2025 년","553","439","114",
"보광동","50~54세","2024 년","724","636","88",
"보광동","50~54세","2025 년","673","595","78",
"보광동","55~59세","2024 년","706","658","48",
"보광동","55~59세","2025 년","631","592","39",
"보광동","60~64세","2024 년","741","711","30",
"보광동","60~64세","2025 년","698","671","27",
"보광동","65~69세","2024 년","628","618","10",
"보광동","65~69세","2025 년","606","594","12",
"보광동","70~74세","2024 년","392","390","2",
"보광동","70~74세","2025 년","396","394","2",
"보광동","75~79세","2024 년","328","324","4",
"보광동","75~79세","2025 년","331","329","2",
"보광동","80~84세","2024 년","228","227","1",
"보광동","80~84세","2025 년","202","200","2",
"보광동","85~89세","2024 년","134","134","-",
"보광동","85~89세","2025 년","125","125","-",
"보광동","90~94세","2024 년","50","50","-",
"보광동","90~94세","2025 년","53","53","-",
"보광동","95~99세","2024 년","11","10","1",
"보광동","95~99세","2025 년","10","9","1",
"보광동","100세 이상","2024 년","2","1","1",
"보광동","100세 이상","2025 년","1","-","1",
"성동구","합계","2024 년","281289","273669","7620",
"성동구","합계","2025 년","282714","274606","8108",
"성동구","0~4세","2024 년","7669","7563","106",
"성동구","0~4세","2025 년","7900","7789","111",
"성동구","5~9세","2024 년","8494","8411","83",
"성동구","5~9세","2025 년","7976","7892","84",
"성동구","10~14세","2024 년","8309","8237","72",
"성동구","10~14세","2025 년","8293","8219","74",
"성동구","15~19세","2024 년","9546","9094","452",
"성동구","15~19세","2025 년","9513","8946","567",
"성동구","20~24세","2024 년","18253","16106","2147",
"성동구","20~24세","2025 년","17322","15065","2257",
"성동구","25~29세","2024 년","24341","22847","1494",
"성동구","25~29세","2025 년","24471","22791","1680",
"성동구","30~34세","2024 년","25524","24802","722",
"성동구","30~34세","2025 년","26546","25755","791",
"성동구","35~39세","2024 년","22172","21622","550",
"성동구","35~39세","2025 년","23114","22538","576",
"성동구","40~44세","2024 년","21850","21435","415",
"성동구","40~44세","2025 년","21461","21041","420",
"성동구","45~49세","2024 년","18646","18319","327",
"성동구","45~49세","2025 년","18885","18532","353",
"성동구","50~54세","2024 년","22503","22134","369",
"성동구","50~54세","2025 년","21453","21115","338",
"성동구","55~59세","2024 년","21764","21318","446",
"성동구","55~59세","2025 년","21978","21580","398",
"성동구","60~64세","2024 년","20973","20751","222",
"성동구","60~64세","2025 년","20358","20111","247",
"성동구","65~69세","2024 년","17980","17867","113",
"성동구","65~69세","2025 년","18566","18464","102",
"성동구","70~74세","2024 년","11814","11745","69",
"성동구","70~74세","2025 년","12729","12663","66",
"성동구","75~79세","2024 년","9362","9348","14",
"성동구","75~79세","2025 년","9644","9620","24",
"성동구","80~84세","2024 년","7008","7001","7",
"성동구","80~84세","2025 년","6999","6991","8",
"성동구","85~89세","2024 년","3638","3634","4",
"성동구","85~89세","2025 년","3892","3888","4",
"성동구","90~94세","2024 년","1158","1156","2",
"성동구","90~94세","2025 년","1300","1297","3",
"성동구","95~99세","2024 년","246","245","1",
"성동구","95~99세","2025 년","281","280","1",
"성동구","100세 이상","2024 년","39","34","5",
"성동구","100세 이상","2025 년","33","29","4",
"왕십리2동","합계","2024 년","16333","15950","383",
"왕십리2동","합계","2025 년","16125","15774","351",
"왕십리2동","0~4세","2024 년","499","490","9",
"왕십리2동","0~4세","2025 년","508","498","10",
"왕십리2동","5~9세","2024 년","501","495","6",
"왕십리2동","5~9세","2025 년","451","447","4",
"왕십리2동","10~14세","2024 년","481","480","1",
"왕십리2동","10~14세","2025 년","504","501","3",
"왕십리2동","15~19세","2024 년","530","523","7",
"왕십리2동","15~19세","2025 년","513","501","12",
"왕십리2동","20~24세","2024 년","932","819","113",
"왕십리2동","20~24세","2025 년","818","742","76",
"왕십리2동","25~29세","2024 년","1351","1273","78",
"왕십리2동","25~29세","2025 년","1317","1240","77",
"왕십리2동","30~34세","2024 년","1635","1599","36",
"왕십리2동","30~34세","2025 년","1638","1599","39",
"왕십리2동","35~39세","2024 년","1346","1317","29",
"왕십리2동","35~39세","2025 년","1387","1357","30",
"왕십리2동","40~44세","2024 년","1257","1232","25",
"왕십리2동","40~44세","2025 년","1220","1200","20",
"왕십리2동","45~49세","2024 년","1056","1037","19",
"왕십리2동","45~49세","2025 년","1059","1042","17",
"왕십리2동","50~54세","2024 년","1348","1333","15",
"왕십리2동","50~54세","2025 년","1252","1235","17",
"왕십리2동","55~59세","2024 년","1264","1242","22",
"왕십리2동","55~59세","2025 년","1282","1260","22",
"왕십리2동","60~64세","2024 년","1246","1235","11",
"왕십리2동","60~64세","2025 년","1192","1180","12",
"왕십리2동","65~69세","2024 년","1020","1015","5",
"왕십리2동","65~69세","2025 년","1033","1027","6",
"왕십리2동","70~74세","2024 년","686","682","4",
"왕십리2동","70~74세","2025 년","719","718","1",
"왕십리2동","75~79세","2024 년","522","519","3",
"왕십리2동","75~79세","2025 년","565","561","4",
"왕십리2동","80~84세","2024 년","380","380","-",
"왕십리2동","80~84세","2025 년","387","386","1",
"왕십리2동","85~89세","2024 년","192","192","-",
"왕십리2동","85~89세","2025 년","192","192","-",
"왕십리2동","90~94세","2024 년","70","70","-",
"왕십리2동","90~94세","2025 년","75","75","-",
"왕십리2동","95~99세","2024 년","14","14","-",
"왕십리2동","95~99세","2025 년","12","12","-",
"왕십리2동","100세 이상","2024 년","3","3","-",
"왕십리2동","100세 이상","2025 년","1","1","-",
"왕십리도선동","합계","2024 년","26544","26071","473",
"왕십리도선동","합계","2025 년","26041","25540","501",
"왕십리도선동","0~4세","2024 년","870","861","9",
"왕십리도선동","0~4세","2025 년","817","807","10",
"왕십리도선동","5~9세","2024 년","1064","1055","9",
"왕십리도선동","5~9세","2025 년","1006","993","13",
"왕십리도선동","10~14세","2024 년","885","878","7",
"왕십리도선동","10~14세","2025 년","869","864","5",
"왕십리도선동","15~19세","2024 년","785","766","19",
"왕십리도선동","15~19세","2025 년","795","777","18",
"왕십리도선동","20~24세","2024 년","1512","1421","91",
"왕십리도선동","20~24세","2025 년","1365","1263","102",
"왕십리도선동","25~29세","2024 년","2432","2350","82",
"왕십리도선동","25~29세","2025 년","2329","2243","86",
"왕십리도선동","30~34세","2024 년","2402","2360","42",
"왕십리도선동","30~34세","2025 년","2429","2374","55",
"왕십리도선동","35~39세","2024 년","2173","2117","56",
"왕십리도선동","35~39세","2025 년","2139","2087","52",
"왕십리도선동","40~44세","2024 년","2227","2187","40",
"왕십리도선동","40~44세","2025 년","2156","2120","36",
"왕십리도선동","45~49세","2024 년","1710","1681","29",
"왕십리도선동","45~49세","2025 년","1736","1701","35",
"왕십리도선동","50~54세","2024 년","2137","2109","28",
"왕십리도선동","50~54세","2025 년","1964","1939","25",
"왕십리도선동","55~59세","2024 년","2143","2111","32",
"왕십리도선동","55~59세","2025 년","2132","2102","30",
"왕십리도선동","60~64세","2024 년","1896","1874","22",
"왕십리도선동","60~64세","2025 년","1812","1790","22",
"왕십리도선동","65~69세","2024 년","1502","1498","4",
"왕십리도선동","65~69세","2025 년","1524","1518","6",
"왕십리도선동","70~74세","2024 년","987","984","3",
"왕십리도선동","70~74세","2025 년","1067","1062","5",
"왕십리도선동","75~79세","2024 년","755","755","-",
"왕십리도선동","75~79세","2025 년","792","791","1",
"왕십리도선동","80~84세","2024 년","607","607","-",
"왕십리도선동","80~84세","2025 년","603","603","-",
"왕십리도선동","85~89세","2024 년","336","336","-",
"왕십리도선동","85~89세","2025 년","364","364","-",
"왕십리도선동","90~94세","2024 년","100","100","-",
"왕십리도선동","90~94세","2025 년","114","114","-",
"왕십리도선동","95~99세","2024 년","20","20","-",
"왕십리도선동","95~99세","2025 년","26","26","-",
"왕십리도선동","100세 이상","2024 년","1","1","-",
"왕십리도선동","100세 이상","2025 년","2","2","-",
"마장동","합계","2024 년","22074","21344","730",
"마장동","합계","2025 년","22451","21438","1013",
"마장동","0~4세","2024 년","465","449","16",
"마장동","0~4세","2025 년","426","415","11",
"마장동","5~9세","2024 년","486","474","12",
"마장동","5~9세","2025 년","464","456","8",
"마장동","10~14세","2024 년","593","585","8",
"마장동","10~14세","2025 년","566","556","10",
"마장동","15~19세","2024 년","869","787","82",
"마장동","15~19세","2025 년","885","765","120",
"마장동","20~24세","2024 년","1925","1746","179",
"마장동","20~24세","2025 년","1976","1636","340",
"마장동","25~29세","2024 년","2341","2227","114",
"마장동","25~29세","2025 년","2563","2373","190",
"마장동","30~34세","2024 년","1915","1858","57",
"마장동","30~34세","2025 년","2126","2060","66",
"마장동","35~39세","2024 년","1371","1329","42",
"마장동","35~39세","2025 년","1445","1385","60",
"마장동","40~44세","2024 년","1339","1292","47",
"마장동","40~44세","2025 년","1267","1225","42",
"마장동","45~49세","2024 년","1264","1234","30",
"마장동","45~49세","2025 년","1256","1219","37",
"마장동","50~54세","2024 년","1695","1649","46",
"마장동","50~54세","2025 년","1592","1556","36",
"마장동","55~59세","2024 년","1764","1709","55",
"마장동","55~59세","2025 년","1726","1678","48",
"마장동","60~64세","2024 년","1730","1705","25",
"마장동","60~64세","2025 년","1645","1617","28",
"마장동","65~69세","2024 년","1462","1452","10",
"마장동","65~69세","2025 년","1505","1496","9",
"마장동","70~74세","2024 년","1018","1012","6",
"마장동","70~74세","2025 년","1070","1065","5",
"마장동","75~79세","2024 년","805","805","-",
"마장동","75~79세","2025 년","868","866","2",
"마장동","80~84세","2024 년","602","601","1",
"마장동","80~84세","2025 년","596","595","1",
"마장동","85~89세","2024 년","311","311","-",
"마장동","85~89세","2025 년","333","333","-",
"마장동","90~94세","2024 년","96","96","-",
"마장동","90~94세","2025 년","118","118","-",
"마장동","95~99세","2024 년","22","22","-",
"마장동","95~99세","2025 년","23","23","-",
"마장동","100세 이상","2024 년","1","1","-",
"마장동","100세 이상","2025 년","1","1","-",
"사근동","합계","2024 년","14134","11927","2207",
"사근동","합계","2025 년","14130","11950","2180",
"사근동","0~4세","2024 년","144","133","11",
"사근동","0~4세","2025 년","138","124","14",
"사근동","5~9세","2024 년","162","158","4",
"사근동","5~9세","2025 년","136","131","5",
"사근동","10~14세","2024 년","194","192","2",
"사근동","10~14세","2025 년","192","190","2",
"사근동","15~19세","2024 년","714","502","212",
"사근동","15~19세","2025 년","726","498","228",
"사근동","20~24세","2024 년","3614","2553","1061",
"사근동","20~24세","2025 년","3488","2482","1006",
"사근동","25~29세","2024 년","2893","2283","610",
"사근동","25~29세","2025 년","3092","2487","605",
"사근동","30~34세","2024 년","1301","1130","171",
"사근동","30~34세","2025 년","1266","1079","187",
"사근동","35~39세","2024 년","590","532","58",
"사근동","35~39세","2025 년","586","527","59",
"사근동","40~44세","2024 년","542","522","20",
"사근동","40~44세","2025 년","527","500","27",
"사근동","45~49세","2024 년","524","503","21",
"사근동","45~49세","2025 년","515","500","15",
"사근동","50~54세","2024 년","694","676","18",
"사근동","50~54세","2025 년","646","628","18",
"사근동","55~59세","2024 년","635","625","10",
"사근동","55~59세","2025 년","643","635","8",
"사근동","60~64세","2024 년","533","531","2",
"사근동","60~64세","2025 년","529","527","2",
"사근동","65~69세","2024 년","469","465","4",
"사근동","65~69세","2025 년","484","482","2",
"사근동","70~74세","2024 년","330","328","2",
"사근동","70~74세","2025 년","338","337","1",
"사근동","75~79세","2024 년","337","337","-",
"사근동","75~79세","2025 년","351","350","1",
"사근동","80~84세","2024 년","281","281","-",
"사근동","80~84세","2025 년","283","283","-",
"사근동","85~89세","2024 년","141","141","-",
"사근동","85~89세","2025 년","153","153","-",
"사근동","90~94세","2024 년","28","28","-",
"사근동","90~94세","2025 년","31","31","-",
"사근동","95~99세","2024 년","7","7","-",
"사근동","95~99세","2025 년","6","6","-",
"사근동","100세 이상","2024 년","1","-","1",
"사근동","100세 이상","2025 년","-","-","-",
"행당1동","합계","2024 년","14032","13736","296",
"행당1동","합계","2025 년","15779","15457","322",
"행당1동","0~4세","2024 년","375","372","3",
"행당1동","0~4세","2025 년","476","472","4",
"행당1동","5~9세","2024 년","428","425","3",
"행당1동","5~9세","2025 년","472","469","3",
"행당1동","10~14세","2024 년","473","471","2",
"행당1동","10~14세","2025 년","499","497","2",
"행당1동","15~19세","2024 년","524","516","8",
"행당1동","15~19세","2025 년","576","566","10",
"행당1동","20~24세","2024 년","955","879","76",
"행당1동","20~24세","2025 년","973","883","90",
"행당1동","25~29세","2024 년","1311","1237","74",
"행당1동","25~29세","2025 년","1403","1327","76",
"행당1동","30~34세","2024 년","1339","1303","36",
"행당1동","30~34세","2025 년","1587","1549","38",
"행당1동","35~39세","2024 년","1074","1050","24",
"행당1동","35~39세","2025 년","1356","1327","29",
"행당1동","40~44세","2024 년","1066","1050","16",
"행당1동","40~44세","2025 년","1217","1199","18",
"행당1동","45~49세","2024 년","963","956","7",
"행당1동","45~49세","2025 년","1095","1088","7",
"행당1동","50~54세","2024 년","1153","1144","9",
"행당1동","50~54세","2025 년","1199","1192","7",
"행당1동","55~59세","2024 년","1029","1011","18",
"행당1동","55~59세","2025 년","1205","1190","15",
"행당1동","60~64세","2024 년","974","961","13",
"행당1동","60~64세","2025 년","1052","1037","15",
"행당1동","65~69세","2024 년","812","806","6",
"행당1동","65~69세","2025 년","932","925","7",
"행당1동","70~74세","2024 년","526","525","1",
"행당1동","70~74세","2025 년","609","608","1",
"행당1동","75~79세","2024 년","440","440","-",
"행당1동","75~79세","2025 년","478","478","-",
"행당1동","80~84세","2024 년","347","347","-",
"행당1동","80~84세","2025 년","370","370","-",
"행당1동","85~89세","2024 년","171","171","-",
"행당1동","85~89세","2025 년","195","195","-",
"행당1동","90~94세","2024 년","51","51","-",
"행당1동","90~94세","2025 년","66","66","-",
"행당1동","95~99세","2024 년","14","14","-",
"행당1동","95~99세","2025 년","16","16","-",
"행당1동","100세 이상","2024 년","7","7","-",
"행당1동","100세 이상","2025 년","3","3","-",
"행당2동","합계","2024 년","22716","22620","96",
"행당2동","합계","2025 년","22502","22412","90",
"행당2동","0~4세","2024 년","687","687","-",
"행당2동","0~4세","2025 년","726","725","1",
"행당2동","5~9세","2024 년","812","811","1",
"행당2동","5~9세","2025 년","779","778","1",
"행당2동","10~14세","2024 년","858","858","-",
"행당2동","10~14세","2025 년","872","872","-",
"행당2동","15~19세","2024 년","984","983","1",
"행당2동","15~19세","2025 년","924","922","2",
"행당2동","20~24세","2024 년","1135","1121","14",
"행당2동","20~24세","2025 년","1062","1046","16",
"행당2동","25~29세","2024 년","1355","1339","16",
"행당2동","25~29세","2025 년","1315","1303","12",
"행당2동","30~34세","2024 년","1712","1708","4",
"행당2동","30~34세","2025 년","1724","1720","4",
"행당2동","35~39세","2024 년","1777","1761","16",
"행당2동","35~39세","2025 년","1833","1820","13",
"행당2동","40~44세","2024 년","1765","1761","4",
"행당2동","40~44세","2025 년","1717","1710","7",
"행당2동","45~49세","2024 년","1733","1719","14",
"행당2동","45~49세","2025 년","1654","1644","10",
"행당2동","50~54세","2024 년","2073","2061","12",
"행당2동","50~54세","2025 년","1965","1950","15",
"행당2동","55~59세","2024 년","1872","1868","4",
"행당2동","55~59세","2025 년","1897","1894","3",
"행당2동","60~64세","2024 년","1648","1643","5",
"행당2동","60~64세","2025 년","1577","1575","2",
"행당2동","65~69세","2024 년","1427","1424","3",
"행당2동","65~69세","2025 년","1461","1459","2",
"행당2동","70~74세","2024 년","975","975","-",
"행당2동","70~74세","2025 년","1033","1033","-",
"행당2동","75~79세","2024 년","870","870","-",
"행당2동","75~79세","2025 년","867","867","-",
"행당2동","80~84세","2024 년","593","593","-",
"행당2동","80~84세","2025 년","604","604","-",
"행당2동","85~89세","2024 년","309","308","1",
"행당2동","85~89세","2025 년","339","338","1",
"행당2동","90~94세","2024 년","102","102","-",
"행당2동","90~94세","2025 년","123","123","-",
"행당2동","95~99세","2024 년","22","22","-",
"행당2동","95~99세","2025 년","24","24","-",
"행당2동","100세 이상","2024 년","7","6","1",
"행당2동","100세 이상","2025 년","6","5","1",
"응봉동","합계","2024 년","14798","14723","75",
"응봉동","합계","2025 년","14515","14433","82",
"응봉동","0~4세","2024 년","373","372","1",
"응봉동","0~4세","2025 년","395","394","1",
"응봉동","5~9세","2024 년","531","529","2",
"응봉동","5~9세","2025 년","501","500","1",
"응봉동","10~14세","2024 년","717","715","2",
"응봉동","10~14세","2025 년","657","654","3",
"응봉동","15~19세","2024 년","722","722","-",
"응봉동","15~19세","2025 년","712","711","1",
"응봉동","20~24세","2024 년","751","744","7",
"응봉동","20~24세","2025 년","680","671","9",
"응봉동","25~29세","2024 년","864","856","8",
"응봉동","25~29세","2025 년","843","833","10",
"응봉동","30~34세","2024 년","1024","1011","13",
"응봉동","30~34세","2025 년","1023","1009","14",
"응봉동","35~39세","2024 년","1036","1027","9",
"응봉동","35~39세","2025 년","1105","1094","11",
"응봉동","40~44세","2024 년","1289","1283","6",
"응봉동","40~44세","2025 년","1219","1211","8",
"응봉동","45~49세","2024 년","1227","1218","9",
"응봉동","45~49세","2025 년","1198","1188","10",
"응봉동","50~54세","2024 년","1411","1407","4",
"응봉동","50~54세","2025 년","1318","1314","4",
"응봉동","55~59세","2024 년","1161","1155","6",
"응봉동","55~59세","2025 년","1181","1177","4",
"응봉동","60~64세","2024 년","1005","1000","5",
"응봉동","60~64세","2025 년","986","982","4",
"응봉동","65~69세","2024 년","846","845","1",
"응봉동","65~69세","2025 년","824","823","1",
"응봉동","70~74세","2024 년","614","612","2",
"응봉동","70~74세","2025 년","635","634","1",
"응봉동","75~79세","2024 년","508","508","-",
"응봉동","75~79세","2025 년","523","523","-",
"응봉동","80~84세","2024 년","426","426","-",
"응봉동","80~84세","2025 년","405","405","-",
"응봉동","85~89세","2024 년","210","210","-",
"응봉동","85~89세","2025 년","220","220","-",
"응봉동","90~94세","2024 년","69","69","-",
"응봉동","90~94세","2025 년","77","77","-",
"응봉동","95~99세","2024 년","14","14","-",
"응봉동","95~99세","2025 년","13","13","-",
"응봉동","100세 이상","2024 년","-","-","-",
"응봉동","100세 이상","2025 년","-","-","-",
"금호1가동","합계","2024 년","14680","14580","100",
"금호1가동","합계","2025 년","14356","14277","79",
"금호1가동","0~4세","2024 년","491","489","2",
"금호1가동","0~4세","2025 년","467","466","1",
"금호1가동","5~9세","2024 년","545","542","3",
"금호1가동","5~9세","2025 년","483","483","-",
"금호1가동","10~14세","2024 년","519","516","3",
"금호1가동","10~14세","2025 년","522","521","1",
"금호1가동","15~19세","2024 년","498","495","3",
"금호1가동","15~19세","2025 년","491","485","6",
"금호1가동","20~24세","2024 년","629","625","4",
"금호1가동","20~24세","2025 년","574","567","7",
"금호1가동","25~29세","2024 년","828","818","10",
"금호1가동","25~29세","2025 년","770","765","5",
"금호1가동","30~34세","2024 년","1094","1081","13",
"금호1가동","30~34세","2025 년","1100","1094","6",
"금호1가동","35~39세","2024 년","1215","1201","14",
"금호1가동","35~39세","2025 년","1186","1171","15",
"금호1가동","40~44세","2024 년","1372","1361","11",
"금호1가동","40~44세","2025 년","1308","1300","8",
"금호1가동","45~49세","2024 년","1122","1112","10",
"금호1가동","45~49세","2025 년","1131","1121","10",
"금호1가동","50~54세","2024 년","1188","1180","8",
"금호1가동","50~54세","2025 년","1113","1104","9",
"금호1가동","55~59세","2024 년","1104","1099","5",
"금호1가동","55~59세","2025 년","1109","1107","2",
"금호1가동","60~64세","2024 년","1117","1106","11",
"금호1가동","60~64세","2025 년","1032","1027","5",
"금호1가동","65~69세","2024 년","1045","1045","-",
"금호1가동","65~69세","2025 년","1066","1065","1",
"금호1가동","70~74세","2024 년","717","715","2",
"금호1가동","70~74세","2025 년","777","776","1",
"금호1가동","75~79세","2024 년","526","525","1",
"금호1가동","75~79세","2025 년","538","536","2",
"금호1가동","80~84세","2024 년","363","363","-",
"금호1가동","80~84세","2025 년","345","345","-",
"금호1가동","85~89세","2024 년","215","215","-",
"금호1가동","85~89세","2025 년","232","232","-",
"금호1가동","90~94세","2024 년","79","79","-",
"금호1가동","90~94세","2025 년","88","88","-",
"금호1가동","95~99세","2024 년","12","12","-",
"금호1가동","95~99세","2025 년","21","21","-",
"금호1가동","100세 이상","2024 년","1","1","-",
"금호1가동","100세 이상","2025 년","3","3","-",
"금호2.3가동","합계","2024 년","21329","21148","181",
"금호2.3가동","합계","2025 년","20727","20566","161",
"금호2.3가동","0~4세","2024 년","731","729","2",
"금호2.3가동","0~4세","2025 년","710","707","3",
"금호2.3가동","5~9세","2024 년","741","739","2",
"금호2.3가동","5~9세","2025 년","658","656","2",
"금호2.3가동","10~14세","2024 년","548","545","3",
"금호2.3가동","10~14세","2025 년","576","574","2",
"금호2.3가동","15~19세","2024 년","632","625","7",
"금호2.3가동","15~19세","2025 년","577","570","7",
"금호2.3가동","20~24세","2024 년","964","951","13",
"금호2.3가동","20~24세","2025 년","839","828","11",
"금호2.3가동","25~29세","2024 년","1339","1319","20",
"금호2.3가동","25~29세","2025 년","1268","1251","17",
"금호2.3가동","30~34세","2024 년","1828","1806","22",
"금호2.3가동","30~34세","2025 년","1856","1839","17",
"금호2.3가동","35~39세","2024 년","1958","1937","21",
"금호2.3가동","35~39세","2025 년","1922","1907","15",
"금호2.3가동","40~44세","2024 년","1885","1867","18",
"금호2.3가동","40~44세","2025 년","1780","1764","16",
"금호2.3가동","45~49세","2024 년","1532","1517","15",
"금호2.3가동","45~49세","2025 년","1528","1511","17",
"금호2.3가동","50~54세","2024 년","1759","1741","18",
"금호2.3가동","50~54세","2025 년","1627","1611","16",
"금호2.3가동","55~59세","2024 년","1648","1626","22",
"금호2.3가동","55~59세","2025 년","1655","1634","21",
"금호2.3가동","60~64세","2024 년","1611","1598","13",
"금호2.3가동","60~64세","2025 년","1515","1502","13",
"금호2.3가동","65~69세","2024 년","1406","1404","2",
"금호2.3가동","65~69세","2025 년","1416","1416","-",
"금호2.3가동","70~74세","2024 년","951","949","2",
"금호2.3가동","70~74세","2025 년","1032","1029","3",
"금호2.3가동","75~79세","2024 년","784","784","-",
"금호2.3가동","75~79세","2025 년","763","763","-",
"금호2.3가동","80~84세","2024 년","602","601","1",
"금호2.3가동","80~84세","2025 년","568","568","-",
"금호2.3가동","85~89세","2024 년","285","285","-",
"금호2.3가동","85~89세","2025 년","313","312","1",
"금호2.3가동","90~94세","2024 년","100","100","-",
"금호2.3가동","90~94세","2025 년","96","96","-",
"금호2.3가동","95~99세","2024 년","20","20","-",
"금호2.3가동","95~99세","2025 년","23","23","-",
"금호2.3가동","100세 이상","2024 년","5","5","-",
"금호2.3가동","100세 이상","2025 년","5","5","-",
"금호4가동","합계","2024 년","14235","14074","161",
"금호4가동","합계","2025 년","14047","13869","178",
"금호4가동","0~4세","2024 년","529","529","-",
"금호4가동","0~4세","2025 년","508","507","1",
"금호4가동","5~9세","2024 년","609","608","1",
"금호4가동","5~9세","2025 년","549","546","3",
"금호4가동","10~14세","2024 년","470","468","2",
"금호4가동","10~14세","2025 년","490","486","4",
"금호4가동","15~19세","2024 년","453","432","21",
"금호4가동","15~19세","2025 년","451","425","26",
"금호4가동","20~24세","2024 년","503","484","19",
"금호4가동","20~24세","2025 년","472","456","16",
"금호4가동","25~29세","2024 년","782","757","25",
"금호4가동","25~29세","2025 년","714","686","28",
"금호4가동","30~34세","2024 년","1134","1120","14",
"금호4가동","30~34세","2025 년","1181","1165","16",
"금호4가동","35~39세","2024 년","1299","1283","16",
"금호4가동","35~39세","2025 년","1274","1255","19",
"금호4가동","40~44세","2024 년","1427","1414","13",
"금호4가동","40~44세","2025 년","1354","1341","13",
"금호4가동","45~49세","2024 년","1094","1086","8",
"금호4가동","45~49세","2025 년","1099","1087","12",
"금호4가동","50~54세","2024 년","1156","1144","12",
"금호4가동","50~54세","2025 년","1094","1085","9",
"금호4가동","55~59세","2024 년","988","976","12",
"금호4가동","55~59세","2025 년","1020","1012","8",
"금호4가동","60~64세","2024 년","1029","1021","8",
"금호4가동","60~64세","2025 년","958","945","13",
"금호4가동","65~69세","2024 년","937","931","6",
"금호4가동","65~69세","2025 년","968","963","5",
"금호4가동","70~74세","2024 년","644","642","2",
"금호4가동","70~74세","2025 년","703","701","2",
"금호4가동","75~79세","2024 년","520","519","1",
"금호4가동","75~79세","2025 년","523","521","2",
"금호4가동","80~84세","2024 년","370","370","-",
"금호4가동","80~84세","2025 년","385","385","-",
"금호4가동","85~89세","2024 년","202","202","-",
"금호4가동","85~89세","2025 년","201","201","-",
"금호4가동","90~94세","2024 년","75","74","1",
"금호4가동","90~94세","2025 년","86","85","1",
"금호4가동","95~99세","2024 년","12","12","-",
"금호4가동","95~99세","2025 년","15","15","-",
"금호4가동","100세 이상","2024 년","2","2","-",
"금호4가동","100세 이상","2025 년","2","2","-",
"옥수동","합계","2024 년","25548","25289","259",
"옥수동","합계","2025 년","25352","25080","272",
"옥수동","0~4세","2024 년","1087","1078","9",
"옥수동","0~4세","2025 년","1121","1110","11",
"옥수동","5~9세","2024 년","1160","1154","6",
"옥수동","5~9세","2025 년","1054","1044","10",
"옥수동","10~14세","2024 년","846","832","14",
"옥수동","10~14세","2025 년","902","888","14",
"옥수동","15~19세","2024 년","766","758","8",
"옥수동","15~19세","2025 년","756","742","14",
"옥수동","20~24세","2024 년","1007","991","16",
"옥수동","20~24세","2025 년","914","904","10",
"옥수동","25~29세","2024 년","1292","1277","15",
"옥수동","25~29세","2025 년","1292","1273","19",
"옥수동","30~34세","2024 년","2141","2118","23",
"옥수동","30~34세","2025 년","2098","2075","23",
"옥수동","35~39세","2024 년","2538","2493","45",
"옥수동","35~39세","2025 년","2530","2483","47",
"옥수동","40~44세","2024 년","2616","2576","40",
"옥수동","40~44세","2025 년","2495","2457","38",
"옥수동","45~49세","2024 년","1883","1859","24",
"옥수동","45~49세","2025 년","1930","1902","28",
"옥수동","50~54세","2024 년","1979","1965","14",
"옥수동","50~54세","2025 년","1961","1945","16",
"옥수동","55~59세","2024 년","1801","1781","20",
"옥수동","55~59세","2025 년","1737","1724","13",
"옥수동","60~64세","2024 년","1784","1776","8",
"옥수동","60~64세","2025 년","1769","1757","12",
"옥수동","65~69세","2024 년","1665","1663","2",
"옥수동","65~69세","2025 년","1671","1670","1",
"옥수동","70~74세","2024 년","1057","1051","6",
"옥수동","70~74세","2025 년","1157","1150","7",
"옥수동","75~79세","2024 년","814","811","3",
"옥수동","75~79세","2025 년","827","825","2",
"옥수동","80~84세","2024 년","619","616","3",
"옥수동","80~84세","2025 년","614","610","4",
"옥수동","85~89세","2024 년","341","340","1",
"옥수동","85~89세","2025 년","357","356","1",
"옥수동","90~94세","2024 년","115","114","1",
"옥수동","90~94세","2025 년","125","124","1",
"옥수동","95~99세","2024 년","35","34","1",
"옥수동","95~99세","2025 년","39","38","1",
"옥수동","100세 이상","2024 년","2","2","-",
"옥수동","100세 이상","2025 년","3","3","-",
"성수1가1동","합계","2024 년","15501","15202","299",
"성수1가1동","합계","2025 년","15193","14906","287",
"성수1가1동","0~4세","2024 년","381","373","8",
"성수1가1동","0~4세","2025 년","400","394","6",
"성수1가1동","5~9세","2024 년","386","384","2",
"성수1가1동","5~9세","2025 년","354","348","6",
"성수1가1동","10~14세","2024 년","391","387","4",
"성수1가1동","10~14세","2025 년","346","342","4",
"성수1가1동","15~19세","2024 년","478","469","9",
"성수1가1동","15~19세","2025 년","453","448","5",
"성수1가1동","20~24세","2024 년","824","790","34",
"성수1가1동","20~24세","2025 년","719","692","27",
"성수1가1동","25~29세","2024 년","1322","1290","32",
"성수1가1동","25~29세","2025 년","1287","1243","44",
"성수1가1동","30~34세","2024 년","1662","1620","42",
"성수1가1동","30~34세","2025 년","1601","1561","40",
"성수1가1동","35~39세","2024 년","1333","1294","39",
"성수1가1동","35~39세","2025 년","1368","1338","30",
"성수1가1동","40~44세","2024 년","1123","1090","33",
"성수1가1동","40~44세","2025 년","1120","1088","32",
"성수1가1동","45~49세","2024 년","884","860","24",
"성수1가1동","45~49세","2025 년","864","840","24",
"성수1가1동","50~54세","2024 년","1280","1255","25",
"성수1가1동","50~54세","2025 년","1174","1156","18",
"성수1가1동","55~59세","2024 년","1450","1427","23",
"성수1가1동","55~59세","2025 년","1423","1395","28",
"성수1가1동","60~64세","2024 년","1364","1354","10",
"성수1가1동","60~64세","2025 년","1342","1335","7",
"성수1가1동","65~69세","2024 년","1095","1088","7",
"성수1가1동","65~69세","2025 년","1145","1137","8",
"성수1가1동","70~74세","2024 년","599","595","4",
"성수1가1동","70~74세","2025 년","668","663","5",
"성수1가1동","75~79세","2024 년","419","418","1",
"성수1가1동","75~79세","2025 년","411","410","1",
"성수1가1동","80~84세","2024 년","297","297","-",
"성수1가1동","80~84세","2025 년","298","298","-",
"성수1가1동","85~89세","2024 년","150","149","1",
"성수1가1동","85~89세","2025 년","156","156","-",
"성수1가1동","90~94세","2024 년","51","51","-",
"성수1가1동","90~94세","2025 년","53","52","1",
"성수1가1동","95~99세","2024 년","9","9","-",
"성수1가1동","95~99세","2025 년","9","9","-",
"성수1가1동","100세 이상","2024 년","3","2","1",
"성수1가1동","100세 이상","2025 년","2","1","1",
"성수1가2동","합계","2024 년","11927","11696","231",
"성수1가2동","합계","2025 년","13827","13548","279",
"성수1가2동","0~4세","2024 년","291","290","1",
"성수1가2동","0~4세","2025 년","419","415","4",
"성수1가2동","5~9세","2024 년","273","271","2",
"성수1가2동","5~9세","2025 년","320","319","1",
"성수1가2동","10~14세","2024 년","318","316","2",
"성수1가2동","10~14세","2025 년","333","332","1",
"성수1가2동","15~19세","2024 년","378","374","4",
"성수1가2동","15~19세","2025 년","428","419","9",
"성수1가2동","20~24세","2024 년","637","604","33",
"성수1가2동","20~24세","2025 년","678","643","35",
"성수1가2동","25~29세","2024 년","1104","1052","52",
"성수1가2동","25~29세","2025 년","1226","1165","61",
"성수1가2동","30~34세","2024 년","1262","1224","38",
"성수1가2동","30~34세","2025 년","1511","1465","46",
"성수1가2동","35~39세","2024 년","1108","1082","26",
"성수1가2동","35~39세","2025 년","1357","1326","31",
"성수1가2동","40~44세","2024 년","866","844","22",
"성수1가2동","40~44세","2025 년","1051","1027","24",
"성수1가2동","45~49세","2024 년","825","816","9",
"성수1가2동","45~49세","2025 년","967","952","15",
"성수1가2동","50~54세","2024 년","959","945","14",
"성수1가2동","50~54세","2025 년","1107","1090","17",
"성수1가2동","55~59세","2024 년","872","855","17",
"성수1가2동","55~59세","2025 년","1032","1013","19",
"성수1가2동","60~64세","2024 년","873","866","7",
"성수1가2동","60~64세","2025 년","950","938","12",
"성수1가2동","65~69세","2024 년","803","802","1",
"성수1가2동","65~69세","2025 년","934","932","2",
"성수1가2동","70~74세","2024 년","502","501","1",
"성수1가2동","70~74세","2025 년","575","574","1",
"성수1가2동","75~79세","2024 년","384","383","1",
"성수1가2동","75~79세","2025 년","421","421","-",
"성수1가2동","80~84세","2024 년","278","278","-",
"성수1가2동","80~84세","2025 년","300","300","-",
"성수1가2동","85~89세","2024 년","145","145","-",
"성수1가2동","85~89세","2025 년","166","166","-",
"성수1가2동","90~94세","2024 년","38","38","-",
"성수1가2동","90~94세","2025 년","40","40","-",
"성수1가2동","95~99세","2024 년","10","10","-",
"성수1가2동","95~99세","2025 년","11","11","-",
"성수1가2동","100세 이상","2024 년","1","-","1",
"성수1가2동","100세 이상","2025 년","1","-","1",
"성수2가1동","합계","2024 년","14610","14158","452",
"성수2가1동","합계","2025 년","14223","13692","531",
"성수2가1동","0~4세","2024 년","264","255","9",
"성수2가1동","0~4세","2025 년","263","258","5",
"성수2가1동","5~9세","2024 년","258","253","5",
"성수2가1동","5~9세","2025 년","234","228","6",
"성수2가1동","10~14세","2024 년","338","332","6",
"성수2가1동","10~14세","2025 년","299","295","4",
"성수2가1동","15~19세","2024 년","387","376","11",
"성수2가1동","15~19세","2025 년","370","350","20",
"성수2가1동","20~24세","2024 년","647","600","47",
"성수2가1동","20~24세","2025 년","640","557","83",
"성수2가1동","25~29세","2024 년","1124","1089","35",
"성수2가1동","25~29세","2025 년","1068","1006","62",
"성수2가1동","30~34세","2024 년","1352","1316","36",
"성수2가1동","30~34세","2025 년","1308","1258","50",
"성수2가1동","35~39세","2024 년","1093","1045","48",
"성수2가1동","35~39세","2025 년","1096","1054","42",
"성수2가1동","40~44세","2024 년","1000","959","41",
"성수2가1동","40~44세","2025 년","952","901","51",
"성수2가1동","45~49세","2024 년","865","834","31",
"성수2가1동","45~49세","2025 년","876","841","35",
"성수2가1동","50~54세","2024 년","1210","1157","53",
"성수2가1동","50~54세","2025 년","1080","1032","48",
"성수2가1동","55~59세","2024 년","1331","1264","67",
"성수2가1동","55~59세","2025 년","1276","1218","58",
"성수2가1동","60~64세","2024 년","1586","1559","27",
"성수2가1동","60~64세","2025 년","1469","1437","32",
"성수2가1동","65~69세","2024 년","1255","1231","24",
"성수2가1동","65~69세","2025 년","1310","1289","21",
"성수2가1동","70~74세","2024 년","751","741","10",
"성수2가1동","70~74세","2025 년","832","824","8",
"성수2가1동","75~79세","2024 년","518","517","1",
"성수2가1동","75~79세","2025 년","513","508","5",
"성수2가1동","80~84세","2024 년","387","387","-",
"성수2가1동","80~84세","2025 년","372","372","-",
"성수2가1동","85~89세","2024 년","171","171","-",
"성수2가1동","85~89세","2025 년","186","186","-",
"성수2가1동","90~94세","2024 년","62","62","-",
"성수2가1동","90~94세","2025 년","61","61","-",
"성수2가1동","95~99세","2024 년","10","10","-",
"성수2가1동","95~99세","2025 년","17","17","-",
"성수2가1동","100세 이상","2024 년","1","-","1",
"성수2가1동","100세 이상","2025 년","1","-","1",
"성수2가3동","합계","2024 년","9884","9643","241",
"성수2가3동","합계","2025 년","9786","9508","278",
"성수2가3동","0~4세","2024 년","201","199","2",
"성수2가3동","0~4세","2025 년","182","182","-",
"성수2가3동","5~9세","2024 년","197","196","1",
"성수2가3동","5~9세","2025 년","177","175","2",
"성수2가3동","10~14세","2024 년","240","239","1",
"성수2가3동","10~14세","2025 년","219","218","1",
"성수2가3동","15~19세","2024 년","266","255","11",
"성수2가3동","15~19세","2025 년","264","246","18",
"성수2가3동","20~24세","2024 년","542","493","49",
"성수2가3동","20~24세","2025 년","547","483","64",
"성수2가3동","25~29세","2024 년","1013","971","42",
"성수2가3동","25~29세","2025 년","967","919","48",
"성수2가3동","30~34세","2024 년","1137","1112","25",
"성수2가3동","30~34세","2025 년","1142","1104","38",
"성수2가3동","35~39세","2024 년","746","725","21",
"성수2가3동","35~39세","2025 년","758","739","19",
"성수2가3동","40~44세","2024 년","721","699","22",
"성수2가3동","40~44세","2025 년","692","670","22",
"성수2가3동","45~49세","2024 년","611","592","19",
"성수2가3동","45~49세","2025 년","611","593","18",
"성수2가3동","50~54세","2024 년","748","733","15",
"성수2가3동","50~54세","2025 년","707","693","14",
"성수2가3동","55~59세","2024 년","757","743","14",
"성수2가3동","55~59세","2025 년","769","753","16",
"성수2가3동","60~64세","2024 년","774","764","10",
"성수2가3동","60~64세","2025 년","745","735","10",
"성수2가3동","65~69세","2024 년","653","649","4",
"성수2가3동","65~69세","2025 년","681","678","3",
"성수2가3동","70~74세","2024 년","458","453","5",
"성수2가3동","70~74세","2025 년","460","455","5",
"성수2가3동","75~79세","2024 년","352","352","-",
"성수2가3동","75~79세","2025 년","369","369","-",
"성수2가3동","80~84세","2024 년","268","268","-",
"성수2가3동","80~84세","2025 년","271","271","-",
"성수2가3동","85~89세","2024 년","154","154","-",
"성수2가3동","85~89세","2025 년","167","167","-",
"성수2가3동","90~94세","2024 년","37","37","-",
"성수2가3동","90~94세","2025 년","50","50","-",
"성수2가3동","95~99세","2024 년","7","7","-",
"성수2가3동","95~99세","2025 년","7","7","-",
"성수2가3동","100세 이상","2024 년","2","2","-",
"성수2가3동","100세 이상","2025 년","1","1","-",
"송정동","합계","2024 년","9900","9453","447",
"송정동","합계","2025 년","9604","9116","488",
"송정동","0~4세","2024 년","149","140","9",
"송정동","0~4세","2025 년","145","131","14",
"송정동","5~9세","2024 년","186","180","6",
"송정동","5~9세","2025 년","172","166","6",
"송정동","10~14세","2024 년","220","219","1",
"송정동","10~14세","2025 년","206","205","1",
"송정동","15~19세","2024 년","266","237","29",
"송정동","15~19세","2025 년","260","224","36",
"송정동","20~24세","2024 년","577","474","103",
"송정동","20~24세","2025 년","556","435","121",
"송정동","25~29세","2024 년","965","890","75",
"송정동","25~29세","2025 년","883","786","97",
"송정동","30~34세","2024 년","974","925","49",
"송정동","30~34세","2025 년","992","946","46",
"송정동","35~39세","2024 년","671","645","26",
"송정동","35~39세","2025 년","666","635","31",
"송정동","40~44세","2024 년","668","643","25",
"송정동","40~44세","2025 년","634","614","20",
"송정동","45~49세","2024 년","635","614","21",
"송정동","45~49세","2025 년","629","606","23",
"송정동","50~54세","2024 년","800","773","27",
"송정동","50~54세","2025 년","716","694","22",
"송정동","55~59세","2024 년","884","851","33",
"송정동","55~59세","2025 년","835","802","33",
"송정동","60~64세","2024 년","910","894","16",
"송정동","60~64세","2025 년","860","844","16",
"송정동","65~69세","2024 년","785","772","13",
"송정동","65~69세","2025 년","798","787","11",
"송정동","70~74세","2024 년","480","469","11",
"송정동","70~74세","2025 년","497","490","7",
"송정동","75~79세","2024 년","352","350","2",
"송정동","75~79세","2025 년","366","363","3",
"송정동","80~84세","2024 년","226","225","1",
"송정동","80~84세","2025 년","227","226","1",
"송정동","85~89세","2024 년","111","111","-",
"송정동","85~89세","2025 년","116","116","-",
"송정동","90~94세","2024 년","35","35","-",
"송정동","90~94세","2025 년","41","41","-",
"송정동","95~99세","2024 년","6","6","-",
"송정동","95~99세","2025 년","5","5","-",
"송정동","100세 이상","2024 년","-","-","-",
"송정동","100세 이상","2025 년","-","-","-",
"용답동","합계","2024 년","13044","12055","989",
"용답동","합계","2025 년","14056","13040","1016",
"용답동","0~4세","2024 년","132","117","15",
"용답동","0~4세","2025 년","199","184","15",
"용답동","5~9세","2024 년","155","137","18",
"용답동","5~9세","2025 년","166","153","13",
"용답동","10~14세","2024 년","218","204","14",
"용답동","10~14세","2025 년","241","224","17",
"용답동","15~19세","2024 년","294","274","20",
"용답동","15~19세","2025 년","332","297","35",
"용답동","20~24세","2024 년","1099","811","288",
"용답동","20~24세","2025 년","1021","777","244",
"용답동","25~29세","2024 년","2025","1819","206",
"용답동","25~29세","2025 년","2134","1891","243",
"용답동","30~34세","2024 년","1612","1511","101",
"용답동","30~34세","2025 년","1964","1858","106",
"용답동","35~39세","2024 년","844","784","60",
"용답동","35~39세","2025 년","1106","1033","73",
"용답동","40~44세","2024 년","687","655","32",
"용답동","40~44세","2025 년","752","714","38",
"용답동","45~49세","2024 년","718","681","37",
"용답동","45~49세","2025 년","737","697","40",
"용답동","50~54세","2024 년","913","862","51",
"용답동","50~54세","2025 년","938","891","47",
"용답동","55~59세","2024 년","1061","975","86",
"용답동","55~59세","2025 년","1056","986","70",
"용답동","60~64세","2024 년","893","864","29",
"용답동","60~64세","2025 년","925","883","42",
"용답동","65~69세","2024 년","798","777","21",
"용답동","65~69세","2025 년","814","797","17",
"용답동","70~74세","2024 년","519","511","8",
"용답동","70~74세","2025 년","557","544","13",
"용답동","75~79세","2024 년","456","455","1",
"용답동","75~79세","2025 년","469","468","1",
"용답동","80~84세","2024 년","362","361","1",
"용답동","80~84세","2025 년","371","370","1",
"용답동","85~89세","2024 년","194","193","1",
"용답동","85~89세","2025 년","202","201","1",
"용답동","90~94세","2024 년","50","50","-",
"용답동","90~94세","2025 년","56","56","-",
"용답동","95~99세","2024 년","12","12","-",
"용답동","95~99세","2025 년","14","14","-",
"용답동","100세 이상","2024 년","2","2","-",
"용답동","100세 이상","2025 년","2","2","-",
"광진구","합계","2024 년","348652","331963","16689",
"광진구","합계","2025 년","349117","331167","17950",
"광진구","0~4세","2024 년","6122","5835","287",
"광진구","0~4세","2025 년","6139","5875","264",
"광진구","5~9세","2024 년","8553","8263","290",
"광진구","5~9세","2025 년","7906","7633","273",
"광진구","10~14세","2024 년","11205","10915","290",
"광진구","10~14세","2025 년","11029","10750","279",
"광진구","15~19세","2024 년","13132","12071","1061",
"광진구","15~19세","2025 년","13469","12107","1362",
"광진구","20~24세","2024 년","26674","21759","4915",
"광진구","20~24세","2025 년","25420","20105","5315",
"광진구","25~29세","2024 년","38436","35128","3308",
"광진구","25~29세","2025 년","38482","34732","3750",
"광진구","30~34세","2024 년","33529","32184","1345",
"광진구","30~34세","2025 년","34774","33313","1461",
"광진구","35~39세","2024 년","24237","23170","1067",
"광진구","35~39세","2025 년","24592","23512","1080",
"광진구","40~44세","2024 년","24605","23805","800",
"광진구","40~44세","2025 년","24036","23199","837",
"광진구","45~49세","2024 년","23386","22724","662",
"광진구","45~49세","2025 년","23522","22848","674",
"광진구","50~54세","2024 년","27305","26598","707",
"광진구","50~54세","2025 년","25977","25304","673",
"광진구","55~59세","2024 년","26623","25665","958",
"광진구","55~59세","2025 년","26718","25771","947",
"광진구","60~64세","2024 년","25102","24512","590",
"광진구","60~64세","2025 년","24270","23701","569",
"광진구","65~69세","2024 년","21774","21517","257",
"광진구","65~69세","2025 년","22447","22148","299",
"광진구","70~74세","2024 년","14172","14067","105",
"광진구","70~74세","2025 년","15542","15422","120",
"광진구","75~79세","2024 년","10678","10657","21",
"광진구","75~79세","2025 년","11180","11156","24",
"광진구","80~84세","2024 년","7568","7558","10",
"광진구","80~84세","2025 년","7649","7642","7",
"광진구","85~89세","2024 년","3921","3911","10",
"광진구","85~89세","2025 년","4120","4110","10",
"광진구","90~94세","2024 년","1273","1269","4",
"광진구","90~94세","2025 년","1472","1469","3",
"광진구","95~99세","2024 년","308","308","-",
"광진구","95~99세","2025 년","328","327","1",
"광진구","100세 이상","2024 년","49","47","2",
"광진구","100세 이상","2025 년","45","43","2",
"화양동","합계","2024 년","27761","22880","4881",
"화양동","합계","2025 년","28243","22755","5488",
"화양동","0~4세","2024 년","159","136","23",
"화양동","0~4세","2025 년","159","136","23",
"화양동","5~9세","2024 년","153","142","11",
"화양동","5~9세","2025 년","144","132","12",
"화양동","10~14세","2024 년","194","186","8",
"화양동","10~14세","2025 년","177","169","8",
"화양동","15~19세","2024 년","866","415","451",
"화양동","15~19세","2025 년","1074","470","604",
"화양동","20~24세","2024 년","6610","4279","2331",
"화양동","20~24세","2025 년","6712","4169","2543",
"화양동","25~29세","2024 년","7048","5725","1323",
"화양동","25~29세","2025 년","7157","5645","1512",
"화양동","30~34세","2024 년","3666","3340","326",
"화양동","30~34세","2025 년","3732","3353","379",
"화양동","35~39세","2024 년","1645","1515","130",
"화양동","35~39세","2025 년","1693","1546","147",
"화양동","40~44세","2024 년","1145","1069","76",
"화양동","40~44세","2025 년","1138","1068","70",
"화양동","45~49세","2024 년","940","892","48",
"화양동","45~49세","2025 년","913","859","54",
"화양동","50~54세","2024 년","1028","986","42",
"화양동","50~54세","2025 년","1002","964","38",
"화양동","55~59세","2024 년","979","927","52",
"화양동","55~59세","2025 년","990","938","52",
"화양동","60~64세","2024 년","856","822","34",
"화양동","60~64세","2025 년","817","801","16",
"화양동","65~69세","2024 년","783","769","14",
"화양동","65~69세","2025 년","769","753","16",
"화양동","70~74세","2024 년","622","614","8",
"화양동","70~74세","2025 년","672","662","10",
"화양동","75~79세","2024 년","483","481","2",
"화양동","75~79세","2025 년","489","487","2",
"화양동","80~84세","2024 년","332","332","-",
"화양동","80~84세","2025 년","343","343","-",
"화양동","85~89세","2024 년","193","193","-",
"화양동","85~89세","2025 년","193","193","-",
"화양동","90~94세","2024 년","46","44","2",
"화양동","90~94세","2025 년","54","53","1",
"화양동","95~99세","2024 년","11","11","-",
"화양동","95~99세","2025 년","14","13","1",
"화양동","100세 이상","2024 년","2","2","-",
"화양동","100세 이상","2025 년","1","1","-",
"군자동","합계","2024 년","21431","18729","2702",
"군자동","합계","2025 년","21251","18459","2792",
"군자동","0~4세","2024 년","311","233","78",
"군자동","0~4세","2025 년","275","211","64",
"군자동","5~9세","2024 년","381","343","38",
"군자동","5~9세","2025 년","339","306","33",
"군자동","10~14세","2024 년","455","437","18",
"군자동","10~14세","2025 년","415","394","21",
"군자동","15~19세","2024 년","660","474","186",
"군자동","15~19세","2025 년","779","515","264",
"군자동","20~24세","2024 년","2593","1544","1049",
"군자동","20~24세","2025 년","2532","1476","1056",
"군자동","25~29세","2024 년","3295","2555","740",
"군자동","25~29세","2025 년","3265","2499","766",
"군자동","30~34세","2024 년","2349","2096","253",
"군자동","30~34세","2025 년","2388","2132","256",
"군자동","35~39세","2024 년","1468","1335","133",
"군자동","35~39세","2025 년","1429","1303","126",
"군자동","40~44세","2024 년","1335","1276","59",
"군자동","40~44세","2025 년","1308","1244","64",
"군자동","45~49세","2024 년","1135","1095","40",
"군자동","45~49세","2025 년","1144","1117","27",
"군자동","50~54세","2024 년","1304","1278","26",
"군자동","50~54세","2025 년","1228","1195","33",
"군자동","55~59세","2024 년","1311","1272","39",
"군자동","55~59세","2025 년","1285","1253","32",
"군자동","60~64세","2024 년","1403","1380","23",
"군자동","60~64세","2025 년","1291","1261","30",
"군자동","65~69세","2024 년","1189","1179","10",
"군자동","65~69세","2025 년","1232","1222","10",
"군자동","70~74세","2024 년","799","791","8",
"군자동","70~74세","2025 년","847","838","9",
"군자동","75~79세","2024 년","636","636","-",
"군자동","75~79세","2025 년","670","669","1",
"군자동","80~84세","2024 년","503","502","1",
"군자동","80~84세","2025 년","496","496","-",
"군자동","85~89세","2024 년","220","219","1",
"군자동","85~89세","2025 년","232","232","-",
"군자동","90~94세","2024 년","68","68","-",
"군자동","90~94세","2025 년","79","79","-",
"군자동","95~99세","2024 년","11","11","-",
"군자동","95~99세","2025 년","15","15","-",
"군자동","100세 이상","2024 년","5","5","-",
"군자동","100세 이상","2025 년","2","2","-",
"중곡1동","합계","2024 년","15612","15111","501",
"중곡1동","합계","2025 년","15403","14865","538",
"중곡1동","0~4세","2024 년","265","253","12",
"중곡1동","0~4세","2025 년","229","215","14",
"중곡1동","5~9세","2024 년","262","248","14",
"중곡1동","5~9세","2025 년","228","220","8",
"중곡1동","10~14세","2024 년","331","323","8",
"중곡1동","10~14세","2025 년","318","310","8",
"중곡1동","15~19세","2024 년","352","314","38",
"중곡1동","15~19세","2025 년","343","326","17",
"중곡1동","20~24세","2024 년","898","802","96",
"중곡1동","20~24세","2025 년","810","675","135",
"중곡1동","25~29세","2024 년","1947","1872","75",
"중곡1동","25~29세","2025 년","1894","1798","96",
"중곡1동","30~34세","2024 년","1955","1906","49",
"중곡1동","30~34세","2025 년","1991","1943","48",
"중곡1동","35~39세","2024 년","1237","1194","43",
"중곡1동","35~39세","2025 년","1239","1204","35",
"중곡1동","40~44세","2024 년","1076","1050","26",
"중곡1동","40~44세","2025 년","1022","999","23",
"중곡1동","45~49세","2024 년","911","885","26",
"중곡1동","45~49세","2025 년","916","883","33",
"중곡1동","50~54세","2024 년","1114","1085","29",
"중곡1동","50~54세","2025 년","1047","1021","26",
"중곡1동","55~59세","2024 년","1235","1190","45",
"중곡1동","55~59세","2025 년","1209","1163","46",
"중곡1동","60~64세","2024 년","1164","1141","23",
"중곡1동","60~64세","2025 년","1158","1130","28",
"중곡1동","65~69세","2024 년","1045","1032","13",
"중곡1동","65~69세","2025 년","1086","1070","16",
"중곡1동","70~74세","2024 년","662","660","2",
"중곡1동","70~74세","2025 년","703","700","3",
"중곡1동","75~79세","2024 년","530","530","-",
"중곡1동","75~79세","2025 년","542","542","-",
"중곡1동","80~84세","2024 년","378","378","-",
"중곡1동","80~84세","2025 년","398","398","-",
"중곡1동","85~89세","2024 년","177","175","2",
"중곡1동","85~89세","2025 년","194","192","2",
"중곡1동","90~94세","2024 년","59","59","-",
"중곡1동","90~94세","2025 년","61","61","-",
"중곡1동","95~99세","2024 년","13","13","-",
"중곡1동","95~99세","2025 년","14","14","-",
"중곡1동","100세 이상","2024 년","1","1","-",
"중곡1동","100세 이상","2025 년","1","1","-",
"중곡2동","합계","2024 년","20540","20172","368",
"중곡2동","합계","2025 년","20180","19752","428",
"중곡2동","0~4세","2024 년","297","284","13",
"중곡2동","0~4세","2025 년","261","248","13",
"중곡2동","5~9세","2024 년","485","477","8",
"중곡2동","5~9세","2025 년","390","378","12",
"중곡2동","10~14세","2024 년","596","578","18",
"중곡2동","10~14세","2025 년","566","553","13",
"중곡2동","15~19세","2024 년","626","618","8",
"중곡2동","15~19세","2025 년","633","603","30",
"중곡2동","20~24세","2024 년","1088","1046","42",
"중곡2동","20~24세","2025 년","941","881","60",
"중곡2동","25~29세","2024 년","2173","2123","50",
"중곡2동","25~29세","2025 년","2145","2078","67",
"중곡2동","30~34세","2024 년","2217","2175","42",
"중곡2동","30~34세","2025 년","2239","2185","54",
"중곡2동","35~39세","2024 년","1496","1453","43",
"중곡2동","35~39세","2025 년","1470","1431","39",
"중곡2동","40~44세","2024 년","1471","1435","36",
"중곡2동","40~44세","2025 년","1416","1378","38",
"중곡2동","45~49세","2024 년","1280","1252","28",
"중곡2동","45~49세","2025 년","1222","1198","24",
"중곡2동","50~54세","2024 년","1600","1579","21",
"중곡2동","50~54세","2025 년","1537","1515","22",
"중곡2동","55~59세","2024 년","1677","1650","27",
"중곡2동","55~59세","2025 년","1658","1632","26",
"중곡2동","60~64세","2024 년","1687","1670","17",
"중곡2동","60~64세","2025 년","1625","1612","13",
"중곡2동","65~69세","2024 년","1418","1407","11",
"중곡2동","65~69세","2025 년","1477","1466","11",
"중곡2동","70~74세","2024 년","950","947","3",
"중곡2동","70~74세","2025 년","1028","1023","5",
"중곡2동","75~79세","2024 년","728","727","1",
"중곡2동","75~79세","2025 년","765","765","-",
"중곡2동","80~84세","2024 년","470","470","-",
"중곡2동","80~84세","2025 년","490","489","1",
"중곡2동","85~89세","2024 년","205","205","-",
"중곡2동","85~89세","2025 년","231","231","-",
"중곡2동","90~94세","2024 년","60","60","-",
"중곡2동","90~94세","2025 년","70","70","-",
"중곡2동","95~99세","2024 년","16","16","-",
"중곡2동","95~99세","2025 년","15","15","-",
"중곡2동","100세 이상","2024 년","-","-","-",
"중곡2동","100세 이상","2025 년","1","1","-",
"중곡3동","합계","2024 년","15692","15379","313",
"중곡3동","합계","2025 년","15500","15164","336",
"중곡3동","0~4세","2024 년","272","258","14",
"중곡3동","0~4세","2025 년","266","257","9",
"중곡3동","5~9세","2024 년","273","266","7",
"중곡3동","5~9세","2025 년","248","238","10",
"중곡3동","10~14세","2024 년","354","350","4",
"중곡3동","10~14세","2025 년","363","355","8",
"중곡3동","15~19세","2024 년","409","394","15",
"중곡3동","15~19세","2025 년","383","368","15",
"중곡3동","20~24세","2024 년","769","728","41",
"중곡3동","20~24세","2025 년","667","611","56",
"중곡3동","25~29세","2024 년","1524","1481","43",
"중곡3동","25~29세","2025 년","1509","1461","48",
"중곡3동","30~34세","2024 년","1659","1620","39",
"중곡3동","30~34세","2025 년","1684","1651","33",
"중곡3동","35~39세","2024 년","1155","1120","35",
"중곡3동","35~39세","2025 년","1164","1126","38",
"중곡3동","40~44세","2024 년","1007","984","23",
"중곡3동","40~44세","2025 년","970","939","31",
"중곡3동","45~49세","2024 년","988","965","23",
"중곡3동","45~49세","2025 년","955","933","22",
"중곡3동","50~54세","2024 년","1253","1238","15",
"중곡3동","50~54세","2025 년","1146","1134","12",
"중곡3동","55~59세","2024 년","1360","1339","21",
"중곡3동","55~59세","2025 년","1304","1285","19",
"중곡3동","60~64세","2024 년","1388","1363","25",
"중곡3동","60~64세","2025 년","1332","1307","25",
"중곡3동","65~69세","2024 년","1208","1202","6",
"중곡3동","65~69세","2025 년","1277","1270","7",
"중곡3동","70~74세","2024 년","745","743","2",
"중곡3동","70~74세","2025 년","841","838","3",
"중곡3동","75~79세","2024 년","631","631","-",
"중곡3동","75~79세","2025 년","653","653","-",
"중곡3동","80~84세","2024 년","438","438","-",
"중곡3동","80~84세","2025 년","434","434","-",
"중곡3동","85~89세","2024 년","203","203","-",
"중곡3동","85~89세","2025 년","229","229","-",
"중곡3동","90~94세","2024 년","42","42","-",
"중곡3동","90~94세","2025 년","63","63","-",
"중곡3동","95~99세","2024 년","14","14","-",
"중곡3동","95~99세","2025 년","10","10","-",
"중곡3동","100세 이상","2024 년","-","-","-",
"중곡3동","100세 이상","2025 년","2","2","-",
"중곡4동","합계","2024 년","27724","27284","440",
"중곡4동","합계","2025 년","27213","26759","454",
"중곡4동","0~4세","2024 년","443","436","7",
"중곡4동","0~4세","2025 년","392","378","14",
"중곡4동","5~9세","2024 년","504","491","13",
"중곡4동","5~9세","2025 년","447","434","13",
"중곡4동","10~14세","2024 년","728","710","18",
"중곡4동","10~14세","2025 년","682","660","22",
"중곡4동","15~19세","2024 년","941","891","50",
"중곡4동","15~19세","2025 년","915","869","46",
"중곡4동","20~24세","2024 년","1428","1379","49",
"중곡4동","20~24세","2025 년","1245","1203","42",
"중곡4동","25~29세","2024 년","2341","2287","54",
"중곡4동","25~29세","2025 년","2251","2185","66",
"중곡4동","30~34세","2024 년","2416","2374","42",
"중곡4동","30~34세","2025 년","2405","2360","45",
"중곡4동","35~39세","2024 년","1795","1742","53",
"중곡4동","35~39세","2025 년","1775","1722","53",
"중곡4동","40~44세","2024 년","1740","1705","35",
"중곡4동","40~44세","2025 년","1631","1598","33",
"중곡4동","45~49세","2024 년","1740","1702","38",
"중곡4동","45~49세","2025 년","1720","1681","39",
"중곡4동","50~54세","2024 년","2319","2289","30",
"중곡4동","50~54세","2025 년","2125","2099","26",
"중곡4동","55~59세","2024 년","2687","2663","24",
"중곡4동","55~59세","2025 년","2651","2624","27",
"중곡4동","60~64세","2024 년","2608","2594","14",
"중곡4동","60~64세","2025 년","2507","2493","14",
"중곡4동","65~69세","2024 년","2232","2221","11",
"중곡4동","65~69세","2025 년","2392","2381","11",
"중곡4동","70~74세","2024 년","1480","1480","-",
"중곡4동","70~74세","2025 년","1612","1610","2",
"중곡4동","75~79세","2024 년","1101","1100","1",
"중곡4동","75~79세","2025 년","1166","1165","1",
"중곡4동","80~84세","2024 년","735","735","-",
"중곡4동","80~84세","2025 년","792","792","-",
"중곡4동","85~89세","2024 년","352","351","1",
"중곡4동","85~89세","2025 년","359","359","-",
"중곡4동","90~94세","2024 년","102","102","-",
"중곡4동","90~94세","2025 년","110","110","-",
"중곡4동","95~99세","2024 년","26","26","-",
"중곡4동","95~99세","2025 년","32","32","-",
"중곡4동","100세 이상","2024 년","6","6","-",
"중곡4동","100세 이상","2025 년","4","4","-",
"능동","합계","2024 년","11354","10903","451",
"능동","합계","2025 년","11343","10811","532",
"능동","0~4세","2024 년","211","195","16",
"능동","0~4세","2025 년","184","169","15",
"능동","5~9세","2024 년","221","203","18",
"능동","5~9세","2025 년","193","180","13",
"능동","10~14세","2024 년","243","232","11",
"능동","10~14세","2025 년","233","223","10",
"능동","15~19세","2024 년","280","240","40",
"능동","15~19세","2025 년","325","272","53",
"능동","20~24세","2024 년","796","674","122",
"능동","20~24세","2025 년","737","590","147",
"능동","25~29세","2024 년","1566","1479","87",
"능동","25~29세","2025 년","1602","1487","115",
"능동","30~34세","2024 년","1509","1474","35",
"능동","30~34세","2025 년","1498","1457","41",
"능동","35~39세","2024 년","996","956","40",
"능동","35~39세","2025 년","1004","965","39",
"능동","40~44세","2024 년","900","877","23",
"능동","40~44세","2025 년","882","853","29",
"능동","45~49세","2024 년","722","712","10",
"능동","45~49세","2025 년","716","701","15",
"능동","50~54세","2024 년","745","733","12",
"능동","50~54세","2025 년","752","740","12",
"능동","55~59세","2024 년","717","698","19",
"능동","55~59세","2025 년","703","675","28",
"능동","60~64세","2024 년","659","647","12",
"능동","60~64세","2025 년","623","615","8",
"능동","65~69세","2024 년","625","622","3",
"능동","65~69세","2025 년","628","624","4",
"능동","70~74세","2024 년","410","408","2",
"능동","70~74세","2025 년","461","459","2",
"능동","75~79세","2024 년","343","343","-",
"능동","75~79세","2025 년","378","378","-",
"능동","80~84세","2024 년","259","259","-",
"능동","80~84세","2025 년","249","249","-",
"능동","85~89세","2024 년","117","117","-",
"능동","85~89세","2025 년","135","135","-",
"능동","90~94세","2024 년","29","29","-",
"능동","90~94세","2025 년","31","31","-",
"능동","95~99세","2024 년","5","5","-",
"능동","95~99세","2025 년","8","8","-",
"능동","100세 이상","2024 년","1","-","1",
"능동","100세 이상","2025 년","1","-","1",
"광장동","합계","2024 년","34040","33788","252",
"광장동","합계","2025 년","33229","32964","265",
"광장동","0~4세","2024 년","674","661","13",
"광장동","0~4세","2025 년","688","675","13",
"광장동","5~9세","2024 년","1733","1714","19",
"광장동","5~9세","2025 년","1666","1650","16",
"광장동","10~14세","2024 년","2736","2714","22",
"광장동","10~14세","2025 년","2694","2670","24",
"광장동","15~19세","2024 년","2531","2518","13",
"광장동","15~19세","2025 년","2384","2367","17",
"광장동","20~24세","2024 년","1941","1933","8",
"광장동","20~24세","2025 년","1768","1752","16",
"광장동","25~29세","2024 년","1828","1812","16",
"광장동","25~29세","2025 년","1782","1763","19",
"광장동","30~34세","2024 년","1586","1561","25",
"광장동","30~34세","2025 년","1518","1498","20",
"광장동","35~39세","2024 년","1856","1825","31",
"광장동","35~39세","2025 년","1840","1805","35",
"광장동","40~44세","2024 년","3144","3105","39",
"광장동","40~44세","2025 년","3041","3003","38",
"광장동","45~49세","2024 년","3534","3508","26",
"광장동","45~49세","2025 년","3479","3452","27",
"광장동","50~54세","2024 년","3568","3556","12",
"광장동","50~54세","2025 년","3271","3257","14",
"광장동","55~59세","2024 년","2508","2495","13",
"광장동","55~59세","2025 년","2565","2554","11",
"광장동","60~64세","2024 년","1995","1987","8",
"광장동","60~64세","2025 년","1991","1982","9",
"광장동","65~69세","2024 년","1635","1632","3",
"광장동","65~69세","2025 년","1630","1629","1",
"광장동","70~74세","2024 년","1032","1029","3",
"광장동","70~74세","2025 년","1129","1126","3",
"광장동","75~79세","2024 년","640","640","-",
"광장동","75~79세","2025 년","694","693","1",
"광장동","80~84세","2024 년","539","539","-",
"광장동","80~84세","2025 년","530","530","-",
"광장동","85~89세","2024 년","373","373","-",
"광장동","85~89세","2025 년","358","358","-",
"광장동","90~94세","2024 년","136","135","1",
"광장동","90~94세","2025 년","154","153","1",
"광장동","95~99세","2024 년","47","47","-",
"광장동","95~99세","2025 년","43","43","-",
"광장동","100세 이상","2024 년","4","4","-",
"광장동","100세 이상","2025 년","4","4","-",
"자양1동","합계","2024 년","22694","21762","932",
"자양1동","합계","2025 년","22532","21509","1023",
"자양1동","0~4세","2024 년","279","267","12",
"자양1동","0~4세","2025 년","278","264","14",
"자양1동","5~9세","2024 년","394","382","12",
"자양1동","5~9세","2025 년","337","323","14",
"자양1동","10~14세","2024 년","607","579","28",
"자양1동","10~14세","2025 년","569","544","25",
"자양1동","15~19세","2024 년","795","738","57",
"자양1동","15~19세","2025 년","787","734","53",
"자양1동","20~24세","2024 년","1481","1322","159",
"자양1동","20~24세","2025 년","1411","1217","194",
"자양1동","25~29세","2024 년","2676","2578","98",
"자양1동","25~29세","2025 년","2554","2426","128",
"자양1동","30~34세","2024 년","2440","2362","78",
"자양1동","30~34세","2025 년","2551","2471","80",
"자양1동","35~39세","2024 년","1584","1524","60",
"자양1동","35~39세","2025 년","1597","1523","74",
"자양1동","40~44세","2024 년","1578","1515","63",
"자양1동","40~44세","2025 년","1498","1434","64",
"자양1동","45~49세","2024 년","1565","1504","61",
"자양1동","45~49세","2025 년","1559","1498","61",
"자양1동","50~54세","2024 년","1733","1659","74",
"자양1동","50~54세","2025 년","1682","1605","77",
"자양1동","55~59세","2024 년","1823","1705","118",
"자양1동","55~59세","2025 년","1824","1711","113",
"자양1동","60~64세","2024 년","1706","1634","72",
"자양1동","60~64세","2025 년","1668","1598","70",
"자양1동","65~69세","2024 년","1459","1433","26",
"자양1동","65~69세","2025 년","1493","1457","36",
"자양1동","70~74세","2024 년","919","914","5",
"자양1동","70~74세","2025 년","1030","1018","12",
"자양1동","75~79세","2024 년","731","729","2",
"자양1동","75~79세","2025 년","741","738","3",
"자양1동","80~84세","2024 년","564","560","4",
"자양1동","80~84세","2025 년","546","545","1",
"자양1동","85~89세","2024 년","260","257","3",
"자양1동","85~89세","2025 년","296","292","4",
"자양1동","90~94세","2024 년","74","74","-",
"자양1동","90~94세","2025 년","85","85","-",
"자양1동","95~99세","2024 년","25","25","-",
"자양1동","95~99세","2025 년","23","23","-",
"자양1동","100세 이상","2024 년","1","1","-",
"자양1동","100세 이상","2025 년","3","3","-",
"자양2동","합계","2024 년","23716","23381","335",
"자양2동","합계","2025 년","26732","26401","331",
"자양2동","0~4세","2024 년","526","514","12",
"자양2동","0~4세","2025 년","871","866","5",
"자양2동","5~9세","2024 년","621","607","14",
"자양2동","5~9세","2025 년","703","689","14",
"자양2동","10~14세","2024 년","795","782","13",
"자양2동","10~14세","2025 년","881","871","10",
"자양2동","15~19세","2024 년","840","832","8",
"자양2동","15~19세","2025 년","971","963","8",
"자양2동","20~24세","2024 년","1156","1115","41",
"자양2동","20~24세","2025 년","1219","1194","25",
"자양2동","25~29세","2024 년","1985","1954","31",
"자양2동","25~29세","2025 년","2217","2191","26",
"자양2동","30~34세","2024 년","2111","2078","33",
"자양2동","30~34세","2025 년","2751","2710","41",
"자양2동","35~39세","2024 년","1777","1749","28",
"자양2동","35~39세","2025 년","2244","2217","27",
"자양2동","40~44세","2024 년","1722","1687","35",
"자양2동","40~44세","2025 년","2008","1966","42",
"자양2동","45~49세","2024 년","1713","1691","22",
"자양2동","45~49세","2025 년","1899","1869","30",
"자양2동","50~54세","2024 년","1927","1904","23",
"자양2동","50~54세","2025 년","2051","2025","26",
"자양2동","55~59세","2024 년","1956","1917","39",
"자양2동","55~59세","2025 년","2072","2039","33",
"자양2동","60~64세","2024 년","1948","1930","18",
"자양2동","60~64세","2025 년","1895","1872","23",
"자양2동","65~69세","2024 년","1768","1756","12",
"자양2동","65~69세","2025 년","1821","1806","15",
"자양2동","70~74세","2024 년","1170","1165","5",
"자양2동","70~74세","2025 년","1339","1335","4",
"자양2동","75~79세","2024 년","773","772","1",
"자양2동","75~79세","2025 년","819","817","2",
"자양2동","80~84세","2024 년","553","553","-",
"자양2동","80~84세","2025 년","579","579","-",
"자양2동","85~89세","2024 년","260","260","-",
"자양2동","85~89세","2025 년","263","263","-",
"자양2동","90~94세","2024 년","91","91","-",
"자양2동","90~94세","2025 년","107","107","-",
"자양2동","95~99세","2024 년","21","21","-",
"자양2동","95~99세","2025 년","20","20","-",
"자양2동","100세 이상","2024 년","3","3","-",
"자양2동","100세 이상","2025 년","2","2","-",
"자양3동","합계","2024 년","27339","27010","329",
"자양3동","합계","2025 년","27050","26669","381",
"자양3동","0~4세","2024 년","786","778","8",
"자양3동","0~4세","2025 년","762","756","6",
"자양3동","5~9세","2024 년","1022","1017","5",
"자양3동","5~9세","2025 년","961","955","6",
"자양3동","10~14세","2024 년","1152","1148","4",
"자양3동","10~14세","2025 년","1128","1126","2",
"자양3동","15~19세","2024 년","1215","1201","14",
"자양3동","15~19세","2025 년","1201","1186","15",
"자양3동","20~24세","2024 년","1572","1535","37",
"자양3동","20~24세","2025 년","1489","1428","61",
"자양3동","25~29세","2024 년","1907","1870","37",
"자양3동","25~29세","2025 년","1886","1830","56",
"자양3동","30~34세","2024 년","1930","1894","36",
"자양3동","30~34세","2025 년","1992","1958","34",
"자양3동","35~39세","2024 년","1970","1928","42",
"자양3동","35~39세","2025 년","1925","1880","45",
"자양3동","40~44세","2024 년","2147","2119","28",
"자양3동","40~44세","2025 년","2101","2065","36",
"자양3동","45~49세","2024 년","2035","2008","27",
"자양3동","45~49세","2025 년","2061","2034","27",
"자양3동","50~54세","2024 년","2355","2333","22",
"자양3동","50~54세","2025 년","2189","2170","19",
"자양3동","55~59세","2024 년","2185","2162","23",
"자양3동","55~59세","2025 년","2178","2151","27",
"자양3동","60~64세","2024 년","2093","2070","23",
"자양3동","60~64세","2025 년","1990","1966","24",
"자양3동","65~69세","2024 년","1868","1852","16",
"자양3동","65~69세","2025 년","1888","1874","14",
"자양3동","70~74세","2024 년","1144","1140","4",
"자양3동","70~74세","2025 년","1268","1262","6",
"자양3동","75~79세","2024 년","790","789","1",
"자양3동","75~79세","2025 년","838","837","1",
"자양3동","80~84세","2024 년","574","572","2",
"자양3동","80~84세","2025 년","593","592","1",
"자양3동","85~89세","2024 년","374","374","-",
"자양3동","85~89세","2025 년","366","365","1",
"자양3동","90~94세","2024 년","175","175","-",
"자양3동","90~94세","2025 년","186","186","-",
"자양3동","95~99세","2024 년","36","36","-",
"자양3동","95~99세","2025 년","38","38","-",
"자양3동","100세 이상","2024 년","9","9","-",
"자양3동","100세 이상","2025 년","10","10","-",
"자양4동","합계","2024 년","23245","19651","3594",
"자양4동","합계","2025 년","23516","19835","3681",
"자양4동","0~4세","2024 년","372","348","24",
"자양4동","0~4세","2025 년","352","327","25",
"자양4동","5~9세","2024 년","425","358","67",
"자양4동","5~9세","2025 년","377","327","50",
"자양4동","10~14세","2024 년","420","370","50",
"자양4동","10~14세","2025 년","423","373","50",
"자양4동","15~19세","2024 년","563","456","107",
"자양4동","15~19세","2025 년","576","456","120",
"자양4동","20~24세","2024 년","1828","1048","780",
"자양4동","20~24세","2025 년","1796","998","798",
"자양4동","25~29세","2024 년","2632","2047","585",
"자양4동","25~29세","2025 년","2704","2062","642",
"자양4동","30~34세","2024 년","2311","2082","229",
"자양4동","30~34세","2025 년","2571","2318","253",
"자양4동","35~39세","2024 년","1636","1403","233",
"자양4동","35~39세","2025 년","1688","1469","219",
"자양4동","40~44세","2024 년","1555","1338","217",
"자양4동","40~44세","2025 년","1492","1276","216",
"자양4동","45~49세","2024 년","1324","1112","212",
"자양4동","45~49세","2025 년","1367","1148","219",
"자양4동","50~54세","2024 년","1815","1531","284",
"자양4동","50~54세","2025 년","1702","1434","268",
"자양4동","55~59세","2024 년","1988","1574","414",
"자양4동","55~59세","2025 년","2006","1597","409",
"자양4동","60~64세","2024 년","1931","1700","231",
"자양4동","60~64세","2025 년","1814","1588","226",
"자양4동","65~69세","2024 년","1601","1497","104",
"자양4동","65~69세","2025 년","1660","1532","128",
"자양4동","70~74세","2024 년","1112","1065","47",
"자양4동","70~74세","2025 년","1180","1134","46",
"자양4동","75~79세","2024 년","798","793","5",
"자양4동","75~79세","2025 년","852","845","7",
"자양4동","80~84세","2024 년","545","543","2",
"자양4동","80~84세","2025 년","517","515","2",
"자양4동","85~89세","2024 년","267","266","1",
"자양4동","85~89세","2025 년","291","290","1",
"자양4동","90~94세","2024 년","95","94","1",
"자양4동","90~94세","2025 년","114","113","1",
"자양4동","95~99세","2024 년","23","23","-",
"자양4동","95~99세","2025 년","30","30","-",
"자양4동","100세 이상","2024 년","4","3","1",
"자양4동","100세 이상","2025 년","4","3","1",
"구의1동","합계","2024 년","23676","22961","715",
"구의1동","합계","2025 년","23644","22856","788",
"구의1동","0~4세","2024 년","370","347","23",
"구의1동","0~4세","2025 년","330","309","21",
"구의1동","5~9세","2024 년","448","429","19",
"구의1동","5~9세","2025 년","392","373","19",
"구의1동","10~14세","2024 년","539","519","20",
"구의1동","10~14세","2025 년","524","506","18",
"구의1동","15~19세","2024 년","672","643","29",
"구의1동","15~19세","2025 년","745","686","59",
"구의1동","20~24세","2024 년","1632","1526","106",
"구의1동","20~24세","2025 년","1430","1318","112",
"구의1동","25~29세","2024 년","3250","3168","82",
"구의1동","25~29세","2025 년","3291","3171","120",
"구의1동","30~34세","2024 년","2862","2776","86",
"구의1동","30~34세","2025 년","2931","2839","92",
"구의1동","35~39세","2024 년","1849","1771","78",
"구의1동","35~39세","2025 년","1839","1761","78",
"구의1동","40~44세","2024 년","1706","1671","35",
"구의1동","40~44세","2025 년","1617","1572","45",
"구의1동","45~49세","2024 년","1521","1479","42",
"구의1동","45~49세","2025 년","1540","1501","39",
"구의1동","50~54세","2024 년","1818","1770","48",
"구의1동","50~54세","2025 년","1767","1722","45",
"구의1동","55~59세","2024 년","1741","1673","68",
"구의1동","55~59세","2025 년","1794","1725","69",
"구의1동","60~64세","2024 년","1593","1542","51",
"구의1동","60~64세","2025 년","1566","1525","41",
"구의1동","65~69세","2024 년","1333","1318","15",
"구의1동","65~69세","2025 년","1399","1382","17",
"구의1동","70~74세","2024 년","826","820","6",
"구의1동","70~74세","2025 년","898","891","7",
"구의1동","75~79세","2024 년","688","681","7",
"구의1동","75~79세","2025 년","719","714","5",
"구의1동","80~84세","2024 년","486","486","-",
"구의1동","80~84세","2025 년","473","472","1",
"구의1동","85~89세","2024 년","246","246","-",
"구의1동","85~89세","2025 년","273","273","-",
"구의1동","90~94세","2024 년","76","76","-",
"구의1동","90~94세","2025 년","92","92","-",
"구의1동","95~99세","2024 년","16","16","-",
"구의1동","95~99세","2025 년","19","19","-",
"구의1동","100세 이상","2024 년","4","4","-",
"구의1동","100세 이상","2025 년","5","5","-",
"구의2동","합계","2024 년","25925","25295","630",
"구의2동","합계","2025 년","25502","24857","645",
"구의2동","0~4세","2024 년","505","479","26",
"구의2동","0~4세","2025 년","457","435","22",
"구의2동","5~9세","2024 년","771","731","40",
"구의2동","5~9세","2025 년","682","636","46",
"구의2동","10~14세","2024 년","994","931","63",
"구의2동","10~14세","2025 년","975","919","56",
"구의2동","15~19세","2024 년","1152","1113","39",
"구의2동","15~19세","2025 년","1099","1046","53",
"구의2동","20~24세","2024 년","1342","1305","37",
"구의2동","20~24세","2025 년","1270","1228","42",
"구의2동","25~29세","2024 년","1903","1846","57",
"구의2동","25~29세","2025 년","1874","1816","58",
"구의2동","30~34세","2024 년","2064","2012","52",
"구의2동","30~34세","2025 년","2044","1986","58",
"구의2동","35~39세","2024 년","1676","1598","78",
"구의2동","35~39세","2025 년","1616","1533","83",
"구의2동","40~44세","2024 년","2009","1926","83",
"구의2동","40~44세","2025 년","1875","1790","85",
"구의2동","45~49세","2024 년","1931","1892","39",
"구의2동","45~49세","2025 년","1917","1880","37",
"구의2동","50~54세","2024 년","2263","2221","42",
"구의2동","50~54세","2025 년","2196","2161","35",
"구의2동","55~59세","2024 년","2238","2209","29",
"구의2동","55~59세","2025 년","2222","2191","31",
"구의2동","60~64세","2024 년","2053","2026","27",
"구의2동","60~64세","2025 년","2014","1992","22",
"구의2동","65~69세","2024 년","1832","1822","10",
"구의2동","65~69세","2025 년","1846","1835","11",
"구의2동","70~74세","2024 년","1159","1155","4",
"구의2동","70~74세","2025 년","1281","1278","3",
"구의2동","75~79세","2024 년","960","959","1",
"구의2동","75~79세","2025 년","1003","1003","-",
"구의2동","80~84세","2024 년","612","611","1",
"구의2동","80~84세","2025 년","620","619","1",
"구의2동","85~89세","2024 년","340","338","2",
"구의2동","85~89세","2025 년","364","362","2",
"구의2동","90~94세","2024 년","100","100","-",
"구의2동","90~94세","2025 년","126","126","-",
"구의2동","95~99세","2024 년","13","13","-",
"구의2동","95~99세","2025 년","18","18","-",
"구의2동","100세 이상","2024 년","8","8","-",
"구의2동","100세 이상","2025 년","3","3","-",
"구의3동","합계","2024 년","27903","27657","246",
"구의3동","합계","2025 년","27779","27511","268",
"구의3동","0~4세","2024 년","652","646","6",
"구의3동","0~4세","2025 년","635","629","6",
"구의3동","5~9세","2024 년","860","855","5",
"구의3동","5~9세","2025 년","799","792","7",
"구의3동","10~14세","2024 년","1061","1056","5",
"구의3동","10~14세","2025 년","1081","1077","4",
"구의3동","15~19세","2024 년","1230","1224","6",
"구의3동","15~19세","2025 년","1254","1246","8",
"구의3동","20~24세","2024 년","1540","1523","17",
"구의3동","20~24세","2025 년","1393","1365","28",
"구의3동","25~29세","2024 년","2361","2331","30",
"구의3동","25~29세","2025 년","2351","2320","31",
"구의3동","30~34세","2024 년","2454","2434","20",
"구의3동","30~34세","2025 년","2479","2452","27",
"구의3동","35~39세","2024 년","2097","2057","40",
"구의3동","35~39세","2025 년","2069","2027","42",
"구의3동","40~44세","2024 년","2070","2048","22",
"구의3동","40~44세","2025 년","2037","2014","23",
"구의3동","45~49세","2024 년","2047","2027","20",
"구의3동","45~49세","2025 년","2114","2094","20",
"구의3동","50~54세","2024 년","2463","2436","27",
"구의3동","50~54세","2025 년","2282","2262","20",
"구의3동","55~59세","2024 년","2218","2191","27",
"구의3동","55~59세","2025 년","2257","2233","24",
"구의3동","60~64세","2024 년","2018","2006","12",
"구의3동","60~64세","2025 년","1979","1959","20",
"구의3동","65~69세","2024 년","1778","1775","3",
"구의3동","65~69세","2025 년","1849","1847","2",
"구의3동","70~74세","2024 년","1142","1136","6",
"구의3동","70~74세","2025 년","1253","1248","5",
"구의3동","75~79세","2024 년","846","846","-",
"구의3동","75~79세","2025 년","851","850","1",
"구의3동","80~84세","2024 년","580","580","-",
"구의3동","80~84세","2025 년","589","589","-",
"구의3동","85~89세","2024 년","334","334","-",
"구의3동","85~89세","2025 년","336","336","-",
"구의3동","90~94세","2024 년","120","120","-",
"구의3동","90~94세","2025 년","140","140","-",
"구의3동","95~99세","2024 년","31","31","-",
"구의3동","95~99세","2025 년","29","29","-",
"구의3동","100세 이상","2024 년","1","1","-",
"구의3동","100세 이상","2025 년","2","2","-",
"동대문구","합계","2024 년","358603","338735","19868",
"동대문구","합계","2025 년","366923","346241","20682",
"동대문구","0~4세","2024 년","7703","7493","210",
"동대문구","0~4세","2025 년","8425","8247","178",
"동대문구","5~9세","2024 년","9852","9681","171",
"동대문구","5~9세","2025 년","9429","9257","172",
"동대문구","10~14세","2024 년","10781","10679","102",
"동대문구","10~14세","2025 년","10896","10765","131",
"동대문구","15~19세","2024 년","12851","11591","1260",
"동대문구","15~19세","2025 년","13349","11853","1496",
"동대문구","20~24세","2024 년","33127","25034","8093",
"동대문구","20~24세","2025 년","32536","24143","8393",
"동대문구","25~29세","2024 년","35505","30509","4996",
"동대문구","25~29세","2025 년","36085","30908","5177",
"동대문구","30~34세","2024 년","29132","27501","1631",
"동대문구","30~34세","2025 년","31449","29693","1756",
"동대문구","35~39세","2024 년","23583","22644","939",
"동대문구","35~39세","2025 년","25199","24262","937",
"동대문구","40~44세","2024 년","25297","24739","558",
"동대문구","40~44세","2025 년","25261","24685","576",
"동대문구","45~49세","2024 년","22921","22514","407",
"동대문구","45~49세","2025 년","23519","23094","425",
"동대문구","50~54세","2024 년","26957","26515","442",
"동대문구","50~54세","2025 년","26490","26084","406",
"동대문구","55~59세","2024 년","25875","25399","476",
"동대문구","55~59세","2025 년","26640","26204","436",
"동대문구","60~64세","2024 년","25437","25122","315",
"동대문구","60~64세","2025 년","24866","24559","307",
"동대문구","65~69세","2024 년","23645","23500","145",
"동대문구","65~69세","2025 년","24354","24191","163",
"동대문구","70~74세","2024 년","16373","16305","68",
"동대문구","70~74세","2025 년","17787","17715","72",
"동대문구","75~79세","2024 년","13079","13056","23",
"동대문구","75~79세","2025 년","13396","13369","27",
"동대문구","80~84세","2024 년","9696","9682","14",
"동대문구","80~84세","2025 년","9878","9870","8",
"동대문구","85~89세","2024 년","4860","4849","11",
"동대문구","85~89세","2025 년","5207","5195","12",
"동대문구","90~94세","2024 년","1557","1552","5",
"동대문구","90~94세","2025 년","1736","1728","8",
"동대문구","95~99세","2024 년","322","320","2",
"동대문구","95~99세","2025 년","370","368","2",
"동대문구","100세 이상","2024 년","50","50","-",
"동대문구","100세 이상","2025 년","51","51","-",
"용신동","합계","2024 년","40422","38619","1803",
"용신동","합계","2025 년","1884","-","1884",
"용신동","0~4세","2024 년","863","836","27",
"용신동","0~4세","2025 년","18","-","18",
"용신동","5~9세","2024 년","1021","998","23",
"용신동","5~9세","2025 년","25","-","25",
"용신동","10~14세","2024 년","955","939","16",
"용신동","10~14세","2025 년","24","-","24",
"용신동","15~19세","2024 년","1012","940","72",
"용신동","15~19세","2025 년","79","-","79",
"용신동","20~24세","2024 년","3072","2612","460",
"용신동","20~24세","2025 년","539","-","539",
"용신동","25~29세","2024 년","4713","4293","420",
"용신동","25~29세","2025 년","415","-","415",
"용신동","30~34세","2024 년","4280","4082","198",
"용신동","30~34세","2025 년","192","-","192",
"용신동","35~39세","2024 년","3241","3120","121",
"용신동","35~39세","2025 년","131","-","131",
"용신동","40~44세","2024 년","3128","3023","105",
"용신동","40~44세","2025 년","99","-","99",
"용신동","45~49세","2024 년","2478","2418","60",
"용신동","45~49세","2025 년","71","-","71",
"용신동","50~54세","2024 년","3006","2933","73",
"용신동","50~54세","2025 년","70","-","70",
"용신동","55~59세","2024 년","2874","2790","84",
"용신동","55~59세","2025 년","74","-","74",
"용신동","60~64세","2024 년","2845","2764","81",
"용신동","60~64세","2025 년","82","-","82",
"용신동","65~69세","2024 년","2386","2346","40",
"용신동","65~69세","2025 년","40","-","40",
"용신동","70~74세","2024 년","1600","1587","13",
"용신동","70~74세","2025 년","14","-","14",
"용신동","75~79세","2024 년","1262","1258","4",
"용신동","75~79세","2025 년","6","-","6",
"용신동","80~84세","2024 년","975","972","3",
"용신동","80~84세","2025 년","1","-","1",
"용신동","85~89세","2024 년","520","518","2",
"용신동","85~89세","2025 년","3","-","3",
"용신동","90~94세","2024 년","153","152","1",
"용신동","90~94세","2025 년","1","-","1",
"용신동","95~99세","2024 년","34","34","-",
"용신동","95~99세","2025 년","-","-","-",
"용신동","100세 이상","2024 년","4","4","-",
"용신동","100세 이상","2025 년","-","-","-",
"신설동","합계","2025 년","16375","16375","-",
"신설동","0~4세","2025 년","373","373","-",
"신설동","5~9세","2025 년","428","428","-",
"신설동","10~14세","2025 년","421","421","-",
"신설동","15~19세","2025 년","402","402","-",
"신설동","20~24세","2025 년","1064","1064","-",
"신설동","25~29세","2025 년","2029","2029","-",
"신설동","30~34세","2025 년","2005","2005","-",
"신설동","35~39세","2025 년","1490","1490","-",
"신설동","40~44세","2025 년","1239","1239","-",
"신설동","45~49세","2025 년","1052","1052","-",
"신설동","50~54세","2025 년","1147","1147","-",
"신설동","55~59세","2025 년","1116","1116","-",
"신설동","60~64세","2025 년","1019","1019","-",
"신설동","65~69세","2025 년","935","935","-",
"신설동","70~74세","2025 년","631","631","-",
"신설동","75~79세","2025 년","436","436","-",
"신설동","80~84세","2025 년","338","338","-",
"신설동","85~89세","2025 년","183","183","-",
"신설동","90~94세","2025 년","51","51","-",
"신설동","95~99세","2025 년","15","15","-",
"신설동","100세 이상","2025 년","1","1","-",
"용두동","합계","2025 년","22573","22573","-",
"용두동","0~4세","2025 년","430","430","-",
"용두동","5~9세","2025 년","517","517","-",
"용두동","10~14세","2025 년","499","499","-",
"용두동","15~19세","2025 년","555","555","-",
"용두동","20~24세","2025 년","1358","1358","-",
"용두동","25~29세","2025 년","2371","2371","-",
"용두동","30~34세","2025 년","2192","2192","-",
"용두동","35~39세","2025 년","1704","1704","-",
"용두동","40~44세","2025 년","1721","1721","-",
"용두동","45~49세","2025 년","1435","1435","-",
"용두동","50~54세","2025 년","1719","1719","-",
"용두동","55~59세","2025 년","1756","1756","-",
"용두동","60~64세","2025 년","1624","1624","-",
"용두동","65~69세","2025 년","1539","1539","-",
"용두동","70~74세","2025 년","1114","1114","-",
"용두동","75~79세","2025 년","872","872","-",
"용두동","80~84세","2025 년","642","642","-",
"용두동","85~89세","2025 년","368","368","-",
"용두동","90~94세","2025 년","126","126","-",
"용두동","95~99세","2025 년","28","28","-",
"용두동","100세 이상","2025 년","3","3","-",
"제기동","합계","2024 년","25461","22895","2566",
"제기동","합계","2025 년","25038","22291","2747",
"제기동","0~4세","2024 년","372","346","26",
"제기동","0~4세","2025 년","365","337","28",
"제기동","5~9세","2024 년","381","366","15",
"제기동","5~9세","2025 년","360","344","16",
"제기동","10~14세","2024 년","500","488","12",
"제기동","10~14세","2025 년","474","459","15",
"제기동","15~19세","2024 년","885","658","227",
"제기동","15~19세","2025 년","890","602","288",
"제기동","20~24세","2024 년","3061","1938","1123",
"제기동","20~24세","2025 년","3016","1834","1182",
"제기동","25~29세","2024 년","3006","2412","594",
"제기동","25~29세","2025 년","3025","2406","619",
"제기동","30~34세","2024 년","1994","1793","201",
"제기동","30~34세","2025 년","2069","1841","228",
"제기동","35~39세","2024 년","1386","1286","100",
"제기동","35~39세","2025 년","1398","1304","94",
"제기동","40~44세","2024 년","1310","1260","50",
"제기동","40~44세","2025 년","1235","1177","58",
"제기동","45~49세","2024 년","1287","1236","51",
"제기동","45~49세","2025 년","1228","1181","47",
"제기동","50~54세","2024 년","1721","1664","57",
"제기동","50~54세","2025 년","1600","1542","58",
"제기동","55~59세","2024 년","1815","1761","54",
"제기동","55~59세","2025 년","1797","1743","54",
"제기동","60~64세","2024 년","1868","1842","26",
"제기동","60~64세","2025 년","1698","1666","32",
"제기동","65~69세","2024 년","1889","1868","21",
"제기동","65~69세","2025 년","1850","1832","18",
"제기동","70~74세","2024 년","1343","1336","7",
"제기동","70~74세","2025 년","1372","1366","6",
"제기동","75~79세","2024 년","1130","1129","1",
"제기동","75~79세","2025 년","1144","1141","3",
"제기동","80~84세","2024 년","883","883","-",
"제기동","80~84세","2025 년","836","836","-",
"제기동","85~89세","2024 년","462","461","1",
"제기동","85~89세","2025 년","493","493","-",
"제기동","90~94세","2024 년","141","141","-",
"제기동","90~94세","2025 년","151","150","1",
"제기동","95~99세","2024 년","23","23","-",
"제기동","95~99세","2025 년","32","32","-",
"제기동","100세 이상","2024 년","4","4","-",
"제기동","100세 이상","2025 년","5","5","-",
"전농1동","합계","2024 년","33761","32864","897",
"전농1동","합계","2025 년","33235","32262","973",
"전농1동","0~4세","2024 년","853","827","26",
"전농1동","0~4세","2025 년","815","797","18",
"전농1동","5~9세","2024 년","1096","1079","17",
"전농1동","5~9세","2025 년","984","962","22",
"전농1동","10~14세","2024 년","1057","1047","10",
"전농1동","10~14세","2025 년","1067","1052","15",
"전농1동","15~19세","2024 년","1120","1069","51",
"전농1동","15~19세","2025 년","1110","1057","53",
"전농1동","20~24세","2024 년","2492","2253","239",
"전농1동","20~24세","2025 년","2348","2074","274",
"전농1동","25~29세","2024 년","2903","2707","196",
"전농1동","25~29세","2025 년","2733","2533","200",
"전농1동","30~34세","2024 년","2660","2568","92",
"전농1동","30~34세","2025 년","2761","2648","113",
"전농1동","35~39세","2024 년","2245","2178","67",
"전농1동","35~39세","2025 년","2228","2156","72",
"전농1동","40~44세","2024 년","2555","2512","43",
"전농1동","40~44세","2025 년","2393","2341","52",
"전농1동","45~49세","2024 년","2282","2251","31",
"전농1동","45~49세","2025 년","2260","2230","30",
"전농1동","50~54세","2024 년","2796","2775","21",
"전농1동","50~54세","2025 년","2654","2627","27",
"전농1동","55~59세","2024 년","2675","2631","44",
"전농1동","55~59세","2025 년","2704","2672","32",
"전농1동","60~64세","2024 년","2567","2541","26",
"전농1동","60~64세","2025 년","2474","2449","25",
"전농1동","65~69세","2024 년","2263","2245","18",
"전농1동","65~69세","2025 년","2274","2250","24",
"전농1동","70~74세","2024 년","1450","1444","6",
"전농1동","70~74세","2025 년","1618","1611","7",
"전농1동","75~79세","2024 년","1220","1215","5",
"전농1동","75~79세","2025 년","1211","1206","5",
"전농1동","80~84세","2024 년","852","850","2",
"전농1동","80~84세","2025 년","897","896","1",
"전농1동","85~89세","2024 년","477","475","2",
"전농1동","85~89세","2025 년","486","484","2",
"전농1동","90~94세","2024 년","164","164","-",
"전농1동","90~94세","2025 년","176","176","-",
"전농1동","95~99세","2024 년","28","27","1",
"전농1동","95~99세","2025 년","35","34","1",
"전농1동","100세 이상","2024 년","6","6","-",
"전농1동","100세 이상","2025 년","7","7","-",
"전농2동","합계","2024 년","18117","17664","453",
"전농2동","합계","2025 년","17870","17349","521",
"전농2동","0~4세","2024 년","389","386","3",
"전농2동","0~4세","2025 년","411","408","3",
"전농2동","5~9세","2024 년","533","528","5",
"전농2동","5~9세","2025 년","467","461","6",
"전농2동","10~14세","2024 년","717","714","3",
"전농2동","10~14세","2025 년","669","667","2",
"전농2동","15~19세","2024 년","796","763","33",
"전농2동","15~19세","2025 년","783","741","42",
"전농2동","20~24세","2024 년","1064","922","142",
"전농2동","20~24세","2025 년","982","821","161",
"전농2동","25~29세","2024 년","1073","990","83",
"전농2동","25~29세","2025 년","1086","977","109",
"전농2동","30~34세","2024 년","1156","1085","71",
"전농2동","30~34세","2025 년","1227","1143","84",
"전농2동","35~39세","2024 년","1081","1033","48",
"전농2동","35~39세","2025 년","1098","1046","52",
"전농2동","40~44세","2024 년","1253","1229","24",
"전농2동","40~44세","2025 년","1174","1153","21",
"전농2동","45~49세","2024 년","1334","1325","9",
"전농2동","45~49세","2025 년","1237","1228","9",
"전농2동","50~54세","2024 년","1613","1601","12",
"전농2동","50~54세","2025 년","1518","1507","11",
"전농2동","55~59세","2024 년","1494","1484","10",
"전농2동","55~59세","2025 년","1512","1504","8",
"전농2동","60~64세","2024 년","1503","1496","7",
"전농2동","60~64세","2025 년","1464","1457","7",
"전농2동","65~69세","2024 년","1372","1371","1",
"전농2동","65~69세","2025 년","1410","1406","4",
"전농2동","70~74세","2024 년","971","969","2",
"전농2동","70~74세","2025 년","1043","1041","2",
"전농2동","75~79세","2024 년","754","754","-",
"전농2동","75~79세","2025 년","741","741","-",
"전농2동","80~84세","2024 년","592","592","-",
"전농2동","80~84세","2025 년","592","592","-",
"전농2동","85~89세","2024 년","314","314","-",
"전농2동","85~89세","2025 년","337","337","-",
"전농2동","90~94세","2024 년","86","86","-",
"전농2동","90~94세","2025 년","99","99","-",
"전농2동","95~99세","2024 년","19","19","-",
"전농2동","95~99세","2025 년","16","16","-",
"전농2동","100세 이상","2024 년","3","3","-",
"전농2동","100세 이상","2025 년","4","4","-",
"답십리1동","합계","2024 년","28279","27835","444",
"답십리1동","합계","2025 년","27700","27251","449",
"답십리1동","0~4세","2024 년","959","950","9",
"답십리1동","0~4세","2025 년","929","919","10",
"답십리1동","5~9세","2024 년","1224","1208","16",
"답십리1동","5~9세","2025 년","1056","1042","14",
"답십리1동","10~14세","2024 년","1058","1051","7",
"답십리1동","10~14세","2025 년","1075","1066","9",
"답십리1동","15~19세","2024 년","876","870","6",
"답십리1동","15~19세","2025 년","868","850","18",
"답십리1동","20~24세","2024 년","1538","1468","70",
"답십리1동","20~24세","2025 년","1379","1308","71",
"답십리1동","25~29세","2024 년","2354","2273","81",
"답십리1동","25~29세","2025 년","2309","2210","99",
"답십리1동","30~34세","2024 년","2611","2562","49",
"답십리1동","30~34세","2025 년","2659","2618","41",
"답십리1동","35~39세","2024 년","2424","2375","49",
"답십리1동","35~39세","2025 년","2336","2289","47",
"답십리1동","40~44세","2024 년","2655","2625","30",
"답십리1동","40~44세","2025 년","2545","2515","30",
"답십리1동","45~49세","2024 년","2026","2007","19",
"답십리1동","45~49세","2025 년","2036","2018","18",
"답십리1동","50~54세","2024 년","2062","2019","43",
"답십리1동","50~54세","2025 년","1969","1944","25",
"답십리1동","55~59세","2024 년","1982","1942","40",
"답십리1동","55~59세","2025 년","1959","1927","32",
"답십리1동","60~64세","2024 년","1905","1891","14",
"답십리1동","60~64세","2025 년","1810","1791","19",
"답십리1동","65~69세","2024 년","1650","1645","5",
"답십리1동","65~69세","2025 년","1709","1700","9",
"답십리1동","70~74세","2024 년","1047","1044","3",
"답십리1동","70~74세","2025 년","1102","1098","4",
"답십리1동","75~79세","2024 년","863","861","2",
"답십리1동","75~79세","2025 년","882","880","2",
"답십리1동","80~84세","2024 년","627","626","1",
"답십리1동","80~84세","2025 년","617","617","-",
"답십리1동","85~89세","2024 년","298","298","-",
"답십리1동","85~89세","2025 년","321","320","1",
"답십리1동","90~94세","2024 년","101","101","-",
"답십리1동","90~94세","2025 년","115","115","-",
"답십리1동","95~99세","2024 년","15","15","-",
"답십리1동","95~99세","2025 년","22","22","-",
"답십리1동","100세 이상","2024 년","4","4","-",
"답십리1동","100세 이상","2025 년","2","2","-",
"답십리2동","합계","2024 년","27438","27059","379",
"답십리2동","합계","2025 년","27728","27346","382",
"답십리2동","0~4세","2024 년","729","721","8",
"답십리2동","0~4세","2025 년","774","769","5",
"답십리2동","5~9세","2024 년","767","758","9",
"답십리2동","5~9세","2025 년","756","748","8",
"답십리2동","10~14세","2024 년","798","794","4",
"답십리2동","10~14세","2025 년","779","774","5",
"답십리2동","15~19세","2024 년","885","871","14",
"답십리2동","15~19세","2025 년","856","843","13",
"답십리2동","20~24세","2024 년","1317","1240","77",
"답십리2동","20~24세","2025 년","1207","1133","74",
"답십리2동","25~29세","2024 년","1804","1738","66",
"답십리2동","25~29세","2025 년","1773","1715","58",
"답십리2동","30~34세","2024 년","2263","2216","47",
"답십리2동","30~34세","2025 년","2397","2354","43",
"답십리2동","35~39세","2024 년","2092","2053","39",
"답십리2동","35~39세","2025 년","2211","2160","51",
"답십리2동","40~44세","2024 년","1952","1928","24",
"답십리2동","40~44세","2025 년","1981","1952","29",
"답십리2동","45~49세","2024 년","1748","1724","24",
"답십리2동","45~49세","2025 년","1736","1711","25",
"답십리2동","50~54세","2024 년","2198","2179","19",
"답십리2동","50~54세","2025 년","2113","2094","19",
"답십리2동","55~59세","2024 년","2292","2268","24",
"답십리2동","55~59세","2025 년","2291","2265","26",
"답십리2동","60~64세","2024 년","2361","2344","17",
"답십리2동","60~64세","2025 년","2317","2296","21",
"답십리2동","65~69세","2024 년","2098","2094","4",
"답십리2동","65~69세","2025 년","2162","2159","3",
"답십리2동","70~74세","2024 년","1519","1518","1",
"답십리2동","70~74세","2025 년","1640","1639","1",
"답십리2동","75~79세","2024 년","1124","1123","1",
"답십리2동","75~79세","2025 년","1184","1184","-",
"답십리2동","80~84세","2024 년","894","894","-",
"답십리2동","80~84세","2025 년","903","903","-",
"답십리2동","85~89세","2024 년","431","431","-",
"답십리2동","85~89세","2025 년","467","467","-",
"답십리2동","90~94세","2024 년","134","134","-",
"답십리2동","90~94세","2025 년","148","148","-",
"답십리2동","95~99세","2024 년","31","30","1",
"답십리2동","95~99세","2025 년","30","29","1",
"답십리2동","100세 이상","2024 년","1","1","-",
"답십리2동","100세 이상","2025 년","3","3","-",
"장안1동","합계","2024 년","37868","37110","758",
"장안1동","합계","2025 년","37909","37034","875",
"장안1동","0~4세","2024 년","865","846","19",
"장안1동","0~4세","2025 년","794","777","17",
"장안1동","5~9세","2024 년","1103","1082","21",
"장안1동","5~9세","2025 년","973","955","18",
"장안1동","10~14세","2024 년","1265","1251","14",
"장안1동","10~14세","2025 년","1240","1221","19",
"장안1동","15~19세","2024 년","1254","1230","24",
"장안1동","15~19세","2025 년","1299","1243","56",
"장안1동","20~24세","2024 년","1845","1715","130",
"장안1동","20~24세","2025 년","1835","1654","181",
"장안1동","25~29세","2024 년","3058","2924","134",
"장안1동","25~29세","2025 년","3127","2965","162",
"장안1동","30~34세","2024 년","3315","3228","87",
"장안1동","30~34세","2025 년","3378","3290","88",
"장안1동","35~39세","2024 년","2810","2736","74",
"장안1동","35~39세","2025 년","2762","2685","77",
"장안1동","40~44세","2024 년","3093","3045","48",
"장안1동","40~44세","2025 년","2926","2876","50",
"장안1동","45~49세","2024 년","2886","2843","43",
"장안1동","45~49세","2025 년","2925","2875","50",
"장안1동","50~54세","2024 년","3036","2986","50",
"장안1동","50~54세","2025 년","2909","2866","43",
"장안1동","55~59세","2024 년","2839","2780","59",
"장안1동","55~59세","2025 년","2916","2859","57",
"장안1동","60~64세","2024 년","2971","2940","31",
"장안1동","60~64세","2025 년","2826","2796","30",
"장안1동","65~69세","2024 년","2761","2751","10",
"장안1동","65~69세","2025 년","2863","2850","13",
"장안1동","70~74세","2024 년","1900","1891","9",
"장안1동","70~74세","2025 년","2075","2066","9",
"장안1동","75~79세","2024 년","1409","1407","2",
"장안1동","75~79세","2025 년","1469","1467","2",
"장안1동","80~84세","2024 년","912","912","-",
"장안1동","80~84세","2025 년","969","969","-",
"장안1동","85~89세","2024 년","384","381","3",
"장안1동","85~89세","2025 년","438","436","2",
"장안1동","90~94세","2024 년","135","135","-",
"장안1동","90~94세","2025 년","154","153","1",
"장안1동","95~99세","2024 년","20","20","-",
"장안1동","95~99세","2025 년","26","26","-",
"장안1동","100세 이상","2024 년","7","7","-",
"장안1동","100세 이상","2025 년","5","5","-",
"장안2동","합계","2024 년","33304","32917","387",
"장안2동","합계","2025 년","33258","32786","472",
"장안2동","0~4세","2024 년","1002","995","7",
"장안2동","0~4세","2025 년","914","907","7",
"장안2동","5~9세","2024 년","1436","1426","10",
"장안2동","5~9세","2025 년","1383","1376","7",
"장안2동","10~14세","2024 년","1500","1494","6",
"장안2동","10~14세","2025 년","1474","1467","7",
"장안2동","15~19세","2024 년","1386","1376","10",
"장안2동","15~19세","2025 년","1441","1413","28",
"장안2동","20~24세","2024 년","1593","1540","53",
"장안2동","20~24세","2025 년","1476","1390","86",
"장안2동","25~29세","2024 년","2215","2155","60",
"장안2동","25~29세","2025 년","2185","2119","66",
"장안2동","30~34세","2024 년","2468","2420","48",
"장안2동","30~34세","2025 년","2501","2431","70",
"장안2동","35~39세","2024 년","2462","2407","55",
"장안2동","35~39세","2025 년","2496","2442","54",
"장안2동","40~44세","2024 년","3065","3022","43",
"장안2동","40~44세","2025 년","2939","2892","47",
"장안2동","45~49세","2024 년","2708","2689","19",
"장안2동","45~49세","2025 년","2745","2724","21",
"장안2동","50~54세","2024 년","2677","2651","26",
"장안2동","50~54세","2025 년","2656","2633","23",
"장안2동","55~59세","2024 년","2407","2382","25",
"장안2동","55~59세","2025 년","2436","2407","29",
"장안2동","60~64세","2024 년","2306","2290","16",
"장안2동","60~64세","2025 년","2230","2211","19",
"장안2동","65~69세","2024 년","2245","2241","4",
"장안2동","65~69세","2025 년","2316","2311","5",
"장안2동","70~74세","2024 년","1503","1500","3",
"장안2동","70~74세","2025 년","1651","1649","2",
"장안2동","75~79세","2024 년","1139","1138","1",
"장안2동","75~79세","2025 년","1170","1169","1",
"장안2동","80~84세","2024 년","735","734","1",
"장안2동","80~84세","2025 년","775","775","-",
"장안2동","85~89세","2024 년","323","323","-",
"장안2동","85~89세","2025 년","334","334","-",
"장안2동","90~94세","2024 년","117","117","-",
"장안2동","90~94세","2025 년","121","121","-",
"장안2동","95~99세","2024 년","15","15","-",
"장안2동","95~99세","2025 년","14","14","-",
"장안2동","100세 이상","2024 년","2","2","-",
"장안2동","100세 이상","2025 년","1","1","-",
"청량리동","합계","2024 년","19130","18473","657",
"청량리동","합계","2025 년","18669","18005","664",
"청량리동","0~4세","2024 년","239","232","7",
"청량리동","0~4세","2025 년","233","228","5",
"청량리동","5~9세","2024 년","330","322","8",
"청량리동","5~9세","2025 년","286","276","10",
"청량리동","10~14세","2024 년","406","400","6",
"청량리동","10~14세","2025 년","394","390","4",
"청량리동","15~19세","2024 년","508","477","31",
"청량리동","15~19세","2025 년","477","441","36",
"청량리동","20~24세","2024 년","1072","900","172",
"청량리동","20~24세","2025 년","977","761","216",
"청량리동","25~29세","2024 년","1416","1274","142",
"청량리동","25~29세","2025 년","1345","1226","119",
"청량리동","30~34세","2024 년","1240","1190","50",
"청량리동","30~34세","2025 년","1236","1193","43",
"청량리동","35~39세","2024 년","1008","965","43",
"청량리동","35~39세","2025 년","988","950","38",
"청량리동","40~44세","2024 년","1098","1068","30",
"청량리동","40~44세","2025 년","1017","994","23",
"청량리동","45~49세","2024 년","1029","1004","25",
"청량리동","45~49세","2025 년","996","962","34",
"청량리동","50~54세","2024 년","1440","1400","40",
"청량리동","50~54세","2025 년","1334","1304","30",
"청량리동","55~59세","2024 년","1598","1556","42",
"청량리동","55~59세","2025 년","1548","1506","42",
"청량리동","60~64세","2024 년","1851","1822","29",
"청량리동","60~64세","2025 년","1737","1708","29",
"청량리동","65~69세","2024 년","1963","1951","12",
"청량리동","65~69세","2025 년","1968","1953","15",
"청량리동","70~74세","2024 년","1368","1354","14",
"청량리동","70~74세","2025 년","1504","1492","12",
"청량리동","75~79세","2024 년","1066","1064","2",
"청량리동","75~79세","2025 년","1099","1097","2",
"청량리동","80~84세","2024 년","851","850","1",
"청량리동","80~84세","2025 년","852","850","2",
"청량리동","85~89세","2024 년","422","422","-",
"청량리동","85~89세","2025 년","434","433","1",
"청량리동","90~94세","2024 년","174","171","3",
"청량리동","90~94세","2025 년","190","187","3",
"청량리동","95~99세","2024 년","47","47","-",
"청량리동","95~99세","2025 년","48","48","-",
"청량리동","100세 이상","2024 년","4","4","-",
"청량리동","100세 이상","2025 년","6","6","-",
"회기동","합계","2024 년","13517","10229","3288",
"회기동","합계","2025 년","13543","10102","3441",
"회기동","0~4세","2024 년","120","109","11",
"회기동","0~4세","2025 년","136","127","9",
"회기동","5~9세","2024 년","176","173","3",
"회기동","5~9세","2025 년","152","149","3",
"회기동","10~14세","2024 년","299","298","1",
"회기동","10~14세","2025 년","254","253","1",
"회기동","15~19세","2024 년","575","379","196",
"회기동","15~19세","2025 년","686","400","286",
"회기동","20~24세","2024 년","3501","1786","1715",
"회기동","20~24세","2025 년","3450","1762","1688",
"회기동","25~29세","2024 년","2564","1587","977",
"회기동","25~29세","2025 년","2643","1606","1037",
"회기동","30~34세","2024 년","1177","949","228",
"회기동","30~34세","2025 년","1201","956","245",
"회기동","35~39세","2024 년","611","546","65",
"회기동","35~39세","2025 년","609","542","67",
"회기동","40~44세","2024 년","583","561","22",
"회기동","40~44세","2025 년","530","504","26",
"회기동","45~49세","2024 년","593","566","27",
"회기동","45~49세","2025 년","584","559","25",
"회기동","50~54세","2024 년","681","662","19",
"회기동","50~54세","2025 년","644","622","22",
"회기동","55~59세","2024 년","548","533","15",
"회기동","55~59세","2025 년","573","557","16",
"회기동","60~64세","2024 년","503","500","3",
"회기동","60~64세","2025 년","479","471","8",
"회기동","65~69세","2024 년","460","458","2",
"회기동","65~69세","2025 년","445","441","4",
"회기동","70~74세","2024 년","346","345","1",
"회기동","70~74세","2025 년","369","368","1",
"회기동","75~79세","2024 년","304","303","1",
"회기동","75~79세","2025 년","304","303","1",
"회기동","80~84세","2024 년","267","265","2",
"회기동","80~84세","2025 년","259","258","1",
"회기동","85~89세","2024 년","143","143","-",
"회기동","85~89세","2025 년","154","153","1",
"회기동","90~94세","2024 년","49","49","-",
"회기동","90~94세","2025 년","50","50","-",
"회기동","95~99세","2024 년","14","14","-",
"회기동","95~99세","2025 년","19","19","-",
"회기동","100세 이상","2024 년","3","3","-",
"회기동","100세 이상","2025 년","2","2","-",
"휘경1동","합계","2024 년","16027","13427","2600",
"휘경1동","합계","2025 년","19199","16660","2539",
"휘경1동","0~4세","2024 년","282","273","9",
"휘경1동","0~4세","2025 년","591","579","12",
"휘경1동","5~9세","2024 년","342","336","6",
"휘경1동","5~9세","2025 년","392","389","3",
"휘경1동","10~14세","2024 년","327","321","6",
"휘경1동","10~14세","2025 년","402","399","3",
"휘경1동","15~19세","2024 년","636","443","193",
"휘경1동","15~19세","2025 년","680","499","181",
"휘경1동","20~24세","2024 년","3129","1838","1291",
"휘경1동","20~24세","2025 년","3043","1837","1206",
"휘경1동","25~29세","2024 년","2580","1791","789",
"휘경1동","25~29세","2025 년","2858","2057","801",
"휘경1동","30~34세","2024 년","1322","1172","150",
"휘경1동","30~34세","2025 년","1982","1787","195",
"휘경1동","35~39세","2024 년","909","845","64",
"휘경1동","35~39세","2025 년","1472","1412","60",
"휘경1동","40~44세","2024 년","894","873","21",
"휘경1동","40~44세","2025 년","1167","1144","23",
"휘경1동","45~49세","2024 년","720","701","19",
"휘경1동","45~49세","2025 년","908","892","16",
"휘경1동","50~54세","2024 년","937","919","18",
"휘경1동","50~54세","2025 년","1053","1037","16",
"휘경1동","55~59세","2024 년","938","927","11",
"휘경1동","55~59세","2025 년","1134","1126","8",
"휘경1동","60~64세","2024 년","795","782","13",
"휘경1동","60~64세","2025 년","920","915","5",
"휘경1동","65~69세","2024 년","683","679","4",
"휘경1동","65~69세","2025 년","791","789","2",
"휘경1동","70~74세","2024 년","521","517","4",
"휘경1동","70~74세","2025 년","651","646","5",
"휘경1동","75~79세","2024 년","439","439","-",
"휘경1동","75~79세","2025 년","467","466","1",
"휘경1동","80~84세","2024 년","327","326","1",
"휘경1동","80~84세","2025 년","401","400","1",
"휘경1동","85~89세","2024 년","177","176","1",
"휘경1동","85~89세","2025 년","206","205","1",
"휘경1동","90~94세","2024 년","52","52","-",
"휘경1동","90~94세","2025 년","66","66","-",
"휘경1동","95~99세","2024 년","14","14","-",
"휘경1동","95~99세","2025 년","11","11","-",
"휘경1동","100세 이상","2024 년","3","3","-",
"휘경1동","100세 이상","2025 년","4","4","-",
"휘경2동","합계","2024 년","25247","24067","1180",
"휘경2동","합계","2025 년","24917","23607","1310",
"휘경2동","0~4세","2024 년","385","372","13",
"휘경2동","0~4세","2025 년","389","379","10",
"휘경2동","5~9세","2024 년","540","531","9",
"휘경2동","5~9세","2025 년","474","466","8",
"휘경2동","10~14세","2024 년","761","755","6",
"휘경2동","10~14세","2025 년","740","730","10",
"휘경2동","15~19세","2024 년","1181","1077","104",
"휘경2동","15~19세","2025 년","1161","1070","91",
"휘경2동","20~24세","2024 년","3281","2780","501",
"휘경2동","20~24세","2025 년","3251","2675","576",
"휘경2동","25~29세","2024 년","3207","2902","305",
"휘경2동","25~29세","2025 년","3207","2840","367",
"휘경2동","30~34세","2024 년","2021","1925","96",
"휘경2동","30~34세","2025 년","1949","1845","104",
"휘경2동","35~39세","2024 년","1308","1257","51",
"휘경2동","35~39세","2025 년","1301","1262","39",
"휘경2동","40~44세","2024 년","1457","1433","24",
"휘경2동","40~44세","2025 년","1380","1353","27",
"휘경2동","45~49세","2024 년","1537","1524","13",
"휘경2동","45~49세","2025 년","1533","1515","18",
"휘경2동","50~54세","2024 년","1888","1869","19",
"휘경2동","50~54세","2025 년","1736","1716","20",
"휘경2동","55~59세","2024 년","1690","1677","13",
"휘경2동","55~59세","2025 년","1662","1646","16",
"휘경2동","60~64세","2024 년","1528","1514","14",
"휘경2동","60~64세","2025 년","1512","1503","9",
"휘경2동","65~69세","2024 년","1470","1461","9",
"휘경2동","65~69세","2025 년","1505","1495","10",
"휘경2동","70~74세","2024 년","1096","1095","1",
"휘경2동","70~74세","2025 년","1145","1141","4",
"휘경2동","75~79세","2024 년","876","875","1",
"휘경2동","75~79세","2025 년","915","915","-",
"휘경2동","80~84세","2024 년","586","586","-",
"휘경2동","80~84세","2025 년","594","594","-",
"휘경2동","85~89세","2024 년","317","317","-",
"휘경2동","85~89세","2025 년","329","329","-",
"휘경2동","90~94세","2024 년","93","92","1",
"휘경2동","90~94세","2025 년","103","102","1",
"휘경2동","95~99세","2024 년","22","22","-",
"휘경2동","95~99세","2025 년","28","28","-",
"휘경2동","100세 이상","2024 년","3","3","-",
"휘경2동","100세 이상","2025 년","3","3","-",
"이문1동","합계","2024 년","20300","16546","3754",
"이문1동","합계","2025 년","28225","24539","3686",
"이문1동","0~4세","2024 년","239","204","35",
"이문1동","0~4세","2025 년","865","837","28",
"이문1동","5~9세","2024 년","320","309","11",
"이문1동","5~9세","2025 년","671","653","18",
"이문1동","10~14세","2024 년","415","407","8",
"이문1동","10~14세","2025 년","756","745","11",
"이문1동","15~19세","2024 년","882","629","253",
"이문1동","15~19세","2025 년","1258","980","278",
"이문1동","20~24세","2024 년","4633","2785","1848",
"이문1동","20~24세","2025 년","5167","3349","1818",
"이문1동","25~29세","2024 년","3181","2183","998",
"이문1동","25~29세","2025 년","3571","2604","967",
"이문1동","30~34세","2024 년","1417","1155","262",
"이문1동","30~34세","2025 년","2463","2200","263",
"이문1동","35~39세","2024 년","849","730","119",
"이문1동","35~39세","2025 년","1915","1795","120",
"이문1동","40~44세","2024 년","922","853","69",
"이문1동","40~44세","2025 년","1714","1655","59",
"이문1동","45~49세","2024 년","952","902","50",
"이문1동","45~49세","2025 년","1518","1473","45",
"이문1동","50~54세","2024 년","1203","1171","32",
"이문1동","50~54세","2025 년","1831","1802","29",
"이문1동","55~59세","2024 년","1108","1077","31",
"이문1동","55~59세","2025 년","1564","1541","23",
"이문1동","60~64세","2024 년","1006","982","24",
"이문1동","60~64세","2025 년","1286","1275","11",
"이문1동","65~69세","2024 년","961","954","7",
"이문1동","65~69세","2025 년","1212","1201","11",
"이문1동","70~74세","2024 년","673","671","2",
"이문1동","70~74세","2025 년","808","808","-",
"이문1동","75~79세","2024 년","608","606","2",
"이문1동","75~79세","2025 년","629","626","3",
"이문1동","80~84세","2024 년","544","542","2",
"이문1동","80~84세","2025 년","551","550","1",
"이문1동","85~89세","2024 년","287","286","1",
"이문1동","85~89세","2025 년","324","324","-",
"이문1동","90~94세","2024 년","76","76","-",
"이문1동","90~94세","2025 년","96","95","1",
"이문1동","95~99세","2024 년","20","20","-",
"이문1동","95~99세","2025 년","25","25","-",
"이문1동","100세 이상","2024 년","4","4","-",
"이문1동","100세 이상","2025 년","1","1","-",
"이문2동","합계","2024 년","19732","19030","702",
"이문2동","합계","2025 년","18800","18061","739",
"이문2동","0~4세","2024 년","406","396","10",
"이문2동","0~4세","2025 년","388","380","8",
"이문2동","5~9세","2024 년","583","565","18",
"이문2동","5~9세","2025 년","505","491","14",
"이문2동","10~14세","2024 년","723","720","3",
"이문2동","10~14세","2025 년","628","622","6",
"이문2동","15~19세","2024 년","855","809","46",
"이문2동","15~19세","2025 년","804","757","47",
"이문2동","20~24세","2024 년","1529","1257","272",
"이문2동","20~24세","2025 년","1444","1123","321",
"이문2동","25~29세","2024 년","1431","1280","151",
"이문2동","25~29세","2025 년","1408","1250","158",
"이문2동","30~34세","2024 년","1208","1156","52",
"이문2동","30~34세","2025 년","1237","1190","47",
"이문2동","35~39세","2024 년","1157","1113","44",
"이문2동","35~39세","2025 년","1060","1025","35",
"이문2동","40~44세","2024 년","1332","1307","25",
"이문2동","40~44세","2025 년","1201","1169","32",
"이문2동","45~49세","2024 년","1341","1324","17",
"이문2동","45~49세","2025 년","1255","1239","16",
"이문2동","50~54세","2024 년","1699","1686","13",
"이문2동","50~54세","2025 년","1537","1524","13",
"이문2동","55~59세","2024 년","1615","1591","24",
"이문2동","55~59세","2025 년","1598","1579","19",
"이문2동","60~64세","2024 년","1428","1414","14",
"이문2동","60~64세","2025 년","1388","1378","10",
"이문2동","65~69세","2024 년","1444","1436","8",
"이문2동","65~69세","2025 년","1335","1330","5",
"이문2동","70~74세","2024 년","1036","1034","2",
"이문2동","70~74세","2025 년","1050","1045","5",
"이문2동","75~79세","2024 년","885","884","1",
"이문2동","75~79세","2025 년","867","866","1",
"이문2동","80~84세","2024 년","651","650","1",
"이문2동","80~84세","2025 년","651","650","1",
"이문2동","85~89세","2024 년","305","304","1",
"이문2동","85~89세","2025 년","330","329","1",
"이문2동","90~94세","2024 년","82","82","-",
"이문2동","90~94세","2025 년","89","89","-",
"이문2동","95~99세","2024 년","20","20","-",
"이문2동","95~99세","2025 년","21","21","-",
"이문2동","100세 이상","2024 년","2","2","-",
"이문2동","100세 이상","2025 년","4","4","-",
"중랑구","합계","2024 년","385349","379274","6075",
"중랑구","합계","2025 년","383764","376916","6848",
"중랑구","0~4세","2024 년","8192","7965","227",
"중랑구","0~4세","2025 년","8037","7828","209",
"중랑구","5~9세","2024 년","10006","9828","178",
"중랑구","5~9세","2025 년","8997","8808","189",
"중랑구","10~14세","2024 년","11405","11259","146",
"중랑구","10~14세","2025 년","11231","11072","159",
"중랑구","15~19세","2024 년","12335","12009","326",
"중랑구","15~19세","2025 년","12410","12011","399",
"중랑구","20~24세","2024 년","19119","18237","882",
"중랑구","20~24세","2025 년","18104","16737","1367",
"중랑구","25~29세","2024 년","30224","29309","915",
"중랑구","25~29세","2025 년","29261","28202","1059",
"중랑구","30~34세","2024 년","33245","32496","749",
"중랑구","30~34세","2025 년","33836","33085","751",
"중랑구","35~39세","2024 년","26427","25766","661",
"중랑구","35~39세","2025 년","26435","25752","683",
"중랑구","40~44세","2024 년","27524","27100","424",
"중랑구","40~44세","2025 년","26089","25642","447",
"중랑구","45~49세","2024 년","25053","24710","343",
"중랑구","45~49세","2025 년","25554","25174","380",
"중랑구","50~54세","2024 년","31002","30618","384",
"중랑구","50~54세","2025 년","29385","29031","354",
"중랑구","55~59세","2024 년","33149","32741","408",
"중랑구","55~59세","2025 년","33057","32659","398",
"중랑구","60~64세","2024 년","34176","33937","239",
"중랑구","60~64세","2025 년","33240","32987","253",
"중랑구","65~69세","2024 년","30365","30245","120",
"중랑구","65~69세","2025 년","31440","31315","125",
"중랑구","70~74세","2024 년","20208","20160","48",
"중랑구","70~74세","2025 년","22155","22109","46",
"중랑구","75~79세","2024 년","15091","15074","17",
"중랑구","75~79세","2025 년","15842","15821","21",
"중랑구","80~84세","2024 년","10625","10623","2",
"중랑구","80~84세","2025 년","10823","10821","2",
"중랑구","85~89세","2024 년","5123","5121","2",
"중랑구","85~89세","2025 년","5520","5518","2",
"중랑구","90~94세","2024 년","1642","1638","4",
"중랑구","90~94세","2025 년","1853","1849","4",
"중랑구","95~99세","2024 년","378","378","-",
"중랑구","95~99세","2025 년","435","435","-",
"중랑구","100세 이상","2024 년","60","60","-",
"중랑구","100세 이상","2025 년","60","60","-",
"면목2동","합계","2024 년","23648","23237","411",
"면목2동","합계","2025 년","23464","22978","486",
"면목2동","0~4세","2024 년","360","342","18",
"면목2동","0~4세","2025 년","394","373","21",
"면목2동","5~9세","2024 년","510","499","11",
"면목2동","5~9세","2025 년","456","435","21",
"면목2동","10~14세","2024 년","626","622","4",
"면목2동","10~14세","2025 년","610","606","4",
"면목2동","15~19세","2024 년","697","676","21",
"면목2동","15~19세","2025 년","692","671","21",
"면목2동","20~24세","2024 년","1052","1004","48",
"면목2동","20~24세","2025 년","970","893","77",
"면목2동","25~29세","2024 년","1772","1708","64",
"면목2동","25~29세","2025 년","1679","1601","78",
"면목2동","30~34세","2024 년","1927","1888","39",
"면목2동","30~34세","2025 년","1980","1932","48",
"면목2동","35~39세","2024 년","1530","1483","47",
"면목2동","35~39세","2025 년","1512","1456","56",
"면목2동","40~44세","2024 년","1585","1552","33",
"면목2동","40~44세","2025 년","1463","1430","33",
"면목2동","45~49세","2024 년","1584","1560","24",
"면목2동","45~49세","2025 년","1629","1600","29",
"면목2동","50~54세","2024 년","1957","1931","26",
"면목2동","50~54세","2025 년","1818","1796","22",
"면목2동","55~59세","2024 년","2340","2297","43",
"면목2동","55~59세","2025 년","2277","2238","39",
"면목2동","60~64세","2024 년","2355","2334","21",
"면목2동","60~64세","2025 년","2324","2302","22",
"면목2동","65~69세","2024 년","1945","1935","10",
"면목2동","65~69세","2025 년","2018","2006","12",
"면목2동","70~74세","2024 년","1266","1264","2",
"면목2동","70~74세","2025 년","1375","1374","1",
"면목2동","75~79세","2024 년","970","970","-",
"면목2동","75~79세","2025 년","1024","1022","2",
"면목2동","80~84세","2024 년","694","694","-",
"면목2동","80~84세","2025 년","733","733","-",
"면목2동","85~89세","2024 년","343","343","-",
"면목2동","85~89세","2025 년","360","360","-",
"면목2동","90~94세","2024 년","104","104","-",
"면목2동","90~94세","2025 년","118","118","-",
"면목2동","95~99세","2024 년","27","27","-",
"면목2동","95~99세","2025 년","26","26","-",
"면목2동","100세 이상","2024 년","4","4","-",
"면목2동","100세 이상","2025 년","6","6","-",
"면목4동","합계","2024 년","18256","17900","356",
"면목4동","합계","2025 년","17910","17509","401",
"면목4동","0~4세","2024 년","352","339","13",
"면목4동","0~4세","2025 년","316","302","14",
"면목4동","5~9세","2024 년","449","441","8",
"면목4동","5~9세","2025 년","401","393","8",
"면목4동","10~14세","2024 년","550","533","17",
"면목4동","10~14세","2025 년","522","506","16",
"면목4동","15~19세","2024 년","569","540","29",
"면목4동","15~19세","2025 년","553","531","22",
"면목4동","20~24세","2024 년","853","809","44",
"면목4동","20~24세","2025 년","805","717","88",
"면목4동","25~29세","2024 년","1310","1277","33",
"면목4동","25~29세","2025 년","1250","1204","46",
"면목4동","30~34세","2024 년","1345","1293","52",
"면목4동","30~34세","2025 년","1407","1363","44",
"면목4동","35~39세","2024 년","1206","1164","42",
"면목4동","35~39세","2025 년","1121","1077","44",
"면목4동","40~44세","2024 년","1335","1315","20",
"면목4동","40~44세","2025 년","1247","1217","30",
"면목4동","45~49세","2024 년","1281","1254","27",
"면목4동","45~49세","2025 년","1259","1235","24",
"면목4동","50~54세","2024 년","1548","1532","16",
"면목4동","50~54세","2025 년","1475","1454","21",
"면목4동","55~59세","2024 년","1622","1594","28",
"면목4동","55~59세","2025 년","1613","1595","18",
"면목4동","60~64세","2024 년","1567","1551","16",
"면목4동","60~64세","2025 년","1521","1507","14",
"면목4동","65~69세","2024 년","1442","1436","6",
"면목4동","65~69세","2025 년","1468","1462","6",
"면목4동","70~74세","2024 년","1045","1041","4",
"면목4동","70~74세","2025 년","1112","1108","4",
"면목4동","75~79세","2024 년","877","877","-",
"면목4동","75~79세","2025 년","876","875","1",
"면목4동","80~84세","2024 년","604","604","-",
"면목4동","80~84세","2025 년","641","641","-",
"면목4동","85~89세","2024 년","216","215","1",
"면목4동","85~89세","2025 년","236","235","1",
"면목4동","90~94세","2024 년","64","64","-",
"면목4동","90~94세","2025 년","65","65","-",
"면목4동","95~99세","2024 년","18","18","-",
"면목4동","95~99세","2025 년","18","18","-",
"면목4동","100세 이상","2024 년","3","3","-",
"면목4동","100세 이상","2025 년","4","4","-",
"면목5동","합계","2024 년","14376","14208","168",
"면목5동","합계","2025 년","14232","14058","174",
"면목5동","0~4세","2024 년","514","506","8",
"면목5동","0~4세","2025 년","457","449","8",
"면목5동","5~9세","2024 년","639","631","8",
"면목5동","5~9세","2025 년","582","574","8",
"면목5동","10~14세","2024 년","487","483","4",
"면목5동","10~14세","2025 년","517","512","5",
"면목5동","15~19세","2024 년","415","407","8",
"면목5동","15~19세","2025 년","420","411","9",
"면목5동","20~24세","2024 년","583","571","12",
"면목5동","20~24세","2025 년","577","561","16",
"면목5동","25~29세","2024 년","867","849","18",
"면목5동","25~29세","2025 년","812","799","13",
"면목5동","30~34세","2024 년","1113","1087","26",
"면목5동","30~34세","2025 년","1081","1059","22",
"면목5동","35~39세","2024 년","1190","1172","18",
"면목5동","35~39세","2025 년","1123","1101","22",
"면목5동","40~44세","2024 년","1363","1353","10",
"면목5동","40~44세","2025 년","1286","1272","14",
"면목5동","45~49세","2024 년","969","960","9",
"면목5동","45~49세","2025 년","1061","1054","7",
"면목5동","50~54세","2024 년","1217","1206","11",
"면목5동","50~54세","2025 년","1118","1107","11",
"면목5동","55~59세","2024 년","1176","1152","24",
"면목5동","55~59세","2025 년","1224","1201","23",
"면목5동","60~64세","2024 년","1157","1150","7",
"면목5동","60~64세","2025 년","1144","1132","12",
"면목5동","65~69세","2024 년","1044","1042","2",
"면목5동","65~69세","2025 년","1058","1057","1",
"면목5동","70~74세","2024 년","638","636","2",
"면목5동","70~74세","2025 년","711","709","2",
"면목5동","75~79세","2024 년","474","473","1",
"면목5동","75~79세","2025 년","502","501","1",
"면목5동","80~84세","2024 년","327","327","-",
"면목5동","80~84세","2025 년","338","338","-",
"면목5동","85~89세","2024 년","152","152","-",
"면목5동","85~89세","2025 년","159","159","-",
"면목5동","90~94세","2024 년","38","38","-",
"면목5동","90~94세","2025 년","51","51","-",
"면목5동","95~99세","2024 년","13","13","-",
"면목5동","95~99세","2025 년","11","11","-",
"면목5동","100세 이상","2024 년","-","-","-",
"면목5동","100세 이상","2025 년","-","-","-",
"면목본동","합계","2024 년","33216","32345","871",
"면목본동","합계","2025 년","32554","31605","949",
"면목본동","0~4세","2024 년","533","502","31",
"면목본동","0~4세","2025 년","478","447","31",
"면목본동","5~9세","2024 년","638","611","27",
"면목본동","5~9세","2025 년","500","471","29",
"면목본동","10~14세","2024 년","714","693","21",
"면목본동","10~14세","2025 년","734","716","18",
"면목본동","15~19세","2024 년","845","797","48",
"면목본동","15~19세","2025 년","794","750","44",
"면목본동","20~24세","2024 년","1734","1597","137",
"면목본동","20~24세","2025 년","1644","1426","218",
"면목본동","25~29세","2024 년","3126","2956","170",
"면목본동","25~29세","2025 년","2923","2750","173",
"면목본동","30~34세","2024 년","3285","3189","96",
"면목본동","30~34세","2025 년","3274","3183","91",
"면목본동","35~39세","2024 년","2276","2220","56",
"면목본동","35~39세","2025 년","2215","2154","61",
"면목본동","40~44세","2024 년","2207","2142","65",
"면목본동","40~44세","2025 년","2091","2031","60",
"면목본동","45~49세","2024 년","2026","1984","42",
"면목본동","45~49세","2025 년","2025","1972","53",
"면목본동","50~54세","2024 년","2832","2774","58",
"면목본동","50~54세","2025 년","2597","2544","53",
"면목본동","55~59세","2024 년","3080","3013","67",
"면목본동","55~59세","2025 년","3016","2958","58",
"면목본동","60~64세","2024 년","2969","2940","29",
"면목본동","60~64세","2025 년","2921","2884","37",
"면목본동","65~69세","2024 년","2485","2464","21",
"면목본동","65~69세","2025 년","2614","2595","19",
"면목본동","70~74세","2024 년","1700","1697","3",
"면목본동","70~74세","2025 년","1817","1813","4",
"면목본동","75~79세","2024 년","1285","1285","-",
"면목본동","75~79세","2025 년","1333","1333","-",
"면목본동","80~84세","2024 년","913","913","-",
"면목본동","80~84세","2025 년","947","947","-",
"면목본동","85~89세","2024 년","421","421","-",
"면목본동","85~89세","2025 년","453","453","-",
"면목본동","90~94세","2024 년","126","126","-",
"면목본동","90~94세","2025 년","144","144","-",
"면목본동","95~99세","2024 년","19","19","-",
"면목본동","95~99세","2025 년","30","30","-",
"면목본동","100세 이상","2024 년","2","2","-",
"면목본동","100세 이상","2025 년","4","4","-",
"면목7동","합계","2024 년","21381","20974","407",
"면목7동","합계","2025 년","20978","20530","448",
"면목7동","0~4세","2024 년","492","477","15",
"면목7동","0~4세","2025 년","452","437","15",
"면목7동","5~9세","2024 년","499","491","8",
"면목7동","5~9세","2025 년","449","440","9",
"면목7동","10~14세","2024 년","492","480","12",
"면목7동","10~14세","2025 년","466","456","10",
"면목7동","15~19세","2024 년","555","531","24",
"면목7동","15~19세","2025 년","572","548","24",
"면목7동","20~24세","2024 년","1001","946","55",
"면목7동","20~24세","2025 년","886","805","81",
"면목7동","25~29세","2024 년","1649","1597","52",
"면목7동","25~29세","2025 년","1585","1516","69",
"면목7동","30~34세","2024 년","1856","1807","49",
"면목7동","30~34세","2025 년","1796","1754","42",
"면목7동","35~39세","2024 년","1521","1468","53",
"면목7동","35~39세","2025 년","1558","1509","49",
"면목7동","40~44세","2024 년","1472","1436","36",
"면목7동","40~44세","2025 년","1379","1345","34",
"면목7동","45~49세","2024 년","1351","1327","24",
"면목7동","45~49세","2025 년","1336","1308","28",
"면목7동","50~54세","2024 년","1686","1657","29",
"면목7동","50~54세","2025 년","1608","1583","25",
"면목7동","55~59세","2024 년","1872","1855","17",
"면목7동","55~59세","2025 년","1824","1798","26",
"면목7동","60~64세","2024 년","1964","1947","17",
"면목7동","60~64세","2025 년","1833","1814","19",
"면목7동","65~69세","2024 년","1759","1750","9",
"면목7동","65~69세","2025 년","1856","1845","11",
"면목7동","70~74세","2024 년","1276","1270","6",
"면목7동","70~74세","2025 년","1331","1325","6",
"면목7동","75~79세","2024 년","922","921","1",
"면목7동","75~79세","2025 년","999","999","-",
"면목7동","80~84세","2024 년","619","619","-",
"면목7동","80~84세","2025 년","615","615","-",
"면목7동","85~89세","2024 년","263","263","-",
"면목7동","85~89세","2025 년","285","285","-",
"면목7동","90~94세","2024 년","109","109","-",
"면목7동","90~94세","2025 년","119","119","-",
"면목7동","95~99세","2024 년","22","22","-",
"면목7동","95~99세","2025 년","27","27","-",
"면목7동","100세 이상","2024 년","1","1","-",
"면목7동","100세 이상","2025 년","2","2","-",
"면목3.8동","합계","2024 년","24398","23884","514",
"면목3.8동","합계","2025 년","24127","23476","651",
"면목3.8동","0~4세","2024 년","412","393","19",
"면목3.8동","0~4세","2025 년","388","377","11",
"면목3.8동","5~9세","2024 년","471","459","12",
"면목3.8동","5~9세","2025 년","389","378","11",
"면목3.8동","10~14세","2024 년","517","504","13",
"면목3.8동","10~14세","2025 년","509","495","14",
"면목3.8동","15~19세","2024 년","677","640","37",
"면목3.8동","15~19세","2025 년","689","622","67",
"면목3.8동","20~24세","2024 년","1286","1178","108",
"면목3.8동","20~24세","2025 년","1283","1088","195",
"면목3.8동","25~29세","2024 년","2026","1943","83",
"면목3.8동","25~29세","2025 년","1886","1779","107",
"면목3.8동","30~34세","2024 년","1998","1950","48",
"면목3.8동","30~34세","2025 년","2118","2062","56",
"면목3.8동","35~39세","2024 년","1547","1510","37",
"면목3.8동","35~39세","2025 년","1491","1458","33",
"면목3.8동","40~44세","2024 년","1595","1561","34",
"면목3.8동","40~44세","2025 년","1441","1407","34",
"면목3.8동","45~49세","2024 년","1518","1494","24",
"면목3.8동","45~49세","2025 년","1512","1485","27",
"면목3.8동","50~54세","2024 년","2006","1967","39",
"면목3.8동","50~54세","2025 년","1883","1847","36",
"면목3.8동","55~59세","2024 년","2256","2228","28",
"면목3.8동","55~59세","2025 년","2256","2229","27",
"면목3.8동","60~64세","2024 년","2301","2279","22",
"면목3.8동","60~64세","2025 년","2209","2189","20",
"면목3.8동","65~69세","2024 년","2137","2132","5",
"면목3.8동","65~69세","2025 년","2193","2184","9",
"면목3.8동","70~74세","2024 년","1382","1379","3",
"면목3.8동","70~74세","2025 년","1506","1504","2",
"면목3.8동","75~79세","2024 년","1060","1058","2",
"면목3.8동","75~79세","2025 년","1114","1112","2",
"면목3.8동","80~84세","2024 년","718","718","-",
"면목3.8동","80~84세","2025 년","741","741","-",
"면목3.8동","85~89세","2024 년","361","361","-",
"면목3.8동","85~89세","2025 년","371","371","-",
"면목3.8동","90~94세","2024 년","100","100","-",
"면목3.8동","90~94세","2025 년","114","114","-",
"면목3.8동","95~99세","2024 년","27","27","-",
"면목3.8동","95~99세","2025 년","30","30","-",
"면목3.8동","100세 이상","2024 년","3","3","-",
"면목3.8동","100세 이상","2025 년","4","4","-",
"상봉1동","합계","2024 년","23000","22837","163",
"상봉1동","합계","2025 년","22993","22807","186",
"상봉1동","0~4세","2024 년","604","599","5",
"상봉1동","0~4세","2025 년","624","618","6",
"상봉1동","5~9세","2024 년","767","763","4",
"상봉1동","5~9세","2025 년","682","679","3",
"상봉1동","10~14세","2024 년","853","850","3",
"상봉1동","10~14세","2025 년","810","808","2",
"상봉1동","15~19세","2024 년","839","832","7",
"상봉1동","15~19세","2025 년","843","832","11",
"상봉1동","20~24세","2024 년","1131","1117","14",
"상봉1동","20~24세","2025 년","1091","1070","21",
"상봉1동","25~29세","2024 년","1593","1566","27",
"상봉1동","25~29세","2025 년","1661","1628","33",
"상봉1동","30~34세","2024 년","1897","1865","32",
"상봉1동","30~34세","2025 년","1923","1893","30",
"상봉1동","35~39세","2024 년","1637","1610","27",
"상봉1동","35~39세","2025 년","1606","1573","33",
"상봉1동","40~44세","2024 년","1717","1705","12",
"상봉1동","40~44세","2025 년","1666","1653","13",
"상봉1동","45~49세","2024 년","1443","1435","8",
"상봉1동","45~49세","2025 년","1467","1459","8",
"상봉1동","50~54세","2024 년","1826","1821","5",
"상봉1동","50~54세","2025 년","1701","1693","8",
"상봉1동","55~59세","2024 년","2007","1994","13",
"상봉1동","55~59세","2025 년","2007","1997","10",
"상봉1동","60~64세","2024 년","2106","2104","2",
"상봉1동","60~64세","2025 년","2044","2040","4",
"상봉1동","65~69세","2024 년","1788","1786","2",
"상봉1동","65~69세","2025 년","1909","1906","3",
"상봉1동","70~74세","2024 년","1050","1048","2",
"상봉1동","70~74세","2025 년","1123","1122","1",
"상봉1동","75~79세","2024 년","813","813","-",
"상봉1동","75~79세","2025 년","834","834","-",
"상봉1동","80~84세","2024 년","560","560","-",
"상봉1동","80~84세","2025 년","576","576","-",
"상봉1동","85~89세","2024 년","271","271","-",
"상봉1동","85~89세","2025 년","315","315","-",
"상봉1동","90~94세","2024 년","77","77","-",
"상봉1동","90~94세","2025 년","85","85","-",
"상봉1동","95~99세","2024 년","20","20","-",
"상봉1동","95~99세","2025 년","24","24","-",
"상봉1동","100세 이상","2024 년","1","1","-",
"상봉1동","100세 이상","2025 년","2","2","-",
"상봉2동","합계","2024 년","21381","20842","539",
"상봉2동","합계","2025 년","21802","21225","577",
"상봉2동","0~4세","2024 년","416","401","15",
"상봉2동","0~4세","2025 년","390","379","11",
"상봉2동","5~9세","2024 년","269","253","16",
"상봉2동","5~9세","2025 년","259","251","8",
"상봉2동","10~14세","2024 년","313","306","7",
"상봉2동","10~14세","2025 년","299","290","9",
"상봉2동","15~19세","2024 년","411","383","28",
"상봉2동","15~19세","2025 년","439","390","49",
"상봉2동","20~24세","2024 년","1321","1216","105",
"상봉2동","20~24세","2025 년","1280","1153","127",
"상봉2동","25~29세","2024 년","3188","3093","95",
"상봉2동","25~29세","2025 년","3188","3088","100",
"상봉2동","30~34세","2024 년","3175","3103","72",
"상봉2동","30~34세","2025 년","3412","3344","68",
"상봉2동","35~39세","2024 년","1881","1830","51",
"상봉2동","35~39세","2025 년","1951","1892","59",
"상봉2동","40~44세","2024 년","1368","1340","28",
"상봉2동","40~44세","2025 년","1396","1364","32",
"상봉2동","45~49세","2024 년","1145","1119","26",
"상봉2동","45~49세","2025 년","1161","1133","28",
"상봉2동","50~54세","2024 년","1426","1398","28",
"상봉2동","50~54세","2025 년","1380","1356","24",
"상봉2동","55~59세","2024 년","1508","1474","34",
"상봉2동","55~59세","2025 년","1474","1444","30",
"상봉2동","60~64세","2024 년","1524","1499","25",
"상봉2동","60~64세","2025 년","1523","1503","20",
"상봉2동","65~69세","2024 년","1227","1223","4",
"상봉2동","65~69세","2025 년","1277","1271","6",
"상봉2동","70~74세","2024 년","846","843","3",
"상봉2동","70~74세","2025 년","943","940","3",
"상봉2동","75~79세","2024 년","624","622","2",
"상봉2동","75~79세","2025 년","666","663","3",
"상봉2동","80~84세","2024 년","457","457","-",
"상봉2동","80~84세","2025 년","459","459","-",
"상봉2동","85~89세","2024 년","203","203","-",
"상봉2동","85~89세","2025 년","206","206","-",
"상봉2동","90~94세","2024 년","64","64","-",
"상봉2동","90~94세","2025 년","80","80","-",
"상봉2동","95~99세","2024 년","10","10","-",
"상봉2동","95~99세","2025 년","14","14","-",
"상봉2동","100세 이상","2024 년","5","5","-",
"상봉2동","100세 이상","2025 년","5","5","-",
"중화1동","합계","2024 년","18573","18312","261",
"중화1동","합계","2025 년","18180","17881","299",
"중화1동","0~4세","2024 년","396","383","13",
"중화1동","0~4세","2025 년","365","351","14",
"중화1동","5~9세","2024 년","440","432","8",
"중화1동","5~9세","2025 년","402","390","12",
"중화1동","10~14세","2024 년","533","527","6",
"중화1동","10~14세","2025 년","492","487","5",
"중화1동","15~19세","2024 년","595","587","8",
"중화1동","15~19세","2025 년","609","592","17",
"중화1동","20~24세","2024 년","843","806","37",
"중화1동","20~24세","2025 년","766","717","49",
"중화1동","25~29세","2024 년","1375","1334","41",
"중화1동","25~29세","2025 년","1308","1262","46",
"중화1동","30~34세","2024 년","1688","1650","38",
"중화1동","30~34세","2025 년","1700","1653","47",
"중화1동","35~39세","2024 년","1332","1302","30",
"중화1동","35~39세","2025 년","1338","1303","35",
"중화1동","40~44세","2024 년","1340","1327","13",
"중화1동","40~44세","2025 년","1189","1176","13",
"중화1동","45~49세","2024 년","1179","1166","13",
"중화1동","45~49세","2025 년","1191","1178","13",
"중화1동","50~54세","2024 년","1390","1372","18",
"중화1동","50~54세","2025 년","1320","1303","17",
"중화1동","55~59세","2024 년","1504","1491","13",
"중화1동","55~59세","2025 년","1453","1440","13",
"중화1동","60~64세","2024 년","1708","1697","11",
"중화1동","60~64세","2025 년","1623","1615","8",
"중화1동","65~69세","2024 년","1582","1575","7",
"중화1동","65~69세","2025 년","1586","1580","6",
"중화1동","70~74세","2024 년","1078","1074","4",
"중화1동","70~74세","2025 년","1177","1174","3",
"중화1동","75~79세","2024 년","756","755","1",
"중화1동","75~79세","2025 년","784","783","1",
"중화1동","80~84세","2024 년","531","531","-",
"중화1동","80~84세","2025 년","522","522","-",
"중화1동","85~89세","2024 년","224","224","-",
"중화1동","85~89세","2025 년","263","263","-",
"중화1동","90~94세","2024 년","61","61","-",
"중화1동","90~94세","2025 년","70","70","-",
"중화1동","95~99세","2024 년","15","15","-",
"중화1동","95~99세","2025 년","18","18","-",
"중화1동","100세 이상","2024 년","3","3","-",
"중화1동","100세 이상","2025 년","4","4","-",
"중화2동","합계","2024 년","24015","23461","554",
"중화2동","합계","2025 년","26172","25489","683",
"중화2동","0~4세","2024 년","375","357","18",
"중화2동","0~4세","2025 년","527","515","12",
"중화2동","5~9세","2024 년","418","410","8",
"중화2동","5~9세","2025 년","463","450","13",
"중화2동","10~14세","2024 년","453","442","11",
"중화2동","10~14세","2025 년","506","492","14",
"중화2동","15~19세","2024 년","526","499","27",
"중화2동","15~19세","2025 년","580","546","34",
"중화2동","20~24세","2024 년","1150","1080","70",
"중화2동","20~24세","2025 년","1215","1066","149",
"중화2동","25~29세","2024 년","2046","1960","86",
"중화2동","25~29세","2025 년","2185","2076","109",
"중화2동","30~34세","2024 년","2171","2114","57",
"중화2동","30~34세","2025 년","2423","2347","76",
"중화2동","35~39세","2024 년","1543","1487","56",
"중화2동","35~39세","2025 년","1857","1796","61",
"중화2동","40~44세","2024 년","1546","1506","40",
"중화2동","40~44세","2025 년","1686","1652","34",
"중화2동","45~49세","2024 년","1443","1404","39",
"중화2동","45~49세","2025 년","1642","1599","43",
"중화2동","50~54세","2024 년","1911","1873","38",
"중화2동","50~54세","2025 년","1918","1884","34",
"중화2동","55~59세","2024 년","2315","2275","40",
"중화2동","55~59세","2025 년","2397","2353","44",
"중화2동","60~64세","2024 년","2410","2380","30",
"중화2동","60~64세","2025 년","2522","2494","28",
"중화2동","65~69세","2024 년","2093","2071","22",
"중화2동","65~69세","2025 년","2233","2216","17",
"중화2동","70~74세","2024 년","1318","1314","4",
"중화2동","70~74세","2025 년","1553","1547","6",
"중화2동","75~79세","2024 년","1001","997","4",
"중화2동","75~79세","2025 년","1096","1091","5",
"중화2동","80~84세","2024 년","786","785","1",
"중화2동","80~84세","2025 년","805","804","1",
"중화2동","85~89세","2024 년","377","376","1",
"중화2동","85~89세","2025 년","410","409","1",
"중화2동","90~94세","2024 년","114","112","2",
"중화2동","90~94세","2025 년","131","129","2",
"중화2동","95~99세","2024 년","18","18","-",
"중화2동","95~99세","2025 년","22","22","-",
"중화2동","100세 이상","2024 년","1","1","-",
"중화2동","100세 이상","2025 년","1","1","-",
"묵1동","합계","2024 년","33549","33310","239",
"묵1동","합계","2025 년","33226","32991","235",
"묵1동","0~4세","2024 년","584","579","5",
"묵1동","0~4세","2025 년","585","581","4",
"묵1동","5~9세","2024 년","1009","1006","3",
"묵1동","5~9세","2025 년","898","897","1",
"묵1동","10~14세","2024 년","1386","1384","2",
"묵1동","10~14세","2025 년","1339","1339","-",
"묵1동","15~19세","2024 년","1463","1455","8",
"묵1동","15~19세","2025 년","1480","1467","13",
"묵1동","20~24세","2024 년","2002","1962","40",
"묵1동","20~24세","2025 년","1902","1853","49",
"묵1동","25~29세","2024 년","2526","2491","35",
"묵1동","25~29세","2025 년","2499","2459","40",
"묵1동","30~34세","2024 년","2570","2534","36",
"묵1동","30~34세","2025 년","2546","2520","26",
"묵1동","35~39세","2024 년","2075","2042","33",
"묵1동","35~39세","2025 년","2014","1990","24",
"묵1동","40~44세","2024 년","2448","2432","16",
"묵1동","40~44세","2025 년","2276","2264","12",
"묵1동","45~49세","2024 년","2564","2549","15",
"묵1동","45~49세","2025 년","2552","2535","17",
"묵1동","50~54세","2024 년","2968","2954","14",
"묵1동","50~54세","2025 년","2892","2880","12",
"묵1동","55~59세","2024 년","2559","2541","18",
"묵1동","55~59세","2025 년","2632","2614","18",
"묵1동","60~64세","2024 년","2641","2635","6",
"묵1동","60~64세","2025 년","2504","2493","11",
"묵1동","65~69세","2024 년","2338","2332","6",
"묵1동","65~69세","2025 년","2466","2461","5",
"묵1동","70~74세","2024 년","1678","1676","2",
"묵1동","70~74세","2025 년","1826","1823","3",
"묵1동","75~79세","2024 년","1271","1271","-",
"묵1동","75~79세","2025 년","1294","1294","-",
"묵1동","80~84세","2024 년","869","869","-",
"묵1동","80~84세","2025 년","876","876","-",
"묵1동","85~89세","2024 년","438","438","-",
"묵1동","85~89세","2025 년","460","460","-",
"묵1동","90~94세","2024 년","129","129","-",
"묵1동","90~94세","2025 년","152","152","-",
"묵1동","95~99세","2024 년","27","27","-",
"묵1동","95~99세","2025 년","31","31","-",
"묵1동","100세 이상","2024 년","4","4","-",
"묵1동","100세 이상","2025 년","2","2","-",
"묵2동","합계","2024 년","18245","17921","324",
"묵2동","합계","2025 년","17991","17626","365",
"묵2동","0~4세","2024 년","331","320","11",
"묵2동","0~4세","2025 년","325","315","10",
"묵2동","5~9세","2024 년","418","411","7",
"묵2동","5~9세","2025 년","363","355","8",
"묵2동","10~14세","2024 년","469","462","7",
"묵2동","10~14세","2025 년","434","429","5",
"묵2동","15~19세","2024 년","566","546","20",
"묵2동","15~19세","2025 년","548","531","17",
"묵2동","20~24세","2024 년","973","905","68",
"묵2동","20~24세","2025 년","921","817","104",
"묵2동","25~29세","2024 년","1438","1390","48",
"묵2동","25~29세","2025 년","1435","1379","56",
"묵2동","30~34세","2024 년","1506","1467","39",
"묵2동","30~34세","2025 년","1513","1478","35",
"묵2동","35~39세","2024 년","1173","1134","39",
"묵2동","35~39세","2025 년","1167","1138","29",
"묵2동","40~44세","2024 년","1299","1284","15",
"묵2동","40~44세","2025 년","1195","1171","24",
"묵2동","45~49세","2024 년","1234","1220","14",
"묵2동","45~49세","2025 년","1203","1185","18",
"묵2동","50~54세","2024 년","1536","1520","16",
"묵2동","50~54세","2025 년","1410","1396","14",
"묵2동","55~59세","2024 년","1551","1534","17",
"묵2동","55~59세","2025 년","1591","1571","20",
"묵2동","60~64세","2024 년","1606","1595","11",
"묵2동","60~64세","2025 년","1552","1540","12",
"묵2동","65~69세","2024 년","1449","1444","5",
"묵2동","65~69세","2025 년","1443","1438","5",
"묵2동","70~74세","2024 년","1096","1090","6",
"묵2동","70~74세","2025 년","1165","1158","7",
"묵2동","75~79세","2024 년","718","718","-",
"묵2동","75~79세","2025 년","779","779","-",
"묵2동","80~84세","2024 년","544","543","1",
"묵2동","80~84세","2025 년","561","560","1",
"묵2동","85~89세","2024 년","249","249","-",
"묵2동","85~89세","2025 년","271","271","-",
"묵2동","90~94세","2024 년","70","70","-",
"묵2동","90~94세","2025 년","97","97","-",
"묵2동","95~99세","2024 년","16","16","-",
"묵2동","95~99세","2025 년","17","17","-",
"묵2동","100세 이상","2024 년","3","3","-",
"묵2동","100세 이상","2025 년","1","1","-",
"망우본동","합계","2024 년","38684","38193","491",
"망우본동","합계","2025 년","38469","37916","553",
"망우본동","0~4세","2024 년","1292","1276","16",
"망우본동","0~4세","2025 년","1256","1240","16",
"망우본동","5~9세","2024 년","1462","1439","23",
"망우본동","5~9세","2025 년","1349","1325","24",
"망우본동","10~14세","2024 년","1103","1087","16",
"망우본동","10~14세","2025 년","1204","1181","23",
"망우본동","15~19세","2024 년","1129","1110","19",
"망우본동","15~19세","2025 년","1148","1118","30",
"망우본동","20~24세","2024 년","1689","1638","51",
"망우본동","20~24세","2025 년","1542","1487","55",
"망우본동","25~29세","2024 년","2767","2704","63",
"망우본동","25~29세","2025 년","2584","2506","78",
"망우본동","30~34세","2024 년","3600","3533","67",
"망우본동","30~34세","2025 년","3514","3440","74",
"망우본동","35~39세","2024 년","3162","3097","65",
"망우본동","35~39세","2025 년","3134","3063","71",
"망우본동","40~44세","2024 년","3123","3090","33",
"망우본동","40~44세","2025 년","3051","3003","48",
"망우본동","45~49세","2024 년","2415","2381","34",
"망우본동","45~49세","2025 년","2564","2530","34",
"망우본동","50~54세","2024 년","2817","2780","37",
"망우본동","50~54세","2025 년","2654","2622","32",
"망우본동","55~59세","2024 년","2982","2949","33",
"망우본동","55~59세","2025 년","3015","2983","32",
"망우본동","60~64세","2024 년","3275","3263","12",
"망우본동","60~64세","2025 년","3128","3109","19",
"망우본동","65~69세","2024 년","2990","2979","11",
"망우본동","65~69세","2025 년","3060","3051","9",
"망우본동","70~74세","2024 년","1849","1845","4",
"망우본동","70~74세","2025 년","2074","2073","1",
"망우본동","75~79세","2024 년","1361","1356","5",
"망우본동","75~79세","2025 년","1477","1472","5",
"망우본동","80~84세","2024 년","951","951","-",
"망우본동","80~84세","2025 년","945","945","-",
"망우본동","85~89세","2024 년","485","485","-",
"망우본동","85~89세","2025 년","524","524","-",
"망우본동","90~94세","2024 년","177","175","2",
"망우본동","90~94세","2025 년","186","184","2",
"망우본동","95~99세","2024 년","44","44","-",
"망우본동","95~99세","2025 년","53","53","-",
"망우본동","100세 이상","2024 년","11","11","-",
"망우본동","100세 이상","2025 년","7","7","-",
"망우3동","합계","2024 년","15902","15396","506",
"망우3동","합계","2025 년","15746","15196","550",
"망우3동","0~4세","2024 년","246","213","33",
"망우3동","0~4세","2025 년","238","208","30",
"망우3동","5~9세","2024 년","313","282","31",
"망우3동","5~9세","2025 년","274","245","29",
"망우3동","10~14세","2024 년","384","364","20",
"망우3동","10~14세","2025 년","377","349","28",
"망우3동","15~19세","2024 년","492","457","35",
"망우3동","15~19세","2025 년","475","437","38",
"망우3동","20~24세","2024 년","791","721","70",
"망우3동","20~24세","2025 년","736","629","107",
"망우3동","25~29세","2024 년","1163","1098","65",
"망우3동","25~29세","2025 년","1097","1022","75",
"망우3동","30~34세","2024 년","1160","1097","63",
"망우3동","30~34세","2025 년","1187","1137","50",
"망우3동","35~39세","2024 년","908","847","61",
"망우3동","35~39세","2025 년","919","864","55",
"망우3동","40~44세","2024 년","1024","989","35",
"망우3동","40~44세","2025 년","920","884","36",
"망우3동","45~49세","2024 년","937","909","28",
"망우3동","45~49세","2025 년","946","913","33",
"망우3동","50~54세","2024 년","1353","1326","27",
"망우3동","50~54세","2025 년","1259","1233","26",
"망우3동","55~59세","2024 년","1618","1600","18",
"망우3동","55~59세","2025 년","1580","1554","26",
"망우3동","60~64세","2024 년","1610","1595","15",
"망우3동","60~64세","2025 년","1618","1609","9",
"망우3동","65~69세","2024 년","1445","1441","4",
"망우3동","65~69세","2025 년","1461","1454","7",
"망우3동","70~74세","2024 년","909","908","1",
"망우3동","70~74세","2025 년","1037","1036","1",
"망우3동","75~79세","2024 년","701","701","-",
"망우3동","75~79세","2025 년","751","751","-",
"망우3동","80~84세","2024 년","485","485","-",
"망우3동","80~84세","2025 년","485","485","-",
"망우3동","85~89세","2024 년","231","231","-",
"망우3동","85~89세","2025 년","253","253","-",
"망우3동","90~94세","2024 년","104","104","-",
"망우3동","90~94세","2025 년","102","102","-",
"망우3동","95~99세","2024 년","26","26","-",
"망우3동","95~99세","2025 년","30","30","-",
"망우3동","100세 이상","2024 년","2","2","-",
"망우3동","100세 이상","2025 년","1","1","-",
"신내1동","합계","2024 년","37308","37124","184",
"신내1동","합계","2025 년","36799","36607","192",
"신내1동","0~4세","2024 년","885","880","5",
"신내1동","0~4세","2025 년","825","821","4",
"신내1동","5~9세","2024 년","1168","1164","4",
"신내1동","5~9세","2025 년","1071","1066","5",
"신내1동","10~14세","2024 년","1879","1877","2",
"신내1동","10~14세","2025 년","1785","1780","5",
"신내1동","15~19세","2024 년","1850","1844","6",
"신내1동","15~19세","2025 년","1877","1875","2",
"신내1동","20~24세","2024 년","1838","1823","15",
"신내1동","20~24세","2025 년","1666","1648","18",
"신내1동","25~29세","2024 년","2219","2201","18",
"신내1동","25~29세","2025 년","2115","2092","23",
"신내1동","30~34세","2024 년","2483","2459","24",
"신내1동","30~34세","2025 년","2458","2433","25",
"신내1동","35~39세","2024 년","2183","2149","34",
"신내1동","35~39세","2025 년","2139","2099","40",
"신내1동","40~44세","2024 년","2728","2699","29",
"신내1동","40~44세","2025 년","2524","2501","23",
"신내1동","45~49세","2024 년","2637","2629","8",
"신내1동","45~49세","2025 년","2667","2657","10",
"신내1동","50~54세","2024 년","2943","2927","16",
"신내1동","50~54세","2025 년","2873","2860","13",
"신내1동","55~59세","2024 년","3136","3129","7",
"신내1동","55~59세","2025 년","3070","3064","6",
"신내1동","60~64세","2024 년","3322","3314","8",
"신내1동","60~64세","2025 년","3196","3186","10",
"신내1동","65~69세","2024 년","2902","2897","5",
"신내1동","65~69세","2025 년","3039","3033","6",
"신내1동","70~74세","2024 년","1897","1895","2",
"신내1동","70~74세","2025 년","2099","2098","1",
"신내1동","75~79세","2024 년","1457","1456","1",
"신내1동","75~79세","2025 년","1496","1495","1",
"신내1동","80~84세","2024 년","996","996","-",
"신내1동","80~84세","2025 년","1011","1011","-",
"신내1동","85~89세","2024 년","538","538","-",
"신내1동","85~89세","2025 년","612","612","-",
"신내1동","90~94세","2024 년","189","189","-",
"신내1동","90~94세","2025 년","201","201","-",
"신내1동","95~99세","2024 년","48","48","-",
"신내1동","95~99세","2025 년","64","64","-",
"신내1동","100세 이상","2024 년","10","10","-",
"신내1동","100세 이상","2025 년","11","11","-",
"신내2동","합계","2024 년","19417","19330","87",
"신내2동","합계","2025 년","19121","19022","99",
"신내2동","0~4세","2024 년","400","398","2",
"신내2동","0~4세","2025 년","417","415","2",
"신내2동","5~9세","2024 년","536","536","-",
"신내2동","5~9세","2025 년","459","459","-",
"신내2동","10~14세","2024 년","646","645","1",
"신내2동","10~14세","2025 년","627","626","1",
"신내2동","15~19세","2024 년","706","705","1",
"신내2동","15~19세","2025 년","691","690","1",
"신내2동","20~24세","2024 년","872","864","8",
"신내2동","20~24세","2025 년","820","807","13",
"신내2동","25~29세","2024 년","1159","1142","17",
"신내2동","25~29세","2025 년","1054","1041","13",
"신내2동","30~34세","2024 년","1471","1460","11",
"신내2동","30~34세","2025 년","1504","1487","17",
"신내2동","35~39세","2024 년","1263","1251","12",
"신내2동","35~39세","2025 년","1290","1279","11",
"신내2동","40~44세","2024 년","1374","1369","5",
"신내2동","40~44세","2025 년","1279","1272","7",
"신내2동","45~49세","2024 년","1327","1319","8",
"신내2동","45~49세","2025 년","1339","1331","8",
"신내2동","50~54세","2024 년","1586","1580","6",
"신내2동","50~54세","2025 년","1479","1473","6",
"신내2동","55~59세","2024 년","1623","1615","8",
"신내2동","55~59세","2025 년","1628","1620","8",
"신내2동","60~64세","2024 년","1661","1654","7",
"신내2동","60~64세","2025 년","1578","1570","8",
"신내2동","65~69세","2024 년","1739","1738","1",
"신내2동","65~69세","2025 년","1759","1756","3",
"신내2동","70~74세","2024 년","1180","1180","-",
"신내2동","70~74세","2025 년","1306","1305","1",
"신내2동","75~79세","2024 년","801","801","-",
"신내2동","75~79세","2025 년","817","817","-",
"신내2동","80~84세","2024 년","571","571","-",
"신내2동","80~84세","2025 년","568","568","-",
"신내2동","85~89세","2024 년","351","351","-",
"신내2동","85~89세","2025 년","342","342","-",
"신내2동","90~94세","2024 년","116","116","-",
"신내2동","90~94세","2025 년","138","138","-",
"신내2동","95~99세","2024 년","28","28","-",
"신내2동","95~99세","2025 년","20","20","-",
"신내2동","100세 이상","2024 년","7","7","-",
"신내2동","100세 이상","2025 년","6","6","-",
"성북구","합계","2024 년","435037","421560","13477",
"성북구","합계","2025 년","437496","422559","14937",
"성북구","0~4세","2024 년","9398","9246","152",
"성북구","0~4세","2025 년","9466","9321","145",
"성북구","5~9세","2024 년","13383","13249","134",
"성북구","5~9세","2025 년","12280","12136","144",
"성북구","10~14세","2024 년","16257","16128","129",
"성북구","10~14세","2025 년","15965","15841","124",
"성북구","15~19세","2024 년","19092","17845","1247",
"성북구","15~19세","2025 년","19677","17975","1702",
"성북구","20~24세","2024 년","35800","30939","4861",
"성북구","20~24세","2025 년","35135","29671","5464",
"성북구","25~29세","2024 년","35460","32560","2900",
"성북구","25~29세","2025 년","36055","32948","3107",
"성북구","30~34세","2024 년","30653","29408","1245",
"성북구","30~34세","2025 년","31693","30376","1317",
"성북구","35~39세","2024 년","27188","26424","764",
"성북구","35~39세","2025 년","27380","26572","808",
"성북구","40~44세","2024 년","31251","30677","574",
"성북구","40~44세","2025 년","30258","29634","624",
"성북구","45~49세","2024 년","30643","30220","423",
"성북구","45~49세","2025 년","30573","30149","424",
"성북구","50~54세","2024 년","37933","37584","349",
"성북구","50~54세","2025 년","36471","36119","352",
"성북구","55~59세","2024 년","33475","33181","294",
"성북구","55~59세","2025 년","34832","34544","288",
"성북구","60~64세","2024 년","30936","30746","190",
"성북구","60~64세","2025 년","30174","29976","198",
"성북구","65~69세","2024 년","28016","27905","111",
"성북구","65~69세","2025 년","28844","28728","116",
"성북구","70~74세","2024 년","19171","19120","51",
"성북구","70~74세","2025 년","21022","20966","56",
"성북구","75~79세","2024 년","15649","15624","25",
"성북구","75~79세","2025 년","16227","16192","35",
"성북구","80~84세","2024 년","12023","12010","13",
"성북구","80~84세","2025 년","12036","12018","18",
"성북구","85~89세","2024 년","6180","6174","6",
"성북구","85~89세","2025 년","6572","6565","7",
"성북구","90~94세","2024 년","1981","1974","7",
"성북구","90~94세","2025 년","2237","2231","6",
"성북구","95~99세","2024 년","481","481","-",
"성북구","95~99세","2025 년","527","527","-",
"성북구","100세 이상","2024 년","67","65","2",
"성북구","100세 이상","2025 년","72","70","2",
"성북동","합계","2024 년","16401","15827","574",
"성북동","합계","2025 년","16098","15470","628",
"성북동","0~4세","2024 년","305","294","11",
"성북동","0~4세","2025 년","256","246","10",
"성북동","5~9세","2024 년","314","299","15",
"성북동","5~9세","2025 년","299","278","21",
"성북동","10~14세","2024 년","473","452","21",
"성북동","10~14세","2025 년","444","420","24",
"성북동","15~19세","2024 년","581","545","36",
"성북동","15~19세","2025 년","581","539","42",
"성북동","20~24세","2024 년","1099","1036","63",
"성북동","20~24세","2025 년","1024","942","82",
"성북동","25~29세","2024 년","1495","1417","78",
"성북동","25~29세","2025 년","1466","1386","80",
"성북동","30~34세","2024 년","1518","1475","43",
"성북동","30~34세","2025 년","1519","1475","44",
"성북동","35~39세","2024 년","1134","1075","59",
"성북동","35~39세","2025 년","1106","1050","56",
"성북동","40~44세","2024 년","1113","1067","46",
"성북동","40~44세","2025 년","1079","1023","56",
"성북동","45~49세","2024 년","1111","1051","60",
"성북동","45~49세","2025 년","1067","1013","54",
"성북동","50~54세","2024 년","1461","1419","42",
"성북동","50~54세","2025 년","1342","1294","48",
"성북동","55~59세","2024 년","1343","1302","41",
"성북동","55~59세","2025 년","1366","1326","40",
"성북동","60~64세","2024 년","1210","1182","28",
"성북동","60~64세","2025 년","1186","1157","29",
"성북동","65~69세","2024 년","997","985","12",
"성북동","65~69세","2025 년","1028","1008","20",
"성북동","70~74세","2024 년","691","684","7",
"성북동","70~74세","2025 년","754","748","6",
"성북동","75~79세","2024 년","596","592","4",
"성북동","75~79세","2025 년","607","601","6",
"성북동","80~84세","2024 년","511","507","4",
"성북동","80~84세","2025 년","509","502","7",
"성북동","85~89세","2024 년","303","302","1",
"성북동","85~89세","2025 년","313","312","1",
"성북동","90~94세","2024 년","105","102","3",
"성북동","90~94세","2025 년","108","106","2",
"성북동","95~99세","2024 년","35","35","-",
"성북동","95~99세","2025 년","37","37","-",
"성북동","100세 이상","2024 년","6","6","-",
"성북동","100세 이상","2025 년","7","7","-",
"삼선동","합계","2024 년","22569","21913","656",
"삼선동","합계","2025 년","22339","21619","720",
"삼선동","0~4세","2024 년","297","291","6",
"삼선동","0~4세","2025 년","294","289","5",
"삼선동","5~9세","2024 년","439","435","4",
"삼선동","5~9세","2025 년","389","387","2",
"삼선동","10~14세","2024 년","645","642","3",
"삼선동","10~14세","2025 년","600","598","2",
"삼선동","15~19세","2024 년","951","906","45",
"삼선동","15~19세","2025 년","934","875","59",
"삼선동","20~24세","2024 년","2177","1934","243",
"삼선동","20~24세","2025 년","2056","1797","259",
"삼선동","25~29세","2024 년","2362","2193","169",
"삼선동","25~29세","2025 년","2424","2230","194",
"삼선동","30~34세","2024 년","1776","1713","63",
"삼선동","30~34세","2025 년","1793","1727","66",
"삼선동","35~39세","2024 년","1376","1337","39",
"삼선동","35~39세","2025 년","1341","1292","49",
"삼선동","40~44세","2024 년","1427","1398","29",
"삼선동","40~44세","2025 년","1358","1330","28",
"삼선동","45~49세","2024 년","1459","1448","11",
"삼선동","45~49세","2025 년","1385","1375","10",
"삼선동","50~54세","2024 년","2051","2038","13",
"삼선동","50~54세","2025 년","1930","1916","14",
"삼선동","55~59세","2024 년","1763","1749","14",
"삼선동","55~59세","2025 년","1872","1857","15",
"삼선동","60~64세","2024 년","1549","1540","9",
"삼선동","60~64세","2025 년","1490","1481","9",
"삼선동","65~69세","2024 년","1355","1352","3",
"삼선동","65~69세","2025 년","1420","1417","3",
"삼선동","70~74세","2024 년","890","890","-",
"삼선동","70~74세","2025 년","992","992","-",
"삼선동","75~79세","2024 년","860","857","3",
"삼선동","75~79세","2025 년","824","821","3",
"삼선동","80~84세","2024 년","686","685","1",
"삼선동","80~84세","2025 년","686","685","1",
"삼선동","85~89세","2024 년","374","373","1",
"삼선동","85~89세","2025 년","411","410","1",
"삼선동","90~94세","2024 년","99","99","-",
"삼선동","90~94세","2025 년","110","110","-",
"삼선동","95~99세","2024 년","28","28","-",
"삼선동","95~99세","2025 년","26","26","-",
"삼선동","100세 이상","2024 년","5","5","-",
"삼선동","100세 이상","2025 년","4","4","-",
"동선동","합계","2024 년","15985","14920","1065",
"동선동","합계","2025 년","15991","14743","1248",
"동선동","0~4세","2024 년","148","147","1",
"동선동","0~4세","2025 년","145","141","4",
"동선동","5~9세","2024 년","231","229","2",
"동선동","5~9세","2025 년","192","189","3",
"동선동","10~14세","2024 년","296","288","8",
"동선동","10~14세","2025 년","293","288","5",
"동선동","15~19세","2024 년","648","499","149",
"동선동","15~19세","2025 년","730","520","210",
"동선동","20~24세","2024 년","2899","2450","449",
"동선동","20~24세","2025 년","2854","2360","494",
"동선동","25~29세","2024 년","2494","2275","219",
"동선동","25~29세","2025 년","2546","2251","295",
"동선동","30~34세","2024 년","1521","1432","89",
"동선동","30~34세","2025 년","1553","1459","94",
"동선동","35~39세","2024 년","1034","990","44",
"동선동","35~39세","2025 년","1020","970","50",
"동선동","40~44세","2024 년","913","880","33",
"동선동","40~44세","2025 년","866","841","25",
"동선동","45~49세","2024 년","835","820","15",
"동선동","45~49세","2025 년","828","809","19",
"동선동","50~54세","2024 년","1061","1041","20",
"동선동","50~54세","2025 년","950","934","16",
"동선동","55~59세","2024 년","861","849","12",
"동선동","55~59세","2025 년","924","913","11",
"동선동","60~64세","2024 년","770","763","7",
"동선동","60~64세","2025 년","753","746","7",
"동선동","65~69세","2024 년","690","682","8",
"동선동","65~69세","2025 년","708","704","4",
"동선동","70~74세","2024 년","471","468","3",
"동선동","70~74세","2025 년","504","499","5",
"동선동","75~79세","2024 년","461","459","2",
"동선동","75~79세","2025 년","453","452","1",
"동선동","80~84세","2024 년","388","385","3",
"동선동","80~84세","2025 년","365","362","3",
"동선동","85~89세","2024 년","179","179","-",
"동선동","85~89세","2025 년","212","211","1",
"동선동","90~94세","2024 년","64","63","1",
"동선동","90~94세","2025 년","75","74","1",
"동선동","95~99세","2024 년","16","16","-",
"동선동","95~99세","2025 년","16","16","-",
"동선동","100세 이상","2024 년","5","5","-",
"동선동","100세 이상","2025 년","4","4","-",
"돈암1동","합계","2024 년","14146","14033","113",
"돈암1동","합계","2025 년","13831","13729","102",
"돈암1동","0~4세","2024 년","313","312","1",
"돈암1동","0~4세","2025 년","289","289","-",
"돈암1동","5~9세","2024 년","321","319","2",
"돈암1동","5~9세","2025 년","309","307","2",
"돈암1동","10~14세","2024 년","455","452","3",
"돈암1동","10~14세","2025 년","431","429","2",
"돈암1동","15~19세","2024 년","542","540","2",
"돈암1동","15~19세","2025 년","533","529","4",
"돈암1동","20~24세","2024 년","890","866","24",
"돈암1동","20~24세","2025 년","786","766","20",
"돈암1동","25~29세","2024 년","959","937","22",
"돈암1동","25~29세","2025 년","941","920","21",
"돈암1동","30~34세","2024 년","993","981","12",
"돈암1동","30~34세","2025 년","963","956","7",
"돈암1동","35~39세","2024 년","888","872","16",
"돈암1동","35~39세","2025 년","871","859","12",
"돈암1동","40~44세","2024 년","902","894","8",
"돈암1동","40~44세","2025 년","887","875","12",
"돈암1동","45~49세","2024 년","858","850","8",
"돈암1동","45~49세","2025 년","839","830","9",
"돈암1동","50~54세","2024 년","1260","1254","6",
"돈암1동","50~54세","2025 년","1180","1175","5",
"돈암1동","55~59세","2024 년","1270","1267","3",
"돈암1동","55~59세","2025 년","1263","1261","2",
"돈암1동","60~64세","2024 년","1214","1208","6",
"돈암1동","60~64세","2025 년","1169","1163","6",
"돈암1동","65~69세","2024 년","1123","1123","-",
"돈암1동","65~69세","2025 년","1127","1127","-",
"돈암1동","70~74세","2024 년","758","758","-",
"돈암1동","70~74세","2025 년","811","811","-",
"돈암1동","75~79세","2024 년","600","600","-",
"돈암1동","75~79세","2025 년","621","621","-",
"돈암1동","80~84세","2024 년","447","447","-",
"돈암1동","80~84세","2025 년","449","449","-",
"돈암1동","85~89세","2024 년","256","256","-",
"돈암1동","85~89세","2025 년","248","248","-",
"돈암1동","90~94세","2024 년","79","79","-",
"돈암1동","90~94세","2025 년","88","88","-",
"돈암1동","95~99세","2024 년","16","16","-",
"돈암1동","95~99세","2025 년","24","24","-",
"돈암1동","100세 이상","2024 년","2","2","-",
"돈암1동","100세 이상","2025 년","2","2","-",
"돈암2동","합계","2024 년","23351","23232","119",
"돈암2동","합계","2025 년","23009","22878","131",
"돈암2동","0~4세","2024 년","583","581","2",
"돈암2동","0~4세","2025 년","604","601","3",
"돈암2동","5~9세","2024 년","963","961","2",
"돈암2동","5~9세","2025 년","865","863","2",
"돈암2동","10~14세","2024 년","1241","1240","1",
"돈암2동","10~14세","2025 년","1175","1172","3",
"돈암2동","15~19세","2024 년","1297","1289","8",
"돈암2동","15~19세","2025 년","1302","1298","4",
"돈암2동","20~24세","2024 년","1331","1320","11",
"돈암2동","20~24세","2025 년","1221","1206","15",
"돈암2동","25~29세","2024 년","1317","1310","7",
"돈암2동","25~29세","2025 년","1334","1323","11",
"돈암2동","30~34세","2024 년","1332","1318","14",
"돈암2동","30~34세","2025 년","1326","1312","14",
"돈암2동","35~39세","2024 년","1428","1416","12",
"돈암2동","35~39세","2025 년","1387","1371","16",
"돈암2동","40~44세","2024 년","1817","1805","12",
"돈암2동","40~44세","2025 년","1747","1733","14",
"돈암2동","45~49세","2024 년","1961","1943","18",
"돈암2동","45~49세","2025 년","1882","1868","14",
"돈암2동","50~54세","2024 년","2367","2357","10",
"돈암2동","50~54세","2025 년","2254","2237","17",
"돈암2동","55~59세","2024 년","2003","1991","12",
"돈암2동","55~59세","2025 년","2017","2010","7",
"돈암2동","60~64세","2024 년","1715","1711","4",
"돈암2동","60~64세","2025 년","1683","1678","5",
"돈암2동","65~69세","2024 년","1391","1389","2",
"돈암2동","65~69세","2025 년","1471","1468","3",
"돈암2동","70~74세","2024 년","929","927","2",
"돈암2동","70~74세","2025 년","1007","1006","1",
"돈암2동","75~79세","2024 년","681","679","2",
"돈암2동","75~79세","2025 년","720","718","2",
"돈암2동","80~84세","2024 년","535","535","-",
"돈암2동","80~84세","2025 년","516","516","-",
"돈암2동","85~89세","2024 년","302","302","-",
"돈암2동","85~89세","2025 년","317","317","-",
"돈암2동","90~94세","2024 년","121","121","-",
"돈암2동","90~94세","2025 년","139","139","-",
"돈암2동","95~99세","2024 년","34","34","-",
"돈암2동","95~99세","2025 년","37","37","-",
"돈암2동","100세 이상","2024 년","3","3","-",
"돈암2동","100세 이상","2025 년","5","5","-",
"안암동","합계","2024 년","17792","15250","2542",
"안암동","합계","2025 년","18120","15447","2673",
"안암동","0~4세","2024 년","163","148","15",
"안암동","0~4세","2025 년","169","158","11",
"안암동","5~9세","2024 년","229","220","9",
"안암동","5~9세","2025 년","209","198","11",
"안암동","10~14세","2024 년","239","232","7",
"안암동","10~14세","2025 년","244","237","7",
"안암동","15~19세","2024 년","879","519","360",
"안암동","15~19세","2025 년","898","478","420",
"안암동","20~24세","2024 년","4207","2927","1280",
"안암동","20~24세","2025 년","4270","2949","1321",
"안암동","25~29세","2024 년","3178","2700","478",
"안암동","25~29세","2025 년","3367","2862","505",
"안암동","30~34세","2024 년","1546","1376","170",
"안암동","30~34세","2025 년","1586","1400","186",
"안암동","35~39세","2024 년","841","757","84",
"안암동","35~39세","2025 년","856","777","79",
"안암동","40~44세","2024 년","762","710","52",
"안암동","40~44세","2025 년","742","691","51",
"안암동","45~49세","2024 년","708","682","26",
"안암동","45~49세","2025 년","720","697","23",
"안암동","50~54세","2024 년","952","935","17",
"안암동","50~54세","2025 년","911","895","16",
"안암동","55~59세","2024 년","995","979","16",
"안암동","55~59세","2025 년","978","964","14",
"안암동","60~64세","2024 년","823","810","13",
"안암동","60~64세","2025 년","847","833","14",
"안암동","65~69세","2024 년","705","695","10",
"안암동","65~69세","2025 년","693","683","10",
"안암동","70~74세","2024 년","505","503","2",
"안암동","70~74세","2025 년","547","546","1",
"안암동","75~79세","2024 년","429","427","2",
"안암동","75~79세","2025 년","414","411","3",
"안암동","80~84세","2024 년","356","356","-",
"안암동","80~84세","2025 년","381","381","-",
"안암동","85~89세","2024 년","189","189","-",
"안암동","85~89세","2025 년","191","191","-",
"안암동","90~94세","2024 년","65","65","-",
"안암동","90~94세","2025 년","76","76","-",
"안암동","95~99세","2024 년","19","19","-",
"안암동","95~99세","2025 년","19","19","-",
"안암동","100세 이상","2024 년","2","1","1",
"안암동","100세 이상","2025 년","2","1","1",
"보문동","합계","2024 년","16482","16019","463",
"보문동","합계","2025 년","16387","15748","639",
"보문동","0~4세","2024 년","407","395","12",
"보문동","0~4세","2025 년","388","375","13",
"보문동","5~9세","2024 년","498","489","9",
"보문동","5~9세","2025 년","446","437","9",
"보문동","10~14세","2024 년","464","453","11",
"보문동","10~14세","2025 년","468","456","12",
"보문동","15~19세","2024 년","525","505","20",
"보문동","15~19세","2025 년","592","483","109",
"보문동","20~24세","2024 년","1189","1069","120",
"보문동","20~24세","2025 년","1139","984","155",
"보문동","25~29세","2024 년","1572","1477","95",
"보문동","25~29세","2025 년","1552","1424","128",
"보문동","30~34세","2024 년","1533","1486","47",
"보문동","30~34세","2025 년","1534","1468","66",
"보문동","35~39세","2024 년","1307","1276","31",
"보문동","35~39세","2025 년","1293","1264","29",
"보문동","40~44세","2024 년","1249","1216","33",
"보문동","40~44세","2025 년","1180","1150","30",
"보문동","45~49세","2024 년","1070","1049","21",
"보문동","45~49세","2025 년","1076","1050","26",
"보문동","50~54세","2024 년","1407","1387","20",
"보문동","50~54세","2025 년","1348","1329","19",
"보문동","55~59세","2024 년","1317","1295","22",
"보문동","55~59세","2025 년","1333","1311","22",
"보문동","60~64세","2024 년","1148","1137","11",
"보문동","60~64세","2025 년","1121","1113","8",
"보문동","65~69세","2024 년","964","961","3",
"보문동","65~69세","2025 년","1014","1008","6",
"보문동","70~74세","2024 년","637","630","7",
"보문동","70~74세","2025 년","660","656","4",
"보문동","75~79세","2024 년","537","536","1",
"보문동","75~79세","2025 년","547","544","3",
"보문동","80~84세","2024 년","378","378","-",
"보문동","80~84세","2025 년","388","388","-",
"보문동","85~89세","2024 년","198","198","-",
"보문동","85~89세","2025 년","209","209","-",
"보문동","90~94세","2024 년","67","67","-",
"보문동","90~94세","2025 년","85","85","-",
"보문동","95~99세","2024 년","13","13","-",
"보문동","95~99세","2025 년","12","12","-",
"보문동","100세 이상","2024 년","2","2","-",
"보문동","100세 이상","2025 년","2","2","-",
"정릉1동","합계","2024 년","17850","17617","233",
"정릉1동","합계","2025 년","17832","17566","266",
"정릉1동","0~4세","2024 년","476","475","1",
"정릉1동","0~4세","2025 년","456","454","2",
"정릉1동","5~9세","2024 년","666","663","3",
"정릉1동","5~9세","2025 년","603","602","1",
"정릉1동","10~14세","2024 년","775","774","1",
"정릉1동","10~14세","2025 년","787","785","2",
"정릉1동","15~19세","2024 년","829","820","9",
"정릉1동","15~19세","2025 년","870","852","18",
"정릉1동","20~24세","2024 년","1195","1122","73",
"정릉1동","20~24세","2025 년","1162","1090","72",
"정릉1동","25~29세","2024 년","1087","1042","45",
"정릉1동","25~29세","2025 년","1104","1046","58",
"정릉1동","30~34세","2024 년","1123","1103","20",
"정릉1동","30~34세","2025 년","1104","1077","27",
"정릉1동","35~39세","2024 년","1182","1169","13",
"정릉1동","35~39세","2025 년","1170","1153","17",
"정릉1동","40~44세","2024 년","1410","1397","13",
"정릉1동","40~44세","2025 년","1358","1340","18",
"정릉1동","45~49세","2024 년","1368","1355","13",
"정릉1동","45~49세","2025 년","1405","1394","11",
"정릉1동","50~54세","2024 년","1695","1680","15",
"정릉1동","50~54세","2025 년","1615","1602","13",
"정릉1동","55~59세","2024 년","1276","1269","7",
"정릉1동","55~59세","2025 년","1388","1380","8",
"정릉1동","60~64세","2024 년","1252","1243","9",
"정릉1동","60~64세","2025 년","1150","1145","5",
"정릉1동","65~69세","2024 년","1113","1109","4",
"정릉1동","65~69세","2025 년","1173","1166","7",
"정릉1동","70~74세","2024 년","829","825","4",
"정릉1동","70~74세","2025 년","869","867","2",
"정릉1동","75~79세","2024 년","692","690","2",
"정릉1동","75~79세","2025 년","711","707","4",
"정릉1동","80~84세","2024 년","529","529","-",
"정릉1동","80~84세","2025 년","522","522","-",
"정릉1동","85~89세","2024 년","250","250","-",
"정릉1동","85~89세","2025 년","273","273","-",
"정릉1동","90~94세","2024 년","86","86","-",
"정릉1동","90~94세","2025 년","87","87","-",
"정릉1동","95~99세","2024 년","16","16","-",
"정릉1동","95~99세","2025 년","24","24","-",
"정릉1동","100세 이상","2024 년","1","-","1",
"정릉1동","100세 이상","2025 년","1","-","1",
"정릉2동","합계","2024 년","22428","22135","293",
"정릉2동","합계","2025 년","22008","21668","340",
"정릉2동","0~4세","2024 년","507","502","5",
"정릉2동","0~4세","2025 년","458","451","7",
"정릉2동","5~9세","2024 년","626","624","2",
"정릉2동","5~9세","2025 년","594","591","3",
"정릉2동","10~14세","2024 년","684","681","3",
"정릉2동","10~14세","2025 년","648","647","1",
"정릉2동","15~19세","2024 년","855","838","17",
"정릉2동","15~19세","2025 년","853","826","27",
"정릉2동","20~24세","2024 년","1401","1333","68",
"정릉2동","20~24세","2025 년","1338","1236","102",
"정릉2동","25~29세","2024 년","1660","1582","78",
"정릉2동","25~29세","2025 년","1588","1524","64",
"정릉2동","30~34세","2024 년","1536","1511","25",
"정릉2동","30~34세","2025 년","1549","1514","35",
"정릉2동","35~39세","2024 년","1453","1427","26",
"정릉2동","35~39세","2025 년","1389","1363","26",
"정릉2동","40~44세","2024 년","1549","1535","14",
"정릉2동","40~44세","2025 년","1422","1404","18",
"정릉2동","45~49세","2024 년","1459","1446","13",
"정릉2동","45~49세","2025 년","1480","1467","13",
"정릉2동","50~54세","2024 년","2050","2034","16",
"정릉2동","50~54세","2025 년","1917","1902","15",
"정릉2동","55~59세","2024 년","1789","1783","6",
"정릉2동","55~59세","2025 년","1845","1834","11",
"정릉2동","60~64세","2024 년","1834","1823","11",
"정릉2동","60~64세","2025 년","1721","1713","8",
"정릉2동","65~69세","2024 년","1712","1705","7",
"정릉2동","65~69세","2025 년","1734","1727","7",
"정릉2동","70~74세","2024 년","1183","1182","1",
"정릉2동","70~74세","2025 년","1263","1261","2",
"정릉2동","75~79세","2024 년","903","903","-",
"정릉2동","75~79세","2025 년","960","960","-",
"정릉2동","80~84세","2024 년","720","719","1",
"정릉2동","80~84세","2025 년","704","703","1",
"정릉2동","85~89세","2024 년","365","365","-",
"정릉2동","85~89세","2025 년","379","379","-",
"정릉2동","90~94세","2024 년","108","108","-",
"정릉2동","90~94세","2025 년","130","130","-",
"정릉2동","95~99세","2024 년","31","31","-",
"정릉2동","95~99세","2025 년","30","30","-",
"정릉2동","100세 이상","2024 년","3","3","-",
"정릉2동","100세 이상","2025 년","6","6","-",
"정릉3동","합계","2024 년","15893","14161","1732",
"정릉3동","합계","2025 년","15656","13795","1861",
"정릉3동","0~4세","2024 년","180","177","3",
"정릉3동","0~4세","2025 년","186","181","5",
"정릉3동","5~9세","2024 년","207","205","2",
"정릉3동","5~9세","2025 년","165","165","-",
"정릉3동","10~14세","2024 년","297","297","-",
"정릉3동","10~14세","2025 년","283","283","-",
"정릉3동","15~19세","2024 년","636","511","125",
"정릉3동","15~19세","2025 년","742","523","219",
"정릉3동","20~24세","2024 년","2724","1940","784",
"정릉3동","20~24세","2025 년","2752","1937","815",
"정릉3동","25~29세","2024 년","1987","1465","522",
"정릉3동","25~29세","2025 년","1980","1447","533",
"정릉3동","30~34세","2024 년","1190","1024","166",
"정릉3동","30~34세","2025 년","1165","1005","160",
"정릉3동","35~39세","2024 년","736","678","58",
"정릉3동","35~39세","2025 년","681","620","61",
"정릉3동","40~44세","2024 년","746","708","38",
"정릉3동","40~44세","2025 년","673","638","35",
"정릉3동","45~49세","2024 년","726","710","16",
"정릉3동","45~49세","2025 년","704","689","15",
"정릉3동","50~54세","2024 년","1054","1050","4",
"정릉3동","50~54세","2025 년","940","933","7",
"정릉3동","55~59세","2024 년","1063","1054","9",
"정릉3동","55~59세","2025 년","1051","1045","6",
"정릉3동","60~64세","2024 년","1032","1030","2",
"정릉3동","60~64세","2025 년","973","969","4",
"정릉3동","65~69세","2024 년","1059","1058","1",
"정릉3동","65~69세","2025 년","1038","1038","-",
"정릉3동","70~74세","2024 년","737","736","1",
"정릉3동","70~74세","2025 년","802","802","-",
"정릉3동","75~79세","2024 년","628","628","-",
"정릉3동","75~79세","2025 년","636","636","-",
"정릉3동","80~84세","2024 년","508","507","1",
"정릉3동","80~84세","2025 년","489","488","1",
"정릉3동","85~89세","2024 년","272","272","-",
"정릉3동","85~89세","2025 년","275","275","-",
"정릉3동","90~94세","2024 년","81","81","-",
"정릉3동","90~94세","2025 년","92","92","-",
"정릉3동","95~99세","2024 년","28","28","-",
"정릉3동","95~99세","2025 년","29","29","-",
"정릉3동","100세 이상","2024 년","2","2","-",
"정릉3동","100세 이상","2025 년","-","-","-",
"정릉4동","합계","2024 년","24422","23850","572",
"정릉4동","합계","2025 년","24078","23513","565",
"정릉4동","0~4세","2024 년","510","507","3",
"정릉4동","0~4세","2025 년","456","455","1",
"정릉4동","5~9세","2024 년","593","592","1",
"정릉4동","5~9세","2025 년","548","546","2",
"정릉4동","10~14세","2024 년","877","876","1",
"정릉4동","10~14세","2025 년","776","775","1",
"정릉4동","15~19세","2024 년","1033","978","55",
"정릉4동","15~19세","2025 년","1059","991","68",
"정릉4동","20~24세","2024 년","1796","1548","248",
"정릉4동","20~24세","2025 년","1683","1443","240",
"정릉4동","25~29세","2024 년","1583","1480","103",
"정릉4동","25~29세","2025 년","1575","1477","98",
"정릉4동","30~34세","2024 년","1529","1487","42",
"정릉4동","30~34세","2025 년","1499","1452","47",
"정릉4동","35~39세","2024 년","1396","1358","38",
"정릉4동","35~39세","2025 년","1381","1355","26",
"정릉4동","40~44세","2024 년","1671","1647","24",
"정릉4동","40~44세","2025 년","1543","1516","27",
"정릉4동","45~49세","2024 년","1750","1743","7",
"정릉4동","45~49세","2025 년","1703","1692","11",
"정릉4동","50~54세","2024 년","2243","2228","15",
"정릉4동","50~54세","2025 년","2138","2128","10",
"정릉4동","55~59세","2024 년","2049","2031","18",
"정릉4동","55~59세","2025 년","2132","2115","17",
"정릉4동","60~64세","2024 년","1942","1929","13",
"정릉4동","60~64세","2025 년","1896","1884","12",
"정릉4동","65~69세","2024 년","1794","1792","2",
"정릉4동","65~69세","2025 년","1826","1822","4",
"정릉4동","70~74세","2024 년","1289","1288","1",
"정릉4동","70~74세","2025 년","1387","1387","-",
"정릉4동","75~79세","2024 년","1027","1027","-",
"정릉4동","75~79세","2025 년","1084","1084","-",
"정릉4동","80~84세","2024 년","801","801","-",
"정릉4동","80~84세","2025 년","799","799","-",
"정릉4동","85~89세","2024 년","385","384","1",
"정릉4동","85~89세","2025 년","413","412","1",
"정릉4동","90~94세","2024 년","121","121","-",
"정릉4동","90~94세","2025 년","139","139","-",
"정릉4동","95~99세","2024 년","29","29","-",
"정릉4동","95~99세","2025 년","34","34","-",
"정릉4동","100세 이상","2024 년","4","4","-",
"정릉4동","100세 이상","2025 년","7","7","-",
"길음1동","합계","2024 년","35706","35547","159",
"길음1동","합계","2025 년","35605","35437","168",
"길음1동","0~4세","2024 년","990","988","2",
"길음1동","0~4세","2025 년","975","973","2",
"길음1동","5~9세","2024 년","1826","1824","2",
"길음1동","5~9세","2025 년","1666","1663","3",
"길음1동","10~14세","2024 년","2715","2707","8",
"길음1동","10~14세","2025 년","2736","2730","6",
"길음1동","15~19세","2024 년","2393","2388","5",
"길음1동","15~19세","2025 년","2462","2457","5",
"길음1동","20~24세","2024 년","2021","2012","9",
"길음1동","20~24세","2025 년","1885","1875","10",
"길음1동","25~29세","2024 년","1558","1539","19",
"길음1동","25~29세","2025 년","1600","1585","15",
"길음1동","30~34세","2024 년","1652","1636","16",
"길음1동","30~34세","2025 년","1648","1628","20",
"길음1동","35~39세","2024 년","2160","2143","17",
"길음1동","35~39세","2025 년","2182","2161","21",
"길음1동","40~44세","2024 년","3419","3394","25",
"길음1동","40~44세","2025 년","3260","3234","26",
"길음1동","45~49세","2024 년","3725","3701","24",
"길음1동","45~49세","2025 년","3637","3617","20",
"길음1동","50~54세","2024 년","3796","3783","13",
"길음1동","50~54세","2025 년","3744","3727","17",
"길음1동","55~59세","2024 년","2394","2388","6",
"길음1동","55~59세","2025 년","2628","2622","6",
"길음1동","60~64세","2024 년","1882","1879","3",
"길음1동","60~64세","2025 년","1801","1797","4",
"길음1동","65~69세","2024 년","1750","1744","6",
"길음1동","65~69세","2025 년","1696","1690","6",
"길음1동","70~74세","2024 년","1138","1134","4",
"길음1동","70~74세","2025 년","1332","1326","6",
"길음1동","75~79세","2024 년","1007","1007","-",
"길음1동","75~79세","2025 년","1031","1030","1",
"길음1동","80~84세","2024 년","768","768","-",
"길음1동","80~84세","2025 년","788","788","-",
"길음1동","85~89세","2024 년","364","364","-",
"길음1동","85~89세","2025 년","381","381","-",
"길음1동","90~94세","2024 년","119","119","-",
"길음1동","90~94세","2025 년","124","124","-",
"길음1동","95~99세","2024 년","25","25","-",
"길음1동","95~99세","2025 년","27","27","-",
"길음1동","100세 이상","2024 년","4","4","-",
"길음1동","100세 이상","2025 년","2","2","-",
"길음2동","합계","2024 년","21518","21394","124",
"길음2동","합계","2025 년","21499","21362","137",
"길음2동","0~4세","2024 년","742","739","3",
"길음2동","0~4세","2025 년","706","702","4",
"길음2동","5~9세","2024 년","1202","1200","2",
"길음2동","5~9세","2025 년","1082","1079","3",
"길음2동","10~14세","2024 년","1021","1020","1",
"길음2동","10~14세","2025 년","1044","1043","1",
"길음2동","15~19세","2024 년","1041","1038","3",
"길음2동","15~19세","2025 년","1049","1045","4",
"길음2동","20~24세","2024 년","1232","1220","12",
"길음2동","20~24세","2025 년","1200","1188","12",
"길음2동","25~29세","2024 년","1192","1171","21",
"길음2동","25~29세","2025 년","1292","1269","23",
"길음2동","30~34세","2024 년","1222","1211","11",
"길음2동","30~34세","2025 년","1347","1333","14",
"길음2동","35~39세","2024 년","1561","1544","17",
"길음2동","35~39세","2025 년","1477","1463","14",
"길음2동","40~44세","2024 년","1988","1972","16",
"길음2동","40~44세","2025 년","1913","1893","20",
"길음2동","45~49세","2024 년","1844","1837","7",
"길음2동","45~49세","2025 년","1812","1805","7",
"길음2동","50~54세","2024 년","2079","2072","7",
"길음2동","50~54세","2025 년","2028","2022","6",
"길음2동","55~59세","2024 년","1621","1609","12",
"길음2동","55~59세","2025 년","1705","1693","12",
"길음2동","60~64세","2024 년","1393","1389","4",
"길음2동","60~64세","2025 년","1336","1332","4",
"길음2동","65~69세","2024 년","1220","1216","4",
"길음2동","65~69세","2025 년","1222","1217","5",
"길음2동","70~74세","2024 년","847","846","1",
"길음2동","70~74세","2025 년","901","897","4",
"길음2동","75~79세","2024 년","604","602","2",
"길음2동","75~79세","2025 년","650","647","3",
"길음2동","80~84세","2024 년","397","396","1",
"길음2동","80~84세","2025 년","406","405","1",
"길음2동","85~89세","2024 년","217","217","-",
"길음2동","85~89세","2025 년","216","216","-",
"길음2동","90~94세","2024 년","73","73","-",
"길음2동","90~94세","2025 년","91","91","-",
"길음2동","95~99세","2024 년","20","20","-",
"길음2동","95~99세","2025 년","19","19","-",
"길음2동","100세 이상","2024 년","2","2","-",
"길음2동","100세 이상","2025 년","3","3","-",
"종암동","합계","2024 년","39230","37051","2179",
"종암동","합계","2025 년","39208","36798","2410",
"종암동","0~4세","2024 년","788","761","27",
"종암동","0~4세","2025 년","768","745","23",
"종암동","5~9세","2024 년","1181","1164","17",
"종암동","5~9세","2025 년","1033","1012","21",
"종암동","10~14세","2024 년","1568","1555","13",
"종암동","10~14세","2025 년","1495","1489","6",
"종암동","15~19세","2024 년","1943","1699","244",
"종암동","15~19세","2025 년","1945","1656","289",
"종암동","20~24세","2024 년","3404","2532","872",
"종암동","20~24세","2025 년","3526","2572","954",
"종암동","25~29세","2024 년","3213","2696","517",
"종암동","25~29세","2025 년","3284","2721","563",
"종암동","30~34세","2024 년","2538","2343","195",
"종암동","30~34세","2025 년","2699","2482","217",
"종암동","35~39세","2024 년","2276","2176","100",
"종암동","35~39세","2025 년","2204","2078","126",
"종암동","40~44세","2024 년","2756","2703","53",
"종암동","40~44세","2025 년","2596","2533","63",
"종암동","45~49세","2024 년","2814","2771","43",
"종암동","45~49세","2025 년","2728","2683","45",
"종암동","50~54세","2024 년","3370","3330","40",
"종암동","50~54세","2025 년","3179","3132","47",
"종암동","55~59세","2024 년","3010","2979","31",
"종암동","55~59세","2025 년","3085","3061","24",
"종암동","60~64세","2024 년","2763","2750","13",
"종암동","60~64세","2025 년","2704","2689","15",
"종암동","65~69세","2024 년","2513","2507","6",
"종암동","65~69세","2025 년","2620","2613","7",
"종암동","70~74세","2024 년","1634","1632","2",
"종암동","70~74세","2025 년","1773","1770","3",
"종암동","75~79세","2024 년","1412","1408","4",
"종암동","75~79세","2025 년","1459","1455","4",
"종암동","80~84세","2024 년","1082","1080","2",
"종암동","80~84세","2025 년","1074","1072","2",
"종암동","85~89세","2024 년","664","664","-",
"종암동","85~89세","2025 년","705","704","1",
"종암동","90~94세","2024 년","235","235","-",
"종암동","90~94세","2025 년","259","259","-",
"종암동","95~99세","2024 년","57","57","-",
"종암동","95~99세","2025 년","63","63","-",
"종암동","100세 이상","2024 년","9","9","-",
"종암동","100세 이상","2025 년","9","9","-",
"월곡1동","합계","2024 년","25434","25182","252",
"월곡1동","합계","2025 년","24937","24661","276",
"월곡1동","0~4세","2024 년","639","638","1",
"월곡1동","0~4세","2025 년","623","621","2",
"월곡1동","5~9세","2024 년","898","893","5",
"월곡1동","5~9세","2025 년","771","768","3",
"월곡1동","10~14세","2024 년","1124","1124","-",
"월곡1동","10~14세","2025 년","1085","1081","4",
"월곡1동","15~19세","2024 년","1211","1199","12",
"월곡1동","15~19세","2025 년","1208","1200","8",
"월곡1동","20~24세","2024 년","1374","1318","56",
"월곡1동","20~24세","2025 년","1310","1239","71",
"월곡1동","25~29세","2024 년","1365","1342","23",
"월곡1동","25~29세","2025 년","1354","1331","23",
"월곡1동","30~34세","2024 년","1628","1594","34",
"월곡1동","30~34세","2025 년","1567","1530","37",
"월곡1동","35~39세","2024 년","1609","1591","18",
"월곡1동","35~39세","2025 년","1559","1544","15",
"월곡1동","40~44세","2024 년","2003","1974","29",
"월곡1동","40~44세","2025 년","1894","1859","35",
"월곡1동","45~49세","2024 년","2009","1986","23",
"월곡1동","45~49세","2025 년","1949","1930","19",
"월곡1동","50~54세","2024 년","2288","2273","15",
"월곡1동","50~54세","2025 년","2238","2223","15",
"월곡1동","55~59세","2024 년","2010","1998","12",
"월곡1동","55~59세","2025 년","2012","1994","18",
"월곡1동","60~64세","2024 년","1890","1879","11",
"월곡1동","60~64세","2025 년","1794","1781","13",
"월곡1동","65~69세","2024 년","1879","1869","10",
"월곡1동","65~69세","2025 년","1842","1835","7",
"월곡1동","70~74세","2024 년","1254","1251","3",
"월곡1동","70~74세","2025 년","1391","1385","6",
"월곡1동","75~79세","2024 년","998","998","-",
"월곡1동","75~79세","2025 년","1022","1022","-",
"월곡1동","80~84세","2024 년","777","777","-",
"월곡1동","80~84세","2025 년","795","795","-",
"월곡1동","85~89세","2024 년","353","353","-",
"월곡1동","85~89세","2025 년","389","389","-",
"월곡1동","90~94세","2024 년","101","101","-",
"월곡1동","90~94세","2025 년","108","108","-",
"월곡1동","95~99세","2024 년","20","20","-",
"월곡1동","95~99세","2025 년","20","20","-",
"월곡1동","100세 이상","2024 년","4","4","-",
"월곡1동","100세 이상","2025 년","6","6","-",
"월곡2동","합계","2024 년","19434","18693","741",
"월곡2동","합계","2025 년","19125","18338","787",
"월곡2동","0~4세","2024 년","350","325","25",
"월곡2동","0~4세","2025 년","323","303","20",
"월곡2동","5~9세","2024 년","399","388","11",
"월곡2동","5~9세","2025 년","377","365","12",
"월곡2동","10~14세","2024 년","566","555","11",
"월곡2동","10~14세","2025 년","522","513","9",
"월곡2동","15~19세","2024 년","805","738","67",
"월곡2동","15~19세","2025 년","749","684","65",
"월곡2동","20~24세","2024 년","1793","1573","220",
"월곡2동","20~24세","2025 년","1761","1473","288",
"월곡2동","25~29세","2024 년","2003","1834","169",
"월곡2동","25~29세","2025 년","1931","1766","165",
"월곡2동","30~34세","2024 년","1546","1447","99",
"월곡2동","30~34세","2025 년","1590","1507","83",
"월곡2동","35~39세","2024 년","1165","1117","48",
"월곡2동","35~39세","2025 년","1181","1132","49",
"월곡2동","40~44세","2024 년","1192","1163","29",
"월곡2동","40~44세","2025 년","1132","1100","32",
"월곡2동","45~49세","2024 년","1212","1196","16",
"월곡2동","45~49세","2025 년","1170","1147","23",
"월곡2동","50~54세","2024 년","1530","1512","18",
"월곡2동","50~54세","2025 년","1435","1421","14",
"월곡2동","55~59세","2024 년","1424","1409","15",
"월곡2동","55~59세","2025 년","1426","1413","13",
"월곡2동","60~64세","2024 년","1430","1426","4",
"월곡2동","60~64세","2025 년","1355","1350","5",
"월곡2동","65~69세","2024 년","1307","1303","4",
"월곡2동","65~69세","2025 년","1322","1319","3",
"월곡2동","70~74세","2024 년","922","919","3",
"월곡2동","70~74세","2025 년","1004","1000","4",
"월곡2동","75~79세","2024 년","769","769","-",
"월곡2동","75~79세","2025 년","797","796","1",
"월곡2동","80~84세","2024 년","572","572","-",
"월곡2동","80~84세","2025 년","565","565","-",
"월곡2동","85~89세","2024 년","318","317","1",
"월곡2동","85~89세","2025 년","334","334","-",
"월곡2동","90~94세","2024 년","105","104","1",
"월곡2동","90~94세","2025 년","124","123","1",
"월곡2동","95~99세","2024 년","24","24","-",
"월곡2동","95~99세","2025 년","25","25","-",
"월곡2동","100세 이상","2024 년","2","2","-",
"월곡2동","100세 이상","2025 년","2","2","-",
"장위1동","합계","2024 년","23300","23048","252",
"장위1동","합계","2025 년","22954","22700","254",
"장위1동","0~4세","2024 년","498","495","3",
"장위1동","0~4세","2025 년","494","491","3",
"장위1동","5~9세","2024 년","844","835","9",
"장위1동","5~9세","2025 년","728","719","9",
"장위1동","10~14세","2024 년","845","844","1",
"장위1동","10~14세","2025 년","862","860","2",
"장위1동","15~19세","2024 년","870","860","10",
"장위1동","15~19세","2025 년","833","824","9",
"장위1동","20~24세","2024 년","1301","1258","43",
"장위1동","20~24세","2025 년","1145","1100","45",
"장위1동","25~29세","2024 년","1654","1620","34",
"장위1동","25~29세","2025 년","1638","1608","30",
"장위1동","30~34세","2024 년","1677","1636","41",
"장위1동","30~34세","2025 년","1750","1711","39",
"장위1동","35~39세","2024 년","1473","1453","20",
"장위1동","35~39세","2025 년","1432","1409","23",
"장위1동","40~44세","2024 년","1723","1699","24",
"장위1동","40~44세","2025 년","1627","1599","28",
"장위1동","45~49세","2024 년","1660","1638","22",
"장위1동","45~49세","2025 년","1630","1606","24",
"장위1동","50~54세","2024 년","1997","1984","13",
"장위1동","50~54세","2025 년","1893","1882","11",
"장위1동","55~59세","2024 년","2131","2119","12",
"장위1동","55~59세","2025 년","2137","2125","12",
"장위1동","60~64세","2024 년","2004","1994","10",
"장위1동","60~64세","2025 년","1927","1918","9",
"장위1동","65~69세","2024 년","1686","1679","7",
"장위1동","65~69세","2025 년","1770","1765","5",
"장위1동","70~74세","2024 년","1133","1132","1",
"장위1동","70~74세","2025 년","1220","1218","2",
"장위1동","75~79세","2024 년","786","785","1",
"장위1동","75~79세","2025 년","818","816","2",
"장위1동","80~84세","2024 년","624","624","-",
"장위1동","80~84세","2025 년","615","615","-",
"장위1동","85~89세","2024 년","293","293","-",
"장위1동","85~89세","2025 년","321","321","-",
"장위1동","90~94세","2024 년","86","85","1",
"장위1동","90~94세","2025 년","93","92","1",
"장위1동","95~99세","2024 년","15","15","-",
"장위1동","95~99세","2025 년","21","21","-",
"장위1동","100세 이상","2024 년","-","-","-",
"장위1동","100세 이상","2025 년","-","-","-",
"장위2동","합계","2024 년","13142","12856","286",
"장위2동","합계","2025 년","15994","15649","345",
"장위2동","0~4세","2024 년","210","200","10",
"장위2동","0~4세","2025 년","396","388","8",
"장위2동","5~9세","2024 년","238","230","8",
"장위2동","5~9세","2025 년","331","318","13",
"장위2동","10~14세","2024 년","346","338","8",
"장위2동","10~14세","2025 년","380","367","13",
"장위2동","15~19세","2024 년","387","371","16",
"장위2동","15~19세","2025 년","521","493","28",
"장위2동","20~24세","2024 년","684","639","45",
"장위2동","20~24세","2025 년","777","713","64",
"장위2동","25~29세","2024 년","1081","1032","49",
"장위2동","25~29세","2025 년","1268","1216","52",
"장위2동","30~34세","2024 년","1081","1043","38",
"장위2동","30~34세","2025 년","1467","1427","40",
"장위2동","35~39세","2024 년","804","774","30",
"장위2동","35~39세","2025 년","1182","1146","36",
"장위2동","40~44세","2024 년","804","782","22",
"장위2동","40~44세","2025 년","1035","1005","30",
"장위2동","45~49세","2024 년","805","787","18",
"장위2동","45~49세","2025 년","1028","1007","21",
"장위2동","50~54세","2024 년","1067","1050","17",
"장위2동","50~54세","2025 년","1253","1240","13",
"장위2동","55~59세","2024 년","1116","1106","10",
"장위2동","55~59세","2025 년","1353","1342","11",
"장위2동","60~64세","2024 년","1140","1130","10",
"장위2동","60~64세","2025 년","1235","1223","12",
"장위2동","65~69세","2024 년","1081","1078","3",
"장위2동","65~69세","2025 년","1196","1194","2",
"장위2동","70~74세","2024 년","840","838","2",
"장위2동","70~74세","2025 년","959","957","2",
"장위2동","75~79세","2024 년","665","665","-",
"장위2동","75~79세","2025 년","740","740","-",
"장위2동","80~84세","2024 년","475","475","-",
"장위2동","80~84세","2025 년","497","497","-",
"장위2동","85~89세","2024 년","223","223","-",
"장위2동","85~89세","2025 년","258","258","-",
"장위2동","90~94세","2024 년","80","80","-",
"장위2동","90~94세","2025 년","96","96","-",
"장위2동","95~99세","2024 년","13","13","-",
"장위2동","95~99세","2025 년","19","19","-",
"장위2동","100세 이상","2024 년","2","2","-",
"장위2동","100세 이상","2025 년","3","3","-",
"장위3동","합계","2024 년","15520","15384","136",
"장위3동","합계","2025 년","18806","18641","165",
"장위3동","0~4세","2024 년","559","559","-",
"장위3동","0~4세","2025 년","757","756","1",
"장위3동","5~9세","2024 년","844","841","3",
"장위3동","5~9세","2025 년","926","924","2",
"장위3동","10~14세","2024 년","696","694","2",
"장위3동","10~14세","2025 년","826","824","2",
"장위3동","15~19세","2024 년","583","576","7",
"장위3동","15~19세","2025 년","702","695","7",
"장위3동","20~24세","2024 년","989","966","23",
"장위3동","20~24세","2025 년","1103","1062","41",
"장위3동","25~29세","2024 년","923","899","24",
"장위3동","25~29세","2025 년","1139","1113","26",
"장위3동","30~34세","2024 년","1028","1013","15",
"장위3동","30~34세","2025 년","1319","1306","13",
"장위3동","35~39세","2024 년","1219","1200","19",
"장위3동","35~39세","2025 년","1537","1511","26",
"장위3동","40~44세","2024 년","1489","1477","12",
"장위3동","40~44세","2025 년","1766","1752","14",
"장위3동","45~49세","2024 년","1109","1099","10",
"장위3동","45~49세","2025 년","1403","1393","10",
"장위3동","50~54세","2024 년","1318","1311","7",
"장위3동","50~54세","2025 년","1520","1511","9",
"장위3동","55~59세","2024 년","1257","1245","12",
"장위3동","55~59세","2025 년","1531","1522","9",
"장위3동","60~64세","2024 년","1048","1047","1",
"장위3동","60~64세","2025 년","1256","1252","4",
"장위3동","65~69세","2024 년","935","934","1",
"장위3동","65~69세","2025 년","1158","1157","1",
"장위3동","70~74세","2024 년","586","586","-",
"장위3동","70~74세","2025 년","781","781","-",
"장위3동","75~79세","2024 년","438","438","-",
"장위3동","75~79세","2025 년","518","518","-",
"장위3동","80~84세","2024 년","300","300","-",
"장위3동","80~84세","2025 년","325","325","-",
"장위3동","85~89세","2024 년","139","139","-",
"장위3동","85~89세","2025 년","167","167","-",
"장위3동","90~94세","2024 년","46","46","-",
"장위3동","90~94세","2025 년","56","56","-",
"장위3동","95~99세","2024 년","13","13","-",
"장위3동","95~99세","2025 년","15","15","-",
"장위3동","100세 이상","2024 년","1","1","-",
"장위3동","100세 이상","2025 년","1","1","-",
"석관동","합계","2024 년","34434","33448","986",
"석관동","합계","2025 년","34019","32797","1222",
"석관동","0~4세","2024 년","733","712","21",
"석관동","0~4세","2025 년","723","702","21",
"석관동","5~9세","2024 년","864","838","26",
"석관동","5~9세","2025 년","747","725","22",
"석관동","10~14세","2024 년","930","904","26",
"석관동","10~14세","2025 년","866","844","22",
"석관동","15~19세","2024 년","1083","1026","57",
"석관동","15~19세","2025 년","1114","1007","107",
"석관동","20~24세","2024 년","2094","1876","218",
"석관동","20~24세","2025 년","2143","1739","404",
"석관동","25~29세","2024 년","2777","2549","228",
"석관동","25~29세","2025 년","2672","2449","223",
"석관동","30~34세","2024 년","2684","2579","105",
"석관동","30~34세","2025 년","2715","2607","108",
"석관동","35~39세","2024 년","2146","2071","75",
"석관동","35~39세","2025 년","2131","2054","77",
"석관동","40~44세","2024 년","2318","2256","62",
"석관동","40~44세","2025 년","2180","2118","62",
"석관동","45~49세","2024 년","2160","2108","52",
"석관동","45~49세","2025 년","2127","2077","50",
"석관동","50~54세","2024 년","2887","2846","41",
"석관동","50~54세","2025 년","2656","2616","40",
"석관동","55~59세","2024 년","2783","2759","24",
"석관동","55~59세","2025 년","2786","2756","30",
"석관동","60~64세","2024 년","2897","2876","21",
"석관동","60~64세","2025 년","2777","2752","25",
"석관동","65~69세","2024 년","2742","2724","18",
"석관동","65~69세","2025 년","2786","2770","16",
"석관동","70~74세","2024 년","1898","1891","7",
"석관동","70~74세","2025 년","2065","2057","8",
"석관동","75~79세","2024 년","1556","1554","2",
"석관동","75~79세","2025 년","1615","1613","2",
"석관동","80~84세","2024 년","1169","1169","-",
"석관동","80~84세","2025 년","1163","1161","2",
"석관동","85~89세","2024 년","536","534","2",
"석관동","85~89세","2025 년","560","558","2",
"석관동","90~94세","2024 년","140","139","1",
"석관동","90~94세","2025 년","157","156","1",
"석관동","95~99세","2024 년","29","29","-",
"석관동","95~99세","2025 년","30","30","-",
"석관동","100세 이상","2024 년","8","8","-",
"석관동","100세 이상","2025 년","6","6","-",
"강북구","합계","2024 년","289374","283597","5777",
"강북구","합계","2025 년","285900","278928","6972",
"강북구","0~4세","2024 년","4286","4189","97",
"강북구","0~4세","2025 년","4063","3959","104",
"강북구","5~9세","2024 년","6443","6365","78",
"강북구","5~9세","2025 년","5691","5615","76",
"강북구","10~14세","2024 년","8619","8573","46",
"강북구","10~14세","2025 년","8141","8091","50",
"강북구","15~19세","2024 년","10267","9832","435",
"강북구","15~19세","2025 년","10416","9718","698",
"강북구","20~24세","2024 년","17637","15996","1641",
"강북구","20~24세","2025 년","16948","14705","2243",
"강북구","25~29세","2024 년","21367","20206","1161",
"강북구","25~29세","2025 년","20952","19547","1405",
"강북구","30~34세","2024 년","19823","19307","516",
"강북구","30~34세","2025 년","19907","19323","584",
"강북구","35~39세","2024 년","15705","15295","410",
"강북구","35~39세","2025 년","15455","15029","426",
"강북구","40~44세","2024 년","18992","18679","313",
"강북구","40~44세","2025 년","17660","17351","309",
"강북구","45~49세","2024 년","19493","19268","225",
"강북구","45~49세","2025 년","19202","18953","249",
"강북구","50~54세","2024 년","25349","25109","240",
"강북구","50~54세","2025 년","24009","23771","238",
"강북구","55~59세","2024 년","24863","24624","239",
"강북구","55~59세","2025 년","24950","24733","217",
"강북구","60~64세","2024 년","25119","24927","192",
"강북구","60~64세","2025 년","24100","23923","177",
"강북구","65~69세","2024 년","23252","23150","102",
"강북구","65~69세","2025 년","23883","23771","112",
"강북구","70~74세","2024 년","16811","16766","45",
"강북구","70~74세","2025 년","18001","17956","45",
"강북구","75~79세","2024 년","13975","13953","22",
"강북구","75~79세","2025 년","14328","14306","22",
"강북구","80~84세","2024 년","10535","10529","6",
"강북구","80~84세","2025 년","10689","10681","8",
"강북구","85~89세","2024 년","5032","5030","2",
"강북구","85~89세","2025 년","5429","5427","2",
"강북구","90~94세","2024 년","1408","1405","3",
"강북구","90~94세","2025 년","1644","1642","2",
"강북구","95~99세","2024 년","351","350","1",
"강북구","95~99세","2025 년","387","385","2",
"강북구","100세 이상","2024 년","47","44","3",
"강북구","100세 이상","2025 년","45","42","3",
"삼양동","합계","2024 년","24173","23945","228",
"삼양동","합계","2025 년","24715","24459","256",
"삼양동","0~4세","2024 년","454","446","8",
"삼양동","0~4세","2025 년","483","476","7",
"삼양동","5~9세","2024 년","623","617","6",
"삼양동","5~9세","2025 년","556","547","9",
"삼양동","10~14세","2024 년","731","730","1",
"삼양동","10~14세","2025 년","746","745","1",
"삼양동","15~19세","2024 년","918","909","9",
"삼양동","15~19세","2025 년","976","962","14",
"삼양동","20~24세","2024 년","1366","1344","22",
"삼양동","20~24세","2025 년","1265","1227","38",
"삼양동","25~29세","2024 년","1547","1512","35",
"삼양동","25~29세","2025 년","1654","1617","37",
"삼양동","30~34세","2024 년","1579","1550","29",
"삼양동","30~34세","2025 년","1688","1659","29",
"삼양동","35~39세","2024 년","1337","1300","37",
"삼양동","35~39세","2025 년","1378","1345","33",
"삼양동","40~44세","2024 년","1711","1683","28",
"삼양동","40~44세","2025 년","1595","1565","30",
"삼양동","45~49세","2024 년","1648","1636","12",
"삼양동","45~49세","2025 년","1704","1693","11",
"삼양동","50~54세","2024 년","2242","2230","12",
"삼양동","50~54세","2025 년","2203","2187","16",
"삼양동","55~59세","2024 년","2210","2197","13",
"삼양동","55~59세","2025 년","2248","2237","11",
"삼양동","60~64세","2024 년","2130","2119","11",
"삼양동","60~64세","2025 년","2148","2138","10",
"삼양동","65~69세","2024 년","1928","1924","4",
"삼양동","65~69세","2025 년","2045","2037","8",
"삼양동","70~74세","2024 년","1365","1364","1",
"삼양동","70~74세","2025 년","1478","1477","1",
"삼양동","75~79세","2024 년","1099","1099","-",
"삼양동","75~79세","2025 년","1155","1154","1",
"삼양동","80~84세","2024 년","792","792","-",
"삼양동","80~84세","2025 년","827","827","-",
"삼양동","85~89세","2024 년","376","376","-",
"삼양동","85~89세","2025 년","408","408","-",
"삼양동","90~94세","2024 년","87","87","-",
"삼양동","90~94세","2025 년","125","125","-",
"삼양동","95~99세","2024 년","28","28","-",
"삼양동","95~99세","2025 년","31","31","-",
"삼양동","100세 이상","2024 년","2","2","-",
"삼양동","100세 이상","2025 년","2","2","-",
"미아동","합계","2024 년","21400","20556","844",
"미아동","합계","2025 년","21140","20202","938",
"미아동","0~4세","2024 년","214","197","17",
"미아동","0~4세","2025 년","181","166","15",
"미아동","5~9세","2024 년","321","301","20",
"미아동","5~9세","2025 년","276","258","18",
"미아동","10~14세","2024 년","471","464","7",
"미아동","10~14세","2025 년","438","429","9",
"미아동","15~19세","2024 년","673","596","77",
"미아동","15~19세","2025 년","625","552","73",
"미아동","20~24세","2024 년","1758","1507","251",
"미아동","20~24세","2025 년","1735","1411","324",
"미아동","25~29세","2024 년","2042","1864","178",
"미아동","25~29세","2025 년","2052","1849","203",
"미아동","30~34세","2024 년","1693","1617","76",
"미아동","30~34세","2025 년","1684","1614","70",
"미아동","35~39세","2024 년","1127","1080","47",
"미아동","35~39세","2025 년","1156","1102","54",
"미아동","40~44세","2024 년","1284","1248","36",
"미아동","40~44세","2025 년","1156","1122","34",
"미아동","45~49세","2024 년","1277","1257","20",
"미아동","45~49세","2025 년","1249","1221","28",
"미아동","50~54세","2024 년","1722","1686","36",
"미아동","50~54세","2025 년","1617","1582","35",
"미아동","55~59세","2024 년","1795","1765","30",
"미아동","55~59세","2025 년","1794","1767","27",
"미아동","60~64세","2024 년","1920","1898","22",
"미아동","60~64세","2025 년","1831","1812","19",
"미아동","65~69세","2024 년","1718","1702","16",
"미아동","65~69세","2025 년","1785","1768","17",
"미아동","70~74세","2024 년","1214","1208","6",
"미아동","70~74세","2025 년","1280","1273","7",
"미아동","75~79세","2024 년","927","926","1",
"미아동","75~79세","2025 년","983","982","1",
"미아동","80~84세","2024 년","751","751","-",
"미아동","80~84세","2025 년","757","757","-",
"미아동","85~89세","2024 년","369","367","2",
"미아동","85~89세","2025 년","403","401","2",
"미아동","90~94세","2024 년","104","103","1",
"미아동","90~94세","2025 년","113","112","1",
"미아동","95~99세","2024 년","17","17","-",
"미아동","95~99세","2025 년","21","21","-",
"미아동","100세 이상","2024 년","3","2","1",
"미아동","100세 이상","2025 년","4","3","1",
"송중동","합계","2024 년","28643","27896","747",
"송중동","합계","2025 년","28210","27370","840",
"송중동","0~4세","2024 년","534","521","13",
"송중동","0~4세","2025 년","494","480","14",
"송중동","5~9세","2024 년","645","632","13",
"송중동","5~9세","2025 년","584","573","11",
"송중동","10~14세","2024 년","833","823","10",
"송중동","10~14세","2025 년","774","769","5",
"송중동","15~19세","2024 년","973","942","31",
"송중동","15~19세","2025 년","996","943","53",
"송중동","20~24세","2024 년","1734","1555","179",
"송중동","20~24세","2025 년","1608","1394","214",
"송중동","25~29세","2024 년","2166","2009","157",
"송중동","25~29세","2025 년","2159","1966","193",
"송중동","30~34세","2024 년","2060","1982","78",
"송중동","30~34세","2025 년","2051","1969","82",
"송중동","35~39세","2024 년","1701","1642","59",
"송중동","35~39세","2025 년","1633","1578","55",
"송중동","40~44세","2024 년","1989","1938","51",
"송중동","40~44세","2025 년","1855","1809","46",
"송중동","45~49세","2024 년","1935","1910","25",
"송중동","45~49세","2025 년","1914","1874","40",
"송중동","50~54세","2024 년","2501","2465","36",
"송중동","50~54세","2025 년","2348","2318","30",
"송중동","55~59세","2024 년","2393","2352","41",
"송중동","55~59세","2025 년","2438","2401","37",
"송중동","60~64세","2024 년","2497","2473","24",
"송중동","60~64세","2025 년","2407","2379","28",
"송중동","65~69세","2024 년","2262","2245","17",
"송중동","65~69세","2025 년","2330","2314","16",
"송중동","70~74세","2024 년","1694","1687","7",
"송중동","70~74세","2025 년","1800","1790","10",
"송중동","75~79세","2024 년","1252","1247","5",
"송중동","75~79세","2025 년","1224","1219","5",
"송중동","80~84세","2024 년","918","918","-",
"송중동","80~84세","2025 년","971","971","-",
"송중동","85~89세","2024 년","411","411","-",
"송중동","85~89세","2025 년","452","452","-",
"송중동","90~94세","2024 년","115","115","-",
"송중동","90~94세","2025 년","137","137","-",
"송중동","95~99세","2024 년","26","26","-",
"송중동","95~99세","2025 년","33","33","-",
"송중동","100세 이상","2024 년","4","3","1",
"송중동","100세 이상","2025 년","2","1","1",
"송천동","합계","2024 년","23828","23365","463",
"송천동","합계","2025 년","22471","21936","535",
"송천동","0~4세","2024 년","274","257","17",
"송천동","0~4세","2025 년","265","254","11",
"송천동","5~9세","2024 년","388","380","8",
"송천동","5~9세","2025 년","329","324","5",
"송천동","10~14세","2024 년","547","539","8",
"송천동","10~14세","2025 년","505","495","10",
"송천동","15~19세","2024 년","706","688","18",
"송천동","15~19세","2025 년","689","646","43",
"송천동","20~24세","2024 년","1203","1127","76",
"송천동","20~24세","2025 년","1062","960","102",
"송천동","25~29세","2024 년","1621","1551","70",
"송천동","25~29세","2025 년","1475","1406","69",
"송천동","30~34세","2024 년","1568","1519","49",
"송천동","30~34세","2025 년","1526","1467","59",
"송천동","35~39세","2024 년","1261","1230","31",
"송천동","35~39세","2025 년","1173","1129","44",
"송천동","40~44세","2024 년","1450","1421","29",
"송천동","40~44세","2025 년","1293","1262","31",
"송천동","45~49세","2024 년","1493","1462","31",
"송천동","45~49세","2025 년","1434","1401","33",
"송천동","50~54세","2024 년","2045","2024","21",
"송천동","50~54세","2025 년","1844","1816","28",
"송천동","55~59세","2024 년","2281","2246","35",
"송천동","55~59세","2025 년","2114","2081","33",
"송천동","60~64세","2024 년","2413","2373","40",
"송천동","60~64세","2025 년","2234","2199","35",
"송천동","65~69세","2024 년","2252","2238","14",
"송천동","65~69세","2025 년","2167","2150","17",
"송천동","70~74세","2024 년","1527","1516","11",
"송천동","70~74세","2025 년","1590","1581","9",
"송천동","75~79세","2024 년","1297","1294","3",
"송천동","75~79세","2025 년","1290","1287","3",
"송천동","80~84세","2024 년","902","900","2",
"송천동","80~84세","2025 년","873","870","3",
"송천동","85~89세","2024 년","456","456","-",
"송천동","85~89세","2025 년","463","463","-",
"송천동","90~94세","2024 년","111","111","-",
"송천동","90~94세","2025 년","117","117","-",
"송천동","95~99세","2024 년","27","27","-",
"송천동","95~99세","2025 년","24","24","-",
"송천동","100세 이상","2024 년","6","6","-",
"송천동","100세 이상","2025 년","4","4","-",
"삼각산동","합계","2024 년","30372","30257","115",
"삼각산동","합계","2025 년","30090","29987","103",
"삼각산동","0~4세","2024 년","786","784","2",
"삼각산동","0~4세","2025 년","764","764","-",
"삼각산동","5~9세","2024 년","1277","1273","4",
"삼각산동","5~9세","2025 년","1180","1176","4",
"삼각산동","10~14세","2024 년","1861","1861","-",
"삼각산동","10~14세","2025 년","1759","1759","-",
"삼각산동","15~19세","2024 년","1853","1853","-",
"삼각산동","15~19세","2025 년","1817","1817","-",
"삼각산동","20~24세","2024 년","1741","1738","3",
"삼각산동","20~24세","2025 년","1704","1702","2",
"삼각산동","25~29세","2024 년","1488","1486","2",
"삼각산동","25~29세","2025 년","1446","1443","3",
"삼각산동","30~34세","2024 년","1420","1404","16",
"삼각산동","30~34세","2025 년","1463","1452","11",
"삼각산동","35~39세","2024 년","1736","1715","21",
"삼각산동","35~39세","2025 년","1728","1708","20",
"삼각산동","40~44세","2024 년","2526","2510","16",
"삼각산동","40~44세","2025 년","2339","2324","15",
"삼각산동","45~49세","2024 년","2802","2785","17",
"삼각산동","45~49세","2025 년","2789","2773","16",
"삼각산동","50~54세","2024 년","3265","3258","7",
"삼각산동","50~54세","2025 년","3111","3102","9",
"삼각산동","55~59세","2024 년","2433","2423","10",
"삼각산동","55~59세","2025 년","2571","2565","6",
"삼각산동","60~64세","2024 년","1983","1978","5",
"삼각산동","60~64세","2025 년","1953","1950","3",
"삼각산동","65~69세","2024 년","1749","1741","8",
"삼각산동","65~69세","2025 년","1807","1797","10",
"삼각산동","70~74세","2024 년","1258","1257","1",
"삼각산동","70~74세","2025 년","1363","1362","1",
"삼각산동","75~79세","2024 년","980","978","2",
"삼각산동","75~79세","2025 년","1040","1038","2",
"삼각산동","80~84세","2024 년","708","707","1",
"삼각산동","80~84세","2025 년","708","707","1",
"삼각산동","85~89세","2024 년","365","365","-",
"삼각산동","85~89세","2025 년","389","389","-",
"삼각산동","90~94세","2024 년","116","116","-",
"삼각산동","90~94세","2025 년","130","130","-",
"삼각산동","95~99세","2024 년","24","24","-",
"삼각산동","95~99세","2025 년","27","27","-",
"삼각산동","100세 이상","2024 년","1","1","-",
"삼각산동","100세 이상","2025 년","2","2","-",
"번1동","합계","2024 년","17035","16236","799",
"번1동","합계","2025 년","17110","16040","1070",
"번1동","0~4세","2024 년","175","168","7",
"번1동","0~4세","2025 년","193","178","15",
"번1동","5~9세","2024 년","262","250","12",
"번1동","5~9세","2025 년","231","223","8",
"번1동","10~14세","2024 년","336","331","5",
"번1동","10~14세","2025 년","298","291","7",
"번1동","15~19세","2024 년","516","454","62",
"번1동","15~19세","2025 년","556","443","113",
"번1동","20~24세","2024 년","1420","1092","328",
"번1동","20~24세","2025 년","1541","1074","467",
"번1동","25~29세","2024 년","1762","1574","188",
"번1동","25~29세","2025 년","1780","1544","236",
"번1동","30~34세","2024 년","1438","1387","51",
"번1동","30~34세","2025 년","1508","1424","84",
"번1동","35~39세","2024 년","1029","991","38",
"번1동","35~39세","2025 년","1007","970","37",
"번1동","40~44세","2024 년","1173","1148","25",
"번1동","40~44세","2025 년","1088","1070","18",
"번1동","45~49세","2024 년","1143","1119","24",
"번1동","45~49세","2025 년","1106","1078","28",
"번1동","50~54세","2024 년","1424","1414","10",
"번1동","50~54세","2025 년","1358","1341","17",
"번1동","55~59세","2024 년","1359","1340","19",
"번1동","55~59세","2025 년","1317","1304","13",
"번1동","60~64세","2024 년","1334","1317","17",
"번1동","60~64세","2025 년","1305","1293","12",
"번1동","65~69세","2024 년","1169","1161","8",
"번1동","65~69세","2025 년","1239","1229","10",
"번1동","70~74세","2024 년","863","860","3",
"번1동","70~74세","2025 년","915","914","1",
"번1동","75~79세","2024 년","771","769","2",
"번1동","75~79세","2025 년","778","774","4",
"번1동","80~84세","2024 년","527","527","-",
"번1동","80~84세","2025 년","525","525","-",
"번1동","85~89세","2024 년","254","254","-",
"번1동","85~89세","2025 년","269","269","-",
"번1동","90~94세","2024 년","56","56","-",
"번1동","90~94세","2025 년","75","75","-",
"번1동","95~99세","2024 년","20","20","-",
"번1동","95~99세","2025 년","17","17","-",
"번1동","100세 이상","2024 년","4","4","-",
"번1동","100세 이상","2025 년","4","4","-",
"번2동","합계","2024 년","14697","14573","124",
"번2동","합계","2025 년","14469","14328","141",
"번2동","0~4세","2024 년","164","158","6",
"번2동","0~4세","2025 년","165","160","5",
"번2동","5~9세","2024 년","269","268","1",
"번2동","5~9세","2025 년","225","224","1",
"번2동","10~14세","2024 년","369","369","-",
"번2동","10~14세","2025 년","347","346","1",
"번2동","15~19세","2024 년","420","418","2",
"번2동","15~19세","2025 년","423","415","8",
"번2동","20~24세","2024 년","691","677","14",
"번2동","20~24세","2025 년","604","579","25",
"번2동","25~29세","2024 년","1034","1007","27",
"번2동","25~29세","2025 년","982","960","22",
"번2동","30~34세","2024 년","958","946","12",
"번2동","30~34세","2025 년","968","951","17",
"번2동","35~39세","2024 년","627","610","17",
"번2동","35~39세","2025 년","632","618","14",
"번2동","40~44세","2024 년","896","882","14",
"번2동","40~44세","2025 년","832","813","19",
"번2동","45~49세","2024 년","986","980","6",
"번2동","45~49세","2025 년","956","952","4",
"번2동","50~54세","2024 년","1252","1242","10",
"번2동","50~54세","2025 년","1185","1174","11",
"번2동","55~59세","2024 년","1252","1247","5",
"번2동","55~59세","2025 년","1267","1259","8",
"번2동","60~64세","2024 년","1358","1352","6",
"번2동","60~64세","2025 년","1285","1282","3",
"번2동","65~69세","2024 년","1350","1349","1",
"번2동","65~69세","2025 년","1380","1380","-",
"번2동","70~74세","2024 년","994","992","2",
"번2동","70~74세","2025 년","1049","1047","2",
"번2동","75~79세","2024 년","958","958","-",
"번2동","75~79세","2025 년","986","986","-",
"번2동","80~84세","2024 년","717","716","1",
"번2동","80~84세","2025 년","728","727","1",
"번2동","85~89세","2024 년","294","294","-",
"번2동","85~89세","2025 년","334","334","-",
"번2동","90~94세","2024 년","91","91","-",
"번2동","90~94세","2025 년","100","100","-",
"번2동","95~99세","2024 년","14","14","-",
"번2동","95~99세","2025 년","17","17","-",
"번2동","100세 이상","2024 년","3","3","-",
"번2동","100세 이상","2025 년","4","4","-",
"번3동","합계","2024 년","16087","16016","71",
"번3동","합계","2025 년","15674","15610","64",
"번3동","0~4세","2024 년","259","259","-",
"번3동","0~4세","2025 년","253","252","1",
"번3동","5~9세","2024 년","349","349","-",
"번3동","5~9세","2025 년","309","309","-",
"번3동","10~14세","2024 년","533","533","-",
"번3동","10~14세","2025 년","456","456","-",
"번3동","15~19세","2024 년","547","546","1",
"번3동","15~19세","2025 년","551","549","2",
"번3동","20~24세","2024 년","727","725","2",
"번3동","20~24세","2025 년","644","640","4",
"번3동","25~29세","2024 년","857","851","6",
"번3동","25~29세","2025 년","826","822","4",
"번3동","30~34세","2024 년","880","869","11",
"번3동","30~34세","2025 년","872","863","9",
"번3동","35~39세","2024 년","741","728","13",
"번3동","35~39세","2025 년","746","735","11",
"번3동","40~44세","2024 년","916","909","7",
"번3동","40~44세","2025 년","793","787","6",
"번3동","45~49세","2024 년","1037","1032","5",
"번3동","45~49세","2025 년","973","969","4",
"번3동","50~54세","2024 년","1439","1433","6",
"번3동","50~54세","2025 년","1392","1387","5",
"번3동","55~59세","2024 년","1288","1278","10",
"번3동","55~59세","2025 년","1304","1295","9",
"번3동","60~64세","2024 년","1399","1396","3",
"번3동","60~64세","2025 년","1342","1339","3",
"번3동","65~69세","2024 년","1364","1359","5",
"번3동","65~69세","2025 년","1357","1352","5",
"번3동","70~74세","2024 년","1153","1152","1",
"번3동","70~74세","2025 년","1174","1173","1",
"번3동","75~79세","2024 년","1205","1204","1",
"번3동","75~79세","2025 년","1208","1208","-",
"번3동","80~84세","2024 년","923","923","-",
"번3동","80~84세","2025 년","970","970","-",
"번3동","85~89세","2024 년","339","339","-",
"번3동","85~89세","2025 년","361","361","-",
"번3동","90~94세","2024 년","98","98","-",
"번3동","90~94세","2025 년","109","109","-",
"번3동","95~99세","2024 년","29","29","-",
"번3동","95~99세","2025 년","32","32","-",
"번3동","100세 이상","2024 년","4","4","-",
"번3동","100세 이상","2025 년","2","2","-",
"수유1동","합계","2024 년","20036","19584","452",
"수유1동","합계","2025 년","19855","19298","557",
"수유1동","0~4세","2024 년","248","245","3",
"수유1동","0~4세","2025 년","230","225","5",
"수유1동","5~9세","2024 년","407","403","4",
"수유1동","5~9세","2025 년","362","357","5",
"수유1동","10~14세","2024 년","532","529","3",
"수유1동","10~14세","2025 년","497","494","3",
"수유1동","15~19세","2024 년","667","638","29",
"수유1동","15~19세","2025 년","696","644","52",
"수유1동","20~24세","2024 년","1232","1096","136",
"수유1동","20~24세","2025 년","1225","1040","185",
"수유1동","25~29세","2024 년","1646","1546","100",
"수유1동","25~29세","2025 년","1590","1461","129",
"수유1동","30~34세","2024 년","1581","1536","45",
"수유1동","30~34세","2025 년","1547","1504","43",
"수유1동","35~39세","2024 년","1117","1094","23",
"수유1동","35~39세","2025 년","1121","1093","28",
"수유1동","40~44세","2024 년","1284","1255","29",
"수유1동","40~44세","2025 년","1189","1163","26",
"수유1동","45~49세","2024 년","1289","1270","19",
"수유1동","45~49세","2025 년","1289","1266","23",
"수유1동","50~54세","2024 년","1561","1545","16",
"수유1동","50~54세","2025 년","1522","1509","13",
"수유1동","55~59세","2024 년","1730","1711","19",
"수유1동","55~59세","2025 년","1670","1650","20",
"수유1동","60~64세","2024 년","1813","1798","15",
"수유1동","60~64세","2025 년","1715","1702","13",
"수유1동","65~69세","2024 년","1672","1663","9",
"수유1동","65~69세","2025 년","1761","1751","10",
"수유1동","70~74세","2024 년","1167","1165","2",
"수유1동","70~74세","2025 년","1294","1292","2",
"수유1동","75~79세","2024 년","918","918","-",
"수유1동","75~79세","2025 년","948","948","-",
"수유1동","80~84세","2024 년","687","687","-",
"수유1동","80~84세","2025 년","701","701","-",
"수유1동","85~89세","2024 년","341","341","-",
"수유1동","85~89세","2025 년","344","344","-",
"수유1동","90~94세","2024 년","115","115","-",
"수유1동","90~94세","2025 년","121","121","-",
"수유1동","95~99세","2024 년","29","29","-",
"수유1동","95~99세","2025 년","31","31","-",
"수유1동","100세 이상","2024 년","-","-","-",
"수유1동","100세 이상","2025 년","2","2","-",
"수유2동","합계","2024 년","20450","20225","225",
"수유2동","합계","2025 년","20214","19954","260",
"수유2동","0~4세","2024 년","305","298","7",
"수유2동","0~4세","2025 년","270","264","6",
"수유2동","5~9세","2024 년","464","458","6",
"수유2동","5~9세","2025 년","426","417","9",
"수유2동","10~14세","2024 년","531","527","4",
"수유2동","10~14세","2025 년","507","504","3",
"수유2동","15~19세","2024 년","646","634","12",
"수유2동","15~19세","2025 년","645","621","24",
"수유2동","20~24세","2024 년","1140","1089","51",
"수유2동","20~24세","2025 년","1077","1015","62",
"수유2동","25~29세","2024 년","1350","1315","35",
"수유2동","25~29세","2025 년","1328","1291","37",
"수유2동","30~34세","2024 년","1315","1301","14",
"수유2동","30~34세","2025 년","1271","1250","21",
"수유2동","35~39세","2024 년","1050","1023","27",
"수유2동","35~39세","2025 년","1042","1016","26",
"수유2동","40~44세","2024 년","1234","1226","8",
"수유2동","40~44세","2025 년","1170","1158","12",
"수유2동","45~49세","2024 년","1367","1352","15",
"수유2동","45~49세","2025 년","1271","1256","15",
"수유2동","50~54세","2024 년","1759","1744","15",
"수유2동","50~54세","2025 년","1729","1713","16",
"수유2동","55~59세","2024 년","1815","1804","11",
"수유2동","55~59세","2025 년","1824","1815","9",
"수유2동","60~64세","2024 년","1886","1879","7",
"수유2동","60~64세","2025 년","1786","1775","11",
"수유2동","65~69세","2024 년","1796","1789","7",
"수유2동","65~69세","2025 년","1836","1832","4",
"수유2동","70~74세","2024 년","1273","1269","4",
"수유2동","70~74세","2025 년","1401","1398","3",
"수유2동","75~79세","2024 년","1047","1045","2",
"수유2동","75~79세","2025 년","1080","1078","2",
"수유2동","80~84세","2024 년","865","865","-",
"수유2동","80~84세","2025 년","877","877","-",
"수유2동","85~89세","2024 년","450","450","-",
"수유2동","85~89세","2025 년","482","482","-",
"수유2동","90~94세","2024 년","110","110","-",
"수유2동","90~94세","2025 년","143","143","-",
"수유2동","95~99세","2024 년","43","43","-",
"수유2동","95~99세","2025 년","45","45","-",
"수유2동","100세 이상","2024 년","4","4","-",
"수유2동","100세 이상","2025 년","4","4","-",
"수유3동","합계","2024 년","23936","22759","1177",
"수유3동","합계","2025 년","23940","22375","1565",
"수유3동","0~4세","2024 년","189","180","9",
"수유3동","0~4세","2025 년","171","161","10",
"수유3동","5~9세","2024 년","324","322","2",
"수유3동","5~9세","2025 년","275","273","2",
"수유3동","10~14세","2024 년","411","406","5",
"수유3동","10~14세","2025 년","378","373","5",
"수유3동","15~19세","2024 년","737","569","168",
"수유3동","15~19세","2025 년","781","524","257",
"수유3동","20~24세","2024 년","2159","1701","458",
"수유3동","20~24세","2025 년","2228","1567","661",
"수유3동","25~29세","2024 년","2596","2333","263",
"수유3동","25~29세","2025 년","2534","2195","339",
"수유3동","30~34세","2024 년","2127","2040","87",
"수유3동","30~34세","2025 년","2149","2043","106",
"수유3동","35~39세","2024 년","1413","1374","39",
"수유3동","35~39세","2025 년","1396","1341","55",
"수유3동","40~44세","2024 년","1426","1396","30",
"수유3동","40~44세","2025 년","1381","1351","30",
"수유3동","45~49세","2024 년","1398","1371","27",
"수유3동","45~49세","2025 년","1380","1358","22",
"수유3동","50~54세","2024 년","1958","1927","31",
"수유3동","50~54세","2025 년","1861","1834","27",
"수유3동","55~59세","2024 년","1982","1957","25",
"수유3동","55~59세","2025 년","2010","1989","21",
"수유3동","60~64세","2024 년","1957","1935","22",
"수유3동","60~64세","2025 년","1857","1838","19",
"수유3동","65~69세","2024 년","1756","1752","4",
"수유3동","65~69세","2025 년","1846","1840","6",
"수유3동","70~74세","2024 년","1237","1234","3",
"수유3동","70~74세","2025 년","1329","1326","3",
"수유3동","75~79세","2024 년","1012","1009","3",
"수유3동","75~79세","2025 년","1044","1043","1",
"수유3동","80~84세","2024 년","754","753","1",
"수유3동","80~84세","2025 년","790","789","1",
"수유3동","85~89세","2024 년","371","371","-",
"수유3동","85~89세","2025 년","386","386","-",
"수유3동","90~94세","2024 년","103","103","-",
"수유3동","90~94세","2025 년","120","120","-",
"수유3동","95~99세","2024 년","22","22","-",
"수유3동","95~99세","2025 년","21","21","-",
"수유3동","100세 이상","2024 년","4","4","-",
"수유3동","100세 이상","2025 년","3","3","-",
"우이동","합계","2024 년","19805","19604","201",
"우이동","합계","2025 년","19576","19349","227",
"우이동","0~4세","2024 년","308","306","2",
"우이동","0~4세","2025 년","267","265","2",
"우이동","5~9세","2024 년","445","445","-",
"우이동","5~9세","2025 년","373","372","1",
"우이동","10~14세","2024 년","566","566","-",
"우이동","10~14세","2025 년","569","568","1",
"우이동","15~19세","2024 년","633","625","8",
"우이동","15~19세","2025 년","685","666","19",
"우이동","20~24세","2024 년","1056","1012","44",
"우이동","20~24세","2025 년","975","929","46",
"우이동","25~29세","2024 년","1257","1229","28",
"우이동","25~29세","2025 년","1181","1140","41",
"우이동","30~34세","2024 년","1281","1263","18",
"우이동","30~34세","2025 년","1253","1237","16",
"우이동","35~39세","2024 년","1053","1020","33",
"우이동","35~39세","2025 년","1024","992","32",
"우이동","40~44세","2024 년","1247","1228","19",
"우이동","40~44세","2025 년","1212","1194","18",
"우이동","45~49세","2024 년","1283","1274","9",
"우이동","45~49세","2025 년","1275","1262","13",
"우이동","50~54세","2024 년","1729","1716","13",
"우이동","50~54세","2025 년","1599","1586","13",
"우이동","55~59세","2024 년","1785","1776","9",
"우이동","55~59세","2025 년","1836","1827","9",
"우이동","60~64세","2024 년","1771","1763","8",
"우이동","60~64세","2025 년","1666","1660","6",
"우이동","65~69세","2024 년","1692","1688","4",
"우이동","65~69세","2025 년","1730","1728","2",
"우이동","70~74세","2024 년","1246","1244","2",
"우이동","70~74세","2025 년","1380","1377","3",
"우이동","75~79세","2024 년","1018","1016","2",
"우이동","75~79세","2025 년","1020","1017","3",
"우이동","80~84세","2024 년","858","858","-",
"우이동","80~84세","2025 년","871","871","-",
"우이동","85~89세","2024 년","417","417","-",
"우이동","85~89세","2025 년","471","471","-",
"우이동","90~94세","2024 년","124","122","2",
"우이동","90~94세","2025 년","151","150","1",
"우이동","95~99세","2024 년","31","31","-",
"우이동","95~99세","2025 년","36","35","1",
"우이동","100세 이상","2024 년","5","5","-",
"우이동","100세 이상","2025 년","2","2","-",
"인수동","합계","2024 년","28912","28581","331",
"인수동","합계","2025 년","28436","28020","416",
"인수동","0~4세","2024 년","376","370","6",
"인수동","0~4세","2025 년","327","314","13",
"인수동","5~9세","2024 년","669","667","2",
"인수동","5~9세","2025 년","565","562","3",
"인수동","10~14세","2024 년","898","895","3",
"인수동","10~14세","2025 년","867","862","5",
"인수동","15~19세","2024 년","978","960","18",
"인수동","15~19세","2025 년","976","936","40",
"인수동","20~24세","2024 년","1410","1333","77",
"인수동","20~24세","2025 년","1280","1167","113",
"인수동","25~29세","2024 년","2001","1929","72",
"인수동","25~29세","2025 년","1945","1853","92",
"인수동","30~34세","2024 년","1923","1893","30",
"인수동","30~34세","2025 년","1927","1890","37",
"인수동","35~39세","2024 년","1513","1488","25",
"인수동","35~39세","2025 년","1419","1402","17",
"인수동","40~44세","2024 년","1856","1835","21",
"인수동","40~44세","2025 년","1757","1733","24",
"인수동","45~49세","2024 년","1835","1820","15",
"인수동","45~49세","2025 년","1862","1850","12",
"인수동","50~54세","2024 년","2452","2425","27",
"인수동","50~54세","2025 년","2240","2222","18",
"인수동","55~59세","2024 년","2540","2528","12",
"인수동","55~59세","2025 년","2557","2543","14",
"인수동","60~64세","2024 년","2658","2646","12",
"인수동","60~64세","2025 년","2571","2556","15",
"인수동","65~69세","2024 년","2544","2539","5",
"인수동","65~69세","2025 년","2600","2593","7",
"인수동","70~74세","2024 년","1820","1818","2",
"인수동","70~74세","2025 년","1948","1946","2",
"인수동","75~79세","2024 년","1491","1490","1",
"인수동","75~79세","2025 년","1572","1572","-",
"인수동","80~84세","2024 년","1133","1132","1",
"인수동","80~84세","2025 년","1091","1089","2",
"인수동","85~89세","2024 년","589","589","-",
"인수동","85~89세","2025 년","667","667","-",
"인수동","90~94세","2024 년","178","178","-",
"인수동","90~94세","2025 년","203","203","-",
"인수동","95~99세","2024 년","41","40","1",
"인수동","95~99세","2025 년","52","51","1",
"인수동","100세 이상","2024 년","7","6","1",
"인수동","100세 이상","2025 년","10","9","1",
"도봉구","합계","2024 년","306032","303228","2804",
"도봉구","합계","2025 년","303051","299899","3152",
"도봉구","0~4세","2024 년","5237","5191","46",
"도봉구","0~4세","2025 년","5058","4992","66",
"도봉구","5~9세","2024 년","7835","7776","59",
"도봉구","5~9세","2025 년","6915","6846","69",
"도봉구","10~14세","2024 년","10281","10248","33",
"도봉구","10~14세","2025 년","9949","9910","39",
"도봉구","15~19세","2024 년","11515","11349","166",
"도봉구","15~19세","2025 년","11500","11294","206",
"도봉구","20~24세","2024 년","16149","15635","514",
"도봉구","20~24세","2025 년","14822","14142","680",
"도봉구","25~29세","2024 년","20454","20017","437",
"도봉구","25~29세","2025 년","19656","19144","512",
"도봉구","30~34세","2024 년","20619","20270","349",
"도봉구","30~34세","2025 년","20763","20406","357",
"도봉구","35~39세","2024 년","17444","17135","309",
"도봉구","35~39세","2025 년","17226","16906","320",
"도봉구","40~44세","2024 년","20590","20367","223",
"도봉구","40~44세","2025 년","19595","19345","250",
"도봉구","45~49세","2024 년","20538","20376","162",
"도봉구","45~49세","2025 년","20463","20315","148",
"도봉구","50~54세","2024 년","26680","26503","177",
"도봉구","50~54세","2025 년","25143","24976","167",
"도봉구","55~59세","2024 년","26966","26789","177",
"도봉구","55~59세","2025 년","27165","27005","160",
"도봉구","60~64세","2024 년","27501","27423","78",
"도봉구","60~64세","2025 년","26461","26374","87",
"도봉구","65~69세","2024 년","26090","26051","39",
"도봉구","65~69세","2025 년","26908","26857","51",
"도봉구","70~74세","2024 년","17404","17381","23",
"도봉구","70~74세","2025 년","19258","19233","25",
"도봉구","75~79세","2024 년","13310","13303","7",
"도봉구","75~79세","2025 년","13929","13919","10",
"도봉구","80~84세","2024 년","10015","10013","2",
"도봉구","80~84세","2025 년","10193","10192","1",
"도봉구","85~89세","2024 년","5267","5265","2",
"도봉구","85~89세","2025 년","5639","5636","3",
"도봉구","90~94세","2024 년","1677","1676","1",
"도봉구","90~94세","2025 년","1908","1907","1",
"도봉구","95~99세","2024 년","399","399","-",
"도봉구","95~99세","2025 년","432","432","-",
"도봉구","100세 이상","2024 년","61","61","-",
"도봉구","100세 이상","2025 년","68","68","-",
"창1동","합계","2024 년","23946","23739","207",
"창1동","합계","2025 년","23639","23378","261",
"창1동","0~4세","2024 년","408","402","6",
"창1동","0~4세","2025 년","429","418","11",
"창1동","5~9세","2024 년","631","624","7",
"창1동","5~9세","2025 년","550","541","9",
"창1동","10~14세","2024 년","923","920","3",
"창1동","10~14세","2025 년","879","876","3",
"창1동","15~19세","2024 년","947","939","8",
"창1동","15~19세","2025 년","921","908","13",
"창1동","20~24세","2024 년","1287","1255","32",
"창1동","20~24세","2025 년","1147","1101","46",
"창1동","25~29세","2024 년","1657","1625","32",
"창1동","25~29세","2025 년","1602","1559","43",
"창1동","30~34세","2024 년","1645","1623","22",
"창1동","30~34세","2025 년","1700","1677","23",
"창1동","35~39세","2024 년","1516","1485","31",
"창1동","35~39세","2025 년","1510","1476","34",
"창1동","40~44세","2024 년","1711","1696","15",
"창1동","40~44세","2025 년","1616","1594","22",
"창1동","45~49세","2024 년","1730","1717","13",
"창1동","45~49세","2025 년","1692","1681","11",
"창1동","50~54세","2024 년","2241","2227","14",
"창1동","50~54세","2025 년","2082","2068","14",
"창1동","55~59세","2024 년","2004","1998","6",
"창1동","55~59세","2025 년","2060","2050","10",
"창1동","60~64세","2024 년","1923","1915","8",
"창1동","60~64세","2025 년","1845","1838","7",
"창1동","65~69세","2024 년","1850","1846","4",
"창1동","65~69세","2025 년","1921","1914","7",
"창1동","70~74세","2024 년","1194","1190","4",
"창1동","70~74세","2025 년","1354","1348","6",
"창1동","75~79세","2024 년","957","956","1",
"창1동","75~79세","2025 년","972","971","1",
"창1동","80~84세","2024 년","757","756","1",
"창1동","80~84세","2025 년","754","754","-",
"창1동","85~89세","2024 년","403","403","-",
"창1동","85~89세","2025 년","434","433","1",
"창1동","90~94세","2024 년","125","125","-",
"창1동","90~94세","2025 년","141","141","-",
"창1동","95~99세","2024 년","32","32","-",
"창1동","95~99세","2025 년","24","24","-",
"창1동","100세 이상","2024 년","5","5","-",
"창1동","100세 이상","2025 년","6","6","-",
"창2동","합계","2024 년","28001","27686","315",
"창2동","합계","2025 년","27820","27480","340",
"창2동","0~4세","2024 년","504","496","8",
"창2동","0~4세","2025 년","478","467","11",
"창2동","5~9세","2024 년","737","729","8",
"창2동","5~9세","2025 년","640","626","14",
"창2동","10~14세","2024 년","910","905","5",
"창2동","10~14세","2025 년","849","844","5",
"창2동","15~19세","2024 년","1019","1008","11",
"창2동","15~19세","2025 년","1010","999","11",
"창2동","20~24세","2024 년","1499","1454","45",
"창2동","20~24세","2025 년","1385","1338","47",
"창2동","25~29세","2024 년","2071","2016","55",
"창2동","25~29세","2025 년","1976","1919","57",
"창2동","30~34세","2024 년","2117","2073","44",
"창2동","30~34세","2025 년","2184","2140","44",
"창2동","35~39세","2024 년","1744","1712","32",
"창2동","35~39세","2025 년","1705","1667","38",
"창2동","40~44세","2024 년","1991","1965","26",
"창2동","40~44세","2025 년","1876","1846","30",
"창2동","45~49세","2024 년","1908","1894","14",
"창2동","45~49세","2025 년","1904","1887","17",
"창2동","50~54세","2024 년","2444","2417","27",
"창2동","50~54세","2025 년","2346","2323","23",
"창2동","55~59세","2024 년","2460","2434","26",
"창2동","55~59세","2025 년","2461","2437","24",
"창2동","60~64세","2024 년","2441","2430","11",
"창2동","60~64세","2025 년","2421","2406","15",
"창2동","65~69세","2024 년","2142","2141","1",
"창2동","65~69세","2025 년","2264","2262","2",
"창2동","70~74세","2024 년","1475","1473","2",
"창2동","70~74세","2025 년","1603","1601","2",
"창2동","75~79세","2024 년","1111","1111","-",
"창2동","75~79세","2025 년","1214","1214","-",
"창2동","80~84세","2024 년","826","826","-",
"창2동","80~84세","2025 년","861","861","-",
"창2동","85~89세","2024 년","454","454","-",
"창2동","85~89세","2025 년","471","471","-",
"창2동","90~94세","2024 년","119","119","-",
"창2동","90~94세","2025 년","138","138","-",
"창2동","95~99세","2024 년","26","26","-",
"창2동","95~99세","2025 년","30","30","-",
"창2동","100세 이상","2024 년","3","3","-",
"창2동","100세 이상","2025 년","4","4","-",
"창3동","합계","2024 년","13019","12912","107",
"창3동","합계","2025 년","12864","12742","122",
"창3동","0~4세","2024 년","144","142","2",
"창3동","0~4세","2025 년","160","158","2",
"창3동","5~9세","2024 년","309","306","3",
"창3동","5~9세","2025 년","246","242","4",
"창3동","10~14세","2024 년","414","413","1",
"창3동","10~14세","2025 년","390","388","2",
"창3동","15~19세","2024 년","465","457","8",
"창3동","15~19세","2025 년","502","491","11",
"창3동","20~24세","2024 년","635","621","14",
"창3동","20~24세","2025 년","567","542","25",
"창3동","25~29세","2024 년","818","807","11",
"창3동","25~29세","2025 년","786","774","12",
"창3동","30~34세","2024 년","790","774","16",
"창3동","30~34세","2025 년","803","785","18",
"창3동","35~39세","2024 년","658","647","11",
"창3동","35~39세","2025 년","649","638","11",
"창3동","40~44세","2024 년","853","846","7",
"창3동","40~44세","2025 년","791","781","10",
"창3동","45~49세","2024 년","959","951","8",
"창3동","45~49세","2025 년","926","918","8",
"창3동","50~54세","2024 년","1188","1178","10",
"창3동","50~54세","2025 년","1140","1134","6",
"창3동","55~59세","2024 년","1255","1245","10",
"창3동","55~59세","2025 년","1239","1231","8",
"창3동","60~64세","2024 년","1251","1246","5",
"창3동","60~64세","2025 년","1220","1218","2",
"창3동","65~69세","2024 년","1095","1094","1",
"창3동","65~69세","2025 년","1136","1134","2",
"창3동","70~74세","2024 년","785","785","-",
"창3동","70~74세","2025 년","847","846","1",
"창3동","75~79세","2024 년","605","605","-",
"창3동","75~79세","2025 년","628","628","-",
"창3동","80~84세","2024 년","521","521","-",
"창3동","80~84세","2025 년","517","517","-",
"창3동","85~89세","2024 년","204","204","-",
"창3동","85~89세","2025 년","225","225","-",
"창3동","90~94세","2024 년","61","61","-",
"창3동","90~94세","2025 년","77","77","-",
"창3동","95~99세","2024 년","6","6","-",
"창3동","95~99세","2025 년","11","11","-",
"창3동","100세 이상","2024 년","3","3","-",
"창3동","100세 이상","2025 년","4","4","-",
"창4동","합계","2024 년","26405","26295","110",
"창4동","합계","2025 년","26056","25942","114",
"창4동","0~4세","2024 년","564","563","1",
"창4동","0~4세","2025 년","587","584","3",
"창4동","5~9세","2024 년","770","768","2",
"창4동","5~9세","2025 년","686","685","1",
"창4동","10~14세","2024 년","1004","1001","3",
"창4동","10~14세","2025 년","990","986","4",
"창4동","15~19세","2024 년","1228","1225","3",
"창4동","15~19세","2025 년","1164","1161","3",
"창4동","20~24세","2024 년","1617","1607","10",
"창4동","20~24세","2025 년","1429","1417","12",
"창4동","25~29세","2024 년","1851","1828","23",
"창4동","25~29세","2025 년","1801","1779","22",
"창4동","30~34세","2024 년","1940","1928","12",
"창4동","30~34세","2025 년","1996","1981","15",
"창4동","35~39세","2024 년","1596","1573","23",
"창4동","35~39세","2025 년","1662","1640","22",
"창4동","40~44세","2024 년","1912","1896","16",
"창4동","40~44세","2025 년","1788","1774","14",
"창4동","45~49세","2024 년","1889","1886","3",
"창4동","45~49세","2025 년","1839","1837","2",
"창4동","50~54세","2024 년","2424","2419","5",
"창4동","50~54세","2025 년","2276","2270","6",
"창4동","55~59세","2024 년","2293","2290","3",
"창4동","55~59세","2025 년","2312","2309","3",
"창4동","60~64세","2024 년","2179","2175","4",
"창4동","60~64세","2025 년","2121","2119","2",
"창4동","65~69세","2024 년","1949","1949","-",
"창4동","65~69세","2025 년","2017","2014","3",
"창4동","70~74세","2024 년","1114","1113","1",
"창4동","70~74세","2025 년","1252","1251","1",
"창4동","75~79세","2024 년","858","857","1",
"창4동","75~79세","2025 년","892","891","1",
"창4동","80~84세","2024 년","624","624","-",
"창4동","80~84세","2025 년","632","632","-",
"창4동","85~89세","2024 년","401","401","-",
"창4동","85~89세","2025 년","408","408","-",
"창4동","90~94세","2024 년","160","160","-",
"창4동","90~94세","2025 년","165","165","-",
"창4동","95~99세","2024 년","29","29","-",
"창4동","95~99세","2025 년","35","35","-",
"창4동","100세 이상","2024 년","3","3","-",
"창4동","100세 이상","2025 년","4","4","-",
"창5동","합계","2024 년","23772","23623","149",
"창5동","합계","2025 년","23443","23284","159",
"창5동","0~4세","2024 년","471","468","3",
"창5동","0~4세","2025 년","459","458","1",
"창5동","5~9세","2024 년","601","601","-",
"창5동","5~9세","2025 년","546","543","3",
"창5동","10~14세","2024 년","766","765","1",
"창5동","10~14세","2025 년","721","717","4",
"창5동","15~19세","2024 년","917","908","9",
"창5동","15~19세","2025 년","897","888","9",
"창5동","20~24세","2024 년","1362","1347","15",
"창5동","20~24세","2025 년","1209","1183","26",
"창5동","25~29세","2024 년","1731","1701","30",
"창5동","25~29세","2025 년","1695","1668","27",
"창5동","30~34세","2024 년","1868","1845","23",
"창5동","30~34세","2025 년","1916","1891","25",
"창5동","35~39세","2024 년","1583","1563","20",
"창5동","35~39세","2025 년","1516","1498","18",
"창5동","40~44세","2024 년","1581","1570","11",
"창5동","40~44세","2025 년","1574","1559","15",
"창5동","45~49세","2024 년","1472","1459","13",
"창5동","45~49세","2025 년","1458","1447","11",
"창5동","50~54세","2024 년","2074","2062","12",
"창5동","50~54세","2025 년","1884","1873","11",
"창5동","55~59세","2024 년","2145","2137","8",
"창5동","55~59세","2025 년","2123","2117","6",
"창5동","60~64세","2024 년","2054","2052","2",
"창5동","60~64세","2025 년","1997","1996","1",
"창5동","65~69세","2024 년","1864","1863","1",
"창5동","65~69세","2025 년","1936","1935","1",
"창5동","70~74세","2024 년","1232","1232","-",
"창5동","70~74세","2025 년","1354","1354","-",
"창5동","75~79세","2024 년","863","863","-",
"창5동","75~79세","2025 년","915","915","-",
"창5동","80~84세","2024 년","649","649","-",
"창5동","80~84세","2025 년","660","660","-",
"창5동","85~89세","2024 년","385","385","-",
"창5동","85~89세","2025 년","396","396","-",
"창5동","90~94세","2024 년","117","116","1",
"창5동","90~94세","2025 년","146","145","1",
"창5동","95~99세","2024 년","30","30","-",
"창5동","95~99세","2025 년","35","35","-",
"창5동","100세 이상","2024 년","7","7","-",
"창5동","100세 이상","2025 년","6","6","-",
"도봉1동","합계","2024 년","19780","19603","177",
"도봉1동","합계","2025 년","19630","19440","190",
"도봉1동","0~4세","2024 년","208","204","4",
"도봉1동","0~4세","2025 년","202","195","7",
"도봉1동","5~9세","2024 년","325","320","5",
"도봉1동","5~9세","2025 년","269","264","5",
"도봉1동","10~14세","2024 년","459","457","2",
"도봉1동","10~14세","2025 년","454","452","2",
"도봉1동","15~19세","2024 년","482","475","7",
"도봉1동","15~19세","2025 년","525","513","12",
"도봉1동","20~24세","2024 년","816","793","23",
"도봉1동","20~24세","2025 년","742","720","22",
"도봉1동","25~29세","2024 년","1193","1175","18",
"도봉1동","25~29세","2025 년","1089","1070","19",
"도봉1동","30~34세","2024 년","1160","1144","16",
"도봉1동","30~34세","2025 년","1147","1134","13",
"도봉1동","35~39세","2024 년","899","867","32",
"도봉1동","35~39세","2025 년","900","862","38",
"도봉1동","40~44세","2024 년","1176","1161","15",
"도봉1동","40~44세","2025 년","1068","1049","19",
"도봉1동","45~49세","2024 년","1196","1185","11",
"도봉1동","45~49세","2025 년","1204","1192","12",
"도봉1동","50~54세","2024 년","1679","1663","16",
"도봉1동","50~54세","2025 년","1586","1573","13",
"도봉1동","55~59세","2024 년","1782","1765","17",
"도봉1동","55~59세","2025 년","1812","1802","10",
"도봉1동","60~64세","2024 년","1975","1970","5",
"도봉1동","60~64세","2025 년","1908","1897","11",
"도봉1동","65~69세","2024 년","2015","2011","4",
"도봉1동","65~69세","2025 년","2029","2024","5",
"도봉1동","70~74세","2024 년","1527","1526","1",
"도봉1동","70~74세","2025 년","1644","1643","1",
"도봉1동","75~79세","2024 년","1323","1323","-",
"도봉1동","75~79세","2025 년","1361","1361","-",
"도봉1동","80~84세","2024 년","942","942","-",
"도봉1동","80~84세","2025 년","999","999","-",
"도봉1동","85~89세","2024 년","448","447","1",
"도봉1동","85~89세","2025 년","494","493","1",
"도봉1동","90~94세","2024 년","139","139","-",
"도봉1동","90~94세","2025 년","161","161","-",
"도봉1동","95~99세","2024 년","33","33","-",
"도봉1동","95~99세","2025 년","33","33","-",
"도봉1동","100세 이상","2024 년","3","3","-",
"도봉1동","100세 이상","2025 년","3","3","-",
"도봉2동","합계","2024 년","26148","25994","154",
"도봉2동","합계","2025 년","25702","25554","148",
"도봉2동","0~4세","2024 년","625","621","4",
"도봉2동","0~4세","2025 년","584","579","5",
"도봉2동","5~9세","2024 년","738","733","5",
"도봉2동","5~9세","2025 년","657","654","3",
"도봉2동","10~14세","2024 년","641","638","3",
"도봉2동","10~14세","2025 년","615","612","3",
"도봉2동","15~19세","2024 년","756","756","-",
"도봉2동","15~19세","2025 년","752","752","-",
"도봉2동","20~24세","2024 년","1021","1014","7",
"도봉2동","20~24세","2025 년","968","963","5",
"도봉2동","25~29세","2024 년","1574","1553","21",
"도봉2동","25~29세","2025 년","1438","1413","25",
"도봉2동","30~34세","2024 년","1773","1749","24",
"도봉2동","30~34세","2025 년","1731","1711","20",
"도봉2동","35~39세","2024 년","1610","1587","23",
"도봉2동","35~39세","2025 년","1554","1531","23",
"도봉2동","40~44세","2024 년","1834","1811","23",
"도봉2동","40~44세","2025 년","1725","1703","22",
"도봉2동","45~49세","2024 년","1592","1582","10",
"도봉2동","45~49세","2025 년","1614","1604","10",
"도봉2동","50~54세","2024 년","1984","1976","8",
"도봉2동","50~54세","2025 년","1888","1879","9",
"도봉2동","55~59세","2024 년","2126","2117","9",
"도봉2동","55~59세","2025 년","2157","2149","8",
"도봉2동","60~64세","2024 년","2358","2347","11",
"도봉2동","60~64세","2025 년","2199","2189","10",
"도봉2동","65~69세","2024 년","2550","2548","2",
"도봉2동","65~69세","2025 년","2535","2534","1",
"도봉2동","70~74세","2024 년","1843","1841","2",
"도봉2동","70~74세","2025 년","2042","2040","2",
"도봉2동","75~79세","2024 년","1404","1403","1",
"도봉2동","75~79세","2025 년","1460","1459","1",
"도봉2동","80~84세","2024 년","974","973","1",
"도봉2동","80~84세","2025 년","982","981","1",
"도봉2동","85~89세","2024 년","536","536","-",
"도봉2동","85~89세","2025 년","574","574","-",
"도봉2동","90~94세","2024 년","150","150","-",
"도봉2동","90~94세","2025 년","167","167","-",
"도봉2동","95~99세","2024 년","51","51","-",
"도봉2동","95~99세","2025 년","49","49","-",
"도봉2동","100세 이상","2024 년","8","8","-",
"도봉2동","100세 이상","2025 년","11","11","-",
"쌍문1동","합계","2024 년","21042","20581","461",
"쌍문1동","합계","2025 년","21017","20482","535",
"쌍문1동","0~4세","2024 년","326","321","5",
"쌍문1동","0~4세","2025 년","316","312","4",
"쌍문1동","5~9세","2024 년","510","503","7",
"쌍문1동","5~9세","2025 년","449","442","7",
"쌍문1동","10~14세","2024 년","645","640","5",
"쌍문1동","10~14세","2025 년","677","673","4",
"쌍문1동","15~19세","2024 년","800","722","78",
"쌍문1동","15~19세","2025 년","780","699","81",
"쌍문1동","20~24세","2024 년","1412","1249","163",
"쌍문1동","20~24세","2025 년","1409","1182","227",
"쌍문1동","25~29세","2024 년","1484","1407","77",
"쌍문1동","25~29세","2025 년","1476","1388","88",
"쌍문1동","30~34세","2024 년","1346","1312","34",
"쌍문1동","30~34세","2025 년","1345","1311","34",
"쌍문1동","35~39세","2024 년","1081","1059","22",
"쌍문1동","35~39세","2025 년","1054","1035","19",
"쌍문1동","40~44세","2024 년","1267","1250","17",
"쌍문1동","40~44세","2025 년","1260","1240","20",
"쌍문1동","45~49세","2024 년","1413","1401","12",
"쌍문1동","45~49세","2025 년","1325","1314","11",
"쌍문1동","50~54세","2024 년","1858","1847","11",
"쌍문1동","50~54세","2025 년","1761","1749","12",
"쌍문1동","55~59세","2024 년","1822","1804","18",
"쌍문1동","55~59세","2025 년","1865","1847","18",
"쌍문1동","60~64세","2024 년","1850","1843","7",
"쌍문1동","60~64세","2025 년","1775","1770","5",
"쌍문1동","65~69세","2024 년","1742","1740","2",
"쌍문1동","65~69세","2025 년","1785","1782","3",
"쌍문1동","70~74세","2024 년","1166","1164","2",
"쌍문1동","70~74세","2025 년","1321","1320","1",
"쌍문1동","75~79세","2024 년","966","965","1",
"쌍문1동","75~79세","2025 년","1004","1003","1",
"쌍문1동","80~84세","2024 년","812","812","-",
"쌍문1동","80~84세","2025 년","808","808","-",
"쌍문1동","85~89세","2024 년","400","400","-",
"쌍문1동","85~89세","2025 년","441","441","-",
"쌍문1동","90~94세","2024 년","108","108","-",
"쌍문1동","90~94세","2025 년","122","122","-",
"쌍문1동","95~99세","2024 년","29","29","-",
"쌍문1동","95~99세","2025 년","38","38","-",
"쌍문1동","100세 이상","2024 년","5","5","-",
"쌍문1동","100세 이상","2025 년","6","6","-",
"쌍문2동","합계","2024 년","17816","17617","199",
"쌍문2동","합계","2025 년","17583","17333","250",
"쌍문2동","0~4세","2024 년","305","300","5",
"쌍문2동","0~4세","2025 년","264","258","6",
"쌍문2동","5~9세","2024 년","418","414","4",
"쌍문2동","5~9세","2025 년","368","362","6",
"쌍문2동","10~14세","2024 년","494","491","3",
"쌍문2동","10~14세","2025 년","477","476","1",
"쌍문2동","15~19세","2024 년","602","596","6",
"쌍문2동","15~19세","2025 년","621","606","15",
"쌍문2동","20~24세","2024 년","929","895","34",
"쌍문2동","20~24세","2025 년","851","807","44",
"쌍문2동","25~29세","2024 년","1167","1137","30",
"쌍문2동","25~29세","2025 년","1130","1078","52",
"쌍문2동","30~34세","2024 년","1257","1225","32",
"쌍문2동","30~34세","2025 년","1265","1226","39",
"쌍문2동","35~39세","2024 년","1020","999","21",
"쌍문2동","35~39세","2025 년","1022","1001","21",
"쌍문2동","40~44세","2024 년","1259","1242","17",
"쌍문2동","40~44세","2025 년","1151","1137","14",
"쌍문2동","45~49세","2024 년","1162","1148","14",
"쌍문2동","45~49세","2025 년","1188","1173","15",
"쌍문2동","50~54세","2024 년","1497","1489","8",
"쌍문2동","50~54세","2025 년","1402","1391","11",
"쌍문2동","55~59세","2024 년","1617","1599","18",
"쌍문2동","55~59세","2025 년","1604","1593","11",
"쌍문2동","60~64세","2024 년","1613","1611","2",
"쌍문2동","60~64세","2025 년","1557","1549","8",
"쌍문2동","65~69세","2024 년","1615","1613","2",
"쌍문2동","65~69세","2025 년","1605","1602","3",
"쌍문2동","70~74세","2024 년","1029","1027","2",
"쌍문2동","70~74세","2025 년","1191","1190","1",
"쌍문2동","75~79세","2024 년","786","786","-",
"쌍문2동","75~79세","2025 년","812","810","2",
"쌍문2동","80~84세","2024 년","553","553","-",
"쌍문2동","80~84세","2025 년","573","573","-",
"쌍문2동","85~89세","2024 년","329","328","1",
"쌍문2동","85~89세","2025 년","334","333","1",
"쌍문2동","90~94세","2024 년","129","129","-",
"쌍문2동","90~94세","2025 년","139","139","-",
"쌍문2동","95~99세","2024 년","31","31","-",
"쌍문2동","95~99세","2025 년","26","26","-",
"쌍문2동","100세 이상","2024 년","4","4","-",
"쌍문2동","100세 이상","2025 년","3","3","-",
"쌍문3동","합계","2024 년","16416","16154","262",
"쌍문3동","합계","2025 년","16270","15949","321",
"쌍문3동","0~4세","2024 년","282","282","-",
"쌍문3동","0~4세","2025 년","241","240","1",
"쌍문3동","5~9세","2024 년","323","321","2",
"쌍문3동","5~9세","2025 년","306","303","3",
"쌍문3동","10~14세","2024 년","395","395","-",
"쌍문3동","10~14세","2025 년","393","390","3",
"쌍문3동","15~19세","2024 년","511","490","21",
"쌍문3동","15~19세","2025 년","499","470","29",
"쌍문3동","20~24세","2024 년","942","859","83",
"쌍문3동","20~24세","2025 년","906","793","113",
"쌍문3동","25~29세","2024 년","1423","1369","54",
"쌍문3동","25~29세","2025 년","1368","1306","62",
"쌍문3동","30~34세","2024 년","1368","1331","37",
"쌍문3동","30~34세","2025 년","1338","1300","38",
"쌍문3동","35~39세","2024 년","1028","1015","13",
"쌍문3동","35~39세","2025 년","1010","994","16",
"쌍문3동","40~44세","2024 년","1143","1131","12",
"쌍문3동","40~44세","2025 년","1079","1065","14",
"쌍문3동","45~49세","2024 년","1053","1041","12",
"쌍문3동","45~49세","2025 년","1084","1075","9",
"쌍문3동","50~54세","2024 년","1332","1325","7",
"쌍문3동","50~54세","2025 년","1242","1231","11",
"쌍문3동","55~59세","2024 년","1383","1373","10",
"쌍문3동","55~59세","2025 년","1399","1390","9",
"쌍문3동","60~64세","2024 년","1388","1382","6",
"쌍문3동","60~64세","2025 년","1324","1318","6",
"쌍문3동","65~69세","2024 년","1261","1258","3",
"쌍문3동","65~69세","2025 년","1350","1345","5",
"쌍문3동","70~74세","2024 년","916","915","1",
"쌍문3동","70~74세","2025 년","938","937","1",
"쌍문3동","75~79세","2024 년","743","742","1",
"쌍문3동","75~79세","2025 년","793","792","1",
"쌍문3동","80~84세","2024 년","578","578","-",
"쌍문3동","80~84세","2025 년","609","609","-",
"쌍문3동","85~89세","2024 년","259","259","-",
"쌍문3동","85~89세","2025 년","298","298","-",
"쌍문3동","90~94세","2024 년","70","70","-",
"쌍문3동","90~94세","2025 년","77","77","-",
"쌍문3동","95~99세","2024 년","14","14","-",
"쌍문3동","95~99세","2025 년","13","13","-",
"쌍문3동","100세 이상","2024 년","4","4","-",
"쌍문3동","100세 이상","2025 년","3","3","-",
"쌍문4동","합계","2024 년","17927","17866","61",
"쌍문4동","합계","2025 년","17714","17657","57",
"쌍문4동","0~4세","2024 년","323","323","-",
"쌍문4동","0~4세","2025 년","313","312","1",
"쌍문4동","5~9세","2024 년","549","546","3",
"쌍문4동","5~9세","2025 년","486","484","2",
"쌍문4동","10~14세","2024 년","873","873","-",
"쌍문4동","10~14세","2025 년","824","824","-",
"쌍문4동","15~19세","2024 년","916","914","2",
"쌍문4동","15~19세","2025 년","926","924","2",
"쌍문4동","20~24세","2024 년","961","955","6",
"쌍문4동","20~24세","2025 년","875","873","2",
"쌍문4동","25~29세","2024 년","1056","1049","7",
"쌍문4동","25~29세","2025 년","1001","996","5",
"쌍문4동","30~34세","2024 년","1108","1099","9",
"쌍문4동","30~34세","2025 년","1080","1069","11",
"쌍문4동","35~39세","2024 년","1032","1020","12",
"쌍문4동","35~39세","2025 년","987","978","9",
"쌍문4동","40~44세","2024 년","1265","1262","3",
"쌍문4동","40~44세","2025 년","1228","1222","6",
"쌍문4동","45~49세","2024 년","1296","1293","3",
"쌍문4동","45~49세","2025 년","1288","1287","1",
"쌍문4동","50~54세","2024 년","1605","1602","3",
"쌍문4동","50~54세","2025 년","1545","1540","5",
"쌍문4동","55~59세","2024 년","1527","1523","4",
"쌍문4동","55~59세","2025 년","1556","1554","2",
"쌍문4동","60~64세","2024 년","1656","1653","3",
"쌍문4동","60~64세","2025 년","1547","1541","6",
"쌍문4동","65~69세","2024 년","1508","1505","3",
"쌍문4동","65~69세","2025 년","1578","1576","2",
"쌍문4동","70~74세","2024 년","892","890","2",
"쌍문4동","70~74세","2025 년","1034","1031","3",
"쌍문4동","75~79세","2024 년","554","553","1",
"쌍문4동","75~79세","2025 년","608","608","-",
"쌍문4동","80~84세","2024 년","447","447","-",
"쌍문4동","80~84세","2025 년","441","441","-",
"쌍문4동","85~89세","2024 년","247","247","-",
"쌍문4동","85~89세","2025 년","270","270","-",
"쌍문4동","90~94세","2024 년","87","87","-",
"쌍문4동","90~94세","2025 년","102","102","-",
"쌍문4동","95~99세","2024 년","24","24","-",
"쌍문4동","95~99세","2025 년","25","25","-",
"쌍문4동","100세 이상","2024 년","1","1","-",
"쌍문4동","100세 이상","2025 년","-","-","-",
"방학1동","합계","2024 년","27540","27240","300",
"방학1동","합계","2025 년","27973","27628","345",
"방학1동","0~4세","2024 년","389","386","3",
"방학1동","0~4세","2025 년","382","376","6",
"방학1동","5~9세","2024 년","669","667","2",
"방학1동","5~9세","2025 년","603","602","1",
"방학1동","10~14세","2024 년","927","926","1",
"방학1동","10~14세","2025 년","935","933","2",
"방학1동","15~19세","2024 년","1058","1049","9",
"방학1동","15~19세","2025 년","1117","1102","15",
"방학1동","20~24세","2024 년","1510","1450","60",
"방학1동","20~24세","2025 년","1414","1335","79",
"방학1동","25~29세","2024 년","1892","1844","48",
"방학1동","25~29세","2025 년","1876","1809","67",
"방학1동","30~34세","2024 년","1729","1695","34",
"방학1동","30~34세","2025 년","1784","1752","32",
"방학1동","35~39세","2024 년","1372","1343","29",
"방학1동","35~39세","2025 년","1416","1384","32",
"방학1동","40~44세","2024 년","1758","1727","31",
"방학1동","40~44세","2025 년","1758","1723","35",
"방학1동","45~49세","2024 년","1845","1829","16",
"방학1동","45~49세","2025 년","1956","1939","17",
"방학1동","50~54세","2024 년","2456","2436","20",
"방학1동","50~54세","2025 년","2383","2369","14",
"방학1동","55~59세","2024 년","2577","2548","29",
"방학1동","55~59세","2025 년","2641","2616","25",
"방학1동","60~64세","2024 년","2588","2583","5",
"방학1동","60~64세","2025 년","2540","2534","6",
"방학1동","65~69세","2024 년","2387","2379","8",
"방학1동","65~69세","2025 년","2485","2477","8",
"방학1동","70~74세","2024 년","1588","1584","4",
"방학1동","70~74세","2025 년","1754","1750","4",
"방학1동","75~79세","2024 년","1291","1290","1",
"방학1동","75~79세","2025 년","1332","1330","2",
"방학1동","80~84세","2024 년","908","908","-",
"방학1동","80~84세","2025 년","923","923","-",
"방학1동","85~89세","2024 년","438","438","-",
"방학1동","85~89세","2025 년","470","470","-",
"방학1동","90~94세","2024 년","120","120","-",
"방학1동","90~94세","2025 년","158","158","-",
"방학1동","95~99세","2024 년","32","32","-",
"방학1동","95~99세","2025 년","39","39","-",
"방학1동","100세 이상","2024 년","6","6","-",
"방학1동","100세 이상","2025 년","7","7","-",
"방학2동","합계","2024 년","18303","18085","218",
"방학2동","합계","2025 년","17872","17645","227",
"방학2동","0~4세","2024 년","233","229","4",
"방학2동","0~4세","2025 년","196","190","6",
"방학2동","5~9세","2024 년","350","344","6",
"방학2동","5~9세","2025 년","321","316","5",
"방학2동","10~14세","2024 년","548","544","4",
"방학2동","10~14세","2025 년","481","476","5",
"방학2동","15~19세","2024 년","602","599","3",
"방학2동","15~19세","2025 년","602","597","5",
"방학2동","20~24세","2024 년","883","863","20",
"방학2동","20~24세","2025 년","768","739","29",
"방학2동","25~29세","2024 년","1153","1129","24",
"방학2동","25~29세","2025 년","1087","1058","29",
"방학2동","30~34세","2024 년","1098","1069","29",
"방학2동","30~34세","2025 년","1086","1060","26",
"방학2동","35~39세","2024 년","895","873","22",
"방학2동","35~39세","2025 년","835","813","22",
"방학2동","40~44세","2024 년","1075","1055","20",
"방학2동","40~44세","2025 년","1025","1007","18",
"방학2동","45~49세","2024 년","1169","1145","24",
"방학2동","45~49세","2025 년","1124","1107","17",
"방학2동","50~54세","2024 년","1659","1628","31",
"방학2동","50~54세","2025 년","1513","1487","26",
"방학2동","55~59세","2024 년","1826","1811","15",
"방학2동","55~59세","2025 년","1808","1786","22",
"방학2동","60~64세","2024 년","1797","1789","8",
"방학2동","60~64세","2025 년","1730","1723","7",
"방학2동","65~69세","2024 년","1715","1708","7",
"방학2동","65~69세","2025 년","1796","1788","8",
"방학2동","70~74세","2024 년","1191","1190","1",
"방학2동","70~74세","2025 년","1298","1296","2",
"방학2동","75~79세","2024 년","913","913","-",
"방학2동","75~79세","2025 년","929","929","-",
"방학2동","80~84세","2024 년","748","748","-",
"방학2동","80~84세","2025 년","766","766","-",
"방학2동","85~89세","2024 년","332","332","-",
"방학2동","85~89세","2025 년","373","373","-",
"방학2동","90~94세","2024 년","96","96","-",
"방학2동","90~94세","2025 년","105","105","-",
"방학2동","95~99세","2024 년","20","20","-",
"방학2동","95~99세","2025 년","28","28","-",
"방학2동","100세 이상","2024 년","-","-","-",
"방학2동","100세 이상","2025 년","1","1","-",
"방학3동","합계","2024 년","25917","25833","84",
"방학3동","합계","2025 년","25468","25385","83",
"방학3동","0~4세","2024 년","455","454","1",
"방학3동","0~4세","2025 년","447","445","2",
"방학3동","5~9세","2024 년","905","900","5",
"방학3동","5~9세","2025 년","788","782","6",
"방학3동","10~14세","2024 년","1282","1280","2",
"방학3동","10~14세","2025 년","1264","1263","1",
"방학3동","15~19세","2024 년","1212","1211","1",
"방학3동","15~19세","2025 년","1184","1184","-",
"방학3동","20~24세","2024 년","1275","1273","2",
"방학3동","20~24세","2025 년","1152","1149","3",
"방학3동","25~29세","2024 년","1384","1377","7",
"방학3동","25~29세","2025 년","1331","1327","4",
"방학3동","30~34세","2024 년","1420","1403","17",
"방학3동","30~34세","2025 년","1388","1369","19",
"방학3동","35~39세","2024 년","1410","1392","18",
"방학3동","35~39세","2025 년","1406","1389","17",
"방학3동","40~44세","2024 년","1765","1755","10",
"방학3동","40~44세","2025 년","1656","1645","11",
"방학3동","45~49세","2024 년","1854","1845","9",
"방학3동","45~49세","2025 년","1861","1854","7",
"방학3동","50~54세","2024 년","2239","2234","5",
"방학3동","50~54세","2025 년","2095","2089","6",
"방학3동","55~59세","2024 년","2149","2145","4",
"방학3동","55~59세","2025 년","2128","2124","4",
"방학3동","60~64세","2024 년","2428","2427","1",
"방학3동","60~64세","2025 년","2277","2276","1",
"방학3동","65~69세","2024 년","2397","2396","1",
"방학3동","65~69세","2025 년","2471","2470","1",
"방학3동","70~74세","2024 년","1452","1451","1",
"방학3동","70~74세","2025 년","1626","1626","-",
"방학3동","75~79세","2024 년","936","936","-",
"방학3동","75~79세","2025 년","1009","1008","1",
"방학3동","80~84세","2024 년","676","676","-",
"방학3동","80~84세","2025 년","668","668","-",
"방학3동","85~89세","2024 년","431","431","-",
"방학3동","85~89세","2025 년","451","451","-",
"방학3동","90~94세","2024 년","196","196","-",
"방학3동","90~94세","2025 년","210","210","-",
"방학3동","95~99세","2024 년","42","42","-",
"방학3동","95~99세","2025 년","46","46","-",
"방학3동","100세 이상","2024 년","9","9","-",
"방학3동","100세 이상","2025 년","10","10","-",
"노원구","합계","2024 년","496552","491247","5305",
"노원구","합계","2025 년","489003","483541","5462",
"노원구","0~4세","2024 년","10089","10042","47",
"노원구","0~4세","2025 년","9997","9959","38",
"노원구","5~9세","2024 년","14515","14450","65",
"노원구","5~9세","2025 년","13000","12936","64",
"노원구","10~14세","2024 년","20898","20858","40",
"노원구","10~14세","2025 년","20216","20168","48",
"노원구","15~19세","2024 년","24954","24558","396",
"노원구","15~19세","2025 년","24334","23932","402",
"노원구","20~24세","2024 년","33616","32128","1488",
"노원구","20~24세","2025 년","31255","29653","1602",
"노원구","25~29세","2024 년","33092","32019","1073",
"노원구","25~29세","2025 년","32547","31467","1080",
"노원구","30~34세","2024 년","32689","32074","615",
"노원구","30~34세","2025 년","33170","32548","622",
"노원구","35~39세","2024 년","29117","28724","393",
"노원구","35~39세","2025 년","28964","28545","419",
"노원구","40~44세","2024 년","34977","34670","307",
"노원구","40~44세","2025 년","32785","32462","323",
"노원구","45~49세","2024 년","37477","37231","246",
"노원구","45~49세","2025 년","36775","36549","226",
"노원구","50~54세","2024 년","45718","45518","200",
"노원구","50~54세","2025 년","43192","42986","206",
"노원구","55~59세","2024 년","40508","40312","196",
"노원구","55~59세","2025 년","41081","40894","187",
"노원구","60~64세","2024 년","38323","38196","127",
"노원구","60~64세","2025 년","36911","36781","130",
"노원구","65~69세","2024 년","35191","35126","65",
"노원구","65~69세","2025 년","35763","35704","59",
"노원구","70~74세","2024 년","23920","23896","24",
"노원구","70~74세","2025 년","26060","26028","32",
"노원구","75~79세","2024 년","17959","17946","13",
"노원구","75~79세","2025 년","18766","18753","13",
"노원구","80~84세","2024 년","13131","13125","6",
"노원구","80~84세","2025 년","13226","13220","6",
"노원구","85~89세","2024 년","7160","7157","3",
"노원구","85~89세","2025 년","7439","7436","3",
"노원구","90~94세","2024 년","2542","2542","-",
"노원구","90~94세","2025 년","2776","2775","1",
"노원구","95~99세","2024 년","580","579","1",
"노원구","95~99세","2025 년","661","660","1",
"노원구","100세 이상","2024 년","96","96","-",
"노원구","100세 이상","2025 년","85","85","-",
"월계1동","합계","2024 년","21162","20318","844",
"월계1동","합계","2025 년","20988","20078","910",
"월계1동","0~4세","2024 년","389","383","6",
"월계1동","0~4세","2025 년","372","367","5",
"월계1동","5~9세","2024 년","434","428","6",
"월계1동","5~9세","2025 년","393","385","8",
"월계1동","10~14세","2024 년","627","624","3",
"월계1동","10~14세","2025 년","565","562","3",
"월계1동","15~19세","2024 년","939","837","102",
"월계1동","15~19세","2025 년","912","795","117",
"월계1동","20~24세","2024 년","2341","1963","378",
"월계1동","20~24세","2025 년","2352","1946","406",
"월계1동","25~29세","2024 년","1754","1578","176",
"월계1동","25~29세","2025 년","1782","1610","172",
"월계1동","30~34세","2024 년","1344","1273","71",
"월계1동","30~34세","2025 년","1390","1311","79",
"월계1동","35~39세","2024 년","1096","1062","34",
"월계1동","35~39세","2025 년","1134","1095","39",
"월계1동","40~44세","2024 년","1274","1257","17",
"월계1동","40~44세","2025 년","1158","1131","27",
"월계1동","45~49세","2024 년","1474","1459","15",
"월계1동","45~49세","2025 년","1440","1424","16",
"월계1동","50~54세","2024 년","1720","1705","15",
"월계1동","50~54세","2025 년","1671","1657","14",
"월계1동","55~59세","2024 년","1588","1579","9",
"월계1동","55~59세","2025 년","1594","1583","11",
"월계1동","60~64세","2024 년","1563","1555","8",
"월계1동","60~64세","2025 년","1525","1518","7",
"월계1동","65~69세","2024 년","1536","1534","2",
"월계1동","65~69세","2025 년","1493","1488","5",
"월계1동","70~74세","2024 년","1120","1118","2",
"월계1동","70~74세","2025 년","1185","1184","1",
"월계1동","75~79세","2024 년","920","920","-",
"월계1동","75~79세","2025 년","942","942","-",
"월계1동","80~84세","2024 년","605","605","-",
"월계1동","80~84세","2025 년","623","623","-",
"월계1동","85~89세","2024 년","328","328","-",
"월계1동","85~89세","2025 년","337","337","-",
"월계1동","90~94세","2024 년","86","86","-",
"월계1동","90~94세","2025 년","92","92","-",
"월계1동","95~99세","2024 년","20","20","-",
"월계1동","95~99세","2025 년","22","22","-",
"월계1동","100세 이상","2024 년","4","4","-",
"월계1동","100세 이상","2025 년","6","6","-",
"월계2동","합계","2024 년","25359","25179","180",
"월계2동","합계","2025 년","25027","24822","205",
"월계2동","0~4세","2024 년","553","551","2",
"월계2동","0~4세","2025 년","496","492","4",
"월계2동","5~9세","2024 년","716","712","4",
"월계2동","5~9세","2025 년","656","650","6",
"월계2동","10~14세","2024 년","849","847","2",
"월계2동","10~14세","2025 년","846","842","4",
"월계2동","15~19세","2024 년","998","987","11",
"월계2동","15~19세","2025 년","1027","1009","18",
"월계2동","20~24세","2024 년","1289","1268","21",
"월계2동","20~24세","2025 년","1238","1212","26",
"월계2동","25~29세","2024 년","1364","1345","19",
"월계2동","25~29세","2025 년","1308","1291","17",
"월계2동","30~34세","2024 년","1432","1414","18",
"월계2동","30~34세","2025 년","1423","1401","22",
"월계2동","35~39세","2024 년","1379","1358","21",
"월계2동","35~39세","2025 년","1302","1280","22",
"월계2동","40~44세","2024 년","1791","1767","24",
"월계2동","40~44세","2025 년","1643","1616","27",
"월계2동","45~49세","2024 년","1860","1846","14",
"월계2동","45~49세","2025 년","1886","1868","18",
"월계2동","50~54세","2024 년","2179","2163","16",
"월계2동","50~54세","2025 년","2060","2046","14",
"월계2동","55~59세","2024 년","2134","2118","16",
"월계2동","55~59세","2025 년","2172","2161","11",
"월계2동","60~64세","2024 년","2211","2202","9",
"월계2동","60~64세","2025 년","2128","2116","12",
"월계2동","65~69세","2024 년","2270","2269","1",
"월계2동","65~69세","2025 년","2238","2236","2",
"월계2동","70~74세","2024 년","1684","1683","1",
"월계2동","70~74세","2025 년","1825","1824","1",
"월계2동","75~79세","2024 년","1163","1163","-",
"월계2동","75~79세","2025 년","1255","1255","-",
"월계2동","80~84세","2024 년","856","855","1",
"월계2동","80~84세","2025 년","868","867","1",
"월계2동","85~89세","2024 년","401","401","-",
"월계2동","85~89세","2025 년","428","428","-",
"월계2동","90~94세","2024 년","187","187","-",
"월계2동","90~94세","2025 년","179","179","-",
"월계2동","95~99세","2024 년","35","35","-",
"월계2동","95~99세","2025 년","44","44","-",
"월계2동","100세 이상","2024 년","8","8","-",
"월계2동","100세 이상","2025 년","5","5","-",
"월계3동","합계","2024 년","28430","28257","173",
"월계3동","합계","2025 년","28015","27839","176",
"월계3동","0~4세","2024 년","773","771","2",
"월계3동","0~4세","2025 년","803","802","1",
"월계3동","5~9세","2024 년","832","828","4",
"월계3동","5~9세","2025 년","725","722","3",
"월계3동","10~14세","2024 년","886","884","2",
"월계3동","10~14세","2025 년","826","824","2",
"월계3동","15~19세","2024 년","927","922","5",
"월계3동","15~19세","2025 년","917","912","5",
"월계3동","20~24세","2024 년","1312","1295","17",
"월계3동","20~24세","2025 년","1154","1137","17",
"월계3동","25~29세","2024 년","1726","1708","18",
"월계3동","25~29세","2025 년","1639","1621","18",
"월계3동","30~34세","2024 년","2182","2156","26",
"월계3동","30~34세","2025 년","2357","2331","26",
"월계3동","35~39세","2024 년","2111","2084","27",
"월계3동","35~39세","2025 년","2119","2087","32",
"월계3동","40~44세","2024 년","2183","2170","13",
"월계3동","40~44세","2025 년","1999","1985","14",
"월계3동","45~49세","2024 년","1844","1828","16",
"월계3동","45~49세","2025 년","1834","1820","14",
"월계3동","50~54세","2024 년","2298","2281","17",
"월계3동","50~54세","2025 년","2171","2155","16",
"월계3동","55~59세","2024 년","2212","2201","11",
"월계3동","55~59세","2025 년","2211","2199","12",
"월계3동","60~64세","2024 년","2267","2258","9",
"월계3동","60~64세","2025 년","2173","2162","11",
"월계3동","65~69세","2024 년","2313","2310","3",
"월계3동","65~69세","2025 년","2300","2298","2",
"월계3동","70~74세","2024 년","1679","1678","1",
"월계3동","70~74세","2025 년","1803","1802","1",
"월계3동","75~79세","2024 년","1290","1289","1",
"월계3동","75~79세","2025 년","1337","1336","1",
"월계3동","80~84세","2024 년","907","906","1",
"월계3동","80~84세","2025 년","893","892","1",
"월계3동","85~89세","2024 년","478","478","-",
"월계3동","85~89세","2025 년","527","527","-",
"월계3동","90~94세","2024 년","166","166","-",
"월계3동","90~94세","2025 년","175","175","-",
"월계3동","95~99세","2024 년","39","39","-",
"월계3동","95~99세","2025 년","47","47","-",
"월계3동","100세 이상","2024 년","5","5","-",
"월계3동","100세 이상","2025 년","5","5","-",
"공릉1동","합계","2024 년","36339","35551","788",
"공릉1동","합계","2025 년","36035","35191","844",
"공릉1동","0~4세","2024 년","540","530","10",
"공릉1동","0~4세","2025 년","527","515","12",
"공릉1동","5~9세","2024 년","776","768","8",
"공릉1동","5~9세","2025 년","721","714","7",
"공릉1동","10~14세","2024 년","1057","1050","7",
"공릉1동","10~14세","2025 년","1016","1008","8",
"공릉1동","15~19세","2024 년","1360","1304","56",
"공릉1동","15~19세","2025 년","1304","1268","36",
"공릉1동","20~24세","2024 년","3519","3286","233",
"공릉1동","20~24세","2025 년","3384","3103","281",
"공릉1동","25~29세","2024 년","3526","3320","206",
"공릉1동","25~29세","2025 년","3483","3260","223",
"공릉1동","30~34세","2024 년","2802","2713","89",
"공릉1동","30~34세","2025 년","2817","2726","91",
"공릉1동","35~39세","2024 년","2183","2140","43",
"공릉1동","35~39세","2025 년","2210","2165","45",
"공릉1동","40~44세","2024 년","2462","2435","27",
"공릉1동","40~44세","2025 년","2292","2262","30",
"공릉1동","45~49세","2024 년","2369","2348","21",
"공릉1동","45~49세","2025 년","2384","2368","16",
"공릉1동","50~54세","2024 년","2718","2687","31",
"공릉1동","50~54세","2025 년","2603","2573","30",
"공릉1동","55~59세","2024 년","2769","2741","28",
"공릉1동","55~59세","2025 년","2764","2735","29",
"공릉1동","60~64세","2024 년","2785","2769","16",
"공릉1동","60~64세","2025 년","2651","2630","21",
"공릉1동","65~69세","2024 년","2695","2684","11",
"공릉1동","65~69세","2025 년","2752","2742","10",
"공릉1동","70~74세","2024 년","1948","1946","2",
"공릉1동","70~74세","2025 년","2138","2133","5",
"공릉1동","75~79세","2024 년","1251","1251","-",
"공릉1동","75~79세","2025 년","1344","1344","-",
"공릉1동","80~84세","2024 년","945","945","-",
"공릉1동","80~84세","2025 년","984","984","-",
"공릉1동","85~89세","2024 년","443","443","-",
"공릉1동","85~89세","2025 년","460","460","-",
"공릉1동","90~94세","2024 년","153","153","-",
"공릉1동","90~94세","2025 년","160","160","-",
"공릉1동","95~99세","2024 년","29","29","-",
"공릉1동","95~99세","2025 년","37","37","-",
"공릉1동","100세 이상","2024 년","9","9","-",
"공릉1동","100세 이상","2025 년","4","4","-",
"공릉2동","합계","2024 년","42337","41322","1015",
"공릉2동","합계","2025 년","41673","40695","978",
"공릉2동","0~4세","2024 년","1146","1143","3",
"공릉2동","0~4세","2025 년","1108","1107","1",
"공릉2동","5~9세","2024 년","1598","1595","3",
"공릉2동","5~9세","2025 년","1430","1424","6",
"공릉2동","10~14세","2024 년","1910","1908","2",
"공릉2동","10~14세","2025 년","1852","1849","3",
"공릉2동","15~19세","2024 년","2253","2142","111",
"공릉2동","15~19세","2025 년","2231","2107","124",
"공릉2동","20~24세","2024 년","4261","3857","404",
"공릉2동","20~24세","2025 년","4082","3685","397",
"공릉2동","25~29세","2024 년","3241","2991","250",
"공릉2동","25~29세","2025 년","3242","3011","231",
"공릉2동","30~34세","2024 년","2868","2789","79",
"공릉2동","30~34세","2025 년","2873","2791","82",
"공릉2동","35~39세","2024 년","2780","2726","54",
"공릉2동","35~39세","2025 년","2660","2618","42",
"공릉2동","40~44세","2024 년","3263","3233","30",
"공릉2동","40~44세","2025 년","3085","3060","25",
"공릉2동","45~49세","2024 년","3167","3137","30",
"공릉2동","45~49세","2025 년","3120","3096","24",
"공릉2동","50~54세","2024 년","3568","3555","13",
"공릉2동","50~54세","2025 년","3415","3402","13",
"공릉2동","55~59세","2024 년","2931","2920","11",
"공릉2동","55~59세","2025 년","3052","3042","10",
"공릉2동","60~64세","2024 년","2774","2761","13",
"공릉2동","60~64세","2025 년","2627","2617","10",
"공릉2동","65~69세","2024 년","2480","2471","9",
"공릉2동","65~69세","2025 년","2507","2500","7",
"공릉2동","70~74세","2024 년","1582","1582","-",
"공릉2동","70~74세","2025 년","1753","1753","-",
"공릉2동","75~79세","2024 년","1144","1141","3",
"공릉2동","75~79세","2025 년","1172","1170","2",
"공릉2동","80~84세","2024 년","766","766","-",
"공릉2동","80~84세","2025 년","803","802","1",
"공릉2동","85~89세","2024 년","431","431","-",
"공릉2동","85~89세","2025 년","450","450","-",
"공릉2동","90~94세","2024 년","139","139","-",
"공릉2동","90~94세","2025 년","173","173","-",
"공릉2동","95~99세","2024 년","33","33","-",
"공릉2동","95~99세","2025 년","37","37","-",
"공릉2동","100세 이상","2024 년","2","2","-",
"공릉2동","100세 이상","2025 년","1","1","-",
"하계1동","합계","2024 년","26430","25747","683",
"하계1동","합계","2025 년","26149","25422","727",
"하계1동","0~4세","2024 년","328","322","6",
"하계1동","0~4세","2025 년","352","348","4",
"하계1동","5~9세","2024 년","496","489","7",
"하계1동","5~9세","2025 년","464","455","9",
"하계1동","10~14세","2024 년","906","903","3",
"하계1동","10~14세","2025 년","900","895","5",
"하계1동","15~19세","2024 년","1816","1753","63",
"하계1동","15~19세","2025 년","1751","1687","64",
"하계1동","20~24세","2024 년","2970","2685","285",
"하계1동","20~24세","2025 년","2802","2479","323",
"하계1동","25~29세","2024 년","2069","1895","174",
"하계1동","25~29세","2025 년","2077","1894","183",
"하계1동","30~34세","2024 년","1520","1457","63",
"하계1동","30~34세","2025 년","1583","1521","62",
"하계1동","35~39세","2024 년","1173","1151","22",
"하계1동","35~39세","2025 년","1204","1179","25",
"하계1동","40~44세","2024 년","1352","1330","22",
"하계1동","40~44세","2025 년","1294","1275","19",
"하계1동","45~49세","2024 년","1756","1744","12",
"하계1동","45~49세","2025 년","1683","1674","9",
"하계1동","50~54세","2024 년","2540","2530","10",
"하계1동","50~54세","2025 년","2385","2375","10",
"하계1동","55~59세","2024 년","2222","2215","7",
"하계1동","55~59세","2025 년","2227","2219","8",
"하계1동","60~64세","2024 년","2144","2140","4",
"하계1동","60~64세","2025 년","1999","1998","1",
"하계1동","65~69세","2024 년","1823","1820","3",
"하계1동","65~69세","2025 년","1911","1908","3",
"하계1동","70~74세","2024 년","1196","1195","1",
"하계1동","70~74세","2025 년","1347","1346","1",
"하계1동","75~79세","2024 년","887","886","1",
"하계1동","75~79세","2025 년","914","913","1",
"하계1동","80~84세","2024 년","652","652","-",
"하계1동","80~84세","2025 년","636","636","-",
"하계1동","85~89세","2024 년","397","397","-",
"하계1동","85~89세","2025 년","407","407","-",
"하계1동","90~94세","2024 년","145","145","-",
"하계1동","90~94세","2025 년","167","167","-",
"하계1동","95~99세","2024 년","30","30","-",
"하계1동","95~99세","2025 년","38","38","-",
"하계1동","100세 이상","2024 년","8","8","-",
"하계1동","100세 이상","2025 년","8","8","-",
"하계2동","합계","2024 년","20926","20868","58",
"하계2동","합계","2025 년","19663","19608","55",
"하계2동","0~4세","2024 년","394","394","-",
"하계2동","0~4세","2025 년","416","416","-",
"하계2동","5~9세","2024 년","743","741","2",
"하계2동","5~9세","2025 년","676","675","1",
"하계2동","10~14세","2024 년","1110","1110","-",
"하계2동","10~14세","2025 년","1006","1005","1",
"하계2동","15~19세","2024 년","1267","1266","1",
"하계2동","15~19세","2025 년","1216","1215","1",
"하계2동","20~24세","2024 년","1214","1213","1",
"하계2동","20~24세","2025 년","1066","1064","2",
"하계2동","25~29세","2024 년","1227","1223","4",
"하계2동","25~29세","2025 년","1191","1185","6",
"하계2동","30~34세","2024 년","1248","1240","8",
"하계2동","30~34세","2025 년","1217","1210","7",
"하계2동","35~39세","2024 년","1196","1186","10",
"하계2동","35~39세","2025 년","1198","1193","5",
"하계2동","40~44세","2024 년","1536","1523","13",
"하계2동","40~44세","2025 년","1448","1437","11",
"하계2동","45~49세","2024 년","1771","1768","3",
"하계2동","45~49세","2025 년","1688","1684","4",
"하계2동","50~54세","2024 년","2040","2035","5",
"하계2동","50~54세","2025 년","1819","1814","5",
"하계2동","55~59세","2024 년","1753","1747","6",
"하계2동","55~59세","2025 년","1718","1712","6",
"하계2동","60~64세","2024 년","1686","1684","2",
"하계2동","60~64세","2025 년","1506","1503","3",
"하계2동","65~69세","2024 년","1289","1289","-",
"하계2동","65~69세","2025 년","1344","1344","-",
"하계2동","70~74세","2024 년","827","826","1",
"하계2동","70~74세","2025 년","788","787","1",
"하계2동","75~79세","2024 년","699","697","2",
"하계2동","75~79세","2025 년","587","585","2",
"하계2동","80~84세","2024 년","489","489","-",
"하계2동","80~84세","2025 년","373","373","-",
"하계2동","85~89세","2024 년","320","320","-",
"하계2동","85~89세","2025 년","282","282","-",
"하계2동","90~94세","2024 년","94","94","-",
"하계2동","90~94세","2025 년","97","97","-",
"하계2동","95~99세","2024 년","23","23","-",
"하계2동","95~99세","2025 년","27","27","-",
"하계2동","100세 이상","2024 년","-","-","-",
"하계2동","100세 이상","2025 년","-","-","-",
"중계본동","합계","2024 년","22671","22606","65",
"중계본동","합계","2025 년","22291","22233","58",
"중계본동","0~4세","2024 년","260","260","-",
"중계본동","0~4세","2025 년","257","257","-",
"중계본동","5~9세","2024 년","823","823","-",
"중계본동","5~9세","2025 년","740","740","-",
"중계본동","10~14세","2024 년","1947","1947","-",
"중계본동","10~14세","2025 년","1906","1906","-",
"중계본동","15~19세","2024 년","2173","2172","1",
"중계본동","15~19세","2025 년","2126","2125","1",
"중계본동","20~24세","2024 년","1583","1583","-",
"중계본동","20~24세","2025 년","1509","1509","-",
"중계본동","25~29세","2024 년","1247","1241","6",
"중계본동","25~29세","2025 년","1169","1164","5",
"중계본동","30~34세","2024 년","893","881","12",
"중계본동","30~34세","2025 년","898","891","7",
"중계본동","35~39세","2024 년","770","765","5",
"중계본동","35~39세","2025 년","786","778","8",
"중계본동","40~44세","2024 년","1632","1622","10",
"중계본동","40~44세","2025 년","1548","1539","9",
"중계본동","45~49세","2024 년","2454","2443","11",
"중계본동","45~49세","2025 년","2416","2408","8",
"중계본동","50~54세","2024 년","2703","2698","5",
"중계본동","50~54세","2025 년","2611","2603","8",
"중계본동","55~59세","2024 년","1887","1881","6",
"중계본동","55~59세","2025 년","1912","1908","4",
"중계본동","60~64세","2024 년","1547","1541","6",
"중계본동","60~64세","2025 년","1510","1506","4",
"중계본동","65~69세","2024 년","1066","1065","1",
"중계본동","65~69세","2025 년","1109","1108","1",
"중계본동","70~74세","2024 년","601","599","2",
"중계본동","70~74세","2025 년","671","668","3",
"중계본동","75~79세","2024 년","435","435","-",
"중계본동","75~79세","2025 년","476","476","-",
"중계본동","80~84세","2024 년","353","353","-",
"중계본동","80~84세","2025 년","349","349","-",
"중계본동","85~89세","2024 년","200","200","-",
"중계본동","85~89세","2025 년","190","190","-",
"중계본동","90~94세","2024 년","77","77","-",
"중계본동","90~94세","2025 년","86","86","-",
"중계본동","95~99세","2024 년","18","18","-",
"중계본동","95~99세","2025 년","18","18","-",
"중계본동","100세 이상","2024 년","2","2","-",
"중계본동","100세 이상","2025 년","4","4","-",
"중계1동","합계","2024 년","26260","26153","107",
"중계1동","합계","2025 년","26075","25977","98",
"중계1동","0~4세","2024 년","318","318","-",
"중계1동","0~4세","2025 년","337","337","-",
"중계1동","5~9세","2024 년","1321","1320","1",
"중계1동","5~9세","2025 년","1218","1217","1",
"중계1동","10~14세","2024 년","2692","2688","4",
"중계1동","10~14세","2025 년","2720","2717","3",
"중계1동","15~19세","2024 년","2490","2486","4",
"중계1동","15~19세","2025 년","2460","2458","2",
"중계1동","20~24세","2024 년","1580","1564","16",
"중계1동","20~24세","2025 년","1509","1496","13",
"중계1동","25~29세","2024 년","1106","1084","22",
"중계1동","25~29세","2025 년","1053","1034","19",
"중계1동","30~34세","2024 년","812","795","17",
"중계1동","30~34세","2025 년","826","811","15",
"중계1동","35~39세","2024 년","1016","1003","13",
"중계1동","35~39세","2025 년","1056","1043","13",
"중계1동","40~44세","2024 년","2495","2488","7",
"중계1동","40~44세","2025 년","2363","2357","6",
"중계1동","45~49세","2024 년","3128","3120","8",
"중계1동","45~49세","2025 년","3161","3150","11",
"중계1동","50~54세","2024 년","3167","3164","3",
"중계1동","50~54세","2025 년","3008","3005","3",
"중계1동","55~59세","2024 년","1798","1793","5",
"중계1동","55~59세","2025 년","1892","1888","4",
"중계1동","60~64세","2024 년","1419","1415","4",
"중계1동","60~64세","2025 년","1383","1381","2",
"중계1동","65~69세","2024 년","1155","1154","1",
"중계1동","65~69세","2025 년","1235","1233","2",
"중계1동","70~74세","2024 년","629","628","1",
"중계1동","70~74세","2025 년","700","697","3",
"중계1동","75~79세","2024 년","468","467","1",
"중계1동","75~79세","2025 년","474","473","1",
"중계1동","80~84세","2024 년","367","367","-",
"중계1동","80~84세","2025 년","365","365","-",
"중계1동","85~89세","2024 년","205","205","-",
"중계1동","85~89세","2025 년","217","217","-",
"중계1동","90~94세","2024 년","83","83","-",
"중계1동","90~94세","2025 년","75","75","-",
"중계1동","95~99세","2024 년","8","8","-",
"중계1동","95~99세","2025 년","22","22","-",
"중계1동","100세 이상","2024 년","3","3","-",
"중계1동","100세 이상","2025 년","1","1","-",
"중계4동","합계","2024 년","19064","18863","201",
"중계4동","합계","2025 년","18827","18600","227",
"중계4동","0~4세","2024 년","266","266","-",
"중계4동","0~4세","2025 년","247","247","-",
"중계4동","5~9세","2024 년","554","551","3",
"중계4동","5~9세","2025 년","527","524","3",
"중계4동","10~14세","2024 년","832","832","-",
"중계4동","10~14세","2025 년","809","807","2",
"중계4동","15~19세","2024 년","1043","1042","1",
"중계4동","15~19세","2025 년","1011","1010","1",
"중계4동","20~24세","2024 년","1135","1114","21",
"중계4동","20~24세","2025 년","1012","994","18",
"중계4동","25~29세","2024 년","1128","1060","68",
"중계4동","25~29세","2025 년","1142","1080","62",
"중계4동","30~34세","2024 년","980","934","46",
"중계4동","30~34세","2025 년","1025","969","56",
"중계4동","35~39세","2024 년","860","833","27",
"중계4동","35~39세","2025 년","849","811","38",
"중계4동","40~44세","2024 년","1225","1210","15",
"중계4동","40~44세","2025 년","1160","1138","22",
"중계4동","45~49세","2024 년","1501","1498","3",
"중계4동","45~49세","2025 년","1441","1436","5",
"중계4동","50~54세","2024 년","1991","1985","6",
"중계4동","50~54세","2025 년","1866","1861","5",
"중계4동","55~59세","2024 년","1664","1662","2",
"중계4동","55~59세","2025 년","1694","1687","7",
"중계4동","60~64세","2024 년","1501","1498","3",
"중계4동","60~64세","2025 년","1497","1494","3",
"중계4동","65~69세","2024 년","1310","1309","1",
"중계4동","65~69세","2025 년","1323","1322","1",
"중계4동","70~74세","2024 년","1010","1008","2",
"중계4동","70~74세","2025 년","1083","1082","1",
"중계4동","75~79세","2024 년","920","919","1",
"중계4동","75~79세","2025 년","941","940","1",
"중계4동","80~84세","2024 년","660","658","2",
"중계4동","80~84세","2025 년","688","686","2",
"중계4동","85~89세","2024 년","326","326","-",
"중계4동","85~89세","2025 년","336","336","-",
"중계4동","90~94세","2024 년","118","118","-",
"중계4동","90~94세","2025 년","137","137","-",
"중계4동","95~99세","2024 년","37","37","-",
"중계4동","95~99세","2025 년","36","36","-",
"중계4동","100세 이상","2024 년","3","3","-",
"중계4동","100세 이상","2025 년","3","3","-",
"중계2.3동","합계","2024 년","31858","31733","125",
"중계2.3동","합계","2025 년","31612","31490","122",
"중계2.3동","0~4세","2024 년","599","598","1",
"중계2.3동","0~4세","2025 년","598","595","3",
"중계2.3동","5~9세","2024 년","791","789","2",
"중계2.3동","5~9세","2025 년","675","672","3",
"중계2.3동","10~14세","2024 년","1106","1104","2",
"중계2.3동","10~14세","2025 년","1101","1098","3",
"중계2.3동","15~19세","2024 년","1379","1378","1",
"중계2.3동","15~19세","2025 년","1323","1321","2",
"중계2.3동","20~24세","2024 년","1677","1673","4",
"중계2.3동","20~24세","2025 년","1515","1514","1",
"중계2.3동","25~29세","2024 년","1798","1791","7",
"중계2.3동","25~29세","2025 년","1807","1795","12",
"중계2.3동","30~34세","2024 년","2089","2067","22",
"중계2.3동","30~34세","2025 년","2070","2049","21",
"중계2.3동","35~39세","2024 년","1853","1833","20",
"중계2.3동","35~39세","2025 년","1876","1859","17",
"중계2.3동","40~44세","2024 년","2087","2078","9",
"중계2.3동","40~44세","2025 년","1961","1949","12",
"중계2.3동","45~49세","2024 년","2363","2346","17",
"중계2.3동","45~49세","2025 년","2280","2268","12",
"중계2.3동","50~54세","2024 년","3024","3011","13",
"중계2.3동","50~54세","2025 년","2896","2884","12",
"중계2.3동","55~59세","2024 년","2503","2492","11",
"중계2.3동","55~59세","2025 년","2565","2555","10",
"중계2.3동","60~64세","2024 년","2490","2480","10",
"중계2.3동","60~64세","2025 년","2417","2409","8",
"중계2.3동","65~69세","2024 년","2500","2496","4",
"중계2.3동","65~69세","2025 년","2544","2540","4",
"중계2.3동","70~74세","2024 년","1830","1829","1",
"중계2.3동","70~74세","2025 년","1948","1947","1",
"중계2.3동","75~79세","2024 년","1591","1591","-",
"중계2.3동","75~79세","2025 년","1720","1720","-",
"중계2.3동","80~84세","2024 년","1219","1218","1",
"중계2.3동","80~84세","2025 년","1276","1275","1",
"중계2.3동","85~89세","2024 년","663","663","-",
"중계2.3동","85~89세","2025 년","711","711","-",
"중계2.3동","90~94세","2024 년","239","239","-",
"중계2.3동","90~94세","2025 년","276","276","-",
"중계2.3동","95~99세","2024 년","52","52","-",
"중계2.3동","95~99세","2025 년","47","47","-",
"중계2.3동","100세 이상","2024 년","5","5","-",
"중계2.3동","100세 이상","2025 년","6","6","-",
"상계1동","합계","2024 년","36588","36418","170",
"상계1동","합계","2025 년","36174","35997","177",
"상계1동","0~4세","2024 년","635","634","1",
"상계1동","0~4세","2025 년","673","673","-",
"상계1동","5~9세","2024 년","1018","1015","3",
"상계1동","5~9세","2025 년","854","852","2",
"상계1동","10~14세","2024 년","1255","1253","2",
"상계1동","10~14세","2025 년","1231","1230","1",
"상계1동","15~19세","2024 년","1569","1564","5",
"상계1동","15~19세","2025 년","1510","1506","4",
"상계1동","20~24세","2024 년","2013","2003","10",
"상계1동","20~24세","2025 년","1805","1800","5",
"상계1동","25~29세","2024 년","2380","2363","17",
"상계1동","25~29세","2025 년","2364","2340","24",
"상계1동","30~34세","2024 년","2313","2281","32",
"상계1동","30~34세","2025 년","2312","2282","30",
"상계1동","35~39세","2024 년","2067","2055","12",
"상계1동","35~39세","2025 년","2044","2021","23",
"상계1동","40~44세","2024 년","2463","2441","22",
"상계1동","40~44세","2025 년","2299","2281","18",
"상계1동","45~49세","2024 년","2414","2394","20",
"상계1동","45~49세","2025 년","2389","2369","20",
"상계1동","50~54세","2024 년","3291","3282","9",
"상계1동","50~54세","2025 년","3023","3010","13",
"상계1동","55~59세","2024 년","3345","3325","20",
"상계1동","55~59세","2025 년","3381","3364","17",
"상계1동","60~64세","2024 년","3398","3393","5",
"상계1동","60~64세","2025 년","3255","3247","8",
"상계1동","65~69세","2024 년","3150","3146","4",
"상계1동","65~69세","2025 년","3270","3267","3",
"상계1동","70~74세","2024 년","2020","2016","4",
"상계1동","70~74세","2025 년","2261","2256","5",
"상계1동","75~79세","2024 년","1426","1424","2",
"상계1동","75~79세","2025 년","1568","1566","2",
"상계1동","80~84세","2024 년","1043","1043","-",
"상계1동","80~84세","2025 년","1059","1059","-",
"상계1동","85~89세","2024 년","555","554","1",
"상계1동","85~89세","2025 년","604","603","1",
"상계1동","90~94세","2024 년","170","170","-",
"상계1동","90~94세","2025 년","204","204","-",
"상계1동","95~99세","2024 년","57","56","1",
"상계1동","95~99세","2025 년","59","58","1",
"상계1동","100세 이상","2024 년","6","6","-",
"상계1동","100세 이상","2025 년","9","9","-",
"상계2동","합계","2024 년","19053","18837","216",
"상계2동","합계","2025 년","18790","18580","210",
"상계2동","0~4세","2024 년","273","270","3",
"상계2동","0~4세","2025 년","269","269","-",
"상계2동","5~9세","2024 년","353","349","4",
"상계2동","5~9세","2025 년","306","302","4",
"상계2동","10~14세","2024 년","625","623","2",
"상계2동","10~14세","2025 년","575","574","1",
"상계2동","15~19세","2024 년","903","885","18",
"상계2동","15~19세","2025 년","854","840","14",
"상계2동","20~24세","2024 년","1348","1302","46",
"상계2동","20~24세","2025 년","1210","1159","51",
"상계2동","25~29세","2024 년","1505","1468","37",
"상계2동","25~29세","2025 년","1486","1448","38",
"상계2동","30~34세","2024 년","1257","1228","29",
"상계2동","30~34세","2025 년","1291","1267","24",
"상계2동","35~39세","2024 년","933","920","13",
"상계2동","35~39세","2025 년","953","934","19",
"상계2동","40~44세","2024 년","1102","1087","15",
"상계2동","40~44세","2025 년","1030","1021","9",
"상계2동","45~49세","2024 년","1324","1307","17",
"상계2동","45~49세","2025 년","1268","1252","16",
"상계2동","50~54세","2024 년","1839","1835","4",
"상계2동","50~54세","2025 년","1733","1725","8",
"상계2동","55~59세","2024 년","1840","1821","19",
"상계2동","55~59세","2025 년","1878","1863","15",
"상계2동","60~64세","2024 년","1764","1758","6",
"상계2동","60~64세","2025 년","1703","1695","8",
"상계2동","65~69세","2024 년","1447","1444","3",
"상계2동","65~69세","2025 년","1514","1511","3",
"상계2동","70~74세","2024 년","951","951","-",
"상계2동","70~74세","2025 년","1077","1077","-",
"상계2동","75~79세","2024 년","671","671","-",
"상계2동","75~79세","2025 년","701","701","-",
"상계2동","80~84세","2024 년","524","524","-",
"상계2동","80~84세","2025 년","537","537","-",
"상계2동","85~89세","2024 년","263","263","-",
"상계2동","85~89세","2025 년","267","267","-",
"상계2동","90~94세","2024 년","101","101","-",
"상계2동","90~94세","2025 년","105","105","-",
"상계2동","95~99세","2024 년","25","25","-",
"상계2동","95~99세","2025 년","29","29","-",
"상계2동","100세 이상","2024 년","5","5","-",
"상계2동","100세 이상","2025 년","4","4","-",
"상계3.4동","합계","2024 년","27266","27152","114",
"상계3.4동","합계","2025 년","26743","26613","130",
"상계3.4동","0~4세","2024 년","503","502","1",
"상계3.4동","0~4세","2025 년","438","438","-",
"상계3.4동","5~9세","2024 년","846","842","4",
"상계3.4동","5~9세","2025 년","748","743","5",
"상계3.4동","10~14세","2024 년","970","968","2",
"상계3.4동","10~14세","2025 년","961","959","2",
"상계3.4동","15~19세","2024 년","1091","1088","3",
"상계3.4동","15~19세","2025 년","1064","1060","4",
"상계3.4동","20~24세","2024 년","1456","1449","7",
"상계3.4동","20~24세","2025 년","1320","1311","9",
"상계3.4동","25~29세","2024 년","1551","1543","8",
"상계3.4동","25~29세","2025 년","1511","1493","18",
"상계3.4동","30~34세","2024 년","1394","1379","15",
"상계3.4동","30~34세","2025 년","1406","1393","13",
"상계3.4동","35~39세","2024 년","1410","1399","11",
"상계3.4동","35~39세","2025 년","1345","1334","11",
"상계3.4동","40~44세","2024 년","1820","1808","12",
"상계3.4동","40~44세","2025 년","1637","1623","14",
"상계3.4동","45~49세","2024 년","1872","1864","8",
"상계3.4동","45~49세","2025 년","1865","1859","6",
"상계3.4동","50~54세","2024 년","2546","2534","12",
"상계3.4동","50~54세","2025 년","2399","2386","13",
"상계3.4동","55~59세","2024 년","2464","2450","14",
"상계3.4동","55~59세","2025 년","2517","2504","13",
"상계3.4동","60~64세","2024 년","2439","2431","8",
"상계3.4동","60~64세","2025 년","2328","2315","13",
"상계3.4동","65~69세","2024 년","2319","2312","7",
"상계3.4동","65~69세","2025 년","2394","2387","7",
"상계3.4동","70~74세","2024 년","1605","1605","-",
"상계3.4동","70~74세","2025 년","1730","1730","-",
"상계3.4동","75~79세","2024 년","1283","1282","1",
"상계3.4동","75~79세","2025 년","1331","1330","1",
"상계3.4동","80~84세","2024 년","1012","1012","-",
"상계3.4동","80~84세","2025 년","1002","1002","-",
"상계3.4동","85~89세","2024 년","519","518","1",
"상계3.4동","85~89세","2025 년","559","559","-",
"상계3.4동","90~94세","2024 년","142","142","-",
"상계3.4동","90~94세","2025 년","159","158","1",
"상계3.4동","95~99세","2024 년","17","17","-",
"상계3.4동","95~99세","2025 년","22","22","-",
"상계3.4동","100세 이상","2024 년","7","7","-",
"상계3.4동","100세 이상","2025 년","7","7","-",
"상계5동","합계","2024 년","22752","22578","174",
"상계5동","합계","2025 년","22309","22152","157",
"상계5동","0~4세","2024 년","316","311","5",
"상계5동","0~4세","2025 년","296","292","4",
"상계5동","5~9세","2024 년","434","430","4",
"상계5동","5~9세","2025 년","364","363","1",
"상계5동","10~14세","2024 년","694","690","4",
"상계5동","10~14세","2025 년","632","628","4",
"상계5동","15~19세","2024 년","915","911","4",
"상계5동","15~19세","2025 년","899","894","5",
"상계5동","20~24세","2024 년","1243","1228","15",
"상계5동","20~24세","2025 년","1092","1077","15",
"상계5동","25~29세","2024 년","1521","1502","19",
"상계5동","25~29세","2025 년","1487","1469","18",
"상계5동","30~34세","2024 년","1473","1452","21",
"상계5동","30~34세","2025 년","1471","1453","18",
"상계5동","35~39세","2024 년","1144","1128","16",
"상계5동","35~39세","2025 년","1116","1098","18",
"상계5동","40~44세","2024 년","1287","1264","23",
"상계5동","40~44세","2025 년","1194","1172","22",
"상계5동","45~49세","2024 년","1551","1538","13",
"상계5동","45~49세","2025 년","1493","1480","13",
"상계5동","50~54세","2024 년","2166","2151","15",
"상계5동","50~54세","2025 년","2046","2029","17",
"상계5동","55~59세","2024 년","2168","2154","14",
"상계5동","55~59세","2025 년","2174","2166","8",
"상계5동","60~64세","2024 년","2093","2081","12",
"상계5동","60~64세","2025 년","2043","2037","6",
"상계5동","65~69세","2024 년","1877","1870","7",
"상계5동","65~69세","2025 년","1932","1929","3",
"상계5동","70~74세","2024 년","1329","1328","1",
"상계5동","70~74세","2025 년","1406","1402","4",
"상계5동","75~79세","2024 년","1071","1070","1",
"상계5동","75~79세","2025 년","1124","1123","1",
"상계5동","80~84세","2024 년","832","832","-",
"상계5동","80~84세","2025 년","865","865","-",
"상계5동","85~89세","2024 년","433","433","-",
"상계5동","85~89세","2025 년","436","436","-",
"상계5동","90~94세","2024 년","153","153","-",
"상계5동","90~94세","2025 년","189","189","-",
"상계5동","95~99세","2024 년","43","43","-",
"상계5동","95~99세","2025 년","44","44","-",
"상계5동","100세 이상","2024 년","9","9","-",
"상계5동","100세 이상","2025 년","6","6","-",
"상계6.7동","합계","2024 년","31174","31000","174",
"상계6.7동","합계","2025 년","30478","30309","169",
"상계6.7동","0~4세","2024 년","805","801","4",
"상계6.7동","0~4세","2025 년","807","806","1",
"상계6.7동","5~9세","2024 년","924","919","5",
"상계6.7동","5~9세","2025 년","797","795","2",
"상계6.7동","10~14세","2024 년","1171","1169","2",
"상계6.7동","10~14세","2025 년","1089","1086","3",
"상계6.7동","15~19세","2024 년","1340","1331","9",
"상계6.7동","15~19세","2025 년","1321","1318","3",
"상계6.7동","20~24세","2024 년","1688","1674","14",
"상계6.7동","20~24세","2025 년","1540","1515","25",
"상계6.7동","25~29세","2024 년","2224","2205","19",
"상계6.7동","25~29세","2025 년","2126","2113","13",
"상계6.7동","30~34세","2024 년","2593","2563","30",
"상계6.7동","30~34세","2025 년","2649","2619","30",
"상계6.7동","35~39세","2024 년","2291","2268","23",
"상계6.7동","35~39세","2025 년","2262","2241","21",
"상계6.7동","40~44세","2024 년","2270","2255","15",
"상계6.7동","40~44세","2025 년","2158","2137","21",
"상계6.7동","45~49세","2024 년","2291","2272","19",
"상계6.7동","45~49세","2025 년","2209","2192","17",
"상계6.7동","50~54세","2024 년","2882","2866","16",
"상계6.7동","50~54세","2025 년","2675","2664","11",
"상계6.7동","55~59세","2024 년","2591","2583","8",
"상계6.7동","55~59세","2025 년","2670","2658","12",
"상계6.7동","60~64세","2024 년","2369","2365","4",
"상계6.7동","60~64세","2025 년","2320","2313","7",
"상계6.7동","65~69세","2024 년","2058","2054","4",
"상계6.7동","65~69세","2025 년","2005","2004","1",
"상계6.7동","70~74세","2024 년","1334","1332","2",
"상계6.7동","70~74세","2025 년","1471","1469","2",
"상계6.7동","75~79세","2024 년","971","971","-",
"상계6.7동","75~79세","2025 년","999","999","-",
"상계6.7동","80~84세","2024 년","688","688","-",
"상계6.7동","80~84세","2025 년","682","682","-",
"상계6.7동","85~89세","2024 년","444","444","-",
"상계6.7동","85~89세","2025 년","452","452","-",
"상계6.7동","90~94세","2024 년","179","179","-",
"상계6.7동","90~94세","2025 년","187","187","-",
"상계6.7동","95~99세","2024 년","54","54","-",
"상계6.7동","95~99세","2025 년","52","52","-",
"상계6.7동","100세 이상","2024 년","7","7","-",
"상계6.7동","100세 이상","2025 년","7","7","-",
"상계8동","합계","2024 년","21594","21533","61",
"상계8동","합계","2025 년","21305","21239","66",
"상계8동","0~4세","2024 년","1051","1051","-",
"상계8동","0~4세","2025 년","1052","1052","-",
"상계8동","5~9세","2024 년","750","750","-",
"상계8동","5~9세","2025 년","710","709","1",
"상계8동","10~14세","2024 년","877","877","-",
"상계8동","10~14세","2025 년","849","849","-",
"상계8동","15~19세","2024 년","779","779","-",
"상계8동","15~19세","2025 년","751","751","-",
"상계8동","20~24세","2024 년","979","971","8",
"상계8동","20~24세","2025 년","855","853","2",
"상계8동","25~29세","2024 년","1279","1274","5",
"상계8동","25~29세","2025 년","1316","1310","6",
"상계8동","30~34세","2024 년","2632","2621","11",
"상계8동","30~34세","2025 년","2566","2553","13",
"상계8동","35~39세","2024 년","2192","2179","13",
"상계8동","35~39세","2025 년","2188","2174","14",
"상계8동","40~44세","2024 년","1907","1899","8",
"상계8동","40~44세","2025 년","1817","1807","10",
"상계8동","45~49세","2024 년","1573","1566","7",
"상계8동","45~49세","2025 년","1560","1553","7",
"상계8동","50~54세","2024 년","1624","1620","4",
"상계8동","50~54세","2025 년","1546","1541","5",
"상계8동","55~59세","2024 년","1452","1451","1",
"상계8동","55~59세","2025 년","1455","1451","4",
"상계8동","60~64세","2024 년","1119","1117","2",
"상계8동","60~64세","2025 년","1139","1137","2",
"상계8동","65~69세","2024 년","1219","1218","1",
"상계8동","65~69세","2025 년","1155","1154","1",
"상계8동","70~74세","2024 년","818","818","-",
"상계8동","70~74세","2025 년","945","945","-",
"상계8동","75~79세","2024 년","584","584","-",
"상계8동","75~79세","2025 년","622","622","-",
"상계8동","80~84세","2024 년","391","390","1",
"상계8동","80~84세","2025 년","399","399","-",
"상계8동","85~89세","2024 년","247","247","-",
"상계8동","85~89세","2025 년","260","259","1",
"상계8동","90~94세","2024 년","103","103","-",
"상계8동","90~94세","2025 년","100","100","-",
"상계8동","95~99세","2024 년","15","15","-",
"상계8동","95~99세","2025 년","19","19","-",
"상계8동","100세 이상","2024 년","3","3","-",
"상계8동","100세 이상","2025 년","1","1","-",
"상계9동","합계","2024 년","19317","19223","94",
"상계9동","합계","2025 년","19039","18959","80",
"상계9동","0~4세","2024 년","409","407","2",
"상계9동","0~4세","2025 년","422","420","2",
"상계9동","5~9세","2024 년","524","521","3",
"상계9동","5~9세","2025 년","476","475","1",
"상계9동","10~14세","2024 년","721","719","2",
"상계9동","10~14세","2025 년","669","667","2",
"상계9동","15~19세","2024 년","910","910","-",
"상계9동","15~19세","2025 년","891","890","1",
"상계9동","20~24세","2024 년","1066","1060","6",
"상계9동","20~24세","2025 년","952","949","3",
"상계9동","25~29세","2024 년","1226","1219","7",
"상계9동","25~29세","2025 년","1178","1173","5",
"상계9동","30~34세","2024 년","1363","1351","12",
"상계9동","30~34세","2025 년","1426","1412","14",
"상계9동","35~39세","2024 년","1301","1284","17",
"상계9동","35~39세","2025 년","1295","1283","12",
"상계9동","40~44세","2024 년","1411","1393","18",
"상계9동","40~44세","2025 년","1334","1318","16",
"상계9동","45~49세","2024 년","1434","1424","10",
"상계9동","45~49세","2025 년","1369","1362","7",
"상계9동","50~54세","2024 년","1803","1800","3",
"상계9동","50~54세","2025 년","1702","1697","5",
"상계9동","55~59세","2024 년","1690","1687","3",
"상계9동","55~59세","2025 년","1700","1698","2",
"상계9동","60~64세","2024 년","1427","1423","4",
"상계9동","60~64세","2025 년","1394","1392","2",
"상계9동","65~69세","2024 년","1437","1434","3",
"상계9동","65~69세","2025 년","1476","1473","3",
"상계9동","70~74세","2024 년","994","991","3",
"상계9동","70~74세","2025 년","1087","1084","3",
"상계9동","75~79세","2024 년","678","678","-",
"상계9동","75~79세","2025 년","728","727","1",
"상계9동","80~84세","2024 년","488","488","-",
"상계9동","80~84세","2025 년","479","479","-",
"상계9동","85~89세","2024 년","281","280","1",
"상계9동","85~89세","2025 년","304","303","1",
"상계9동","90~94세","2024 년","121","121","-",
"상계9동","90~94세","2025 년","113","113","-",
"상계9동","95~99세","2024 년","29","29","-",
"상계9동","95~99세","2025 년","39","39","-",
"상계9동","100세 이상","2024 년","4","4","-",
"상계9동","100세 이상","2025 년","5","5","-",
"상계10동","합계","2024 년","17972","17909","63",
"상계10동","합계","2025 년","17810","17737","73",
"상계10동","0~4세","2024 년","531","530","1",
"상계10동","0~4세","2025 년","527","526","1",
"상계10동","5~9세","2024 년","582","580","2",
"상계10동","5~9세","2025 년","520","519","1",
"상계10동","10~14세","2024 년","663","662","1",
"상계10동","10~14세","2025 년","663","662","1",
"상계10동","15~19세","2024 년","802","801","1",
"상계10동","15~19세","2025 년","766","766","-",
"상계10동","20~24세","2024 년","942","940","2",
"상계10동","20~24세","2025 년","858","850","8",
"상계10동","25~29세","2024 년","1220","1209","11",
"상계10동","25~29세","2025 년","1186","1176","10",
"상계10동","30~34세","2024 년","1494","1480","14",
"상계10동","30~34세","2025 년","1570","1558","12",
"상계10동","35~39세","2024 년","1362","1350","12",
"상계10동","35~39세","2025 년","1367","1352","15",
"상계10동","40~44세","2024 년","1417","1410","7",
"상계10동","40~44세","2025 년","1365","1354","11",
"상계10동","45~49세","2024 년","1331","1329","2",
"상계10동","45~49세","2025 년","1289","1286","3",
"상계10동","50~54세","2024 년","1619","1616","3",
"상계10동","50~54세","2025 년","1563","1559","4",
"상계10동","55~59세","2024 년","1497","1492","5",
"상계10동","55~59세","2025 년","1505","1501","4",
"상계10동","60~64세","2024 년","1327","1325","2",
"상계10동","60~64세","2025 년","1313","1311","2",
"상계10동","65~69세","2024 년","1247","1247","-",
"상계10동","65~69세","2025 년","1261","1260","1",
"상계10동","70~74세","2024 년","763","763","-",
"상계10동","70~74세","2025 년","842","842","-",
"상계10동","75~79세","2024 년","507","507","-",
"상계10동","75~79세","2025 년","531","531","-",
"상계10동","80~84세","2024 년","334","334","-",
"상계10동","80~84세","2025 년","345","345","-",
"상계10동","85~89세","2024 년","226","226","-",
"상계10동","85~89세","2025 년","212","212","-",
"상계10동","90~94세","2024 년","86","86","-",
"상계10동","90~94세","2025 년","102","102","-",
"상계10동","95~99세","2024 년","16","16","-",
"상계10동","95~99세","2025 년","22","22","-",
"상계10동","100세 이상","2024 년","6","6","-",
"상계10동","100세 이상","2025 년","3","3","-",
"은평구","합계","2024 년","465350","460919","4431",
"은평구","합계","2025 년","459586","455137","4449",
"은평구","0~4세","2024 년","9375","9289","86",
"은평구","0~4세","2025 년","9137","9073","64",
"은평구","5~9세","2024 년","12879","12767","112",
"은평구","5~9세","2025 년","11406","11311","95",
"은평구","10~14세","2024 년","16350","16268","82",
"은평구","10~14세","2025 년","15694","15615","79",
"은평구","15~19세","2024 년","18236","18031","205",
"은평구","15~19세","2025 년","18187","17996","191",
"은평구","20~24세","2024 년","24585","24243","342",
"은평구","20~24세","2025 년","22476","22039","437",
"은평구","25~29세","2024 년","35545","35043","502",
"은평구","25~29세","2025 년","34422","33884","538",
"은평구","30~34세","2024 년","37464","36889","575",
"은평구","30~34세","2025 년","37716","37184","532",
"은평구","35~39세","2024 년","29992","29432","560",
"은평구","35~39세","2025 년","30019","29472","547",
"은평구","40~44세","2024 년","34416","33951","465",
"은평구","40~44세","2025 년","32242","31771","471",
"은평구","45~49세","2024 년","33620","33276","344",
"은평구","45~49세","2025 년","33275","32935","340",
"은평구","50~54세","2024 년","40893","40570","323",
"은평구","50~54세","2025 년","39117","38795","322",
"은평구","55~59세","2024 년","37353","37028","325",
"은평구","55~59세","2025 년","38147","37819","328",
"은평구","60~64세","2024 년","36579","36344","235",
"은평구","60~64세","2025 년","35263","35024","239",
"은평구","65~69세","2024 년","33261","33113","148",
"은평구","65~69세","2025 년","34241","34105","136",
"은평구","70~74세","2024 년","23021","22963","58",
"은평구","70~74세","2025 년","24837","24773","64",
"은평구","75~79세","2024 년","18534","18502","32",
"은평구","75~79세","2025 년","19169","19140","29",
"은평구","80~84세","2024 년","13551","13534","17",
"은평구","80~84세","2025 년","13739","13719","20",
"은평구","85~89세","2024 년","7062","7049","13",
"은평구","85~89세","2025 년","7479","7466","13",
"은평구","90~94세","2024 년","2099","2095","4",
"은평구","90~94세","2025 년","2425","2423","2",
"은평구","95~99세","2024 년","466","463","3",
"은평구","95~99세","2025 년","526","524","2",
"은평구","100세 이상","2024 년","69","69","-",
"은평구","100세 이상","2025 년","69","69","-",
"녹번동","합계","2024 년","35987","35578","409",
"녹번동","합계","2025 년","35504","35103","401",
"녹번동","0~4세","2024 년","889","881","8",
"녹번동","0~4세","2025 년","807","800","7",
"녹번동","5~9세","2024 년","1011","1001","10",
"녹번동","5~9세","2025 년","892","884","8",
"녹번동","10~14세","2024 년","1071","1064","7",
"녹번동","10~14세","2025 년","1022","1015","7",
"녹번동","15~19세","2024 년","1026","1005","21",
"녹번동","15~19세","2025 년","1028","1007","21",
"녹번동","20~24세","2024 년","1710","1692","18",
"녹번동","20~24세","2025 년","1544","1522","22",
"녹번동","25~29세","2024 년","2621","2579","42",
"녹번동","25~29세","2025 년","2563","2527","36",
"녹번동","30~34세","2024 년","3105","3064","41",
"녹번동","30~34세","2025 년","3004","2971","33",
"녹번동","35~39세","2024 년","2550","2491","59",
"녹번동","35~39세","2025 년","2537","2480","57",
"녹번동","40~44세","2024 년","2813","2768","45",
"녹번동","40~44세","2025 년","2594","2543","51",
"녹번동","45~49세","2024 년","2473","2449","24",
"녹번동","45~49세","2025 년","2487","2465","22",
"녹번동","50~54세","2024 년","2996","2964","32",
"녹번동","50~54세","2025 년","2868","2835","33",
"녹번동","55~59세","2024 년","2851","2820","31",
"녹번동","55~59세","2025 년","2918","2882","36",
"녹번동","60~64세","2024 년","2889","2862","27",
"녹번동","60~64세","2025 년","2813","2789","24",
"녹번동","65~69세","2024 년","2605","2586","19",
"녹번동","65~69세","2025 년","2741","2724","17",
"녹번동","70~74세","2024 년","1898","1887","11",
"녹번동","70~74세","2025 년","2032","2020","12",
"녹번동","75~79세","2024 년","1546","1539","7",
"녹번동","75~79세","2025 년","1608","1601","7",
"녹번동","80~84세","2024 년","1126","1124","2",
"녹번동","80~84세","2025 년","1158","1154","4",
"녹번동","85~89세","2024 년","583","581","2",
"녹번동","85~89세","2025 년","634","632","2",
"녹번동","90~94세","2024 년","177","175","2",
"녹번동","90~94세","2025 년","192","191","1",
"녹번동","95~99세","2024 년","44","43","1",
"녹번동","95~99세","2025 년","58","57","1",
"녹번동","100세 이상","2024 년","3","3","-",
"녹번동","100세 이상","2025 년","4","4","-",
"불광1동","합계","2024 년","37564","37311","253",
"불광1동","합계","2025 년","34670","34424","246",
"불광1동","0~4세","2024 년","775","772","3",
"불광1동","0~4세","2025 년","676","673","3",
"불광1동","5~9세","2024 년","891","890","1",
"불광1동","5~9세","2025 년","778","778","-",
"불광1동","10~14세","2024 년","1124","1121","3",
"불광1동","10~14세","2025 년","1008","1004","4",
"불광1동","15~19세","2024 년","1177","1174","3",
"불광1동","15~19세","2025 년","1136","1131","5",
"불광1동","20~24세","2024 년","1812","1802","10",
"불광1동","20~24세","2025 년","1590","1578","12",
"불광1동","25~29세","2024 년","2901","2876","25",
"불광1동","25~29세","2025 년","2660","2630","30",
"불광1동","30~34세","2024 년","3047","3015","32",
"불광1동","30~34세","2025 년","2976","2943","33",
"불광1동","35~39세","2024 년","2430","2387","43",
"불광1동","35~39세","2025 년","2238","2198","40",
"불광1동","40~44세","2024 년","2544","2522","22",
"불광1동","40~44세","2025 년","2295","2271","24",
"불광1동","45~49세","2024 년","2544","2526","18",
"불광1동","45~49세","2025 년","2366","2349","17",
"불광1동","50~54세","2024 년","3187","3167","20",
"불광1동","50~54세","2025 년","2794","2775","19",
"불광1동","55~59세","2024 년","3174","3148","26",
"불광1동","55~59세","2025 년","2915","2898","17",
"불광1동","60~64세","2024 년","3256","3238","18",
"불광1동","60~64세","2025 년","2849","2832","17",
"불광1동","65~69세","2024 년","2891","2875","16",
"불광1동","65~69세","2025 년","2787","2777","10",
"불광1동","70~74세","2024 년","1942","1934","8",
"불광1동","70~74세","2025 년","1956","1946","10",
"불광1동","75~79세","2024 년","1632","1628","4",
"불광1동","75~79세","2025 년","1514","1511","3",
"불광1동","80~84세","2024 년","1270","1270","-",
"불광1동","80~84세","2025 년","1156","1155","1",
"불광1동","85~89세","2024 년","696","696","-",
"불광1동","85~89세","2025 년","683","683","-",
"불광1동","90~94세","2024 년","221","220","1",
"불광1동","90~94세","2025 년","242","241","1",
"불광1동","95~99세","2024 년","45","45","-",
"불광1동","95~99세","2025 년","47","47","-",
"불광1동","100세 이상","2024 년","5","5","-",
"불광1동","100세 이상","2025 년","4","4","-",
"불광2동","합계","2024 년","26813","26566","247",
"불광2동","합계","2025 년","26443","26181","262",
"불광2동","0~4세","2024 년","304","301","3",
"불광2동","0~4세","2025 년","273","270","3",
"불광2동","5~9세","2024 년","427","423","4",
"불광2동","5~9세","2025 년","342","340","2",
"불광2동","10~14세","2024 년","595","594","1",
"불광2동","10~14세","2025 년","576","575","1",
"불광2동","15~19세","2024 년","776","770","6",
"불광2동","15~19세","2025 년","740","737","3",
"불광2동","20~24세","2024 년","1370","1353","17",
"불광2동","20~24세","2025 년","1185","1161","24",
"불광2동","25~29세","2024 년","2330","2310","20",
"불광2동","25~29세","2025 년","2294","2267","27",
"불광2동","30~34세","2024 년","2350","2312","38",
"불광2동","30~34세","2025 년","2376","2347","29",
"불광2동","35~39세","2024 년","1513","1491","22",
"불광2동","35~39세","2025 년","1546","1508","38",
"불광2동","40~44세","2024 년","1700","1672","28",
"불광2동","40~44세","2025 년","1548","1520","28",
"불광2동","45~49세","2024 년","1658","1632","26",
"불광2동","45~49세","2025 년","1612","1591","21",
"불광2동","50~54세","2024 년","2228","2206","22",
"불광2동","50~54세","2025 년","2065","2041","24",
"불광2동","55~59세","2024 년","2381","2360","21",
"불광2동","55~59세","2025 년","2421","2398","23",
"불광2동","60~64세","2024 년","2459","2438","21",
"불광2동","60~64세","2025 년","2364","2340","24",
"불광2동","65~69세","2024 년","2225","2217","8",
"불광2동","65~69세","2025 년","2406","2401","5",
"불광2동","70~74세","2024 년","1594","1590","4",
"불광2동","70~74세","2025 년","1659","1655","4",
"불광2동","75~79세","2024 년","1277","1275","2",
"불광2동","75~79세","2025 년","1324","1321","3",
"불광2동","80~84세","2024 년","1004","1002","2",
"불광2동","80~84세","2025 년","1022","1020","2",
"불광2동","85~89세","2024 년","473","471","2",
"불광2동","85~89세","2025 년","518","517","1",
"불광2동","90~94세","2024 년","118","118","-",
"불광2동","90~94세","2025 년","137","137","-",
"불광2동","95~99세","2024 년","27","27","-",
"불광2동","95~99세","2025 년","30","30","-",
"불광2동","100세 이상","2024 년","4","4","-",
"불광2동","100세 이상","2025 년","5","5","-",
"갈현1동","합계","2024 년","14326","14180","146",
"갈현1동","합계","2025 년","14138","13993","145",
"갈현1동","0~4세","2024 년","152","149","3",
"갈현1동","0~4세","2025 년","143","141","2",
"갈현1동","5~9세","2024 년","261","259","2",
"갈현1동","5~9세","2025 년","229","228","1",
"갈현1동","10~14세","2024 년","424","423","1",
"갈현1동","10~14세","2025 년","393","393","-",
"갈현1동","15~19세","2024 년","488","481","7",
"갈현1동","15~19세","2025 년","473","467","6",
"갈현1동","20~24세","2024 년","778","770","8",
"갈현1동","20~24세","2025 년","713","697","16",
"갈현1동","25~29세","2024 년","1241","1230","11",
"갈현1동","25~29세","2025 년","1203","1188","15",
"갈현1동","30~34세","2024 년","1248","1225","23",
"갈현1동","30~34세","2025 년","1260","1243","17",
"갈현1동","35~39세","2024 년","843","831","12",
"갈현1동","35~39세","2025 년","849","837","12",
"갈현1동","40~44세","2024 년","937","920","17",
"갈현1동","40~44세","2025 년","874","858","16",
"갈현1동","45~49세","2024 년","939","923","16",
"갈현1동","45~49세","2025 년","943","928","15",
"갈현1동","50~54세","2024 년","1299","1281","18",
"갈현1동","50~54세","2025 년","1233","1219","14",
"갈현1동","55~59세","2024 년","1164","1154","10",
"갈현1동","55~59세","2025 년","1182","1169","13",
"갈현1동","60~64세","2024 년","1218","1208","10",
"갈현1동","60~64세","2025 년","1177","1169","8",
"갈현1동","65~69세","2024 년","1167","1165","2",
"갈현1동","65~69세","2025 년","1172","1167","5",
"갈현1동","70~74세","2024 년","768","766","2",
"갈현1동","70~74세","2025 년","831","830","1",
"갈현1동","75~79세","2024 년","647","644","3",
"갈현1동","75~79세","2025 년","685","682","3",
"갈현1동","80~84세","2024 년","446","446","-",
"갈현1동","80~84세","2025 년","461","461","-",
"갈현1동","85~89세","2024 년","216","216","-",
"갈현1동","85~89세","2025 년","226","226","-",
"갈현1동","90~94세","2024 년","71","71","-",
"갈현1동","90~94세","2025 년","72","72","-",
"갈현1동","95~99세","2024 년","16","15","1",
"갈현1동","95~99세","2025 년","15","14","1",
"갈현1동","100세 이상","2024 년","3","3","-",
"갈현1동","100세 이상","2025 년","4","4","-",
"갈현2동","합계","2024 년","27577","27308","269",
"갈현2동","합계","2025 년","27051","26779","272",
"갈현2동","0~4세","2024 년","314","312","2",
"갈현2동","0~4세","2025 년","318","314","4",
"갈현2동","5~9세","2024 년","621","615","6",
"갈현2동","5~9세","2025 년","494","486","8",
"갈현2동","10~14세","2024 년","931","928","3",
"갈현2동","10~14세","2025 년","871","866","5",
"갈현2동","15~19세","2024 년","1237","1190","47",
"갈현2동","15~19세","2025 년","1193","1158","35",
"갈현2동","20~24세","2024 년","1593","1582","11",
"갈현2동","20~24세","2025 년","1438","1425","13",
"갈현2동","25~29세","2024 년","2264","2239","25",
"갈현2동","25~29세","2025 년","2160","2131","29",
"갈현2동","30~34세","2024 년","2076","2045","31",
"갈현2동","30~34세","2025 년","2199","2169","30",
"갈현2동","35~39세","2024 년","1576","1550","26",
"갈현2동","35~39세","2025 년","1509","1477","32",
"갈현2동","40~44세","2024 년","1871","1845","26",
"갈현2동","40~44세","2025 년","1723","1696","27",
"갈현2동","45~49세","2024 년","2019","1994","25",
"갈현2동","45~49세","2025 년","1970","1946","24",
"갈현2동","50~54세","2024 년","2577","2556","21",
"갈현2동","50~54세","2025 년","2445","2421","24",
"갈현2동","55~59세","2024 년","2419","2392","27",
"갈현2동","55~59세","2025 년","2419","2399","20",
"갈현2동","60~64세","2024 년","2272","2263","9",
"갈현2동","60~64세","2025 년","2216","2203","13",
"갈현2동","65~69세","2024 년","2000","1996","4",
"갈현2동","65~69세","2025 년","2070","2067","3",
"갈현2동","70~74세","2024 년","1337","1335","2",
"갈현2동","70~74세","2025 년","1436","1434","2",
"갈현2동","75~79세","2024 년","1144","1142","2",
"갈현2동","75~79세","2025 년","1220","1217","3",
"갈현2동","80~84세","2024 년","773","773","-",
"갈현2동","80~84세","2025 년","770","770","-",
"갈현2동","85~89세","2024 년","420","419","1",
"갈현2동","85~89세","2025 년","444","444","-",
"갈현2동","90~94세","2024 년","108","107","1",
"갈현2동","90~94세","2025 년","130","130","-",
"갈현2동","95~99세","2024 년","24","24","-",
"갈현2동","95~99세","2025 년","25","25","-",
"갈현2동","100세 이상","2024 년","1","1","-",
"갈현2동","100세 이상","2025 년","1","1","-",
"구산동","합계","2024 년","31254","31045","209",
"구산동","합계","2025 년","30861","30648","213",
"구산동","0~4세","2024 년","418","413","5",
"구산동","0~4세","2025 년","414","410","4",
"구산동","5~9세","2024 년","723","718","5",
"구산동","5~9세","2025 년","640","634","6",
"구산동","10~14세","2024 년","1084","1077","7",
"구산동","10~14세","2025 년","1038","1031","7",
"구산동","15~19세","2024 년","1338","1335","3",
"구산동","15~19세","2025 년","1319","1317","2",
"구산동","20~24세","2024 년","1762","1748","14",
"구산동","20~24세","2025 년","1556","1539","17",
"구산동","25~29세","2024 년","2275","2254","21",
"구산동","25~29세","2025 년","2150","2131","19",
"구산동","30~34세","2024 년","2189","2167","22",
"구산동","30~34세","2025 년","2245","2223","22",
"구산동","35~39세","2024 년","1633","1598","35",
"구산동","35~39세","2025 년","1651","1618","33",
"구산동","40~44세","2024 년","2136","2111","25",
"구산동","40~44세","2025 년","2010","1986","24",
"구산동","45~49세","2024 년","2175","2161","14",
"구산동","45~49세","2025 년","2139","2125","14",
"구산동","50~54세","2024 년","2967","2949","18",
"구산동","50~54세","2025 년","2814","2797","17",
"구산동","55~59세","2024 년","2741","2727","14",
"구산동","55~59세","2025 년","2796","2781","15",
"구산동","60~64세","2024 년","2797","2783","14",
"구산동","60~64세","2025 년","2723","2709","14",
"구산동","65~69세","2024 년","2422","2415","7",
"구산동","65~69세","2025 년","2487","2476","11",
"구산동","70~74세","2024 년","1676","1674","2",
"구산동","70~74세","2025 년","1841","1836","5",
"구산동","75~79세","2024 년","1300","1299","1",
"구산동","75~79세","2025 년","1361","1361","-",
"구산동","80~84세","2024 년","945","944","1",
"구산동","80~84세","2025 년","955","953","2",
"구산동","85~89세","2024 년","500","499","1",
"구산동","85~89세","2025 년","525","524","1",
"구산동","90~94세","2024 년","136","136","-",
"구산동","90~94세","2025 년","156","156","-",
"구산동","95~99세","2024 년","34","34","-",
"구산동","95~99세","2025 년","36","36","-",
"구산동","100세 이상","2024 년","3","3","-",
"구산동","100세 이상","2025 년","5","5","-",
"대조동","합계","2024 년","27647","27248","399",
"대조동","합계","2025 년","27406","26990","416",
"대조동","0~4세","2024 년","396","388","8",
"대조동","0~4세","2025 년","398","393","5",
"대조동","5~9세","2024 년","442","435","7",
"대조동","5~9세","2025 년","379","373","6",
"대조동","10~14세","2024 년","614","606","8",
"대조동","10~14세","2025 년","583","576","7",
"대조동","15~19세","2024 년","752","730","22",
"대조동","15~19세","2025 년","719","708","11",
"대조동","20~24세","2024 년","1631","1588","43",
"대조동","20~24세","2025 년","1439","1385","54",
"대조동","25~29세","2024 년","3343","3264","79",
"대조동","25~29세","2025 년","3259","3165","94",
"대조동","30~34세","2024 년","3383","3333","50",
"대조동","30~34세","2025 년","3412","3358","54",
"대조동","35~39세","2024 년","1918","1876","42",
"대조동","35~39세","2025 년","2004","1957","47",
"대조동","40~44세","2024 년","1760","1735","25",
"대조동","40~44세","2025 년","1627","1600","27",
"대조동","45~49세","2024 년","1701","1675","26",
"대조동","45~49세","2025 년","1713","1690","23",
"대조동","50~54세","2024 년","2075","2052","23",
"대조동","50~54세","2025 년","1980","1959","21",
"대조동","55~59세","2024 년","2016","1987","29",
"대조동","55~59세","2025 년","2050","2021","29",
"대조동","60~64세","2024 년","2004","1990","14",
"대조동","60~64세","2025 년","1893","1874","19",
"대조동","65~69세","2024 년","1781","1766","15",
"대조동","65~69세","2025 년","1884","1871","13",
"대조동","70~74세","2024 년","1249","1245","4",
"대조동","70~74세","2025 년","1348","1344","4",
"대조동","75~79세","2024 년","1152","1149","3",
"대조동","75~79세","2025 년","1170","1169","1",
"대조동","80~84세","2024 년","845","844","1",
"대조동","80~84세","2025 년","896","895","1",
"대조동","85~89세","2024 년","448","448","-",
"대조동","85~89세","2025 년","480","480","-",
"대조동","90~94세","2024 년","109","109","-",
"대조동","90~94세","2025 년","149","149","-",
"대조동","95~99세","2024 년","23","23","-",
"대조동","95~99세","2025 년","21","21","-",
"대조동","100세 이상","2024 년","5","5","-",
"대조동","100세 이상","2025 년","2","2","-",
"응암1동","합계","2024 년","32546","32175","371",
"응암1동","합계","2025 년","32352","32004","348",
"응암1동","0~4세","2024 년","855","847","8",
"응암1동","0~4세","2025 년","825","817","8",
"응암1동","5~9세","2024 년","1131","1125","6",
"응암1동","5~9세","2025 년","958","951","7",
"응암1동","10~14세","2024 년","1222","1216","6",
"응암1동","10~14세","2025 년","1219","1213","6",
"응암1동","15~19세","2024 년","1298","1295","3",
"응암1동","15~19세","2025 년","1262","1259","3",
"응암1동","20~24세","2024 년","1742","1714","28",
"응암1동","20~24세","2025 년","1665","1639","26",
"응암1동","25~29세","2024 년","2495","2438","57",
"응암1동","25~29세","2025 년","2475","2419","56",
"응암1동","30~34세","2024 년","2735","2676","59",
"응암1동","30~34세","2025 년","2741","2691","50",
"응암1동","35~39세","2024 년","2485","2442","43",
"응암1동","35~39세","2025 년","2425","2391","34",
"응암1동","40~44세","2024 년","2694","2660","34",
"응암1동","40~44세","2025 년","2577","2543","34",
"응암1동","45~49세","2024 년","2532","2503","29",
"응암1동","45~49세","2025 년","2494","2468","26",
"응암1동","50~54세","2024 년","2741","2712","29",
"응암1동","50~54세","2025 년","2681","2658","23",
"응암1동","55~59세","2024 년","2507","2481","26",
"응암1동","55~59세","2025 년","2589","2561","28",
"응암1동","60~64세","2024 년","2178","2161","17",
"응암1동","60~64세","2025 년","2178","2157","21",
"응암1동","65~69세","2024 년","2001","1981","20",
"응암1동","65~69세","2025 년","2078","2060","18",
"응암1동","70~74세","2024 년","1345","1341","4",
"응암1동","70~74세","2025 년","1461","1455","6",
"응암1동","75~79세","2024 년","1180","1180","-",
"응암1동","75~79세","2025 년","1210","1209","1",
"응암1동","80~84세","2024 년","812","810","2",
"응암1동","80~84세","2025 년","875","874","1",
"응암1동","85~89세","2024 년","440","440","-",
"응암1동","85~89세","2025 년","453","453","-",
"응암1동","90~94세","2024 년","121","121","-",
"응암1동","90~94세","2025 년","148","148","-",
"응암1동","95~99세","2024 년","25","25","-",
"응암1동","95~99세","2025 년","35","35","-",
"응암1동","100세 이상","2024 년","7","7","-",
"응암1동","100세 이상","2025 년","3","3","-",
"응암2동","합계","2024 년","27353","27142","211",
"응암2동","합계","2025 년","27091","26878","213",
"응암2동","0~4세","2024 년","1082","1077","5",
"응암2동","0~4세","2025 년","1060","1057","3",
"응암2동","5~9세","2024 년","1473","1465","8",
"응암2동","5~9세","2025 년","1324","1315","9",
"응암2동","10~14세","2024 년","1543","1538","5",
"응암2동","10~14세","2025 년","1532","1527","5",
"응암2동","15~19세","2024 년","1140","1133","7",
"응암2동","15~19세","2025 년","1186","1179","7",
"응암2동","20~24세","2024 년","1086","1074","12",
"응암2동","20~24세","2025 년","1029","1016","13",
"응암2동","25~29세","2024 년","1315","1297","18",
"응암2동","25~29세","2025 년","1264","1248","16",
"응암2동","30~34세","2024 년","1802","1781","21",
"응암2동","30~34세","2025 년","1748","1728","20",
"응암2동","35~39세","2024 년","2289","2257","32",
"응암2동","35~39세","2025 년","2196","2166","30",
"응암2동","40~44세","2024 년","2961","2931","30",
"응암2동","40~44세","2025 년","2807","2774","33",
"응암2동","45~49세","2024 년","2557","2540","17",
"응암2동","45~49세","2025 년","2581","2564","17",
"응암2동","50~54세","2024 년","2295","2281","14",
"응암2동","50~54세","2025 년","2332","2314","18",
"응암2동","55~59세","2024 년","1784","1770","14",
"응암2동","55~59세","2025 년","1846","1834","12",
"응암2동","60~64세","2024 년","1576","1566","10",
"응암2동","60~64세","2025 년","1548","1537","11",
"응암2동","65~69세","2024 년","1534","1526","8",
"응암2동","65~69세","2025 년","1558","1549","9",
"응암2동","70~74세","2024 년","1064","1059","5",
"응암2동","70~74세","2025 년","1142","1138","4",
"응암2동","75~79세","2024 년","821","820","1",
"응암2동","75~79세","2025 년","877","875","2",
"응암2동","80~84세","2024 년","586","584","2",
"응암2동","80~84세","2025 년","588","587","1",
"응암2동","85~89세","2024 년","319","317","2",
"응암2동","85~89세","2025 년","340","337","3",
"응암2동","90~94세","2024 년","102","102","-",
"응암2동","90~94세","2025 년","108","108","-",
"응암2동","95~99세","2024 년","20","20","-",
"응암2동","95~99세","2025 년","22","22","-",
"응암2동","100세 이상","2024 년","4","4","-",
"응암2동","100세 이상","2025 년","3","3","-",
"응암3동","합계","2024 년","23656","23196","460",
"응암3동","합계","2025 년","23448","22889","559",
"응암3동","0~4세","2024 년","281","278","3",
"응암3동","0~4세","2025 년","258","254","4",
"응암3동","5~9세","2024 년","385","370","15",
"응암3동","5~9세","2025 년","339","328","11",
"응암3동","10~14세","2024 년","564","558","6",
"응암3동","10~14세","2025 년","518","510","8",
"응암3동","15~19세","2024 년","690","637","53",
"응암3동","15~19세","2025 년","706","645","61",
"응암3동","20~24세","2024 년","1253","1168","85",
"응암3동","20~24세","2025 년","1197","1050","147",
"응암3동","25~29세","2024 년","2009","1952","57",
"응암3동","25~29세","2025 년","1976","1879","97",
"응암3동","30~34세","2024 년","1967","1918","49",
"응암3동","30~34세","2025 년","2021","1973","48",
"응암3동","35~39세","2024 년","1385","1347","38",
"응암3동","35~39세","2025 년","1356","1317","39",
"응암3동","40~44세","2024 년","1556","1524","32",
"응암3동","40~44세","2025 년","1446","1421","25",
"응암3동","45~49세","2024 년","1462","1429","33",
"응암3동","45~49세","2025 년","1466","1431","35",
"응암3동","50~54세","2024 년","1988","1962","26",
"응암3동","50~54세","2025 년","1866","1837","29",
"응암3동","55~59세","2024 년","1877","1853","24",
"응암3동","55~59세","2025 년","1871","1847","24",
"응암3동","60~64세","2024 년","2034","2009","25",
"응암3동","60~64세","2025 년","1991","1970","21",
"응암3동","65~69세","2024 년","1917","1907","10",
"응암3동","65~69세","2025 년","1951","1945","6",
"응암3동","70~74세","2024 년","1425","1424","1",
"응암3동","70~74세","2025 년","1499","1498","1",
"응암3동","75~79세","2024 년","1206","1203","3",
"응암3동","75~79세","2025 년","1245","1243","2",
"응암3동","80~84세","2024 년","961","961","-",
"응암3동","80~84세","2025 년","964","963","1",
"응암3동","85~89세","2024 년","501","501","-",
"응암3동","85~89세","2025 년","555","555","-",
"응암3동","90~94세","2024 년","153","153","-",
"응암3동","90~94세","2025 년","173","173","-",
"응암3동","95~99세","2024 년","37","37","-",
"응암3동","95~99세","2025 년","43","43","-",
"응암3동","100세 이상","2024 년","5","5","-",
"응암3동","100세 이상","2025 년","7","7","-",
"역촌동","합계","2024 년","44425","43953","472",
"역촌동","합계","2025 년","44974","44528","446",
"역촌동","0~4세","2024 년","699","692","7",
"역촌동","0~4세","2025 년","772","768","4",
"역촌동","5~9세","2024 년","1014","1004","10",
"역촌동","5~9세","2025 년","909","899","10",
"역촌동","10~14세","2024 년","1452","1445","7",
"역촌동","10~14세","2025 년","1429","1423","6",
"역촌동","15~19세","2024 년","1599","1590","9",
"역촌동","15~19세","2025 년","1673","1662","11",
"역촌동","20~24세","2024 년","2230","2190","40",
"역촌동","20~24세","2025 년","2014","1975","39",
"역촌동","25~29세","2024 년","3444","3388","56",
"역촌동","25~29세","2025 년","3330","3279","51",
"역촌동","30~34세","2024 년","3574","3513","61",
"역촌동","30~34세","2025 년","3729","3671","58",
"역촌동","35~39세","2024 년","2687","2614","73",
"역촌동","35~39세","2025 년","2865","2810","55",
"역촌동","40~44세","2024 년","3379","3325","54",
"역촌동","40~44세","2025 년","3172","3114","58",
"역촌동","45~49세","2024 년","3281","3255","26",
"역촌동","45~49세","2025 년","3412","3379","33",
"역촌동","50~54세","2024 년","3929","3893","36",
"역촌동","50~54세","2025 년","3827","3796","31",
"역촌동","55~59세","2024 년","3674","3632","42",
"역촌동","55~59세","2025 년","3824","3783","41",
"역촌동","60~64세","2024 년","3731","3707","24",
"역촌동","60~64세","2025 년","3646","3624","22",
"역촌동","65~69세","2024 년","3242","3225","17",
"역촌동","65~69세","2025 년","3420","3406","14",
"역촌동","70~74세","2024 년","2375","2372","3",
"역촌동","70~74세","2025 년","2636","2630","6",
"역촌동","75~79세","2024 년","1866","1865","1",
"역촌동","75~79세","2025 년","1942","1942","-",
"역촌동","80~84세","2024 년","1357","1354","3",
"역촌동","80~84세","2025 년","1406","1402","4",
"역촌동","85~89세","2024 년","669","666","3",
"역촌동","85~89세","2025 년","713","710","3",
"역촌동","90~94세","2024 년","185","185","-",
"역촌동","90~94세","2025 년","212","212","-",
"역촌동","95~99세","2024 년","32","32","-",
"역촌동","95~99세","2025 년","37","37","-",
"역촌동","100세 이상","2024 년","6","6","-",
"역촌동","100세 이상","2025 년","6","6","-",
"신사1동","합계","2024 년","26253","26030","223",
"신사1동","합계","2025 년","25938","25725","213",
"신사1동","0~4세","2024 년","431","429","2",
"신사1동","0~4세","2025 년","438","437","1",
"신사1동","5~9세","2024 년","640","636","4",
"신사1동","5~9세","2025 년","577","573","4",
"신사1동","10~14세","2024 년","786","783","3",
"신사1동","10~14세","2025 년","760","759","1",
"신사1동","15~19세","2024 년","946","944","2",
"신사1동","15~19세","2025 년","914","913","1",
"신사1동","20~24세","2024 년","1393","1385","8",
"신사1동","20~24세","2025 년","1269","1261","8",
"신사1동","25~29세","2024 년","2056","2029","27",
"신사1동","25~29세","2025 년","1932","1912","20",
"신사1동","30~34세","2024 년","2082","2050","32",
"신사1동","30~34세","2025 년","2121","2089","32",
"신사1동","35~39세","2024 년","1693","1662","31",
"신사1동","35~39세","2025 년","1704","1670","34",
"신사1동","40~44세","2024 년","1868","1843","25",
"신사1동","40~44세","2025 년","1732","1708","24",
"신사1동","45~49세","2024 년","1824","1801","23",
"신사1동","45~49세","2025 년","1803","1780","23",
"신사1동","50~54세","2024 년","2273","2254","19",
"신사1동","50~54세","2025 년","2168","2149","19",
"신사1동","55~59세","2024 년","2213","2193","20",
"신사1동","55~59세","2025 년","2270","2249","21",
"신사1동","60~64세","2024 년","2222","2207","15",
"신사1동","60~64세","2025 년","2103","2090","13",
"신사1동","65~69세","2024 년","2083","2074","9",
"신사1동","65~69세","2025 년","2149","2139","10",
"신사1동","70~74세","2024 년","1333","1331","2",
"신사1동","70~74세","2025 년","1449","1447","2",
"신사1동","75~79세","2024 년","1118","1118","-",
"신사1동","75~79세","2025 년","1154","1154","-",
"신사1동","80~84세","2024 년","784","784","-",
"신사1동","80~84세","2025 년","818","818","-",
"신사1동","85~89세","2024 년","370","370","-",
"신사1동","85~89세","2025 년","405","405","-",
"신사1동","90~94세","2024 년","113","113","-",
"신사1동","90~94세","2025 년","147","147","-",
"신사1동","95~99세","2024 년","21","20","1",
"신사1동","95~99세","2025 년","22","22","-",
"신사1동","100세 이상","2024 년","4","4","-",
"신사1동","100세 이상","2025 년","3","3","-",
"신사2동","합계","2024 년","18887","18710","177",
"신사2동","합계","2025 년","18957","18759","198",
"신사2동","0~4세","2024 년","324","320","4",
"신사2동","0~4세","2025 년","337","334","3",
"신사2동","5~9세","2024 년","458","455","3",
"신사2동","5~9세","2025 년","393","391","2",
"신사2동","10~14세","2024 년","610","608","2",
"신사2동","10~14세","2025 년","612","610","2",
"신사2동","15~19세","2024 년","700","691","9",
"신사2동","15~19세","2025 년","735","719","16",
"신사2동","20~24세","2024 년","943","927","16",
"신사2동","20~24세","2025 년","857","832","25",
"신사2동","25~29세","2024 년","1372","1352","20",
"신사2동","25~29세","2025 년","1308","1296","12",
"신사2동","30~34세","2024 년","1532","1505","27",
"신사2동","30~34세","2025 년","1577","1548","29",
"신사2동","35~39세","2024 년","1157","1137","20",
"신사2동","35~39세","2025 년","1202","1173","29",
"신사2동","40~44세","2024 년","1368","1347","21",
"신사2동","40~44세","2025 년","1327","1307","20",
"신사2동","45~49세","2024 년","1306","1292","14",
"신사2동","45~49세","2025 년","1300","1291","9",
"신사2동","50~54세","2024 년","1587","1573","14",
"신사2동","50~54세","2025 년","1518","1499","19",
"신사2동","55~59세","2024 년","1558","1546","12",
"신사2동","55~59세","2025 년","1627","1613","14",
"신사2동","60~64세","2024 년","1611","1606","5",
"신사2동","60~64세","2025 년","1581","1574","7",
"신사2동","65~69세","2024 년","1561","1555","6",
"신사2동","65~69세","2025 년","1588","1581","7",
"신사2동","70~74세","2024 년","1100","1099","1",
"신사2동","70~74세","2025 년","1202","1201","1",
"신사2동","75~79세","2024 년","737","736","1",
"신사2동","75~79세","2025 년","825","824","1",
"신사2동","80~84세","2024 년","546","544","2",
"신사2동","80~84세","2025 년","540","539","1",
"신사2동","85~89세","2024 년","296","296","-",
"신사2동","85~89세","2025 년","300","299","1",
"신사2동","90~94세","2024 년","97","97","-",
"신사2동","90~94세","2025 년","106","106","-",
"신사2동","95~99세","2024 년","18","18","-",
"신사2동","95~99세","2025 년","18","18","-",
"신사2동","100세 이상","2024 년","6","6","-",
"신사2동","100세 이상","2025 년","4","4","-",
"증산동","합계","2024 년","15994","15850","144",
"증산동","합계","2025 년","15404","15257","147",
"증산동","0~4세","2024 년","428","426","2",
"증산동","0~4세","2025 년","409","405","4",
"증산동","5~9세","2024 년","507","502","5",
"증산동","5~9세","2025 년","465","460","5",
"증산동","10~14세","2024 년","494","489","5",
"증산동","10~14세","2025 년","453","447","6",
"증산동","15~19세","2024 년","660","654","6",
"증산동","15~19세","2025 년","652","647","5",
"증산동","20~24세","2024 년","904","893","11",
"증산동","20~24세","2025 년","816","808","8",
"증산동","25~29세","2024 년","1079","1066","13",
"증산동","25~29세","2025 년","1040","1029","11",
"증산동","30~34세","2024 년","1246","1226","20",
"증산동","30~34세","2025 년","1141","1123","18",
"증산동","35~39세","2024 년","1083","1058","25",
"증산동","35~39세","2025 년","1057","1036","21",
"증산동","40~44세","2024 년","1173","1156","17",
"증산동","40~44세","2025 년","1100","1078","22",
"증산동","45~49세","2024 년","1069","1058","11",
"증산동","45~49세","2025 년","1054","1036","18",
"증산동","50~54세","2024 년","1500","1494","6",
"증산동","50~54세","2025 년","1388","1381","7",
"증산동","55~59세","2024 년","1270","1262","8",
"증산동","55~59세","2025 년","1321","1310","11",
"증산동","60~64세","2024 년","1236","1227","9",
"증산동","60~64세","2025 년","1152","1145","7",
"증산동","65~69세","2024 년","1168","1165","3",
"증산동","65~69세","2025 년","1088","1086","2",
"증산동","70~74세","2024 년","825","824","1",
"증산동","70~74세","2025 년","890","890","-",
"증산동","75~79세","2024 년","612","611","1",
"증산동","75~79세","2025 년","626","625","1",
"증산동","80~84세","2024 년","442","441","1",
"증산동","80~84세","2025 년","434","433","1",
"증산동","85~89세","2024 년","221","221","-",
"증산동","85~89세","2025 년","228","228","-",
"증산동","90~94세","2024 년","54","54","-",
"증산동","90~94세","2025 년","65","65","-",
"증산동","95~99세","2024 년","20","20","-",
"증산동","95~99세","2025 년","21","21","-",
"증산동","100세 이상","2024 년","3","3","-",
"증산동","100세 이상","2025 년","4","4","-",
"수색동","합계","2024 년","21348","21124","224",
"수색동","합계","2025 년","21313","21143","170",
"수색동","0~4세","2024 년","945","923","22",
"수색동","0~4세","2025 년","896","890","6",
"수색동","5~9세","2024 년","906","883","23",
"수색동","5~9세","2025 년","877","863","14",
"수색동","10~14세","2024 년","660","643","17",
"수색동","10~14세","2025 년","688","675","13",
"수색동","15~19세","2024 년","792","785","7",
"수색동","15~19세","2025 년","759","755","4",
"수색동","20~24세","2024 년","1193","1181","12",
"수색동","20~24세","2025 년","1108","1101","7",
"수색동","25~29세","2024 년","1400","1386","14",
"수색동","25~29세","2025 년","1378","1366","12",
"수색동","30~34세","2024 년","1927","1891","36",
"수색동","30~34세","2025 년","1848","1825","23",
"수색동","35~39세","2024 년","1849","1817","32",
"수색동","35~39세","2025 년","1878","1854","24",
"수색동","40~44세","2024 년","1715","1688","27",
"수색동","40~44세","2025 년","1673","1647","26",
"수색동","45~49세","2024 년","1375","1363","12",
"수색동","45~49세","2025 년","1380","1362","18",
"수색동","50~54세","2024 년","1937","1930","7",
"수색동","50~54세","2025 년","1878","1870","8",
"수색동","55~59세","2024 년","1710","1707","3",
"수색동","55~59세","2025 년","1798","1792","6",
"수색동","60~64세","2024 년","1508","1503","5",
"수색동","60~64세","2025 년","1481","1479","2",
"수색동","65~69세","2024 년","1296","1294","2",
"수색동","65~69세","2025 년","1350","1346","4",
"수색동","70~74세","2024 년","797","794","3",
"수색동","70~74세","2025 년","903","901","2",
"수색동","75~79세","2024 년","555","554","1",
"수색동","75~79세","2025 년","592","592","-",
"수색동","80~84세","2024 년","423","423","-",
"수색동","80~84세","2025 년","444","444","-",
"수색동","85~89세","2024 년","237","236","1",
"수색동","85~89세","2025 년","238","237","1",
"수색동","90~94세","2024 년","97","97","-",
"수색동","90~94세","2025 년","110","110","-",
"수색동","95~99세","2024 년","25","25","-",
"수색동","95~99세","2025 년","30","30","-",
"수색동","100세 이상","2024 년","1","1","-",
"수색동","100세 이상","2025 년","4","4","-",
"진관동","합계","2024 년","53720","53503","217",
"진관동","합계","2025 년","54036","53836","200",
"진관동","0~4세","2024 년","1082","1081","1",
"진관동","0~4세","2025 년","1113","1110","3",
"진관동","5~9세","2024 년","1989","1986","3",
"진관동","5~9세","2025 년","1810","1808","2",
"진관동","10~14세","2024 년","3176","3175","1",
"진관동","10~14세","2025 년","2992","2991","1",
"진관동","15~19세","2024 년","3617","3617","-",
"진관동","15~19세","2025 년","3692","3692","-",
"진관동","20~24세","2024 년","3185","3176","9",
"진관동","20~24세","2025 년","3056","3050","6",
"진관동","25~29세","2024 년","3400","3383","17",
"진관동","25~29세","2025 년","3430","3417","13",
"진관동","30~34세","2024 년","3201","3168","33",
"진관동","30~34세","2025 년","3318","3282","36",
"진관동","35~39세","2024 년","2901","2874","27",
"진관동","35~39세","2025 년","3002","2980","22",
"진관동","40~44세","2024 년","3941","3904","37",
"진관동","40~44세","2025 년","3737","3705","32",
"진관동","45~49세","2024 년","4705","4675","30",
"진관동","45~49세","2025 년","4555","4530","25",
"진관동","50~54세","2024 년","5314","5296","18",
"진관동","50~54세","2025 년","5260","5244","16",
"진관동","55~59세","2024 년","4014","3996","18",
"진관동","55~59세","2025 년","4300","4282","18",
"진관동","60~64세","2024 년","3588","3576","12",
"진관동","60~64세","2025 년","3548","3532","16",
"진관동","65~69세","2024 년","3368","3366","2",
"진관동","65~69세","2025 년","3512","3510","2",
"진관동","70~74세","2024 년","2293","2288","5",
"진관동","70~74세","2025 년","2552","2548","4",
"진관동","75~79세","2024 년","1741","1739","2",
"진관동","75~79세","2025 년","1816","1814","2",
"진관동","80~84세","2024 년","1231","1230","1",
"진관동","80~84세","2025 년","1252","1251","1",
"진관동","85~89세","2024 년","673","672","1",
"진관동","85~89세","2025 년","737","736","1",
"진관동","90~94세","2024 년","237","237","-",
"진관동","90~94세","2025 년","278","278","-",
"진관동","95~99세","2024 년","55","55","-",
"진관동","95~99세","2025 년","66","66","-",
"진관동","100세 이상","2024 년","9","9","-",
"진관동","100세 이상","2025 년","10","10","-",
"서대문구","합계","2024 년","318622","302853","15769",
"서대문구","합계","2025 년","316832","300147","16685",
"서대문구","0~4세","2024 년","7156","7070","86",
"서대문구","0~4세","2025 년","6894","6802","92",
"서대문구","5~9세","2024 년","9467","9337","130",
"서대문구","5~9세","2025 년","8567","8440","127",
"서대문구","10~14세","2024 년","10803","10614","189",
"서대문구","10~14세","2025 년","10631","10439","192",
"서대문구","15~19세","2024 년","12239","11097","1142",
"서대문구","15~19세","2025 년","12487","11216","1271",
"서대문구","20~24세","2024 년","26346","20647","5699",
"서대문구","20~24세","2025 년","25432","19307","6125",
"서대문구","25~29세","2024 년","29613","26175","3438",
"서대문구","25~29세","2025 년","29337","25638","3699",
"서대문구","30~34세","2024 년","25688","24263","1425",
"서대문구","30~34세","2025 년","26031","24563","1468",
"서대문구","35~39세","2024 년","21392","20558","834",
"서대문구","35~39세","2025 년","21271","20436","835",
"서대문구","40~44세","2024 년","22933","22252","681",
"서대문구","40~44세","2025 년","22086","21412","674",
"서대문구","45~49세","2024 년","21041","20559","482",
"서대문구","45~49세","2025 년","21179","20672","507",
"서대문구","50~54세","2024 년","25571","25118","453",
"서대문구","50~54세","2025 년","24454","23984","470",
"서대문구","55~59세","2024 년","23751","23404","347",
"서대문구","55~59세","2025 년","24042","23684","358",
"서대문구","60~64세","2024 년","22393","22074","319",
"서대문구","60~64세","2025 년","21911","21613","298",
"서대문구","65~69세","2024 년","19918","19677","241",
"서대문구","65~69세","2025 년","20472","20226","246",
"서대문구","70~74세","2024 년","13473","13340","133",
"서대문구","70~74세","2025 년","14432","14289","143",
"서대문구","75~79세","2024 년","11157","11075","82",
"서대문구","75~79세","2025 년","11464","11386","78",
"서대문구","80~84세","2024 년","8806","8764","42",
"서대문구","80~84세","2025 년","8767","8710","57",
"서대문구","85~89세","2024 년","4941","4913","28",
"서대문구","85~89세","2025 년","5195","5168","27",
"서대문구","90~94세","2024 년","1506","1495","11",
"서대문구","90~94세","2025 년","1718","1706","12",
"서대문구","95~99세","2024 년","356","352","4",
"서대문구","95~99세","2025 년","403","400","3",
"서대문구","100세 이상","2024 년","72","69","3",
"서대문구","100세 이상","2025 년","59","56","3",
"천연동","합계","2024 년","16726","16522","204",
"천연동","합계","2025 년","16516","16323","193",
"천연동","0~4세","2024 년","483","481","2",
"천연동","0~4세","2025 년","478","477","1",
"천연동","5~9세","2024 년","519","516","3",
"천연동","5~9세","2025 년","482","479","3",
"천연동","10~14세","2024 년","531","528","3",
"천연동","10~14세","2025 년","515","511","4",
"천연동","15~19세","2024 년","683","675","8",
"천연동","15~19세","2025 년","670","664","6",
"천연동","20~24세","2024 년","872","854","18",
"천연동","20~24세","2025 년","792","775","17",
"천연동","25~29세","2024 년","1069","1036","33",
"천연동","25~29세","2025 년","1041","1014","27",
"천연동","30~34세","2024 년","1219","1196","23",
"천연동","30~34세","2025 년","1274","1246","28",
"천연동","35~39세","2024 년","1184","1169","15",
"천연동","35~39세","2025 년","1138","1125","13",
"천연동","40~44세","2024 년","1203","1178","25",
"천연동","40~44세","2025 년","1154","1130","24",
"천연동","45~49세","2024 년","1173","1158","15",
"천연동","45~49세","2025 년","1137","1123","14",
"천연동","50~54세","2024 년","1525","1502","23",
"천연동","50~54세","2025 년","1453","1436","17",
"천연동","55~59세","2024 년","1383","1370","13",
"천연동","55~59세","2025 년","1407","1393","14",
"천연동","60~64세","2024 년","1378","1371","7",
"천연동","60~64세","2025 년","1334","1324","10",
"천연동","65~69세","2024 년","1095","1086","9",
"천연동","65~69세","2025 년","1155","1146","9",
"천연동","70~74세","2024 년","772","768","4",
"천연동","70~74세","2025 년","805","802","3",
"천연동","75~79세","2024 년","642","641","1",
"천연동","75~79세","2025 년","677","676","1",
"천연동","80~84세","2024 년","529","528","1",
"천연동","80~84세","2025 년","503","502","1",
"천연동","85~89세","2024 년","338","338","-",
"천연동","85~89세","2025 년","348","348","-",
"천연동","90~94세","2024 년","104","104","-",
"천연동","90~94세","2025 년","120","120","-",
"천연동","95~99세","2024 년","21","20","1",
"천연동","95~99세","2025 년","31","30","1",
"천연동","100세 이상","2024 년","3","3","-",
"천연동","100세 이상","2025 년","2","2","-",
"북아현동","합계","2024 년","15707","15385","322",
"북아현동","합계","2025 년","15471","15106","365",
"북아현동","0~4세","2024 년","581","576","5",
"북아현동","0~4세","2025 년","565","555","10",
"북아현동","5~9세","2024 년","673","670","3",
"북아현동","5~9세","2025 년","607","598","9",
"북아현동","10~14세","2024 년","524","517","7",
"북아현동","10~14세","2025 년","509","502","7",
"북아현동","15~19세","2024 년","469","460","9",
"북아현동","15~19세","2025 년","488","477","11",
"북아현동","20~24세","2024 년","819","754","65",
"북아현동","20~24세","2025 년","771","712","59",
"북아현동","25~29세","2024 년","1176","1128","48",
"북아현동","25~29세","2025 년","1090","1033","57",
"북아현동","30~34세","2024 년","1462","1418","44",
"북아현동","30~34세","2025 년","1503","1459","44",
"북아현동","35~39세","2024 년","1427","1390","37",
"북아현동","35~39세","2025 년","1407","1366","41",
"북아현동","40~44세","2024 년","1419","1404","15",
"북아현동","40~44세","2025 년","1359","1336","23",
"북아현동","45~49세","2024 년","1074","1052","22",
"북아현동","45~49세","2025 년","1101","1075","26",
"북아현동","50~54세","2024 년","1273","1258","15",
"북아현동","50~54세","2025 년","1198","1182","16",
"북아현동","55~59세","2024 년","1234","1218","16",
"북아현동","55~59세","2025 년","1242","1221","21",
"북아현동","60~64세","2024 년","1090","1073","17",
"북아현동","60~64세","2025 년","1069","1051","18",
"북아현동","65~69세","2024 년","883","872","11",
"북아현동","65~69세","2025 년","913","902","11",
"북아현동","70~74세","2024 년","559","556","3",
"북아현동","70~74세","2025 년","601","594","7",
"북아현동","75~79세","2024 년","406","403","3",
"북아현동","75~79세","2025 년","406","404","2",
"북아현동","80~84세","2024 년","359","359","-",
"북아현동","80~84세","2025 년","343","342","1",
"북아현동","85~89세","2024 년","205","204","1",
"북아현동","85~89세","2025 년","206","205","1",
"북아현동","90~94세","2024 년","53","53","-",
"북아현동","90~94세","2025 년","71","71","-",
"북아현동","95~99세","2024 년","19","18","1",
"북아현동","95~99세","2025 년","19","18","1",
"북아현동","100세 이상","2024 년","2","2","-",
"북아현동","100세 이상","2025 년","3","3","-",
"충현동","합계","2024 년","19929","19445","484",
"충현동","합계","2025 년","19756","19224","532",
"충현동","0~4세","2024 년","412","407","5",
"충현동","0~4세","2025 년","420","414","6",
"충현동","5~9세","2024 년","554","552","2",
"충현동","5~9세","2025 년","492","488","4",
"충현동","10~14세","2024 년","627","619","8",
"충현동","10~14세","2025 년","613","606","7",
"충현동","15~19세","2024 년","651","631","20",
"충현동","15~19세","2025 년","677","651","26",
"충현동","20~24세","2024 년","1117","1036","81",
"충현동","20~24세","2025 년","1051","946","105",
"충현동","25~29세","2024 년","1900","1803","97",
"충현동","25~29세","2025 년","1819","1695","124",
"충현동","30~34세","2024 년","2011","1952","59",
"충현동","30~34세","2025 년","1999","1953","46",
"충현동","35~39세","2024 년","1454","1400","54",
"충현동","35~39세","2025 년","1483","1425","58",
"충현동","40~44세","2024 년","1525","1482","43",
"충현동","40~44세","2025 년","1455","1416","39",
"충현동","45~49세","2024 년","1292","1258","34",
"충현동","45~49세","2025 년","1386","1347","39",
"충현동","50~54세","2024 년","1559","1534","25",
"충현동","50~54세","2025 년","1501","1477","24",
"충현동","55~59세","2024 년","1593","1567","26",
"충현동","55~59세","2025 년","1543","1514","29",
"충현동","60~64세","2024 년","1514","1495","19",
"충현동","60~64세","2025 년","1456","1445","11",
"충현동","65~69세","2024 년","1318","1312","6",
"충현동","65~69세","2025 년","1372","1365","7",
"충현동","70~74세","2024 년","819","815","4",
"충현동","70~74세","2025 년","878","873","5",
"충현동","75~79세","2024 년","641","640","1",
"충현동","75~79세","2025 년","636","634","2",
"충현동","80~84세","2024 년","487","487","-",
"충현동","80~84세","2025 년","503","503","-",
"충현동","85~89세","2024 년","295","295","-",
"충현동","85~89세","2025 년","315","315","-",
"충현동","90~94세","2024 년","120","120","-",
"충현동","90~94세","2025 년","111","111","-",
"충현동","95~99세","2024 년","33","33","-",
"충현동","95~99세","2025 년","41","41","-",
"충현동","100세 이상","2024 년","7","7","-",
"충현동","100세 이상","2025 년","5","5","-",
"신촌동","합계","2024 년","27493","20266","7227",
"신촌동","합계","2025 년","27902","20222","7680",
"신촌동","0~4세","2024 년","252","241","11",
"신촌동","0~4세","2025 년","206","197","9",
"신촌동","5~9세","2024 년","193","182","11",
"신촌동","5~9세","2025 년","199","186","13",
"신촌동","10~14세","2024 년","389","381","8",
"신촌동","10~14세","2025 년","344","338","6",
"신촌동","15~19세","2024 년","1061","516","545",
"신촌동","15~19세","2025 년","1174","546","628",
"신촌동","20~24세","2024 년","7339","3826","3513",
"신촌동","20~24세","2025 년","7444","3731","3713",
"신촌동","25~29세","2024 년","6579","4638","1941",
"신촌동","25~29세","2025 년","6688","4619","2069",
"신촌동","30~34세","2024 년","3181","2541","640",
"신촌동","30~34세","2025 년","3239","2584","655",
"신촌동","35~39세","2024 년","1435","1196","239",
"신촌동","35~39세","2025 년","1527","1273","254",
"신촌동","40~44세","2024 년","1133","1000","133",
"신촌동","40~44세","2025 년","1077","949","128",
"신촌동","45~49세","2024 년","935","877","58",
"신촌동","45~49세","2025 년","958","891","67",
"신촌동","50~54세","2024 년","1031","981","50",
"신촌동","50~54세","2025 년","1030","970","60",
"신촌동","55~59세","2024 년","943","916","27",
"신촌동","55~59세","2025 년","941","917","24",
"신촌동","60~64세","2024 년","798","780","18",
"신촌동","60~64세","2025 년","780","761","19",
"신촌동","65~69세","2024 년","643","629","14",
"신촌동","65~69세","2025 년","669","652","17",
"신촌동","70~74세","2024 년","474","465","9",
"신촌동","70~74세","2025 년","497","489","8",
"신촌동","75~79세","2024 년","431","424","7",
"신촌동","75~79세","2025 년","443","436","7",
"신촌동","80~84세","2024 년","358","357","1",
"신촌동","80~84세","2025 년","352","351","1",
"신촌동","85~89세","2024 년","226","224","2",
"신촌동","85~89세","2025 년","244","242","2",
"신촌동","90~94세","2024 년","64","64","-",
"신촌동","90~94세","2025 년","64","64","-",
"신촌동","95~99세","2024 년","23","23","-",
"신촌동","95~99세","2025 년","23","23","-",
"신촌동","100세 이상","2024 년","5","5","-",
"신촌동","100세 이상","2025 년","3","3","-",
"연희동","합계","2024 년","37050","33637","3413",
"연희동","합계","2025 년","36696","33123","3573",
"연희동","0~4세","2024 년","489","457","32",
"연희동","0~4세","2025 년","464","433","31",
"연희동","5~9세","2024 년","771","706","65",
"연희동","5~9세","2025 년","686","623","63",
"연희동","10~14세","2024 년","983","870","113",
"연희동","10~14세","2025 년","954","834","120",
"연희동","15~19세","2024 년","1300","1114","186",
"연희동","15~19세","2025 년","1317","1101","216",
"연희동","20~24세","2024 년","3850","3024","826",
"연희동","20~24세","2025 년","3687","2824","863",
"연희동","25~29세","2024 년","4997","4384","613",
"연희동","25~29세","2025 년","4983","4309","674",
"연희동","30~34세","2024 년","3523","3219","304",
"연희동","30~34세","2025 년","3574","3240","334",
"연희동","35~39세","2024 년","2354","2131","223",
"연희동","35~39세","2025 년","2394","2183","211",
"연희동","40~44세","2024 년","2509","2271","238",
"연희동","40~44세","2025 년","2319","2094","225",
"연희동","45~49세","2024 년","2255","2079","176",
"연희동","45~49세","2025 년","2227","2043","184",
"연희동","50~54세","2024 년","2739","2571","168",
"연희동","50~54세","2025 년","2586","2424","162",
"연희동","55~59세","2024 년","2445","2337","108",
"연희동","55~59세","2025 년","2536","2419","117",
"연희동","60~64세","2024 년","2254","2149","105",
"연희동","60~64세","2025 년","2167","2071","96",
"연희동","65~69세","2024 년","2057","1958","99",
"연희동","65~69세","2025 년","2104","1996","108",
"연희동","70~74세","2024 년","1415","1352","63",
"연희동","70~74세","2025 년","1516","1452","64",
"연희동","75~79세","2024 년","1255","1210","45",
"연희동","75~79세","2025 년","1274","1230","44",
"연희동","80~84세","2024 년","1048","1024","24",
"연희동","80~84세","2025 년","1050","1015","35",
"연희동","85~89세","2024 년","549","531","18",
"연희동","85~89세","2025 년","561","542","19",
"연희동","90~94세","2024 년","205","201","4",
"연희동","90~94세","2025 년","236","231","5",
"연희동","95~99세","2024 년","41","40","1",
"연희동","95~99세","2025 년","50","50","-",
"연희동","100세 이상","2024 년","11","9","2",
"연희동","100세 이상","2025 년","11","9","2",
"홍제1동","합계","2024 년","24825","24558","267",
"홍제1동","합계","2025 년","24550","24281","269",
"홍제1동","0~4세","2024 년","640","636","4",
"홍제1동","0~4세","2025 년","586","585","1",
"홍제1동","5~9세","2024 년","730","723","7",
"홍제1동","5~9세","2025 년","635","630","5",
"홍제1동","10~14세","2024 년","813","807","6",
"홍제1동","10~14세","2025 년","771","766","5",
"홍제1동","15~19세","2024 년","866","858","8",
"홍제1동","15~19세","2025 년","894","877","17",
"홍제1동","20~24세","2024 년","1370","1351","19",
"홍제1동","20~24세","2025 년","1252","1219","33",
"홍제1동","25~29세","2024 년","1655","1627","28",
"홍제1동","25~29세","2025 년","1640","1614","26",
"홍제1동","30~34세","2024 년","1908","1875","33",
"홍제1동","30~34세","2025 년","1958","1925","33",
"홍제1동","35~39세","2024 년","1735","1707","28",
"홍제1동","35~39세","2025 년","1671","1647","24",
"홍제1동","40~44세","2024 년","1811","1782","29",
"홍제1동","40~44세","2025 년","1740","1710","30",
"홍제1동","45~49세","2024 년","1689","1674","15",
"홍제1동","45~49세","2025 년","1659","1645","14",
"홍제1동","50~54세","2024 년","2254","2240","14",
"홍제1동","50~54세","2025 년","2130","2116","14",
"홍제1동","55~59세","2024 년","2033","2015","18",
"홍제1동","55~59세","2025 년","2145","2134","11",
"홍제1동","60~64세","2024 년","1991","1967","24",
"홍제1동","60~64세","2025 년","1934","1912","22",
"홍제1동","65~69세","2024 년","1795","1781","14",
"홍제1동","65~69세","2025 년","1805","1794","11",
"홍제1동","70~74세","2024 년","1242","1236","6",
"홍제1동","70~74세","2025 년","1312","1301","11",
"홍제1동","75~79세","2024 년","949","945","4",
"홍제1동","75~79세","2025 년","1017","1015","2",
"홍제1동","80~84세","2024 년","777","772","5",
"홍제1동","80~84세","2025 년","774","767","7",
"홍제1동","85~89세","2024 년","409","407","2",
"홍제1동","85~89세","2025 년","467","466","1",
"홍제1동","90~94세","2024 년","119","117","2",
"홍제1동","90~94세","2025 년","117","116","1",
"홍제1동","95~99세","2024 년","35","34","1",
"홍제1동","95~99세","2025 년","40","39","1",
"홍제1동","100세 이상","2024 년","4","4","-",
"홍제1동","100세 이상","2025 년","3","3","-",
"홍제3동","합계","2024 년","17617","17447","170",
"홍제3동","합계","2025 년","17491","17290","201",
"홍제3동","0~4세","2024 년","423","423","-",
"홍제3동","0~4세","2025 년","435","434","1",
"홍제3동","5~9세","2024 년","527","525","2",
"홍제3동","5~9세","2025 년","474","470","4",
"홍제3동","10~14세","2024 년","495","491","4",
"홍제3동","10~14세","2025 년","473","469","4",
"홍제3동","15~19세","2024 년","574","572","2",
"홍제3동","15~19세","2025 년","577","573","4",
"홍제3동","20~24세","2024 년","976","963","13",
"홍제3동","20~24세","2025 년","885","866","19",
"홍제3동","25~29세","2024 년","1214","1194","20",
"홍제3동","25~29세","2025 년","1217","1189","28",
"홍제3동","30~34세","2024 년","1259","1237","22",
"홍제3동","30~34세","2025 년","1235","1216","19",
"홍제3동","35~39세","2024 년","1194","1174","20",
"홍제3동","35~39세","2025 년","1195","1170","25",
"홍제3동","40~44세","2024 년","1219","1202","17",
"홍제3동","40~44세","2025 년","1204","1187","17",
"홍제3동","45~49세","2024 년","1044","1031","13",
"홍제3동","45~49세","2025 년","1068","1051","17",
"홍제3동","50~54세","2024 년","1527","1511","16",
"홍제3동","50~54세","2025 년","1424","1404","20",
"홍제3동","55~59세","2024 년","1554","1542","12",
"홍제3동","55~59세","2025 년","1549","1537","12",
"홍제3동","60~64세","2024 년","1395","1376","19",
"홍제3동","60~64세","2025 년","1415","1401","14",
"홍제3동","65~69세","2024 년","1327","1317","10",
"홍제3동","65~69세","2025 년","1347","1333","14",
"홍제3동","70~74세","2024 년","918","918","-",
"홍제3동","70~74세","2025 년","971","969","2",
"홍제3동","75~79세","2024 년","795","795","-",
"홍제3동","75~79세","2025 년","795","795","-",
"홍제3동","80~84세","2024 년","664","664","-",
"홍제3동","80~84세","2025 년","672","672","-",
"홍제3동","85~89세","2024 년","396","396","-",
"홍제3동","85~89세","2025 년","411","411","-",
"홍제3동","90~94세","2024 년","90","90","-",
"홍제3동","90~94세","2025 년","122","121","1",
"홍제3동","95~99세","2024 년","23","23","-",
"홍제3동","95~99세","2025 년","20","20","-",
"홍제3동","100세 이상","2024 년","3","3","-",
"홍제3동","100세 이상","2025 년","2","2","-",
"홍제2동","합계","2024 년","12446","12349","97",
"홍제2동","합계","2025 년","12038","11949","89",
"홍제2동","0~4세","2024 년","301","300","1",
"홍제2동","0~4세","2025 년","319","319","-",
"홍제2동","5~9세","2024 년","290","290","-",
"홍제2동","5~9세","2025 년","279","279","-",
"홍제2동","10~14세","2024 년","351","349","2",
"홍제2동","10~14세","2025 년","346","344","2",
"홍제2동","15~19세","2024 년","449","444","5",
"홍제2동","15~19세","2025 년","413","410","3",
"홍제2동","20~24세","2024 년","649","637","12",
"홍제2동","20~24세","2025 년","574","561","13",
"홍제2동","25~29세","2024 년","766","753","13",
"홍제2동","25~29세","2025 년","752","739","13",
"홍제2동","30~34세","2024 년","968","953","15",
"홍제2동","30~34세","2025 년","925","914","11",
"홍제2동","35~39세","2024 년","901","894","7",
"홍제2동","35~39세","2025 년","916","907","9",
"홍제2동","40~44세","2024 년","779","770","9",
"홍제2동","40~44세","2025 년","767","756","11",
"홍제2동","45~49세","2024 년","735","727","8",
"홍제2동","45~49세","2025 년","693","688","5",
"홍제2동","50~54세","2024 년","1088","1080","8",
"홍제2동","50~54세","2025 년","971","962","9",
"홍제2동","55~59세","2024 년","1128","1124","4",
"홍제2동","55~59세","2025 년","1081","1078","3",
"홍제2동","60~64세","2024 년","1167","1165","2",
"홍제2동","60~64세","2025 년","1106","1104","2",
"홍제2동","65~69세","2024 년","986","981","5",
"홍제2동","65~69세","2025 년","984","982","2",
"홍제2동","70~74세","2024 년","606","605","1",
"홍제2동","70~74세","2025 년","646","644","2",
"홍제2동","75~79세","2024 년","547","546","1",
"홍제2동","75~79세","2025 년","535","534","1",
"홍제2동","80~84세","2024 년","416","414","2",
"홍제2동","80~84세","2025 년","393","392","1",
"홍제2동","85~89세","2024 년","233","232","1",
"홍제2동","85~89세","2025 년","250","249","1",
"홍제2동","90~94세","2024 년","70","69","1",
"홍제2동","90~94세","2025 년","70","69","1",
"홍제2동","95~99세","2024 년","13","13","-",
"홍제2동","95~99세","2025 년","16","16","-",
"홍제2동","100세 이상","2024 년","3","3","-",
"홍제2동","100세 이상","2025 년","2","2","-",
"홍은1동","합계","2024 년","22261","22034","227",
"홍은1동","합계","2025 년","23492","23241","251",
"홍은1동","0~4세","2024 년","545","543","2",
"홍은1동","0~4세","2025 년","595","590","5",
"홍은1동","5~9세","2024 년","657","656","1",
"홍은1동","5~9세","2025 년","615","615","-",
"홍은1동","10~14세","2024 년","691","689","2",
"홍은1동","10~14세","2025 년","733","730","3",
"홍은1동","15~19세","2024 년","794","791","3",
"홍은1동","15~19세","2025 년","815","811","4",
"홍은1동","20~24세","2024 년","1174","1140","34",
"홍은1동","20~24세","2025 년","1113","1075","38",
"홍은1동","25~29세","2024 년","1419","1374","45",
"홍은1동","25~29세","2025 년","1550","1503","47",
"홍은1동","30~34세","2024 년","1573","1538","35",
"홍은1동","30~34세","2025 년","1719","1686","33",
"홍은1동","35~39세","2024 년","1471","1443","28",
"홍은1동","35~39세","2025 년","1690","1666","24",
"홍은1동","40~44세","2024 년","1596","1578","18",
"홍은1동","40~44세","2025 년","1671","1644","27",
"홍은1동","45~49세","2024 년","1471","1463","8",
"홍은1동","45~49세","2025 년","1564","1557","7",
"홍은1동","50~54세","2024 년","1913","1903","10",
"홍은1동","50~54세","2025 년","1927","1910","17",
"홍은1동","55~59세","2024 년","1942","1926","16",
"홍은1동","55~59세","2025 년","2029","2011","18",
"홍은1동","60~64세","2024 년","1896","1884","12",
"홍은1동","60~64세","2025 년","1968","1954","14",
"홍은1동","65~69세","2024 년","1761","1755","6",
"홍은1동","65~69세","2025 년","1876","1868","8",
"홍은1동","70~74세","2024 년","1153","1151","2",
"홍은1동","70~74세","2025 년","1288","1287","1",
"홍은1동","75~79세","2024 년","899","897","2",
"홍은1동","75~79세","2025 년","987","985","2",
"홍은1동","80~84세","2024 년","717","715","2",
"홍은1동","80~84세","2025 년","714","711","3",
"홍은1동","85~89세","2024 년","426","425","1",
"홍은1동","85~89세","2025 년","443","443","-",
"홍은1동","90~94세","2024 년","125","125","-",
"홍은1동","90~94세","2025 년","155","155","-",
"홍은1동","95~99세","2024 년","32","32","-",
"홍은1동","95~99세","2025 년","36","36","-",
"홍은1동","100세 이상","2024 년","6","6","-",
"홍은1동","100세 이상","2025 년","4","4","-",
"홍은2동","합계","2024 년","29229","28175","1054",
"홍은2동","합계","2025 년","28295","27231","1064",
"홍은2동","0~4세","2024 년","590","581","9",
"홍은2동","0~4세","2025 년","498","488","10",
"홍은2동","5~9세","2024 년","820","806","14",
"홍은2동","5~9세","2025 년","729","719","10",
"홍은2동","10~14세","2024 년","1018","1009","9",
"홍은2동","10~14세","2025 년","982","974","8",
"홍은2동","15~19세","2024 년","1255","1119","136",
"홍은2동","15~19세","2025 년","1232","1104","128",
"홍은2동","20~24세","2024 년","2191","1846","345",
"홍은2동","20~24세","2025 년","2021","1668","353",
"홍은2동","25~29세","2024 년","2302","2108","194",
"홍은2동","25~29세","2025 년","2176","1980","196",
"홍은2동","30~34세","2024 년","2177","2111","66",
"홍은2동","30~34세","2025 년","2165","2078","87",
"홍은2동","35~39세","2024 년","1879","1833","46",
"홍은2동","35~39세","2025 년","1780","1736","44",
"홍은2동","40~44세","2024 년","1984","1944","40",
"홍은2동","40~44세","2025 년","1878","1845","33",
"홍은2동","45~49세","2024 년","1971","1936","35",
"홍은2동","45~49세","2025 년","1949","1912","37",
"홍은2동","50~54세","2024 년","2517","2479","38",
"홍은2동","50~54세","2025 년","2361","2318","43",
"홍은2동","55~59세","2024 년","2354","2319","35",
"홍은2동","55~59세","2025 년","2323","2288","35",
"홍은2동","60~64세","2024 년","2299","2261","38",
"홍은2동","60~64세","2025 년","2157","2124","33",
"홍은2동","65~69세","2024 년","2043","2022","21",
"홍은2동","65~69세","2025 년","2103","2080","23",
"홍은2동","70~74세","2024 년","1299","1285","14",
"홍은2동","70~74세","2025 년","1384","1372","12",
"홍은2동","75~79세","2024 년","1078","1071","7",
"홍은2동","75~79세","2025 년","1067","1062","5",
"홍은2동","80~84세","2024 년","782","780","2",
"홍은2동","80~84세","2025 년","793","791","2",
"홍은2동","85~89세","2024 년","478","475","3",
"홍은2동","85~89세","2025 년","491","488","3",
"홍은2동","90~94세","2024 년","154","152","2",
"홍은2동","90~94세","2025 년","168","166","2",
"홍은2동","95~99세","2024 년","28","28","-",
"홍은2동","95~99세","2025 년","30","30","-",
"홍은2동","100세 이상","2024 년","10","10","-",
"홍은2동","100세 이상","2025 년","8","8","-",
"남가좌1동","합계","2024 년","16913","16671","242",
"남가좌1동","합계","2025 년","16955","16716","239",
"남가좌1동","0~4세","2024 년","659","656","3",
"남가좌1동","0~4세","2025 년","637","635","2",
"남가좌1동","5~9세","2024 년","1181","1172","9",
"남가좌1동","5~9세","2025 년","1088","1082","6",
"남가좌1동","10~14세","2024 년","1185","1170","15",
"남가좌1동","10~14세","2025 년","1187","1172","15",
"남가좌1동","15~19세","2024 년","758","745","13",
"남가좌1동","15~19세","2025 년","840","824","16",
"남가좌1동","20~24세","2024 년","762","748","14",
"남가좌1동","20~24세","2025 년","697","677","20",
"남가좌1동","25~29세","2024 년","774","752","22",
"남가좌1동","25~29세","2025 년","777","763","14",
"남가좌1동","30~34세","2024 년","964","945","19",
"남가좌1동","30~34세","2025 년","949","935","14",
"남가좌1동","35~39세","2024 년","1320","1295","25",
"남가좌1동","35~39세","2025 년","1279","1250","29",
"남가좌1동","40~44세","2024 년","1822","1799","23",
"남가좌1동","40~44세","2025 년","1780","1756","24",
"남가좌1동","45~49세","2024 년","1605","1575","30",
"남가좌1동","45~49세","2025 년","1632","1607","25",
"남가좌1동","50~54세","2024 년","1352","1330","22",
"남가좌1동","50~54세","2025 년","1380","1358","22",
"남가좌1동","55~59세","2024 년","1115","1104","11",
"남가좌1동","55~59세","2025 년","1124","1111","13",
"남가좌1동","60~64세","2024 년","952","942","10",
"남가좌1동","60~64세","2025 년","980","966","14",
"남가좌1동","65~69세","2024 년","830","817","13",
"남가좌1동","65~69세","2025 년","858","853","5",
"남가좌1동","70~74세","2024 년","547","538","9",
"남가좌1동","70~74세","2025 년","618","604","14",
"남가좌1동","75~79세","2024 년","448","446","2",
"남가좌1동","75~79세","2025 년","466","463","3",
"남가좌1동","80~84세","2024 년","359","358","1",
"남가좌1동","80~84세","2025 년","356","354","2",
"남가좌1동","85~89세","2024 년","202","202","-",
"남가좌1동","85~89세","2025 년","218","218","-",
"남가좌1동","90~94세","2024 년","67","66","1",
"남가좌1동","90~94세","2025 년","76","75","1",
"남가좌1동","95~99세","2024 년","8","8","-",
"남가좌1동","95~99세","2025 년","11","11","-",
"남가좌1동","100세 이상","2024 년","3","3","-",
"남가좌1동","100세 이상","2025 년","2","2","-",
"남가좌2동","합계","2024 년","30335","28798","1537",
"남가좌2동","합계","2025 년","30148","28483","1665",
"남가좌2동","0~4세","2024 년","866","859","7",
"남가좌2동","0~4세","2025 년","842","834","8",
"남가좌2동","5~9세","2024 년","1316","1313","3",
"남가좌2동","5~9세","2025 년","1161","1155","6",
"남가좌2동","10~14세","2024 년","1294","1290","4",
"남가좌2동","10~14세","2025 년","1342","1340","2",
"남가좌2동","15~19세","2024 년","1338","1150","188",
"남가좌2동","15~19세","2025 년","1376","1194","182",
"남가좌2동","20~24세","2024 년","2689","1993","696",
"남가좌2동","20~24세","2025 년","2694","1889","805",
"남가좌2동","25~29세","2024 년","2241","1952","289",
"남가좌2동","25~29세","2025 년","2264","1936","328",
"남가좌2동","30~34세","2024 년","2034","1926","108",
"남가좌2동","30~34세","2025 년","1989","1891","98",
"남가좌2동","35~39세","2024 년","2125","2061","64",
"남가좌2동","35~39세","2025 년","2008","1946","62",
"남가좌2동","40~44세","2024 년","2496","2457","39",
"남가좌2동","40~44세","2025 년","2474","2427","47",
"남가좌2동","45~49세","2024 년","2189","2159","30",
"남가좌2동","45~49세","2025 년","2243","2215","28",
"남가좌2동","50~54세","2024 년","2477","2448","29",
"남가좌2동","50~54세","2025 년","2320","2292","28",
"남가좌2동","55~59세","2024 년","2106","2074","32",
"남가좌2동","55~59세","2025 년","2136","2110","26",
"남가좌2동","60~64세","2024 년","1824","1804","20",
"남가좌2동","60~64세","2025 년","1769","1751","18",
"남가좌2동","65~69세","2024 년","1670","1655","15",
"남가좌2동","65~69세","2025 년","1725","1711","14",
"남가좌2동","70~74세","2024 년","1256","1250","6",
"남가좌2동","70~74세","2025 년","1309","1304","5",
"남가좌2동","75~79세","2024 년","1039","1035","4",
"남가좌2동","75~79세","2025 년","1070","1065","5",
"남가좌2동","80~84세","2024 년","785","783","2",
"남가좌2동","80~84세","2025 년","813","811","2",
"남가좌2동","85~89세","2024 년","426","426","-",
"남가좌2동","85~89세","2025 년","436","436","-",
"남가좌2동","90~94세","2024 년","124","123","1",
"남가좌2동","90~94세","2025 년","142","141","1",
"남가좌2동","95~99세","2024 년","32","32","-",
"남가좌2동","95~99세","2025 년","29","29","-",
"남가좌2동","100세 이상","2024 년","8","8","-",
"남가좌2동","100세 이상","2025 년","6","6","-",
"북가좌1동","합계","2024 년","17537","17408","129",
"북가좌1동","합계","2025 년","17398","17276","122",
"북가좌1동","0~4세","2024 년","446","443","3",
"북가좌1동","0~4세","2025 년","418","413","5",
"북가좌1동","5~9세","2024 년","624","620","4",
"북가좌1동","5~9세","2025 년","563","563","-",
"북가좌1동","10~14세","2024 년","972","968","4",
"북가좌1동","10~14세","2025 년","975","973","2",
"북가좌1동","15~19세","2024 년","925","925","-",
"북가좌1동","15~19세","2025 년","936","934","2",
"북가좌1동","20~24세","2024 년","885","877","8",
"북가좌1동","20~24세","2025 년","863","855","8",
"북가좌1동","25~29세","2024 년","946","927","19",
"북가좌1동","25~29세","2025 년","903","881","22",
"북가좌1동","30~34세","2024 년","1068","1052","16",
"북가좌1동","30~34세","2025 년","1080","1062","18",
"북가좌1동","35~39세","2024 년","1088","1074","14",
"북가좌1동","35~39세","2025 년","1068","1054","14",
"북가좌1동","40~44세","2024 년","1391","1376","15",
"북가좌1동","40~44세","2025 년","1319","1308","11",
"북가좌1동","45~49세","2024 년","1524","1513","11",
"북가좌1동","45~49세","2025 년","1526","1511","15",
"북가좌1동","50~54세","2024 년","1647","1637","10",
"북가좌1동","50~54세","2025 년","1594","1591","3",
"북가좌1동","55~59세","2024 년","1351","1340","11",
"북가좌1동","55~59세","2025 년","1399","1386","13",
"북가좌1동","60~64세","2024 년","1320","1316","4",
"북가좌1동","60~64세","2025 년","1283","1281","2",
"북가좌1동","65~69세","2024 년","1111","1108","3",
"북가좌1동","65~69세","2025 년","1119","1115","4",
"북가좌1동","70~74세","2024 년","757","754","3",
"북가좌1동","70~74세","2025 년","854","852","2",
"북가좌1동","75~79세","2024 년","639","638","1",
"북가좌1동","75~79세","2025 년","655","655","-",
"북가좌1동","80~84세","2024 년","487","485","2",
"북가좌1동","80~84세","2025 년","455","455","-",
"북가좌1동","85~89세","2024 년","266","266","-",
"북가좌1동","85~89세","2025 년","267","267","-",
"북가좌1동","90~94세","2024 년","73","73","-",
"북가좌1동","90~94세","2025 년","100","100","-",
"북가좌1동","95~99세","2024 년","13","13","-",
"북가좌1동","95~99세","2025 년","18","18","-",
"북가좌1동","100세 이상","2024 년","4","3","1",
"북가좌1동","100세 이상","2025 년","3","2","1",
"북가좌2동","합계","2024 년","30554","30158","396",
"북가좌2동","합계","2025 년","30124","29682","442",
"북가좌2동","0~4세","2024 년","469","467","2",
"북가좌2동","0~4세","2025 년","431","428","3",
"북가좌2동","5~9세","2024 년","612","606","6",
"북가좌2동","5~9세","2025 년","557","553","4",
"북가좌2동","10~14세","2024 년","930","926","4",
"북가좌2동","10~14세","2025 년","887","880","7",
"북가좌2동","15~19세","2024 년","1116","1097","19",
"북가좌2동","15~19세","2025 년","1078","1050","28",
"북가좌2동","20~24세","2024 년","1653","1598","55",
"북가좌2동","20~24세","2025 년","1588","1509","79",
"북가좌2동","25~29세","2024 년","2575","2499","76",
"북가좌2동","25~29세","2025 년","2437","2363","74",
"북가좌2동","30~34세","2024 년","2341","2300","41",
"북가좌2동","30~34세","2025 년","2422","2374","48",
"북가좌2동","35~39세","2024 년","1825","1791","34",
"북가좌2동","35~39세","2025 년","1715","1688","27",
"북가좌2동","40~44세","2024 년","2046","2009","37",
"북가좌2동","40~44세","2025 년","1889","1854","35",
"북가좌2동","45~49세","2024 년","2084","2057","27",
"북가좌2동","45~49세","2025 년","2036","2007","29",
"북가좌2동","50~54세","2024 년","2669","2644","25",
"북가좌2동","50~54세","2025 년","2579","2544","35",
"북가좌2동","55~59세","2024 년","2570","2552","18",
"북가좌2동","55~59세","2025 년","2587","2565","22",
"북가좌2동","60~64세","2024 년","2515","2491","24",
"북가좌2동","60~64세","2025 년","2493","2468","25",
"북가좌2동","65~69세","2024 년","2399","2384","15",
"북가좌2동","65~69세","2025 년","2442","2429","13",
"북가좌2동","70~74세","2024 년","1656","1647","9",
"북가좌2동","70~74세","2025 년","1753","1746","7",
"북가좌2동","75~79세","2024 년","1388","1384","4",
"북가좌2동","75~79세","2025 년","1436","1432","4",
"북가좌2동","80~84세","2024 년","1038","1038","-",
"북가좌2동","80~84세","2025 년","1046","1044","2",
"북가좌2동","85~89세","2024 년","492","492","-",
"북가좌2동","85~89세","2025 년","538","538","-",
"북가좌2동","90~94세","2024 년","138","138","-",
"북가좌2동","90~94세","2025 년","166","166","-",
"북가좌2동","95~99세","2024 년","35","35","-",
"북가좌2동","95~99세","2025 년","39","39","-",
"북가좌2동","100세 이상","2024 년","3","3","-",
"북가좌2동","100세 이상","2025 년","5","5","-",
"마포구","합계","2024 년","372745","361417","11328",
"마포구","합계","2025 년","369364","357616","11748",
"마포구","0~4세","2024 년","8391","8255","136",
"마포구","0~4세","2025 년","8277","8161","116",
"마포구","5~9세","2024 년","11362","11144","218",
"마포구","5~9세","2025 년","10293","10106","187",
"마포구","10~14세","2024 년","12710","12520","190",
"마포구","10~14세","2025 년","12498","12323","175",
"마포구","15~19세","2024 년","13985","13425","560",
"마포구","15~19세","2025 년","13976","13385","591",
"마포구","20~24세","2024 년","25251","22478","2773",
"마포구","20~24세","2025 년","23833","20879","2954",
"마포구","25~29세","2024 년","36963","34733","2230",
"마포구","25~29세","2025 년","36113","33714","2399",
"마포구","30~34세","2024 년","37249","35765","1484",
"마포구","30~34세","2025 년","37688","36207","1481",
"마포구","35~39세","2024 년","29653","28702","951",
"마포구","35~39세","2025 년","29552","28519","1033",
"마포구","40~44세","2024 년","29784","29048","736",
"마포구","40~44세","2025 년","29006","28230","776",
"마포구","45~49세","2024 년","27016","26509","507",
"마포구","45~49세","2025 년","26739","26225","514",
"마포구","50~54세","2024 년","30859","30393","466",
"마포구","50~54세","2025 년","29903","29475","428",
"마포구","55~59세","2024 년","26196","25811","385",
"마포구","55~59세","2025 년","26641","26244","397",
"마포구","60~64세","2024 년","23317","23022","295",
"마포구","60~64세","2025 년","22695","22423","272",
"마포구","65~69세","2024 년","20060","19884","176",
"마포구","65~69세","2025 년","20528","20342","186",
"마포구","70~74세","2024 년","13400","13279","121",
"마포구","70~74세","2025 년","14457","14326","131",
"마포구","75~79세","2024 년","11059","11004","55",
"마포구","75~79세","2025 년","11203","11141","62",
"마포구","80~84세","2024 년","8746","8716","30",
"마포구","80~84세","2025 년","8781","8754","27",
"마포구","85~89세","2024 년","4701","4692","9",
"마포구","85~89세","2025 년","4943","4931","12",
"마포구","90~94세","2024 년","1635","1631","4",
"마포구","90~94세","2025 년","1798","1794","4",
"마포구","95~99세","2024 년","359","359","-",
"마포구","95~99세","2025 년","388","387","1",
"마포구","100세 이상","2024 년","49","47","2",
"마포구","100세 이상","2025 년","52","50","2",
"아현동","합계","2024 년","29661","29141","520",
"아현동","합계","2025 년","29566","28994","572",
"아현동","0~4세","2024 년","1364","1354","10",
"아현동","0~4세","2025 년","1329","1318","11",
"아현동","5~9세","2024 년","1564","1545","19",
"아현동","5~9세","2025 년","1455","1433","22",
"아현동","10~14세","2024 년","1172","1163","9",
"아현동","10~14세","2025 년","1273","1263","10",
"아현동","15~19세","2024 년","984","971","13",
"아현동","15~19세","2025 년","1046","1019","27",
"아현동","20~24세","2024 년","1285","1228","57",
"아현동","20~24세","2025 년","1174","1097","77",
"아현동","25~29세","2024 년","1882","1824","58",
"아현동","25~29세","2025 년","1785","1713","72",
"아현동","30~34세","2024 년","2994","2907","87",
"아현동","30~34세","2025 년","2937","2866","71",
"아현동","35~39세","2024 년","3062","3013","49",
"아현동","35~39세","2025 년","3003","2937","66",
"아현동","40~44세","2024 년","3061","2990","71",
"아현동","40~44세","2025 년","3052","2986","66",
"아현동","45~49세","2024 년","2232","2202","30",
"아현동","45~49세","2025 년","2356","2324","32",
"아현동","50~54세","2024 년","2271","2232","39",
"아현동","50~54세","2025 년","2233","2203","30",
"아현동","55~59세","2024 년","2051","2018","33",
"아현동","55~59세","2025 년","2048","2017","31",
"아현동","60~64세","2024 년","1825","1809","16",
"아현동","60~64세","2025 년","1772","1750","22",
"아현동","65~69세","2024 년","1477","1471","6",
"아현동","65~69세","2025 년","1556","1548","8",
"아현동","70~74세","2024 년","881","870","11",
"아현동","70~74세","2025 년","975","963","12",
"아현동","75~79세","2024 년","629","620","9",
"아현동","75~79세","2025 년","624","614","10",
"아현동","80~84세","2024 년","501","500","1",
"아현동","80~84세","2025 년","501","499","2",
"아현동","85~89세","2024 년","295","293","2",
"아현동","85~89세","2025 년","310","308","2",
"아현동","90~94세","2024 년","102","102","-",
"아현동","90~94세","2025 년","107","106","1",
"아현동","95~99세","2024 년","25","25","-",
"아현동","95~99세","2025 년","27","27","-",
"아현동","100세 이상","2024 년","4","4","-",
"아현동","100세 이상","2025 년","3","3","-",
"공덕동","합계","2024 년","36784","36133","651",
"공덕동","합계","2025 년","36648","35929","719",
"공덕동","0~4세","2024 년","832","813","19",
"공덕동","0~4세","2025 년","860","841","19",
"공덕동","5~9세","2024 년","949","932","17",
"공덕동","5~9세","2025 년","850","834","16",
"공덕동","10~14세","2024 년","1000","982","18",
"공덕동","10~14세","2025 년","1027","1007","20",
"공덕동","15~19세","2024 년","1078","1059","19",
"공덕동","15~19세","2025 년","1080","1051","29",
"공덕동","20~24세","2024 년","2072","2026","46",
"공덕동","20~24세","2025 년","1894","1807","87",
"공덕동","25~29세","2024 년","3560","3504","56",
"공덕동","25~29세","2025 년","3414","3345","69",
"공덕동","30~34세","2024 년","3790","3715","75",
"공덕동","30~34세","2025 년","3920","3838","82",
"공덕동","35~39세","2024 년","2916","2835","81",
"공덕동","35~39세","2025 년","3007","2928","79",
"공덕동","40~44세","2024 년","2691","2619","72",
"공덕동","40~44세","2025 년","2707","2628","79",
"공덕동","45~49세","2024 년","2355","2291","64",
"공덕동","45~49세","2025 년","2340","2285","55",
"공덕동","50~54세","2024 년","3162","3095","67",
"공덕동","50~54세","2025 년","2971","2917","54",
"공덕동","55~59세","2024 년","2995","2948","47",
"공덕동","55~59세","2025 년","3008","2952","56",
"공덕동","60~64세","2024 년","2832","2796","36",
"공덕동","60~64세","2025 년","2786","2753","33",
"공덕동","65~69세","2024 년","2238","2224","14",
"공덕동","65~69세","2025 년","2321","2301","20",
"공덕동","70~74세","2024 년","1415","1405","10",
"공덕동","70~74세","2025 년","1546","1534","12",
"공덕동","75~79세","2024 년","1202","1196","6",
"공덕동","75~79세","2025 년","1175","1170","5",
"공덕동","80~84세","2024 년","918","916","2",
"공덕동","80~84세","2025 년","920","918","2",
"공덕동","85~89세","2024 년","594","592","2",
"공덕동","85~89세","2025 년","601","599","2",
"공덕동","90~94세","2024 년","148","148","-",
"공덕동","90~94세","2025 년","178","178","-",
"공덕동","95~99세","2024 년","33","33","-",
"공덕동","95~99세","2025 년","38","38","-",
"공덕동","100세 이상","2024 년","4","4","-",
"공덕동","100세 이상","2025 년","5","5","-",
"도화동","합계","2024 년","20761","20505","256",
"도화동","합계","2025 년","20486","20222","264",
"도화동","0~4세","2024 년","567","566","1",
"도화동","0~4세","2025 년","554","551","3",
"도화동","5~9세","2024 년","642","640","2",
"도화동","5~9세","2025 년","599","597","2",
"도화동","10~14세","2024 년","725","721","4",
"도화동","10~14세","2025 년","686","681","5",
"도화동","15~19세","2024 년","705","699","6",
"도화동","15~19세","2025 년","722","717","5",
"도화동","20~24세","2024 년","1011","992","19",
"도화동","20~24세","2025 년","950","928","22",
"도화동","25~29세","2024 년","1522","1494","28",
"도화동","25~29세","2025 년","1454","1423","31",
"도화동","30~34세","2024 년","1922","1875","47",
"도화동","30~34세","2025 년","2004","1967","37",
"도화동","35~39세","2024 년","1744","1717","27",
"도화동","35~39세","2025 년","1708","1679","29",
"도화동","40~44세","2024 년","1564","1544","20",
"도화동","40~44세","2025 년","1548","1517","31",
"도화동","45~49세","2024 년","1334","1313","21",
"도화동","45~49세","2025 년","1306","1286","20",
"도화동","50~54세","2024 년","1685","1662","23",
"도화동","50~54세","2025 년","1616","1595","21",
"도화동","55~59세","2024 년","1630","1614","16",
"도화동","55~59세","2025 년","1600","1587","13",
"도화동","60~64세","2024 년","1639","1623","16",
"도화동","60~64세","2025 년","1584","1570","14",
"도화동","65~69세","2024 년","1372","1362","10",
"도화동","65~69세","2025 년","1394","1383","11",
"도화동","70~74세","2024 년","892","883","9",
"도화동","70~74세","2025 년","930","921","9",
"도화동","75~79세","2024 년","716","710","6",
"도화동","75~79세","2025 년","698","691","7",
"도화동","80~84세","2024 년","567","567","-",
"도화동","80~84세","2025 년","565","563","2",
"도화동","85~89세","2024 년","359","358","1",
"도화동","85~89세","2025 년","371","370","1",
"도화동","90~94세","2024 년","131","131","-",
"도화동","90~94세","2025 년","161","160","1",
"도화동","95~99세","2024 년","33","33","-",
"도화동","95~99세","2025 년","34","34","-",
"도화동","100세 이상","2024 년","1","1","-",
"도화동","100세 이상","2025 년","2","2","-",
"용강동","합계","2024 년","21663","21269","394",
"용강동","합계","2025 년","21497","21114","383",
"용강동","0~4세","2024 년","653","638","15",
"용강동","0~4세","2025 년","632","622","10",
"용강동","5~9세","2024 년","1159","1150","9",
"용강동","5~9세","2025 년","1093","1087","6",
"용강동","10~14세","2024 년","1250","1242","8",
"용강동","10~14세","2025 년","1240","1235","5",
"용강동","15~19세","2024 년","973","960","13",
"용강동","15~19세","2025 년","999","990","9",
"용강동","20~24세","2024 년","851","829","22",
"용강동","20~24세","2025 년","825","792","33",
"용강동","25~29세","2024 년","1174","1138","36",
"용강동","25~29세","2025 년","1139","1098","41",
"용강동","30~34세","2024 년","1644","1592","52",
"용강동","30~34세","2025 년","1600","1557","43",
"용강동","35~39세","2024 년","1874","1813","61",
"용강동","35~39세","2025 년","1853","1796","57",
"용강동","40~44세","2024 년","2223","2176","47",
"용강동","40~44세","2025 년","2176","2136","40",
"용강동","45~49세","2024 년","2041","2008","33",
"용강동","45~49세","2025 년","2015","1979","36",
"용강동","50~54세","2024 년","1879","1842","37",
"용강동","50~54세","2025 년","1866","1826","40",
"용강동","55~59세","2024 년","1427","1406","21",
"용강동","55~59세","2025 년","1446","1422","24",
"용강동","60~64세","2024 년","1264","1246","18",
"용강동","60~64세","2025 년","1257","1238","19",
"용강동","65~69세","2024 년","1077","1069","8",
"용강동","65~69세","2025 년","1086","1080","6",
"용강동","70~74세","2024 년","704","699","5",
"용강동","70~74세","2025 년","790","784","6",
"용강동","75~79세","2024 년","573","567","6",
"용강동","75~79세","2025 년","567","561","6",
"용강동","80~84세","2024 년","486","483","3",
"용강동","80~84세","2025 년","478","476","2",
"용강동","85~89세","2024 년","259","259","-",
"용강동","85~89세","2025 년","273","273","-",
"용강동","90~94세","2024 년","116","116","-",
"용강동","90~94세","2025 년","123","123","-",
"용강동","95~99세","2024 년","33","33","-",
"용강동","95~99세","2025 년","33","33","-",
"용강동","100세 이상","2024 년","3","3","-",
"용강동","100세 이상","2025 년","6","6","-",
"대흥동","합계","2024 년","16139","14295","1844",
"대흥동","합계","2025 년","16221","14212","2009",
"대흥동","0~4세","2024 년","235","229","6",
"대흥동","0~4세","2025 년","238","235","3",
"대흥동","5~9세","2024 년","291","283","8",
"대흥동","5~9세","2025 년","262","253","9",
"대흥동","10~14세","2024 년","351","347","4",
"대흥동","10~14세","2025 년","382","377","5",
"대흥동","15~19세","2024 년","622","517","105",
"대흥동","15~19세","2025 년","652","484","168",
"대흥동","20~24세","2024 년","2333","1543","790",
"대흥동","20~24세","2025 년","2307","1486","821",
"대흥동","25~29세","2024 년","2530","2067","463",
"대흥동","25~29세","2025 년","2548","2026","522",
"대흥동","30~34세","2024 년","1655","1455","200",
"대흥동","30~34세","2025 년","1733","1517","216",
"대흥동","35~39세","2024 년","1085","989","96",
"대흥동","35~39세","2025 년","1041","952","89",
"대흥동","40~44세","2024 년","1027","975","52",
"대흥동","40~44세","2025 년","997","953","44",
"대흥동","45~49세","2024 년","944","919","25",
"대흥동","45~49세","2025 년","916","891","25",
"대흥동","50~54세","2024 년","1143","1121","22",
"대흥동","50~54세","2025 년","1166","1135","31",
"대흥동","55~59세","2024 년","970","936","34",
"대흥동","55~59세","2025 년","1012","976","36",
"대흥동","60~64세","2024 년","894","868","26",
"대흥동","60~64세","2025 년","852","828","24",
"대흥동","65~69세","2024 년","676","672","4",
"대흥동","65~69세","2025 년","701","695","6",
"대흥동","70~74세","2024 년","472","468","4",
"대흥동","70~74세","2025 년","480","476","4",
"대흥동","75~79세","2024 년","327","327","-",
"대흥동","75~79세","2025 년","355","354","1",
"대흥동","80~84세","2024 년","336","334","2",
"대흥동","80~84세","2025 년","316","314","2",
"대흥동","85~89세","2024 년","168","167","1",
"대흥동","85~89세","2025 년","183","182","1",
"대흥동","90~94세","2024 년","64","63","1",
"대흥동","90~94세","2025 년","61","60","1",
"대흥동","95~99세","2024 년","10","10","-",
"대흥동","95~99세","2025 년","13","13","-",
"대흥동","100세 이상","2024 년","6","5","1",
"대흥동","100세 이상","2025 년","6","5","1",
"염리동","합계","2024 년","17698","16836","862",
"염리동","합계","2025 년","17650","16820","830",
"염리동","0~4세","2024 년","475","466","9",
"염리동","0~4세","2025 년","462","455","7",
"염리동","5~9세","2024 년","798","785","13",
"염리동","5~9세","2025 년","767","757","10",
"염리동","10~14세","2024 년","981","972","9",
"염리동","10~14세","2025 년","1017","1010","7",
"염리동","15~19세","2024 년","791","765","26",
"염리동","15~19세","2025 년","836","820","16",
"염리동","20~24세","2024 년","1164","987","177",
"염리동","20~24세","2025 년","1101","907","194",
"염리동","25~29세","2024 년","1504","1316","188",
"염리동","25~29세","2025 년","1484","1316","168",
"염리동","30~34세","2024 년","1665","1422","243",
"염리동","30~34세","2025 년","1581","1385","196",
"염리동","35~39세","2024 년","1333","1255","78",
"염리동","35~39세","2025 년","1334","1209","125",
"염리동","40~44세","2024 년","1676","1636","40",
"염리동","40~44세","2025 년","1635","1597","38",
"염리동","45~49세","2024 년","1524","1509","15",
"염리동","45~49세","2025 년","1616","1598","18",
"염리동","50~54세","2024 년","1447","1429","18",
"염리동","50~54세","2025 년","1455","1444","11",
"염리동","55~59세","2024 년","1157","1136","21",
"염리동","55~59세","2025 년","1173","1158","15",
"염리동","60~64세","2024 년","930","919","11",
"염리동","60~64세","2025 년","866","857","9",
"염리동","65~69세","2024 년","744","738","6",
"염리동","65~69세","2025 년","768","761","7",
"염리동","70~74세","2024 년","497","492","5",
"염리동","70~74세","2025 년","530","525","5",
"염리동","75~79세","2024 년","401","399","2",
"염리동","75~79세","2025 년","413","411","2",
"염리동","80~84세","2024 년","361","360","1",
"염리동","80~84세","2025 년","328","326","2",
"염리동","85~89세","2024 년","180","180","-",
"염리동","85~89세","2025 년","201","201","-",
"염리동","90~94세","2024 년","61","61","-",
"염리동","90~94세","2025 년","69","69","-",
"염리동","95~99세","2024 년","8","8","-",
"염리동","95~99세","2025 년","13","13","-",
"염리동","100세 이상","2024 년","1","1","-",
"염리동","100세 이상","2025 년","1","1","-",
"신수동","합계","2024 년","22549","22161","388",
"신수동","합계","2025 년","22283","21906","377",
"신수동","0~4세","2024 년","616","612","4",
"신수동","0~4세","2025 년","593","588","5",
"신수동","5~9세","2024 년","790","784","6",
"신수동","5~9세","2025 년","707","704","3",
"신수동","10~14세","2024 년","769","767","2",
"신수동","10~14세","2025 년","800","798","2",
"신수동","15~19세","2024 년","1028","1004","24",
"신수동","15~19세","2025 년","959","949","10",
"신수동","20~24세","2024 년","1574","1494","80",
"신수동","20~24세","2025 년","1549","1452","97",
"신수동","25~29세","2024 년","1891","1805","86",
"신수동","25~29세","2025 년","1836","1759","77",
"신수동","30~34세","2024 년","1745","1702","43",
"신수동","30~34세","2025 년","1743","1706","37",
"신수동","35~39세","2024 년","1716","1682","34",
"신수동","35~39세","2025 년","1732","1695","37",
"신수동","40~44세","2024 년","1812","1779","33",
"신수동","40~44세","2025 년","1714","1685","29",
"신수동","45~49세","2024 년","1664","1637","27",
"신수동","45~49세","2025 년","1668","1646","22",
"신수동","50~54세","2024 년","2148","2133","15",
"신수동","50~54세","2025 년","2049","2029","20",
"신수동","55~59세","2024 년","1735","1719","16",
"신수동","55~59세","2025 년","1803","1782","21",
"신수동","60~64세","2024 년","1413","1402","11",
"신수동","60~64세","2025 년","1345","1339","6",
"신수동","65~69세","2024 년","1246","1241","5",
"신수동","65~69세","2025 년","1269","1260","9",
"신수동","70~74세","2024 년","816","815","1",
"신수동","70~74세","2025 년","864","863","1",
"신수동","75~79세","2024 년","650","649","1",
"신수동","75~79세","2025 년","680","680","-",
"신수동","80~84세","2024 년","531","531","-",
"신수동","80~84세","2025 년","536","535","1",
"신수동","85~89세","2024 년","297","297","-",
"신수동","85~89세","2025 년","306","306","-",
"신수동","90~94세","2024 년","84","84","-",
"신수동","90~94세","2025 년","97","97","-",
"신수동","95~99세","2024 년","21","21","-",
"신수동","95~99세","2025 년","29","29","-",
"신수동","100세 이상","2024 년","3","3","-",
"신수동","100세 이상","2025 년","4","4","-",
"서강동","합계","2024 년","25233","24432","801",
"서강동","합계","2025 년","25103","24288","815",
"서강동","0~4세","2024 년","617","616","1",
"서강동","0~4세","2025 년","574","573","1",
"서강동","5~9세","2024 년","884","877","7",
"서강동","5~9세","2025 년","828","822","6",
"서강동","10~14세","2024 년","836","829","7",
"서강동","10~14세","2025 년","808","802","6",
"서강동","15~19세","2024 년","869","806","63",
"서강동","15~19세","2025 년","913","860","53",
"서강동","20~24세","2024 년","2319","2030","289",
"서강동","20~24세","2025 년","2223","1922","301",
"서강동","25~29세","2024 년","2837","2644","193",
"서강동","25~29세","2025 년","2817","2620","197",
"서강동","30~34세","2024 년","2246","2156","90",
"서강동","30~34세","2025 년","2304","2200","104",
"서강동","35~39세","2024 년","1924","1887","37",
"서강동","35~39세","2025 년","1893","1856","37",
"서강동","40~44세","2024 년","1996","1966","30",
"서강동","40~44세","2025 년","1957","1921","36",
"서강동","45~49세","2024 년","1714","1692","22",
"서강동","45~49세","2025 년","1680","1663","17",
"서강동","50~54세","2024 년","2062","2037","25",
"서강동","50~54세","2025 년","1995","1974","21",
"서강동","55~59세","2024 년","1750","1734","16",
"서강동","55~59세","2025 년","1793","1778","15",
"서강동","60~64세","2024 년","1538","1530","8",
"서강동","60~64세","2025 년","1474","1467","7",
"서강동","65~69세","2024 년","1200","1195","5",
"서강동","65~69세","2025 년","1284","1277","7",
"서강동","70~74세","2024 년","823","818","5",
"서강동","70~74세","2025 년","888","885","3",
"서강동","75~79세","2024 년","658","657","1",
"서강동","75~79세","2025 년","659","657","2",
"서강동","80~84세","2024 년","524","523","1",
"서강동","80~84세","2025 년","543","542","1",
"서강동","85~89세","2024 년","307","307","-",
"서강동","85~89세","2025 년","321","321","-",
"서강동","90~94세","2024 년","108","108","-",
"서강동","90~94세","2025 년","127","127","-",
"서강동","95~99세","2024 년","20","20","-",
"서강동","95~99세","2025 년","21","21","-",
"서강동","100세 이상","2024 년","1","-","1",
"서강동","100세 이상","2025 년","1","-","1",
"서교동","합계","2024 년","25986","23761","2225",
"서교동","합계","2025 년","25904","23500","2404",
"서교동","0~4세","2024 년","271","261","10",
"서교동","0~4세","2025 년","283","271","12",
"서교동","5~9세","2024 년","361","349","12",
"서교동","5~9세","2025 년","331","310","21",
"서교동","10~14세","2024 년","393","380","13",
"서교동","10~14세","2025 년","403","389","14",
"서교동","15~19세","2024 년","771","596","175",
"서교동","15~19세","2025 년","758","585","173",
"서교동","20~24세","2024 년","2887","2086","801",
"서교동","20~24세","2025 년","2760","1925","835",
"서교동","25~29세","2024 년","4168","3548","620",
"서교동","25~29세","2025 년","4088","3420","668",
"서교동","30~34세","2024 년","3517","3276","241",
"서교동","30~34세","2025 년","3579","3297","282",
"서교동","35~39세","2024 년","2210","2102","108",
"서교동","35~39세","2025 년","2254","2108","146",
"서교동","40~44세","2024 년","1911","1834","77",
"서교동","40~44세","2025 년","1871","1786","85",
"서교동","45~49세","2024 년","1563","1525","38",
"서교동","45~49세","2025 년","1575","1528","47",
"서교동","50~54세","2024 년","1754","1719","35",
"서교동","50~54세","2025 년","1675","1640","35",
"서교동","55~59세","2024 년","1419","1387","32",
"서교동","55~59세","2025 년","1468","1439","29",
"서교동","60~64세","2024 년","1268","1239","29",
"서교동","60~64세","2025 년","1257","1236","21",
"서교동","65~69세","2024 년","1069","1048","21",
"서교동","65~69세","2025 년","1113","1094","19",
"서교동","70~74세","2024 년","747","739","8",
"서교동","70~74세","2025 년","797","785","12",
"서교동","75~79세","2024 년","725","723","2",
"서교동","75~79세","2025 년","720","717","3",
"서교동","80~84세","2024 년","507","505","2",
"서교동","80~84세","2025 년","510","509","1",
"서교동","85~89세","2024 년","294","294","-",
"서교동","85~89세","2025 년","301","301","-",
"서교동","90~94세","2024 년","120","119","1",
"서교동","90~94세","2025 년","127","126","1",
"서교동","95~99세","2024 년","30","30","-",
"서교동","95~99세","2025 년","32","32","-",
"서교동","100세 이상","2024 년","1","1","-",
"서교동","100세 이상","2025 년","2","2","-",
"합정동","합계","2024 년","16394","16029","365",
"합정동","합계","2025 년","16035","15629","406",
"합정동","0~4세","2024 년","267","266","1",
"합정동","0~4세","2025 년","233","232","1",
"합정동","5~9세","2024 년","299","290","9",
"합정동","5~9세","2025 년","272","261","11",
"합정동","10~14세","2024 년","312","300","12",
"합정동","10~14세","2025 년","317","310","7",
"합정동","15~19세","2024 년","415","396","19",
"합정동","15~19세","2025 년","410","391","19",
"합정동","20~24세","2024 년","913","839","74",
"합정동","20~24세","2025 년","798","706","92",
"합정동","25~29세","2024 년","2008","1941","67",
"합정동","25~29세","2025 년","1898","1821","77",
"합정동","30~34세","2024 년","2223","2172","51",
"합정동","30~34세","2025 년","2199","2148","51",
"합정동","35~39세","2024 년","1557","1518","39",
"합정동","35~39세","2025 년","1537","1493","44",
"합정동","40~44세","2024 년","1289","1258","31",
"합정동","40~44세","2025 년","1269","1235","34",
"합정동","45~49세","2024 년","1094","1077","17",
"합정동","45~49세","2025 년","1104","1083","21",
"합정동","50~54세","2024 년","1162","1149","13",
"합정동","50~54세","2025 년","1123","1111","12",
"합정동","55~59세","2024 년","1049","1039","10",
"합정동","55~59세","2025 년","1023","1009","14",
"합정동","60~64세","2024 년","1036","1025","11",
"합정동","60~64세","2025 년","1019","1008","11",
"합정동","65~69세","2024 년","901","896","5",
"합정동","65~69세","2025 년","909","904","5",
"합정동","70~74세","2024 년","618","613","5",
"합정동","70~74세","2025 년","656","650","6",
"합정동","75~79세","2024 년","524","523","1",
"합정동","75~79세","2025 년","527","526","1",
"합정동","80~84세","2024 년","422","422","-",
"합정동","80~84세","2025 년","421","421","-",
"합정동","85~89세","2024 년","200","200","-",
"합정동","85~89세","2025 년","225","225","-",
"합정동","90~94세","2024 년","75","75","-",
"합정동","90~94세","2025 년","67","67","-",
"합정동","95~99세","2024 년","28","28","-",
"합정동","95~99세","2025 년","25","25","-",
"합정동","100세 이상","2024 년","2","2","-",
"합정동","100세 이상","2025 년","3","3","-",
"망원1동","합계","2024 년","19075","18751","324",
"망원1동","합계","2025 년","18778","18437","341",
"망원1동","0~4세","2024 년","294","290","4",
"망원1동","0~4세","2025 년","274","272","2",
"망원1동","5~9세","2024 년","406","400","6",
"망원1동","5~9세","2025 년","322","317","5",
"망원1동","10~14세","2024 년","470","459","11",
"망원1동","10~14세","2025 년","441","434","7",
"망원1동","15~19세","2024 년","532","523","9",
"망원1동","15~19세","2025 년","503","494","9",
"망원1동","20~24세","2024 년","1022","989","33",
"망원1동","20~24세","2025 년","948","920","28",
"망원1동","25~29세","2024 년","1967","1926","41",
"망원1동","25~29세","2025 년","1930","1867","63",
"망원1동","30~34세","2024 년","2181","2130","51",
"망원1동","30~34세","2025 년","2221","2169","52",
"망원1동","35~39세","2024 년","1489","1446","43",
"망원1동","35~39세","2025 년","1464","1420","44",
"망원1동","40~44세","2024 년","1571","1533","38",
"망원1동","40~44세","2025 년","1487","1446","41",
"망원1동","45~49세","2024 년","1296","1281","15",
"망원1동","45~49세","2025 년","1311","1289","22",
"망원1동","50~54세","2024 년","1500","1485","15",
"망원1동","50~54세","2025 년","1460","1443","17",
"망원1동","55~59세","2024 년","1417","1395","22",
"망원1동","55~59세","2025 년","1385","1370","15",
"망원1동","60~64세","2024 년","1303","1288","15",
"망원1동","60~64세","2025 년","1258","1242","16",
"망원1동","65~69세","2024 년","1168","1154","14",
"망원1동","65~69세","2025 년","1208","1198","10",
"망원1동","70~74세","2024 년","807","803","4",
"망원1동","70~74세","2025 년","870","863","7",
"망원1동","75~79세","2024 년","757","755","2",
"망원1동","75~79세","2025 년","751","749","2",
"망원1동","80~84세","2024 년","538","537","1",
"망원1동","80~84세","2025 년","554","553","1",
"망원1동","85~89세","2024 년","263","263","-",
"망원1동","85~89세","2025 년","283","283","-",
"망원1동","90~94세","2024 년","77","77","-",
"망원1동","90~94세","2025 년","94","94","-",
"망원1동","95~99세","2024 년","17","17","-",
"망원1동","95~99세","2025 년","14","14","-",
"망원1동","100세 이상","2024 년","-","-","-",
"망원1동","100세 이상","2025 년","-","-","-",
"망원2동","합계","2024 년","17760","17528","232",
"망원2동","합계","2025 년","17438","17184","254",
"망원2동","0~4세","2024 년","298","296","2",
"망원2동","0~4세","2025 년","288","286","2",
"망원2동","5~9세","2024 년","441","440","1",
"망원2동","5~9세","2025 년","382","380","2",
"망원2동","10~14세","2024 년","609","609","-",
"망원2동","10~14세","2025 년","564","563","1",
"망원2동","15~19세","2024 년","709","702","7",
"망원2동","15~19세","2025 년","692","688","4",
"망원2동","20~24세","2024 년","974","944","30",
"망원2동","20~24세","2025 년","896","866","30",
"망원2동","25~29세","2024 년","1534","1505","29",
"망원2동","25~29세","2025 년","1481","1444","37",
"망원2동","30~34세","2024 년","1689","1652","37",
"망원2동","30~34세","2025 년","1703","1662","41",
"망원2동","35~39세","2024 년","1248","1221","27",
"망원2동","35~39세","2025 년","1251","1219","32",
"망원2동","40~44세","2024 년","1422","1395","27",
"망원2동","40~44세","2025 년","1359","1327","32",
"망원2동","45~49세","2024 년","1375","1362","13",
"망원2동","45~49세","2025 년","1309","1295","14",
"망원2동","50~54세","2024 년","1605","1586","19",
"망원2동","50~54세","2025 년","1550","1535","15",
"망원2동","55~59세","2024 년","1316","1297","19",
"망원2동","55~59세","2025 년","1356","1339","17",
"망원2동","60~64세","2024 년","1132","1120","12",
"망원2동","60~64세","2025 년","1126","1114","12",
"망원2동","65~69세","2024 년","1124","1119","5",
"망원2동","65~69세","2025 년","1100","1090","10",
"망원2동","70~74세","2024 년","786","785","1",
"망원2동","70~74세","2025 년","828","826","2",
"망원2동","75~79세","2024 년","655","654","1",
"망원2동","75~79세","2025 년","693","692","1",
"망원2동","80~84세","2024 년","530","528","2",
"망원2동","80~84세","2025 년","535","533","2",
"망원2동","85~89세","2024 년","223","223","-",
"망원2동","85~89세","2025 년","239","239","-",
"망원2동","90~94세","2024 년","72","72","-",
"망원2동","90~94세","2025 년","70","70","-",
"망원2동","95~99세","2024 년","15","15","-",
"망원2동","95~99세","2025 년","13","13","-",
"망원2동","100세 이상","2024 년","3","3","-",
"망원2동","100세 이상","2025 년","3","3","-",
"연남동","합계","2024 년","15045","14106","939",
"연남동","합계","2025 년","14728","13782","946",
"연남동","0~4세","2024 년","205","201","4",
"연남동","0~4세","2025 년","186","183","3",
"연남동","5~9세","2024 년","251","242","9",
"연남동","5~9세","2025 년","238","231","7",
"연남동","10~14세","2024 년","298","289","9",
"연남동","10~14세","2025 년","267","258","9",
"연남동","15~19세","2024 년","364","336","28",
"연남동","15~19세","2025 년","372","348","24",
"연남동","20~24세","2024 년","1199","1005","194",
"연남동","20~24세","2025 년","1023","832","191",
"연남동","25~29세","2024 년","1935","1768","167",
"연남동","25~29세","2025 년","1905","1733","172",
"연남동","30~34세","2024 년","1911","1802","109",
"연남동","30~34세","2025 년","1904","1783","121",
"연남동","35~39세","2024 년","1297","1209","88",
"연남동","35~39세","2025 년","1285","1201","84",
"연남동","40~44세","2024 년","1124","1074","50",
"연남동","40~44세","2025 년","1070","1015","55",
"연남동","45~49세","2024 년","1003","949","54",
"연남동","45~49세","2025 년","1007","952","55",
"연남동","50~54세","2024 년","1118","1066","52",
"연남동","50~54세","2025 년","1046","997","49",
"연남동","55~59세","2024 년","938","907","31",
"연남동","55~59세","2025 년","966","927","39",
"연남동","60~64세","2024 년","837","801","36",
"연남동","60~64세","2025 년","794","764","30",
"연남동","65~69세","2024 년","853","806","47",
"연남동","65~69세","2025 년","862","818","44",
"연남동","70~74세","2024 년","571","536","35",
"연남동","70~74세","2025 년","611","574","37",
"연남동","75~79세","2024 년","448","435","13",
"연남동","75~79세","2025 년","485","469","16",
"연남동","80~84세","2024 년","392","381","11",
"연남동","80~84세","2025 년","396","389","7",
"연남동","85~89세","2024 년","207","206","1",
"연남동","85~89세","2025 년","208","205","3",
"연남동","90~94세","2024 년","73","72","1",
"연남동","90~94세","2025 년","82","82","-",
"연남동","95~99세","2024 년","15","15","-",
"연남동","95~99세","2025 년","18","18","-",
"연남동","100세 이상","2024 년","6","6","-",
"연남동","100세 이상","2025 년","3","3","-",
"성산1동","합계","2024 년","18893","18524","369",
"성산1동","합계","2025 년","18697","18316","381",
"성산1동","0~4세","2024 년","269","262","7",
"성산1동","0~4세","2025 년","266","259","7",
"성산1동","5~9세","2024 년","377","373","4",
"성산1동","5~9세","2025 년","308","304","4",
"성산1동","10~14세","2024 년","551","544","7",
"성산1동","10~14세","2025 년","534","526","8",
"성산1동","15~19세","2024 년","703","688","15",
"성산1동","15~19세","2025 년","664","653","11",
"성산1동","20~24세","2024 년","1149","1105","44",
"성산1동","20~24세","2025 년","1073","1014","59",
"성산1동","25~29세","2024 년","1875","1815","60",
"성산1동","25~29세","2025 년","1847","1788","59",
"성산1동","30~34세","2024 년","2010","1964","46",
"성산1동","30~34세","2025 년","2045","2000","45",
"성산1동","35~39세","2024 년","1458","1421","37",
"성산1동","35~39세","2025 년","1441","1401","40",
"성산1동","40~44세","2024 년","1463","1432","31",
"성산1동","40~44세","2025 년","1394","1358","36",
"성산1동","45~49세","2024 년","1477","1448","29",
"성산1동","45~49세","2025 년","1470","1442","28",
"성산1동","50~54세","2024 년","1736","1710","26",
"성산1동","50~54세","2025 년","1663","1642","21",
"성산1동","55~59세","2024 년","1346","1326","20",
"성산1동","55~59세","2025 년","1423","1399","24",
"성산1동","60~64세","2024 년","1226","1210","16",
"성산1동","60~64세","2025 년","1202","1186","16",
"성산1동","65~69세","2024 년","1080","1071","9",
"성산1동","65~69세","2025 년","1103","1098","5",
"성산1동","70~74세","2024 년","757","750","7",
"성산1동","70~74세","2025 년","834","826","8",
"성산1동","75~79세","2024 년","610","606","4",
"성산1동","75~79세","2025 년","600","596","4",
"성산1동","80~84세","2024 년","491","487","4",
"성산1동","80~84세","2025 년","496","494","2",
"성산1동","85~89세","2024 년","226","224","2",
"성산1동","85~89세","2025 년","252","249","3",
"성산1동","90~94세","2024 년","76","75","1",
"성산1동","90~94세","2025 년","72","72","-",
"성산1동","95~99세","2024 년","9","9","-",
"성산1동","95~99세","2025 년","9","8","1",
"성산1동","100세 이상","2024 년","4","4","-",
"성산1동","100세 이상","2025 년","1","1","-",
"성산2동","합계","2024 년","38913","38519","394",
"성산2동","합계","2025 년","38532","38164","368",
"성산2동","0~4세","2024 년","748","741","7",
"성산2동","0~4세","2025 년","828","823","5",
"성산2동","5~9세","2024 년","952","944","8",
"성산2동","5~9세","2025 년","830","827","3",
"성산2동","10~14세","2024 년","1293","1291","2",
"성산2동","10~14세","2025 년","1175","1172","3",
"성산2동","15~19세","2024 년","1533","1520","13",
"성산2동","15~19세","2025 년","1454","1442","12",
"성산2동","20~24세","2024 년","2542","2455","87",
"성산2동","20~24세","2025 년","2459","2400","59",
"성산2동","25~29세","2024 년","4238","4141","97",
"성산2동","25~29세","2025 년","4127","4022","105",
"성산2동","30~34세","2024 년","4095","4047","48",
"성산2동","30~34세","2025 년","4195","4138","57",
"성산2동","35~39세","2024 년","2925","2881","44",
"성산2동","35~39세","2025 년","3000","2961","39",
"성산2동","40~44세","2024 년","2656","2636","20",
"성산2동","40~44세","2025 년","2600","2579","21",
"성산2동","45~49세","2024 년","2713","2696","17",
"성산2동","45~49세","2025 년","2500","2478","22",
"성산2동","50~54세","2024 년","3199","3185","14",
"성산2동","50~54세","2025 년","3079","3069","10",
"성산2동","55~59세","2024 년","2754","2743","11",
"성산2동","55~59세","2025 년","2810","2799","11",
"성산2동","60~64세","2024 년","2428","2414","14",
"성산2동","60~64세","2025 년","2383","2372","11",
"성산2동","65~69세","2024 년","2187","2181","6",
"성산2동","65~69세","2025 년","2197","2191","6",
"성산2동","70~74세","2024 년","1541","1535","6",
"성산2동","70~74세","2025 년","1669","1665","4",
"성산2동","75~79세","2024 년","1352","1352","-",
"성산2동","75~79세","2025 년","1371","1371","-",
"성산2동","80~84세","2024 년","1042","1042","-",
"성산2동","80~84세","2025 년","1067","1067","-",
"성산2동","85~89세","2024 년","485","485","-",
"성산2동","85~89세","2025 년","524","524","-",
"성산2동","90~94세","2024 년","186","186","-",
"성산2동","90~94세","2025 년","213","213","-",
"성산2동","95~99세","2024 년","36","36","-",
"성산2동","95~99세","2025 년","42","42","-",
"성산2동","100세 이상","2024 년","8","8","-",
"성산2동","100세 이상","2025 년","9","9","-",
"상암동","합계","2024 년","30191","29427","764",
"상암동","합계","2025 년","29798","29119","679",
"상암동","0~4세","2024 년","680","644","36",
"상암동","0~4세","2025 년","677","652","25",
"상암동","5~9세","2024 년","1198","1110","88",
"상암동","5~9세","2025 년","1049","989","60",
"상암동","10~14세","2024 년","1700","1625","75",
"상암동","10~14세","2025 년","1564","1498","66",
"상암동","15~19세","2024 년","1908","1883","25",
"상암동","15~19세","2025 년","1916","1894","22",
"상암동","20~24세","2024 년","1956","1926","30",
"상암동","20~24세","2025 년","1853","1825","28",
"상암동","25~29세","2024 년","2338","2297","41",
"상암동","25~29세","2025 년","2360","2319","41",
"상암동","30~34세","2024 년","1962","1898","64",
"상암동","30~34세","2025 년","2020","1974","46",
"상암동","35~39세","2024 년","1815","1713","102",
"상암동","35~39세","2025 년","1749","1664","85",
"상암동","40~44세","2024 년","2298","2201","97",
"상암동","40~44세","2025 년","2170","2061","109",
"상암동","45~49세","2024 년","2687","2600","87",
"상암동","45~49세","2025 년","2566","2486","80",
"상암동","50~54세","2024 년","2988","2942","46",
"상암동","50~54세","2025 년","2956","2915","41",
"상암동","55~59세","2024 년","2242","2206","36",
"상암동","55~59세","2025 년","2327","2290","37",
"상암동","60~64세","2024 년","1752","1732","20",
"상암동","60~64세","2025 년","1720","1699","21",
"상암동","65~69세","2024 년","1648","1637","11",
"상암동","65~69세","2025 년","1657","1644","13",
"상암동","70~74세","2024 년","1073","1068","5",
"상암동","70~74세","2025 년","1189","1186","3",
"상암동","75~79세","2024 년","832","831","1",
"상암동","75~79세","2025 년","885","883","2",
"상암동","80~84세","2024 년","600","600","-",
"상암동","80~84세","2025 년","615","615","-",
"상암동","85~89세","2024 년","344","344","-",
"상암동","85~89세","2025 년","345","345","-",
"상암동","90~94세","2024 년","142","142","-",
"상암동","90~94세","2025 년","150","150","-",
"상암동","95~99세","2024 년","26","26","-",
"상암동","95~99세","2025 년","27","27","-",
"상암동","100세 이상","2024 년","2","2","-",
"상암동","100세 이상","2025 년","3","3","-",
"양천구","합계","2024 년","434351","430976","3375",
"양천구","합계","2025 년","428537","425088","3449",
"양천구","0~4세","2024 년","8516","8463","53",
"양천구","0~4세","2025 년","8307","8257","50",
"양천구","5~9세","2024 년","15520","15440","80",
"양천구","5~9세","2025 년","14402","14332","70",
"양천구","10~14세","2024 년","23360","23303","57",
"양천구","10~14세","2025 년","22922","22864","58",
"양천구","15~19세","2024 년","23594","23529","65",
"양천구","15~19세","2025 년","23514","23424","90",
"양천구","20~24세","2024 년","22690","22502","188",
"양천구","20~24세","2025 년","20769","20568","201",
"양천구","25~29세","2024 년","27638","27286","352",
"양천구","25~29세","2025 년","26604","26230","374",
"양천구","30~34세","2024 년","28054","27680","374",
"양천구","30~34세","2025 년","27908","27539","369",
"양천구","35~39세","2024 년","25316","24899","417",
"양천구","35~39세","2025 년","24610","24199","411",
"양천구","40~44세","2024 년","34642","34310","332",
"양천구","40~44세","2025 년","33189","32829","360",
"양천구","45~49세","2024 년","36649","36336","313",
"양천구","45~49세","2025 년","36859","36551","308",
"양천구","50~54세","2024 년","39695","39371","324",
"양천구","50~54세","2025 년","37724","37412","312",
"양천구","55~59세","2024 년","34850","34485","365",
"양천구","55~59세","2025 년","34970","34608","362",
"양천구","60~64세","2024 년","33437","33198","239",
"양천구","60~64세","2025 년","32178","31924","254",
"양천구","65~69세","2024 년","30059","29935","124",
"양천구","65~69세","2025 년","30631","30510","121",
"양천구","70~74세","2024 년","20431","20375","56",
"양천구","70~74세","2025 년","22392","22329","63",
"양천구","75~79세","2024 년","14274","14252","22",
"양천구","75~79세","2025 년","15278","15250","28",
"양천구","80~84세","2024 년","8909","8905","4",
"양천구","80~84세","2025 년","9181","9174","7",
"양천구","85~89세","2024 년","4574","4570","4",
"양천구","85~89세","2025 년","4830","4826","4",
"양천구","90~94세","2024 년","1694","1690","4",
"양천구","90~94세","2025 년","1813","1809","4",
"양천구","95~99세","2024 년","382","382","-",
"양천구","95~99세","2025 년","390","389","1",
"양천구","100세 이상","2024 년","67","65","2",
"양천구","100세 이상","2025 년","66","64","2",
"목1동","합계","2024 년","30286","30146","140",
"목1동","합계","2025 년","30028","29901","127",
"목1동","0~4세","2024 년","569","569","-",
"목1동","0~4세","2025 년","573","573","-",
"목1동","5~9세","2024 년","1792","1787","5",
"목1동","5~9세","2025 년","1716","1713","3",
"목1동","10~14세","2024 년","2811","2808","3",
"목1동","10~14세","2025 년","2831","2829","2",
"목1동","15~19세","2024 년","2294","2291","3",
"목1동","15~19세","2025 년","2284","2281","3",
"목1동","20~24세","2024 년","1556","1548","8",
"목1동","20~24세","2025 년","1455","1448","7",
"목1동","25~29세","2024 년","1288","1277","11",
"목1동","25~29세","2025 년","1259","1251","8",
"목1동","30~34세","2024 년","1152","1141","11",
"목1동","30~34세","2025 년","1126","1114","12",
"목1동","35~39세","2024 년","1576","1553","23",
"목1동","35~39세","2025 년","1468","1455","13",
"목1동","40~44세","2024 년","3116","3090","26",
"목1동","40~44세","2025 년","3051","3025","26",
"목1동","45~49세","2024 년","3369","3357","12",
"목1동","45~49세","2025 년","3455","3442","13",
"목1동","50~54세","2024 년","3155","3142","13",
"목1동","50~54세","2025 년","3068","3054","14",
"목1동","55~59세","2024 년","2014","2004","10",
"목1동","55~59세","2025 년","2079","2067","12",
"목1동","60~64세","2024 년","1740","1737","3",
"목1동","60~64세","2025 년","1630","1627","3",
"목1동","65~69세","2024 년","1461","1458","3",
"목1동","65~69세","2025 년","1483","1480","3",
"목1동","70~74세","2024 년","973","968","5",
"목1동","70~74세","2025 년","1077","1073","4",
"목1동","75~79세","2024 년","680","677","3",
"목1동","75~79세","2025 년","724","722","2",
"목1동","80~84세","2024 년","439","438","1",
"목1동","80~84세","2025 년","425","423","2",
"목1동","85~89세","2024 년","205","205","-",
"목1동","85~89세","2025 년","226","226","-",
"목1동","90~94세","2024 년","76","76","-",
"목1동","90~94세","2025 년","83","83","-",
"목1동","95~99세","2024 년","16","16","-",
"목1동","95~99세","2025 년","13","13","-",
"목1동","100세 이상","2024 년","4","4","-",
"목1동","100세 이상","2025 년","2","2","-",
"목2동","합계","2024 년","28657","28401","256",
"목2동","합계","2025 년","28100","27851","249",
"목2동","0~4세","2024 년","527","524","3",
"목2동","0~4세","2025 년","458","457","1",
"목2동","5~9세","2024 년","706","702","4",
"목2동","5~9세","2025 년","605","602","3",
"목2동","10~14세","2024 년","992","989","3",
"목2동","10~14세","2025 년","947","945","2",
"목2동","15~19세","2024 년","1193","1189","4",
"목2동","15~19세","2025 년","1137","1133","4",
"목2동","20~24세","2024 년","1545","1530","15",
"목2동","20~24세","2025 년","1374","1361","13",
"목2동","25~29세","2024 년","2566","2525","41",
"목2동","25~29세","2025 년","2453","2411","42",
"목2동","30~34세","2024 년","3016","2970","46",
"목2동","30~34세","2025 년","3012","2971","41",
"목2동","35~39세","2024 년","2149","2114","35",
"목2동","35~39세","2025 년","2155","2126","29",
"목2동","40~44세","2024 년","2181","2154","27",
"목2동","40~44세","2025 년","2055","2022","33",
"목2동","45~49세","2024 년","2020","2004","16",
"목2동","45~49세","2025 년","2035","2016","19",
"목2동","50~54세","2024 년","2374","2360","14",
"목2동","50~54세","2025 년","2187","2171","16",
"목2동","55~59세","2024 년","2246","2224","22",
"목2동","55~59세","2025 년","2274","2257","17",
"목2동","60~64세","2024 년","2273","2260","13",
"목2동","60~64세","2025 년","2223","2207","16",
"목2동","65~69세","2024 년","1935","1932","3",
"목2동","65~69세","2025 년","2000","1996","4",
"목2동","70~74세","2024 년","1197","1192","5",
"목2동","70~74세","2025 년","1369","1367","2",
"목2동","75~79세","2024 년","839","836","3",
"목2동","75~79세","2025 년","864","860","4",
"목2동","80~84세","2024 년","512","512","-",
"목2동","80~84세","2025 년","546","545","1",
"목2동","85~89세","2024 년","272","271","1",
"목2동","85~89세","2025 년","283","283","-",
"목2동","90~94세","2024 년","90","89","1",
"목2동","90~94세","2025 년","97","95","2",
"목2동","95~99세","2024 년","20","20","-",
"목2동","95~99세","2025 년","24","24","-",
"목2동","100세 이상","2024 년","4","4","-",
"목2동","100세 이상","2025 년","2","2","-",
"목3동","합계","2024 년","21111","20934","177",
"목3동","합계","2025 년","20871","20674","197",
"목3동","0~4세","2024 년","480","479","1",
"목3동","0~4세","2025 년","480","480","-",
"목3동","5~9세","2024 년","528","522","6",
"목3동","5~9세","2025 년","438","433","5",
"목3동","10~14세","2024 년","525","521","4",
"목3동","10~14세","2025 년","555","551","4",
"목3동","15~19세","2024 년","719","714","5",
"목3동","15~19세","2025 년","702","694","8",
"목3동","20~24세","2024 년","1056","1046","10",
"목3동","20~24세","2025 년","925","914","11",
"목3동","25~29세","2024 년","1935","1911","24",
"목3동","25~29세","2025 년","1807","1782","25",
"목3동","30~34세","2024 년","2167","2143","24",
"목3동","30~34세","2025 년","2201","2178","23",
"목3동","35~39세","2024 년","1604","1581","23",
"목3동","35~39세","2025 년","1644","1613","31",
"목3동","40~44세","2024 년","1596","1580","16",
"목3동","40~44세","2025 년","1502","1487","15",
"목3동","45~49세","2024 년","1334","1312","22",
"목3동","45~49세","2025 년","1369","1352","17",
"목3동","50~54세","2024 년","1662","1644","18",
"목3동","50~54세","2025 년","1560","1535","25",
"목3동","55~59세","2024 년","1701","1691","10",
"목3동","55~59세","2025 년","1701","1685","16",
"목3동","60~64세","2024 년","1745","1740","5",
"목3동","60~64세","2025 년","1649","1643","6",
"목3동","65~69세","2024 년","1572","1570","2",
"목3동","65~69세","2025 년","1649","1646","3",
"목3동","70~74세","2024 년","986","981","5",
"목3동","70~74세","2025 년","1122","1118","4",
"목3동","75~79세","2024 년","707","706","1",
"목3동","75~79세","2025 년","761","758","3",
"목3동","80~84세","2024 년","414","414","-",
"목3동","80~84세","2025 년","425","425","-",
"목3동","85~89세","2024 년","257","256","1",
"목3동","85~89세","2025 년","253","252","1",
"목3동","90~94세","2024 년","100","100","-",
"목3동","90~94세","2025 년","105","105","-",
"목3동","95~99세","2024 년","20","20","-",
"목3동","95~99세","2025 년","23","23","-",
"목3동","100세 이상","2024 년","3","3","-",
"목3동","100세 이상","2025 년","-","-","-",
"목4동","합계","2024 년","24339","24162","177",
"목4동","합계","2025 년","23864","23687","177",
"목4동","0~4세","2024 년","299","296","3",
"목4동","0~4세","2025 년","301","298","3",
"목4동","5~9세","2024 년","637","635","2",
"목4동","5~9세","2025 년","573","571","2",
"목4동","10~14세","2024 년","1216","1213","3",
"목4동","10~14세","2025 년","1181","1178","3",
"목4동","15~19세","2024 년","1703","1698","5",
"목4동","15~19세","2025 년","1622","1615","7",
"목4동","20~24세","2024 년","1665","1642","23",
"목4동","20~24세","2025 년","1495","1478","17",
"목4동","25~29세","2024 년","1959","1939","20",
"목4동","25~29세","2025 년","1939","1920","19",
"목4동","30~34세","2024 년","1611","1587","24",
"목4동","30~34세","2025 년","1635","1613","22",
"목4동","35~39세","2024 년","1187","1173","14",
"목4동","35~39세","2025 년","1168","1153","15",
"목4동","40~44세","2024 년","1574","1556","18",
"목4동","40~44세","2025 년","1466","1445","21",
"목4동","45~49세","2024 년","2082","2061","21",
"목4동","45~49세","2025 년","1994","1975","19",
"목4동","50~54세","2024 년","2696","2682","14",
"목4동","50~54세","2025 년","2518","2503","15",
"목4동","55~59세","2024 년","2234","2221","13",
"목4동","55~59세","2025 년","2276","2261","15",
"목4동","60~64세","2024 년","1737","1727","10",
"목4동","60~64세","2025 년","1753","1741","12",
"목4동","65~69세","2024 년","1303","1299","4",
"목4동","65~69세","2025 년","1366","1363","3",
"목4동","70~74세","2024 년","934","933","1",
"목4동","70~74세","2025 년","992","990","2",
"목4동","75~79세","2024 년","722","720","2",
"목4동","75~79세","2025 년","762","760","2",
"목4동","80~84세","2024 년","439","439","-",
"목4동","80~84세","2025 년","454","454","-",
"목4동","85~89세","2024 년","239","239","-",
"목4동","85~89세","2025 년","253","253","-",
"목4동","90~94세","2024 년","84","84","-",
"목4동","90~94세","2025 년","94","94","-",
"목4동","95~99세","2024 년","16","16","-",
"목4동","95~99세","2025 년","20","20","-",
"목4동","100세 이상","2024 년","2","2","-",
"목4동","100세 이상","2025 년","2","2","-",
"목5동","합계","2024 년","40741","40624","117",
"목5동","합계","2025 년","40661","40547","114",
"목5동","0~4세","2024 년","720","719","1",
"목5동","0~4세","2025 년","708","708","-",
"목5동","5~9세","2024 년","2194","2189","5",
"목5동","5~9세","2025 년","2140","2137","3",
"목5동","10~14세","2024 년","3851","3849","2",
"목5동","10~14세","2025 년","3922","3919","3",
"목5동","15~19세","2024 년","3362","3362","-",
"목5동","15~19세","2025 년","3366","3365","1",
"목5동","20~24세","2024 년","2105","2100","5",
"목5동","20~24세","2025 년","1982","1976","6",
"목5동","25~29세","2024 년","1727","1702","25",
"목5동","25~29세","2025 년","1670","1651","19",
"목5동","30~34세","2024 년","1540","1519","21",
"목5동","30~34세","2025 년","1497","1472","25",
"목5동","35~39세","2024 년","1924","1909","15",
"목5동","35~39세","2025 년","1843","1829","14",
"목5동","40~44세","2024 년","3932","3917","15",
"목5동","40~44세","2025 년","3981","3966","15",
"목5동","45~49세","2024 년","4635","4622","13",
"목5동","45~49세","2025 년","4710","4698","12",
"목5동","50~54세","2024 년","4030","4027","3",
"목5동","50~54세","2025 년","3949","3948","1",
"목5동","55~59세","2024 년","2694","2688","6",
"목5동","55~59세","2025 년","2734","2725","9",
"목5동","60~64세","2024 년","2460","2457","3",
"목5동","60~64세","2025 년","2339","2336","3",
"목5동","65~69세","2024 년","2271","2269","2",
"목5동","65~69세","2025 년","2251","2249","2",
"목5동","70~74세","2024 년","1432","1432","-",
"목5동","70~74세","2025 년","1592","1592","-",
"목5동","75~79세","2024 년","898","898","-",
"목5동","75~79세","2025 년","970","970","-",
"목5동","80~84세","2024 년","474","473","1",
"목5동","80~84세","2025 년","515","514","1",
"목5동","85~89세","2024 년","297","297","-",
"목5동","85~89세","2025 년","305","305","-",
"목5동","90~94세","2024 년","147","147","-",
"목5동","90~94세","2025 년","140","140","-",
"목5동","95~99세","2024 년","43","43","-",
"목5동","95~99세","2025 년","44","44","-",
"목5동","100세 이상","2024 년","5","5","-",
"목5동","100세 이상","2025 년","3","3","-",
"신월1동","합계","2024 년","19208","18934","274",
"신월1동","합계","2025 년","18811","18527","284",
"신월1동","0~4세","2024 년","242","241","1",
"신월1동","0~4세","2025 년","218","216","2",
"신월1동","5~9세","2024 년","354","346","8",
"신월1동","5~9세","2025 년","321","317","4",
"신월1동","10~14세","2024 년","506","504","2",
"신월1동","10~14세","2025 년","454","451","3",
"신월1동","15~19세","2024 년","572","570","2",
"신월1동","15~19세","2025 년","569","559","10",
"신월1동","20~24세","2024 년","798","777","21",
"신월1동","20~24세","2025 년","705","683","22",
"신월1동","25~29세","2024 년","1317","1284","33",
"신월1동","25~29세","2025 년","1248","1219","29",
"신월1동","30~34세","2024 년","1329","1301","28",
"신월1동","30~34세","2025 년","1317","1290","27",
"신월1동","35~39세","2024 년","1109","1077","32",
"신월1동","35~39세","2025 년","1049","1016","33",
"신월1동","40~44세","2024 년","1269","1247","22",
"신월1동","40~44세","2025 년","1185","1156","29",
"신월1동","45~49세","2024 년","1343","1318","25",
"신월1동","45~49세","2025 년","1337","1317","20",
"신월1동","50~54세","2024 년","1637","1613","24",
"신월1동","50~54세","2025 년","1517","1489","28",
"신월1동","55~59세","2024 년","1755","1729","26",
"신월1동","55~59세","2025 년","1764","1738","26",
"신월1동","60~64세","2024 년","2030","1998","32",
"신월1동","60~64세","2025 년","1914","1882","32",
"신월1동","65~69세","2024 년","1895","1883","12",
"신월1동","65~69세","2025 년","1896","1884","12",
"신월1동","70~74세","2024 년","1241","1236","5",
"신월1동","70~74세","2025 년","1375","1369","6",
"신월1동","75~79세","2024 년","910","909","1",
"신월1동","75~79세","2025 년","1009","1008","1",
"신월1동","80~84세","2024 년","572","572","-",
"신월1동","80~84세","2025 년","570","570","-",
"신월1동","85~89세","2024 년","235","235","-",
"신월1동","85~89세","2025 년","258","258","-",
"신월1동","90~94세","2024 년","62","62","-",
"신월1동","90~94세","2025 년","74","74","-",
"신월1동","95~99세","2024 년","28","28","-",
"신월1동","95~99세","2025 년","29","29","-",
"신월1동","100세 이상","2024 년","4","4","-",
"신월1동","100세 이상","2025 년","2","2","-",
"신월2동","합계","2024 년","20737","20561","176",
"신월2동","합계","2025 년","20551","20395","156",
"신월2동","0~4세","2024 년","502","499","3",
"신월2동","0~4세","2025 년","504","500","4",
"신월2동","5~9세","2024 년","668","666","2",
"신월2동","5~9세","2025 년","620","617","3",
"신월2동","10~14세","2024 년","835","831","4",
"신월2동","10~14세","2025 년","816","813","3",
"신월2동","15~19세","2024 년","885","879","6",
"신월2동","15~19세","2025 년","888","882","6",
"신월2동","20~24세","2024 년","990","985","5",
"신월2동","20~24세","2025 년","925","921","4",
"신월2동","25~29세","2024 년","1319","1299","20",
"신월2동","25~29세","2025 년","1257","1239","18",
"신월2동","30~34세","2024 년","1394","1374","20",
"신월2동","30~34세","2025 년","1356","1342","14",
"신월2동","35~39세","2024 년","1326","1307","19",
"신월2동","35~39세","2025 년","1279","1265","14",
"신월2동","40~44세","2024 년","1597","1579","18",
"신월2동","40~44세","2025 년","1519","1502","17",
"신월2동","45~49세","2024 년","1587","1564","23",
"신월2동","45~49세","2025 년","1587","1569","18",
"신월2동","50~54세","2024 년","1662","1643","19",
"신월2동","50~54세","2025 년","1658","1637","21",
"신월2동","55~59세","2024 년","1635","1623","12",
"신월2동","55~59세","2025 년","1626","1614","12",
"신월2동","60~64세","2024 년","1673","1660","13",
"신월2동","60~64세","2025 년","1582","1572","10",
"신월2동","65~69세","2024 년","1757","1749","8",
"신월2동","65~69세","2025 년","1774","1767","7",
"신월2동","70~74세","2024 년","1218","1216","2",
"신월2동","70~74세","2025 년","1353","1351","2",
"신월2동","75~79세","2024 년","882","880","2",
"신월2동","75~79세","2025 년","938","937","1",
"신월2동","80~84세","2024 년","476","476","-",
"신월2동","80~84세","2025 년","509","507","2",
"신월2동","85~89세","2024 년","224","224","-",
"신월2동","85~89세","2025 년","234","234","-",
"신월2동","90~94세","2024 년","86","86","-",
"신월2동","90~94세","2025 년","99","99","-",
"신월2동","95~99세","2024 년","16","16","-",
"신월2동","95~99세","2025 년","19","19","-",
"신월2동","100세 이상","2024 년","5","5","-",
"신월2동","100세 이상","2025 년","8","8","-",
"신월3동","합계","2024 년","14239","14039","200",
"신월3동","합계","2025 년","13836","13612","224",
"신월3동","0~4세","2024 년","286","280","6",
"신월3동","0~4세","2025 년","281","273","8",
"신월3동","5~9세","2024 년","312","307","5",
"신월3동","5~9세","2025 년","276","270","6",
"신월3동","10~14세","2024 년","433","427","6",
"신월3동","10~14세","2025 년","403","398","5",
"신월3동","15~19세","2024 년","462","457","5",
"신월3동","15~19세","2025 년","443","437","6",
"신월3동","20~24세","2024 년","631","621","10",
"신월3동","20~24세","2025 년","540","528","12",
"신월3동","25~29세","2024 년","932","915","17",
"신월3동","25~29세","2025 년","888","864","24",
"신월3동","30~34세","2024 년","1114","1097","17",
"신월3동","30~34세","2025 년","1044","1024","20",
"신월3동","35~39세","2024 년","795","766","29",
"신월3동","35~39세","2025 년","806","774","32",
"신월3동","40~44세","2024 년","902","884","18",
"신월3동","40~44세","2025 년","835","814","21",
"신월3동","45~49세","2024 년","937","924","13",
"신월3동","45~49세","2025 년","915","902","13",
"신월3동","50~54세","2024 년","1185","1168","17",
"신월3동","50~54세","2025 년","1109","1092","17",
"신월3동","55~59세","2024 년","1348","1321","27",
"신월3동","55~59세","2025 년","1309","1285","24",
"신월3동","60~64세","2024 년","1404","1385","19",
"신월3동","60~64세","2025 년","1332","1308","24",
"신월3동","65~69세","2024 년","1278","1272","6",
"신월3동","65~69세","2025 년","1306","1299","7",
"신월3동","70~74세","2024 년","874","871","3",
"신월3동","70~74세","2025 년","927","924","3",
"신월3동","75~79세","2024 년","647","647","-",
"신월3동","75~79세","2025 년","681","681","-",
"신월3동","80~84세","2024 년","424","423","1",
"신월3동","80~84세","2025 년","449","448","1",
"신월3동","85~89세","2024 년","207","207","-",
"신월3동","85~89세","2025 년","218","218","-",
"신월3동","90~94세","2024 년","57","56","1",
"신월3동","90~94세","2025 년","63","62","1",
"신월3동","95~99세","2024 년","10","10","-",
"신월3동","95~99세","2025 년","10","10","-",
"신월3동","100세 이상","2024 년","1","1","-",
"신월3동","100세 이상","2025 년","1","1","-",
"신월4동","합계","2024 년","17230","17126","104",
"신월4동","합계","2025 년","16813","16714","99",
"신월4동","0~4세","2024 년","388","384","4",
"신월4동","0~4세","2025 년","395","392","3",
"신월4동","5~9세","2024 년","576","575","1",
"신월4동","5~9세","2025 년","525","523","2",
"신월4동","10~14세","2024 년","762","762","-",
"신월4동","10~14세","2025 년","655","653","2",
"신월4동","15~19세","2024 년","778","775","3",
"신월4동","15~19세","2025 년","812","809","3",
"신월4동","20~24세","2024 년","813","810","3",
"신월4동","20~24세","2025 년","729","727","2",
"신월4동","25~29세","2024 년","1025","1018","7",
"신월4동","25~29세","2025 년","952","947","5",
"신월4동","30~34세","2024 년","991","980","11",
"신월4동","30~34세","2025 년","994","984","10",
"신월4동","35~39세","2024 년","1037","1024","13",
"신월4동","35~39세","2025 년","964","948","16",
"신월4동","40~44세","2024 년","1357","1345","12",
"신월4동","40~44세","2025 년","1265","1254","11",
"신월4동","45~49세","2024 년","1334","1319","15",
"신월4동","45~49세","2025 년","1337","1324","13",
"신월4동","50~54세","2024 년","1453","1439","14",
"신월4동","50~54세","2025 년","1407","1392","15",
"신월4동","55~59세","2024 년","1380","1367","13",
"신월4동","55~59세","2025 년","1358","1346","12",
"신월4동","60~64세","2024 년","1460","1456","4",
"신월4동","60~64세","2025 년","1372","1369","3",
"신월4동","65~69세","2024 년","1415","1413","2",
"신월4동","65~69세","2025 년","1406","1404","2",
"신월4동","70~74세","2024 년","1004","1004","-",
"신월4동","70~74세","2025 년","1096","1096","-",
"신월4동","75~79세","2024 년","704","702","2",
"신월4동","75~79세","2025 년","760","760","-",
"신월4동","80~84세","2024 년","440","440","-",
"신월4동","80~84세","2025 년","464","464","-",
"신월4동","85~89세","2024 년","204","204","-",
"신월4동","85~89세","2025 년","218","218","-",
"신월4동","90~94세","2024 년","94","94","-",
"신월4동","90~94세","2025 년","87","87","-",
"신월4동","95~99세","2024 년","11","11","-",
"신월4동","95~99세","2025 년","13","13","-",
"신월4동","100세 이상","2024 년","4","4","-",
"신월4동","100세 이상","2025 년","4","4","-",
"신월5동","합계","2024 년","14028","13887","141",
"신월5동","합계","2025 년","13811","13667","144",
"신월5동","0~4세","2024 년","248","246","2",
"신월5동","0~4세","2025 년","236","233","3",
"신월5동","5~9세","2024 년","397","390","7",
"신월5동","5~9세","2025 년","361","354","7",
"신월5동","10~14세","2024 년","530","528","2",
"신월5동","10~14세","2025 년","514","512","2",
"신월5동","15~19세","2024 년","599","597","2",
"신월5동","15~19세","2025 년","578","574","4",
"신월5동","20~24세","2024 년","675","667","8",
"신월5동","20~24세","2025 년","631","617","14",
"신월5동","25~29세","2024 년","1062","1049","13",
"신월5동","25~29세","2025 년","1007","995","12",
"신월5동","30~34세","2024 년","1123","1108","15",
"신월5동","30~34세","2025 년","1125","1110","15",
"신월5동","35~39세","2024 년","855","839","16",
"신월5동","35~39세","2025 년","860","843","17",
"신월5동","40~44세","2024 년","980","970","10",
"신월5동","40~44세","2025 년","907","895","12",
"신월5동","45~49세","2024 년","1047","1031","16",
"신월5동","45~49세","2025 년","1043","1029","14",
"신월5동","50~54세","2024 년","1144","1134","10",
"신월5동","50~54세","2025 년","1076","1067","9",
"신월5동","55~59세","2024 년","1229","1208","21",
"신월5동","55~59세","2025 년","1220","1204","16",
"신월5동","60~64세","2024 년","1258","1248","10",
"신월5동","60~64세","2025 년","1210","1200","10",
"신월5동","65~69세","2024 년","1091","1088","3",
"신월5동","65~69세","2025 년","1138","1137","1",
"신월5동","70~74세","2024 년","709","705","4",
"신월5동","70~74세","2025 년","784","778","6",
"신월5동","75~79세","2024 년","520","519","1",
"신월5동","75~79세","2025 년","537","536","1",
"신월5동","80~84세","2024 년","344","344","-",
"신월5동","80~84세","2025 년","351","351","-",
"신월5동","85~89세","2024 년","148","147","1",
"신월5동","85~89세","2025 년","155","154","1",
"신월5동","90~94세","2024 년","60","60","-",
"신월5동","90~94세","2025 년","67","67","-",
"신월5동","95~99세","2024 년","9","9","-",
"신월5동","95~99세","2025 년","11","11","-",
"신월5동","100세 이상","2024 년","-","-","-",
"신월5동","100세 이상","2025 년","-","-","-",
"신월6동","합계","2024 년","13804","13739","65",
"신월6동","합계","2025 년","13765","13694","71",
"신월6동","0~4세","2024 년","608","605","3",
"신월6동","0~4세","2025 년","600","597","3",
"신월6동","5~9세","2024 년","716","714","2",
"신월6동","5~9세","2025 년","668","667","1",
"신월6동","10~14세","2024 년","647","647","-",
"신월6동","10~14세","2025 년","703","703","-",
"신월6동","15~19세","2024 년","610","607","3",
"신월6동","15~19세","2025 년","616","614","2",
"신월6동","20~24세","2024 년","630","629","1",
"신월6동","20~24세","2025 년","611","610","1",
"신월6동","25~29세","2024 년","719","714","5",
"신월6동","25~29세","2025 년","684","679","5",
"신월6동","30~34세","2024 년","971","962","9",
"신월6동","30~34세","2025 년","966","955","11",
"신월6동","35~39세","2024 년","1254","1243","11",
"신월6동","35~39세","2025 년","1157","1143","14",
"신월6동","40~44세","2024 년","1378","1374","4",
"신월6동","40~44세","2025 년","1375","1366","9",
"신월6동","45~49세","2024 년","1006","1000","6",
"신월6동","45~49세","2025 년","1085","1080","5",
"신월6동","50~54세","2024 년","1104","1100","4",
"신월6동","50~54세","2025 년","1064","1058","6",
"신월6동","55~59세","2024 년","946","936","10",
"신월6동","55~59세","2025 년","961","953","8",
"신월6동","60~64세","2024 년","929","925","4",
"신월6동","60~64세","2025 년","879","875","4",
"신월6동","65~69세","2024 년","902","899","3",
"신월6동","65~69세","2025 년","893","892","1",
"신월6동","70~74세","2024 년","606","606","-",
"신월6동","70~74세","2025 년","672","671","1",
"신월6동","75~79세","2024 년","369","369","-",
"신월6동","75~79세","2025 년","405","405","-",
"신월6동","80~84세","2024 년","256","256","-",
"신월6동","80~84세","2025 년","270","270","-",
"신월6동","85~89세","2024 년","106","106","-",
"신월6동","85~89세","2025 년","116","116","-",
"신월6동","90~94세","2024 년","35","35","-",
"신월6동","90~94세","2025 년","32","32","-",
"신월6동","95~99세","2024 년","8","8","-",
"신월6동","95~99세","2025 년","7","7","-",
"신월6동","100세 이상","2024 년","4","4","-",
"신월6동","100세 이상","2025 년","1","1","-",
"신월7동","합계","2024 년","18400","18251","149",
"신월7동","합계","2025 년","18057","17890","167",
"신월7동","0~4세","2024 년","356","350","6",
"신월7동","0~4세","2025 년","344","338","6",
"신월7동","5~9세","2024 년","351","347","4",
"신월7동","5~9세","2025 년","316","309","7",
"신월7동","10~14세","2024 년","481","478","3",
"신월7동","10~14세","2025 년","433","430","3",
"신월7동","15~19세","2024 년","555","552","3",
"신월7동","15~19세","2025 년","530","526","4",
"신월7동","20~24세","2024 년","737","735","2",
"신월7동","20~24세","2025 년","639","634","5",
"신월7동","25~29세","2024 년","1199","1185","14",
"신월7동","25~29세","2025 년","1180","1163","17",
"신월7동","30~34세","2024 년","1362","1346","16",
"신월7동","30~34세","2025 년","1372","1357","15",
"신월7동","35~39세","2024 년","1125","1109","16",
"신월7동","35~39세","2025 년","1097","1077","20",
"신월7동","40~44세","2024 년","1217","1206","11",
"신월7동","40~44세","2025 년","1158","1148","10",
"신월7동","45~49세","2024 년","1156","1140","16",
"신월7동","45~49세","2025 년","1164","1146","18",
"신월7동","50~54세","2024 년","1495","1480","15",
"신월7동","50~54세","2025 년","1368","1345","23",
"신월7동","55~59세","2024 년","1659","1637","22",
"신월7동","55~59세","2025 년","1595","1575","20",
"신월7동","60~64세","2024 년","1833","1821","12",
"신월7동","60~64세","2025 년","1759","1749","10",
"신월7동","65~69세","2024 년","1736","1729","7",
"신월7동","65~69세","2025 년","1735","1730","5",
"신월7동","70~74세","2024 년","1223","1221","2",
"신월7동","70~74세","2025 년","1349","1348","1",
"신월7동","75~79세","2024 년","833","833","-",
"신월7동","75~79세","2025 년","905","902","3",
"신월7동","80~84세","2024 년","611","611","-",
"신월7동","80~84세","2025 년","617","617","-",
"신월7동","85~89세","2024 년","335","335","-",
"신월7동","85~89세","2025 년","346","346","-",
"신월7동","90~94세","2024 년","115","115","-",
"신월7동","90~94세","2025 년","129","129","-",
"신월7동","95~99세","2024 년","20","20","-",
"신월7동","95~99세","2025 년","18","18","-",
"신월7동","100세 이상","2024 년","1","1","-",
"신월7동","100세 이상","2025 년","3","3","-",
"신정1동","합계","2024 년","19684","19584","100",
"신정1동","합계","2025 년","19547","19444","103",
"신정1동","0~4세","2024 년","370","370","-",
"신정1동","0~4세","2025 년","349","349","-",
"신정1동","5~9세","2024 년","1058","1056","2",
"신정1동","5~9세","2025 년","1030","1028","2",
"신정1동","10~14세","2024 년","1693","1693","-",
"신정1동","10~14세","2025 년","1647","1647","-",
"신정1동","15~19세","2024 년","1268","1265","3",
"신정1동","15~19세","2025 년","1325","1320","5",
"신정1동","20~24세","2024 년","985","981","4",
"신정1동","20~24세","2025 년","943","937","6",
"신정1동","25~29세","2024 년","972","962","10",
"신정1동","25~29세","2025 년","946","937","9",
"신정1동","30~34세","2024 년","838","833","5",
"신정1동","30~34세","2025 년","829","822","7",
"신정1동","35~39세","2024 년","928","921","7",
"신정1동","35~39세","2025 년","912","904","8",
"신정1동","40~44세","2024 년","1931","1922","9",
"신정1동","40~44세","2025 년","1828","1821","7",
"신정1동","45~49세","2024 년","1994","1982","12",
"신정1동","45~49세","2025 년","2021","2010","11",
"신정1동","50~54세","2024 년","1753","1739","14",
"신정1동","50~54세","2025 년","1697","1682","15",
"신정1동","55~59세","2024 년","1447","1436","11",
"신정1동","55~59세","2025 년","1444","1434","10",
"신정1동","60~64세","2024 년","1341","1333","8",
"신정1동","60~64세","2025 년","1329","1319","10",
"신정1동","65~69세","2024 년","1114","1104","10",
"신정1동","65~69세","2025 년","1120","1114","6",
"신정1동","70~74세","2024 년","818","816","2",
"신정1동","70~74세","2025 년","894","890","4",
"신정1동","75~79세","2024 년","556","556","-",
"신정1동","75~79세","2025 년","594","594","-",
"신정1동","80~84세","2024 년","318","318","-",
"신정1동","80~84세","2025 년","319","319","-",
"신정1동","85~89세","2024 년","187","187","-",
"신정1동","85~89세","2025 년","200","200","-",
"신정1동","90~94세","2024 년","87","85","2",
"신정1동","90~94세","2025 년","95","94","1",
"신정1동","95~99세","2024 년","23","23","-",
"신정1동","95~99세","2025 년","19","18","1",
"신정1동","100세 이상","2024 년","3","2","1",
"신정1동","100세 이상","2025 년","6","5","1",
"신정2동","합계","2024 년","18651","18576","75",
"신정2동","합계","2025 년","18540","18457","83",
"신정2동","0~4세","2024 년","267","266","1",
"신정2동","0~4세","2025 년","294","292","2",
"신정2동","5~9세","2024 년","719","719","-",
"신정2동","5~9세","2025 년","709","709","-",
"신정2동","10~14세","2024 년","1496","1495","1",
"신정2동","10~14세","2025 년","1458","1457","1",
"신정2동","15~19세","2024 년","1395","1393","2",
"신정2동","15~19세","2025 년","1428","1426","2",
"신정2동","20~24세","2024 년","1074","1068","6",
"신정2동","20~24세","2025 년","964","959","5",
"신정2동","25~29세","2024 년","926","920","6",
"신정2동","25~29세","2025 년","913","906","7",
"신정2동","30~34세","2024 년","809","806","3",
"신정2동","30~34세","2025 년","807","801","6",
"신정2동","35~39세","2024 년","785","774","11",
"신정2동","35~39세","2025 년","776","769","7",
"신정2동","40~44세","2024 년","1529","1519","10",
"신정2동","40~44세","2025 년","1493","1480","13",
"신정2동","45~49세","2024 년","1914","1909","5",
"신정2동","45~49세","2025 년","1942","1934","8",
"신정2동","50~54세","2024 년","1886","1877","9",
"신정2동","50~54세","2025 년","1800","1790","10",
"신정2동","55~59세","2024 년","1462","1449","13",
"신정2동","55~59세","2025 년","1477","1463","14",
"신정2동","60~64세","2024 년","1337","1331","6",
"신정2동","60~64세","2025 년","1277","1273","4",
"신정2동","65~69세","2024 년","1155","1153","2",
"신정2동","65~69세","2025 년","1181","1177","4",
"신정2동","70~74세","2024 년","753","753","-",
"신정2동","70~74세","2025 년","820","820","-",
"신정2동","75~79세","2024 년","517","517","-",
"신정2동","75~79세","2025 년","564","564","-",
"신정2동","80~84세","2024 년","361","361","-",
"신정2동","80~84세","2025 년","363","363","-",
"신정2동","85~89세","2024 년","167","167","-",
"신정2동","85~89세","2025 년","182","182","-",
"신정2동","90~94세","2024 년","80","80","-",
"신정2동","90~94세","2025 년","71","71","-",
"신정2동","95~99세","2024 년","15","15","-",
"신정2동","95~99세","2025 년","16","16","-",
"신정2동","100세 이상","2024 년","4","4","-",
"신정2동","100세 이상","2025 년","5","5","-",
"신정3동","합계","2024 년","48956","48617","339",
"신정3동","합계","2025 년","47738","47403","335",
"신정3동","0~4세","2024 년","1184","1179","5",
"신정3동","0~4세","2025 년","1112","1109","3",
"신정3동","5~9세","2024 년","1641","1631","10",
"신정3동","5~9세","2025 년","1438","1429","9",
"신정3동","10~14세","2024 년","2258","2246","12",
"신정3동","10~14세","2025 년","2093","2080","13",
"신정3동","15~19세","2024 년","2786","2782","4",
"신정3동","15~19세","2025 년","2765","2758","7",
"신정3동","20~24세","2024 년","2951","2938","13",
"신정3동","20~24세","2025 년","2725","2714","11",
"신정3동","25~29세","2024 년","3004","2991","13",
"신정3동","25~29세","2025 년","2893","2879","14",
"신정3동","30~34세","2024 년","3025","2999","26",
"신정3동","30~34세","2025 년","3012","2984","28",
"신정3동","35~39세","2024 년","2817","2779","38",
"신정3동","35~39세","2025 년","2676","2639","37",
"신정3동","40~44세","2024 년","3469","3427","42",
"신정3동","40~44세","2025 년","3179","3143","36",
"신정3동","45~49세","2024 년","3888","3862","26",
"신정3동","45~49세","2025 년","3728","3698","30",
"신정3동","50~54세","2024 년","4847","4798","49",
"신정3동","50~54세","2025 년","4558","4527","31",
"신정3동","55~59세","2024 년","4325","4274","51",
"신정3동","55~59세","2025 년","4396","4341","55",
"신정3동","60~64세","2024 년","3763","3737","26",
"신정3동","60~64세","2025 년","3657","3626","31",
"신정3동","65~69세","2024 년","3331","3316","15",
"신정3동","65~69세","2025 년","3469","3451","18",
"신정3동","70~74세","2024 년","2246","2242","4",
"신정3동","70~74세","2025 년","2416","2410","6",
"신정3동","75~79세","2024 년","1607","1605","2",
"신정3동","75~79세","2025 년","1731","1728","3",
"신정3동","80~84세","2024 년","1055","1054","1",
"신정3동","80~84세","2025 년","1082","1082","-",
"신정3동","85~89세","2024 년","514","513","1",
"신정3동","85~89세","2025 년","544","542","2",
"신정3동","90~94세","2024 년","190","190","-",
"신정3동","90~94세","2025 년","215","215","-",
"신정3동","95~99세","2024 년","47","47","-",
"신정3동","95~99세","2025 년","38","38","-",
"신정3동","100세 이상","2024 년","8","7","1",
"신정3동","100세 이상","2025 년","11","10","1",
"신정4동","합계","2024 년","32111","31419","692",
"신정4동","합계","2025 년","31780","31065","715",
"신정4동","0~4세","2024 년","436","423","13",
"신정4동","0~4세","2025 년","401","391","10",
"신정4동","5~9세","2024 년","612","599","13",
"신정4동","5~9세","2025 년","522","513","9",
"신정4동","10~14세","2024 년","845","836","9",
"신정4동","10~14세","2025 년","774","766","8",
"신정4동","15~19세","2024 년","1074","1059","15",
"신정4동","15~19세","2025 년","1079","1062","17",
"신정4동","20~24세","2024 년","1846","1799","47",
"신정4동","20~24세","2025 년","1670","1610","60",
"신정4동","25~29세","2024 년","3032","2958","74",
"신정4동","25~29세","2025 년","3059","2957","102",
"신정4동","30~34세","2024 년","3030","2952","78",
"신정4동","30~34세","2025 년","3088","3014","74",
"신정4동","35~39세","2024 년","2009","1927","82",
"신정4동","35~39세","2025 년","1996","1914","82",
"신정4동","40~44세","2024 년","2232","2181","51",
"신정4동","40~44세","2025 년","2078","2025","53",
"신정4동","45~49세","2024 년","2262","2208","54",
"신정4동","45~49세","2025 년","2235","2177","58",
"신정4동","50~54세","2024 년","2778","2710","68",
"신정4동","50~54세","2025 년","2597","2548","49",
"신정4동","55~59세","2024 년","2607","2527","80",
"신정4동","55~59세","2025 년","2677","2599","78",
"신정4동","60~64세","2024 년","2517","2459","58",
"신정4동","60~64세","2025 년","2418","2355","63",
"신정4동","65~69세","2024 년","2410","2375","35",
"신정4동","65~69세","2025 년","2473","2441","32",
"신정4동","70~74세","2024 년","1802","1789","13",
"신정4동","70~74세","2025 년","1917","1901","16",
"신정4동","75~79세","2024 년","1305","1303","2",
"신정4동","75~79세","2025 년","1388","1384","4",
"신정4동","80~84세","2024 년","830","830","-",
"신정4동","80~84세","2025 년","864","864","-",
"신정4동","85~89세","2024 년","358","358","-",
"신정4동","85~89세","2025 년","411","411","-",
"신정4동","90~94세","2024 년","100","100","-",
"신정4동","90~94세","2025 년","110","110","-",
"신정4동","95~99세","2024 년","21","21","-",
"신정4동","95~99세","2025 년","18","18","-",
"신정4동","100세 이상","2024 년","5","5","-",
"신정4동","100세 이상","2025 년","5","5","-",
"신정6동","합계","2024 년","23989","23958","31",
"신정6동","합계","2025 년","23886","23845","41",
"신정6동","0~4세","2024 년","473","473","-",
"신정6동","0~4세","2025 년","511","510","1",
"신정6동","5~9세","2024 년","1246","1245","1",
"신정6동","5~9세","2025 년","1177","1175","2",
"신정6동","10~14세","2024 년","1895","1894","1",
"신정6동","10~14세","2025 년","1949","1948","1",
"신정6동","15~19세","2024 년","1685","1685","-",
"신정6동","15~19세","2025 년","1708","1707","1",
"신정6동","20~24세","2024 년","1275","1274","1",
"신정6동","20~24세","2025 년","1180","1179","1",
"신정6동","25~29세","2024 년","1225","1223","2",
"신정6동","25~29세","2025 년","1129","1123","6",
"신정6동","30~34세","2024 년","1129","1124","5",
"신정6동","30~34세","2025 년","1129","1123","6",
"신정6동","35~39세","2024 년","1329","1321","8",
"신정6동","35~39세","2025 년","1278","1272","6",
"신정6동","40~44세","2024 년","2235","2228","7",
"신정6동","40~44세","2025 년","2217","2209","8",
"신정6동","45~49세","2024 년","2334","2332","2",
"신정6동","45~49세","2025 년","2415","2411","4",
"신정6동","50~54세","2024 년","2204","2204","-",
"신정6동","50~54세","2025 년","2106","2106","-",
"신정6동","55~59세","2024 년","1894","1892","2",
"신정6동","55~59세","2025 년","1855","1854","1",
"신정6동","60~64세","2024 년","1640","1639","1",
"신정6동","60~64세","2025 년","1634","1632","2",
"신정6동","65~69세","2024 년","1363","1363","-",
"신정6동","65~69세","2025 년","1384","1383","1",
"신정6동","70~74세","2024 년","924","923","1",
"신정6동","70~74세","2025 년","1039","1039","-",
"신정6동","75~79세","2024 년","547","547","-",
"신정6동","75~79세","2025 년","584","583","1",
"신정6동","80~84세","2024 년","283","283","-",
"신정6동","80~84세","2025 년","288","288","-",
"신정6동","85~89세","2024 년","201","201","-",
"신정6동","85~89세","2025 년","192","192","-",
"신정6동","90~94세","2024 년","83","83","-",
"신정6동","90~94세","2025 년","87","87","-",
"신정6동","95~99세","2024 년","20","20","-",
"신정6동","95~99세","2025 년","20","20","-",
"신정6동","100세 이상","2024 년","4","4","-",
"신정6동","100세 이상","2025 년","4","4","-",
"신정7동","합계","2024 년","28180","28018","162",
"신정7동","합계","2025 년","27878","27715","163",
"신정7동","0~4세","2024 년","561","560","1",
"신정7동","0~4세","2025 년","542","541","1",
"신정7동","5~9세","2024 년","1013","1010","3",
"신정7동","5~9세","2025 년","967","965","2",
"신정7동","10~14세","2024 년","1584","1582","2",
"신정7동","10~14세","2025 년","1587","1584","3",
"신정7동","15~19세","2024 년","1654","1654","-",
"신정7동","15~19세","2025 년","1662","1662","-",
"신정7동","20~24세","2024 년","1358","1352","6",
"신정7동","20~24세","2025 년","1276","1272","4",
"신정7동","25~29세","2024 년","1431","1414","17",
"신정7동","25~29세","2025 년","1320","1307","13",
"신정7동","30~34세","2024 년","1453","1438","15",
"신정7동","30~34세","2025 년","1398","1385","13",
"신정7동","35~39세","2024 년","1507","1482","25",
"신정7동","35~39세","2025 년","1482","1459","23",
"신정7동","40~44세","2024 년","2147","2131","16",
"신정7동","40~44세","2025 년","2095","2071","24",
"신정7동","45~49세","2024 년","2407","2391","16",
"신정7동","45~49세","2025 년","2487","2471","16",
"신정7동","50~54세","2024 년","2630","2611","19",
"신정7동","50~54세","2025 년","2485","2468","17",
"신정7동","55~59세","2024 년","2274","2258","16",
"신정7동","55~59세","2025 년","2224","2207","17",
"신정7동","60~64세","2024 년","2297","2285","12",
"신정7동","60~64세","2025 년","2221","2210","11",
"신정7동","65~69세","2024 년","2070","2063","7",
"신정7동","65~69세","2025 년","2107","2097","10",
"신정7동","70~74세","2024 년","1491","1487","4",
"신정7동","70~74세","2025 년","1598","1592","6",
"신정7동","75~79세","2024 년","1031","1028","3",
"신정7동","75~79세","2025 년","1101","1098","3",
"신정7동","80~84세","2024 년","661","661","-",
"신정7동","80~84세","2025 년","670","670","-",
"신정7동","85~89세","2024 년","418","418","-",
"신정7동","85~89세","2025 년","436","436","-",
"신정7동","90~94세","2024 년","148","148","-",
"신정7동","90~94세","2025 년","165","165","-",
"신정7동","95~99세","2024 년","39","39","-",
"신정7동","95~99세","2025 년","48","48","-",
"신정7동","100세 이상","2024 년","6","6","-",
"신정7동","100세 이상","2025 년","7","7","-",
"강서구","합계","2024 년","562194","556171","6023",
"강서구","합계","2025 년","556370","549711","6659",
"강서구","0~4세","2024 년","12531","12403","128",
"강서구","0~4세","2025 년","12153","12023","130",
"강서구","5~9세","2024 년","16603","16457","146",
"강서구","5~9세","2025 년","14824","14663","161",
"강서구","10~14세","2024 년","20272","20183","89",
"강서구","10~14세","2025 년","19724","19615","109",
"강서구","15~19세","2024 년","20703","20576","127",
"강서구","15~19세","2025 년","20667","20498","169",
"강서구","20~24세","2024 년","28296","27891","405",
"강서구","20~24세","2025 년","25646","25111","535",
"강서구","25~29세","2024 년","48324","47550","774",
"강서구","25~29세","2025 년","47312","46423","889",
"강서구","30~34세","2024 년","54736","53947","789",
"강서구","30~34세","2025 년","55146","54261","885",
"강서구","35~39세","2024 년","43213","42352","861",
"강서구","35~39세","2025 년","42899","42001","898",
"강서구","40~44세","2024 년","44446","43837","609",
"강서구","40~44세","2025 년","42307","41621","686",
"강서구","45~49세","2024 년","40460","40000","460",
"강서구","45~49세","2025 년","40679","40162","517",
"강서구","50~54세","2024 년","43853","43362","491",
"강서구","50~54세","2025 년","42457","41991","466",
"강서구","55~59세","2024 년","39699","39219","480",
"강서구","55~59세","2025 년","39728","39237","491",
"강서구","60~64세","2024 년","41505","41148","357",
"강서구","60~64세","2025 년","39508","39139","369",
"강서구","65~69세","2024 년","39455","39276","179",
"강서구","65~69세","2025 년","40117","39911","206",
"강서구","70~74세","2024 년","26902","26829","73",
"강서구","70~74세","2025 년","29399","29313","86",
"강서구","75~79세","2024 년","19421","19388","33",
"강서구","75~79세","2025 년","20795","20757","38",
"강서구","80~84세","2024 년","12330","12318","12",
"강서구","80~84세","2025 년","12744","12729","15",
"강서구","85~89세","2024 년","6445","6439","6",
"강서구","85~89세","2025 년","6915","6910","5",
"강서구","90~94세","2024 년","2333","2330","3",
"강서구","90~94세","2025 년","2633","2630","3",
"강서구","95~99세","2024 년","581","580","1",
"강서구","95~99세","2025 년","625","624","1",
"강서구","100세 이상","2024 년","86","86","-",
"강서구","100세 이상","2025 년","92","92","-",
"염창동","합계","2024 년","41330","41191","139",
"염창동","합계","2025 년","41267","41090","177",
"염창동","0~4세","2024 년","1454","1450","4",
"염창동","0~4세","2025 년","1439","1434","5",
"염창동","5~9세","2024 년","1826","1824","2",
"염창동","5~9세","2025 년","1665","1664","1",
"염창동","10~14세","2024 년","2297","2297","-",
"염창동","10~14세","2025 년","2237","2236","1",
"염창동","15~19세","2024 년","2051","2050","1",
"염창동","15~19세","2025 년","2057","2050","7",
"염창동","20~24세","2024 년","2136","2126","10",
"염창동","20~24세","2025 년","2030","2018","12",
"염창동","25~29세","2024 년","2968","2941","27",
"염창동","25~29세","2025 년","2953","2921","32",
"염창동","30~34세","2024 년","3881","3862","19",
"염창동","30~34세","2025 년","3984","3956","28",
"염창동","35~39세","2024 년","3543","3513","30",
"염창동","35~39세","2025 년","3625","3592","33",
"염창동","40~44세","2024 년","3754","3738","16",
"염창동","40~44세","2025 년","3625","3603","22",
"염창동","45~49세","2024 년","3437","3429","8",
"염창동","45~49세","2025 년","3409","3395","14",
"염창동","50~54세","2024 년","3492","3484","8",
"염창동","50~54세","2025 년","3424","3417","7",
"염창동","55~59세","2024 년","2729","2720","9",
"염창동","55~59세","2025 년","2788","2780","8",
"염창동","60~64세","2024 년","2532","2528","4",
"염창동","60~64세","2025 년","2417","2411","6",
"염창동","65~69세","2024 년","2087","2087","-",
"염창동","65~69세","2025 년","2194","2194","-",
"염창동","70~74세","2024 년","1330","1329","1",
"염창동","70~74세","2025 년","1478","1477","1",
"염창동","75~79세","2024 년","885","885","-",
"염창동","75~79세","2025 년","961","961","-",
"염창동","80~84세","2024 년","517","517","-",
"염창동","80~84세","2025 년","526","526","-",
"염창동","85~89세","2024 년","289","289","-",
"염창동","85~89세","2025 년","309","309","-",
"염창동","90~94세","2024 년","99","99","-",
"염창동","90~94세","2025 년","118","118","-",
"염창동","95~99세","2024 년","20","20","-",
"염창동","95~99세","2025 년","27","27","-",
"염창동","100세 이상","2024 년","3","3","-",
"염창동","100세 이상","2025 년","1","1","-",
"등촌1동","합계","2024 년","25246","24997","249",
"등촌1동","합계","2025 년","25115","24864","251",
"등촌1동","0~4세","2024 년","663","661","2",
"등촌1동","0~4세","2025 년","664","663","1",
"등촌1동","5~9세","2024 년","560","554","6",
"등촌1동","5~9세","2025 년","522","513","9",
"등촌1동","10~14세","2024 년","498","494","4",
"등촌1동","10~14세","2025 년","493","490","3",
"등촌1동","15~19세","2024 년","613","607","6",
"등촌1동","15~19세","2025 년","579","572","7",
"등촌1동","20~24세","2024 년","1288","1274","14",
"등촌1동","20~24세","2025 년","1075","1062","13",
"등촌1동","25~29세","2024 년","3239","3185","54",
"등촌1동","25~29세","2025 년","3157","3116","41",
"등촌1동","30~34세","2024 년","3992","3954","38",
"등촌1동","30~34세","2025 년","4063","4026","37",
"등촌1동","35~39세","2024 년","2937","2900","37",
"등촌1동","35~39세","2025 년","3004","2957","47",
"등촌1동","40~44세","2024 년","2078","2045","33",
"등촌1동","40~44세","2025 년","2076","2046","30",
"등촌1동","45~49세","2024 년","1486","1470","16",
"등촌1동","45~49세","2025 년","1480","1459","21",
"등촌1동","50~54세","2024 년","1633","1620","13",
"등촌1동","50~54세","2025 년","1587","1573","14",
"등촌1동","55~59세","2024 년","1457","1441","16",
"등촌1동","55~59세","2025 년","1454","1439","15",
"등촌1동","60~64세","2024 년","1370","1369","1",
"등촌1동","60~64세","2025 년","1336","1332","4",
"등촌1동","65~69세","2024 년","1188","1182","6",
"등촌1동","65~69세","2025 년","1262","1257","5",
"등촌1동","70~74세","2024 년","748","747","1",
"등촌1동","70~74세","2025 년","824","822","2",
"등촌1동","75~79세","2024 년","574","572","2",
"등촌1동","75~79세","2025 년","601","599","2",
"등촌1동","80~84세","2024 년","426","426","-",
"등촌1동","80~84세","2025 년","422","422","-",
"등촌1동","85~89세","2024 년","311","311","-",
"등촌1동","85~89세","2025 년","306","306","-",
"등촌1동","90~94세","2024 년","139","139","-",
"등촌1동","90~94세","2025 년","154","154","-",
"등촌1동","95~99세","2024 년","37","37","-",
"등촌1동","95~99세","2025 년","49","49","-",
"등촌1동","100세 이상","2024 년","9","9","-",
"등촌1동","100세 이상","2025 년","7","7","-",
"등촌2동","합계","2024 년","19327","19177","150",
"등촌2동","합계","2025 년","19139","18979","160",
"등촌2동","0~4세","2024 년","396","395","1",
"등촌2동","0~4세","2025 년","403","401","2",
"등촌2동","5~9세","2024 년","484","482","2",
"등촌2동","5~9세","2025 년","419","416","3",
"등촌2동","10~14세","2024 년","654","653","1",
"등촌2동","10~14세","2025 년","600","598","2",
"등촌2동","15~19세","2024 년","736","734","2",
"등촌2동","15~19세","2025 년","739","737","2",
"등촌2동","20~24세","2024 년","1029","1021","8",
"등촌2동","20~24세","2025 년","920","907","13",
"등촌2동","25~29세","2024 년","1617","1598","19",
"등촌2동","25~29세","2025 년","1589","1568","21",
"등촌2동","30~34세","2024 년","1907","1884","23",
"등촌2동","30~34세","2025 년","1958","1937","21",
"등촌2동","35~39세","2024 년","1481","1455","26",
"등촌2동","35~39세","2025 년","1406","1379","27",
"등촌2동","40~44세","2024 년","1437","1419","18",
"등촌2동","40~44세","2025 년","1372","1351","21",
"등촌2동","45~49세","2024 년","1279","1269","10",
"등촌2동","45~49세","2025 년","1271","1262","9",
"등촌2동","50~54세","2024 년","1466","1454","12",
"등촌2동","50~54세","2025 년","1449","1436","13",
"등촌2동","55~59세","2024 년","1492","1485","7",
"등촌2동","55~59세","2025 년","1507","1500","7",
"등촌2동","60~64세","2024 년","1609","1600","9",
"등촌2동","60~64세","2025 년","1543","1535","8",
"등촌2동","65~69세","2024 년","1408","1402","6",
"등촌2동","65~69세","2025 년","1451","1445","6",
"등촌2동","70~74세","2024 년","984","979","5",
"등촌2동","70~74세","2025 년","1088","1083","5",
"등촌2동","75~79세","2024 년","666","665","1",
"등촌2동","75~79세","2025 년","719","719","-",
"등촌2동","80~84세","2024 년","388","388","-",
"등촌2동","80~84세","2025 년","398","398","-",
"등촌2동","85~89세","2024 년","200","200","-",
"등촌2동","85~89세","2025 년","185","185","-",
"등촌2동","90~94세","2024 년","72","72","-",
"등촌2동","90~94세","2025 년","98","98","-",
"등촌2동","95~99세","2024 년","18","18","-",
"등촌2동","95~99세","2025 년","22","22","-",
"등촌2동","100세 이상","2024 년","4","4","-",
"등촌2동","100세 이상","2025 년","2","2","-",
"등촌3동","합계","2024 년","29206","29018","188",
"등촌3동","합계","2025 년","28785","28563","222",
"등촌3동","0~4세","2024 년","660","653","7",
"등촌3동","0~4세","2025 년","686","676","10",
"등촌3동","5~9세","2024 년","726","715","11",
"등촌3동","5~9세","2025 년","674","660","14",
"등촌3동","10~14세","2024 년","738","734","4",
"등촌3동","10~14세","2025 년","727","717","10",
"등촌3동","15~19세","2024 년","816","812","4",
"등촌3동","15~19세","2025 년","794","790","4",
"등촌3동","20~24세","2024 년","1199","1192","7",
"등촌3동","20~24세","2025 년","1051","1042","9",
"등촌3동","25~29세","2024 년","1837","1820","17",
"등촌3동","25~29세","2025 년","1781","1767","14",
"등촌3동","30~34세","2024 년","2529","2504","25",
"등촌3동","30~34세","2025 년","2502","2475","27",
"등촌3동","35~39세","2024 년","2142","2103","39",
"등촌3동","35~39세","2025 년","2191","2150","41",
"등촌3동","40~44세","2024 년","1971","1952","19",
"등촌3동","40~44세","2025 년","1921","1894","27",
"등촌3동","45~49세","2024 년","1652","1637","15",
"등촌3동","45~49세","2025 년","1682","1667","15",
"등촌3동","50~54세","2024 년","2007","1992","15",
"등촌3동","50~54세","2025 년","1801","1782","19",
"등촌3동","55~59세","2024 년","2212","2201","11",
"등촌3동","55~59세","2025 년","2137","2123","14",
"등촌3동","60~64세","2024 년","2831","2827","4",
"등촌3동","60~64세","2025 년","2578","2571","7",
"등촌3동","65~69세","2024 년","2830","2823","7",
"등촌3동","65~69세","2025 년","2831","2824","7",
"등촌3동","70~74세","2024 년","1824","1822","2",
"등촌3동","70~74세","2025 년","2064","2062","2",
"등촌3동","75~79세","2024 년","1282","1282","-",
"등촌3동","75~79세","2025 년","1378","1377","1",
"등촌3동","80~84세","2024 년","963","963","-",
"등촌3동","80~84세","2025 년","957","957","-",
"등촌3동","85~89세","2024 년","643","642","1",
"등촌3동","85~89세","2025 년","670","669","1",
"등촌3동","90~94세","2024 년","261","261","-",
"등촌3동","90~94세","2025 년","282","282","-",
"등촌3동","95~99세","2024 년","73","73","-",
"등촌3동","95~99세","2025 년","66","66","-",
"등촌3동","100세 이상","2024 년","10","10","-",
"등촌3동","100세 이상","2025 년","12","12","-",
"화곡1동","합계","2024 년","50943","49795","1148",
"화곡1동","합계","2025 년","50724","49493","1231",
"화곡1동","0~4세","2024 년","812","779","33",
"화곡1동","0~4세","2025 년","758","725","33",
"화곡1동","5~9세","2024 년","1024","998","26",
"화곡1동","5~9세","2025 년","910","882","28",
"화곡1동","10~14세","2024 년","1037","1015","22",
"화곡1동","10~14세","2025 년","1023","1002","21",
"화곡1동","15~19세","2024 년","1177","1152","25",
"화곡1동","15~19세","2025 년","1195","1161","34",
"화곡1동","20~24세","2024 년","2626","2525","101",
"화곡1동","20~24세","2025 년","2340","2217","123",
"화곡1동","25~29세","2024 년","6045","5873","172",
"화곡1동","25~29세","2025 년","5818","5635","183",
"화곡1동","30~34세","2024 년","6119","5977","142",
"화곡1동","30~34세","2025 년","6381","6201","180",
"화곡1동","35~39세","2024 년","4137","3981","156",
"화곡1동","35~39세","2025 년","4041","3892","149",
"화곡1동","40~44세","2024 년","3854","3748","106",
"화곡1동","40~44세","2025 년","3721","3604","117",
"화곡1동","45~49세","2024 년","3331","3265","66",
"화곡1동","45~49세","2025 년","3399","3326","73",
"화곡1동","50~54세","2024 년","3694","3612","82",
"화곡1동","50~54세","2025 년","3542","3475","67",
"화곡1동","55~59세","2024 년","3620","3534","86",
"화곡1동","55~59세","2025 년","3627","3541","86",
"화곡1동","60~64세","2024 년","3726","3653","73",
"화곡1동","60~64세","2025 년","3621","3545","76",
"화곡1동","65~69세","2024 년","3586","3548","38",
"화곡1동","65~69세","2025 년","3727","3687","40",
"화곡1동","70~74세","2024 년","2515","2502","13",
"화곡1동","70~74세","2025 년","2700","2686","14",
"화곡1동","75~79세","2024 년","1832","1828","4",
"화곡1동","75~79세","2025 년","1976","1972","4",
"화곡1동","80~84세","2024 년","1105","1103","2",
"화곡1동","80~84세","2025 년","1194","1192","2",
"화곡1동","85~89세","2024 년","498","498","-",
"화곡1동","85~89세","2025 년","548","548","-",
"화곡1동","90~94세","2024 년","162","162","-",
"화곡1동","90~94세","2025 년","167","167","-",
"화곡1동","95~99세","2024 년","35","34","1",
"화곡1동","95~99세","2025 년","32","31","1",
"화곡1동","100세 이상","2024 년","8","8","-",
"화곡1동","100세 이상","2025 년","4","4","-",
"화곡2동","합계","2024 년","17146","16843","303",
"화곡2동","합계","2025 년","17007","16676","331",
"화곡2동","0~4세","2024 년","283","274","9",
"화곡2동","0~4세","2025 년","251","242","9",
"화곡2동","5~9세","2024 년","478","465","13",
"화곡2동","5~9세","2025 년","428","417","11",
"화곡2동","10~14세","2024 년","600","589","11",
"화곡2동","10~14세","2025 년","585","574","11",
"화곡2동","15~19세","2024 년","625","619","6",
"화곡2동","15~19세","2025 년","629","625","4",
"화곡2동","20~24세","2024 년","887","869","18",
"화곡2동","20~24세","2025 년","790","760","30",
"화곡2동","25~29세","2024 년","1414","1390","24",
"화곡2동","25~29세","2025 년","1381","1341","40",
"화곡2동","30~34세","2024 년","1490","1456","34",
"화곡2동","30~34세","2025 년","1573","1538","35",
"화곡2동","35~39세","2024 년","1171","1136","35",
"화곡2동","35~39세","2025 년","1111","1076","35",
"화곡2동","40~44세","2024 년","1415","1373","42",
"화곡2동","40~44세","2025 년","1340","1302","38",
"화곡2동","45~49세","2024 년","1292","1276","16",
"화곡2동","45~49세","2025 년","1270","1246","24",
"화곡2동","50~54세","2024 년","1519","1489","30",
"화곡2동","50~54세","2025 년","1477","1447","30",
"화곡2동","55~59세","2024 년","1347","1316","31",
"화곡2동","55~59세","2025 년","1350","1321","29",
"화곡2동","60~64세","2024 년","1352","1333","19",
"화곡2동","60~64세","2025 년","1354","1338","16",
"화곡2동","65~69세","2024 년","1188","1181","7",
"화곡2동","65~69세","2025 년","1249","1238","11",
"화곡2동","70~74세","2024 년","838","834","4",
"화곡2동","70~74세","2025 년","879","877","2",
"화곡2동","75~79세","2024 년","623","622","1",
"화곡2동","75~79세","2025 년","676","674","2",
"화곡2동","80~84세","2024 년","393","391","2",
"화곡2동","80~84세","2025 년","417","414","3",
"화곡2동","85~89세","2024 년","169","169","-",
"화곡2동","85~89세","2025 년","182","182","-",
"화곡2동","90~94세","2024 년","46","45","1",
"화곡2동","90~94세","2025 년","53","52","1",
"화곡2동","95~99세","2024 년","14","14","-",
"화곡2동","95~99세","2025 년","10","10","-",
"화곡2동","100세 이상","2024 년","2","2","-",
"화곡2동","100세 이상","2025 년","2","2","-",
"화곡3동","합계","2024 년","20905","20744","161",
"화곡3동","합계","2025 년","20741","20535","206",
"화곡3동","0~4세","2024 년","347","344","3",
"화곡3동","0~4세","2025 년","327","324","3",
"화곡3동","5~9세","2024 년","545","542","3",
"화곡3동","5~9세","2025 년","476","474","2",
"화곡3동","10~14세","2024 년","768","767","1",
"화곡3동","10~14세","2025 년","762","760","2",
"화곡3동","15~19세","2024 년","794","791","3",
"화곡3동","15~19세","2025 년","822","815","7",
"화곡3동","20~24세","2024 년","1070","1061","9",
"화곡3동","20~24세","2025 년","984","962","22",
"화곡3동","25~29세","2024 년","1773","1757","16",
"화곡3동","25~29세","2025 년","1701","1668","33",
"화곡3동","30~34세","2024 년","1719","1693","26",
"화곡3동","30~34세","2025 년","1736","1704","32",
"화곡3동","35~39세","2024 년","1288","1272","16",
"화곡3동","35~39세","2025 년","1307","1282","25",
"화곡3동","40~44세","2024 년","1507","1496","11",
"화곡3동","40~44세","2025 년","1438","1427","11",
"화곡3동","45~49세","2024 년","1513","1492","21",
"화곡3동","45~49세","2025 년","1508","1494","14",
"화곡3동","50~54세","2024 년","1639","1623","16",
"화곡3동","50~54세","2025 년","1603","1588","15",
"화곡3동","55~59세","2024 년","1530","1509","21",
"화곡3동","55~59세","2025 년","1522","1501","21",
"화곡3동","60~64세","2024 년","1616","1609","7",
"화곡3동","60~64세","2025 년","1529","1519","10",
"화곡3동","65~69세","2024 년","1797","1792","5",
"화곡3동","65~69세","2025 년","1772","1766","6",
"화곡3동","70~74세","2024 년","1208","1207","1",
"화곡3동","70~74세","2025 년","1338","1337","1",
"화곡3동","75~79세","2024 년","905","904","1",
"화곡3동","75~79세","2025 년","960","959","1",
"화곡3동","80~84세","2024 년","542","541","1",
"화곡3동","80~84세","2025 년","569","568","1",
"화곡3동","85~89세","2024 년","234","234","-",
"화곡3동","85~89세","2025 년","267","267","-",
"화곡3동","90~94세","2024 년","93","93","-",
"화곡3동","90~94세","2025 년","95","95","-",
"화곡3동","95~99세","2024 년","16","16","-",
"화곡3동","95~99세","2025 년","24","24","-",
"화곡3동","100세 이상","2024 년","1","1","-",
"화곡3동","100세 이상","2025 년","1","1","-",
"화곡4동","합계","2024 년","19501","19204","297",
"화곡4동","합계","2025 년","19339","18974","365",
"화곡4동","0~4세","2024 년","308","300","8",
"화곡4동","0~4세","2025 년","273","266","7",
"화곡4동","5~9세","2024 년","417","406","11",
"화곡4동","5~9세","2025 년","381","367","14",
"화곡4동","10~14세","2024 년","567","561","6",
"화곡4동","10~14세","2025 년","546","541","5",
"화곡4동","15~19세","2024 년","610","604","6",
"화곡4동","15~19세","2025 년","622","608","14",
"화곡4동","20~24세","2024 년","876","858","18",
"화곡4동","20~24세","2025 년","814","769","45",
"화곡4동","25~29세","2024 년","1467","1444","23",
"화곡4동","25~29세","2025 년","1438","1404","34",
"화곡4동","30~34세","2024 년","1535","1509","26",
"화곡4동","30~34세","2025 년","1566","1535","31",
"화곡4동","35~39세","2024 년","1321","1281","40",
"화곡4동","35~39세","2025 년","1208","1169","39",
"화곡4동","40~44세","2024 년","1548","1517","31",
"화곡4동","40~44세","2025 년","1451","1411","40",
"화곡4동","45~49세","2024 년","1412","1382","30",
"화곡4동","45~49세","2025 년","1470","1440","30",
"화곡4동","50~54세","2024 년","1662","1640","22",
"화곡4동","50~54세","2025 년","1590","1564","26",
"화곡4동","55~59세","2024 년","1610","1587","23",
"화곡4동","55~59세","2025 년","1618","1593","25",
"화곡4동","60~64세","2024 년","1740","1707","33",
"화곡4동","60~64세","2025 년","1650","1621","29",
"화곡4동","65~69세","2024 년","1583","1572","11",
"화곡4동","65~69세","2025 년","1647","1631","16",
"화곡4동","70~74세","2024 년","1130","1123","7",
"화곡4동","70~74세","2025 년","1217","1209","8",
"화곡4동","75~79세","2024 년","837","836","1",
"화곡4동","75~79세","2025 년","916","915","1",
"화곡4동","80~84세","2024 년","530","529","1",
"화곡4동","80~84세","2025 년","545","544","1",
"화곡4동","85~89세","2024 년","253","253","-",
"화곡4동","85~89세","2025 년","277","277","-",
"화곡4동","90~94세","2024 년","79","79","-",
"화곡4동","90~94세","2025 년","89","89","-",
"화곡4동","95~99세","2024 년","15","15","-",
"화곡4동","95~99세","2025 년","19","19","-",
"화곡4동","100세 이상","2024 년","1","1","-",
"화곡4동","100세 이상","2025 년","2","2","-",
"화곡본동","합계","2024 년","32645","32186","459",
"화곡본동","합계","2025 년","32276","31745","531",
"화곡본동","0~4세","2024 년","475","468","7",
"화곡본동","0~4세","2025 년","436","428","8",
"화곡본동","5~9세","2024 년","774","763","11",
"화곡본동","5~9세","2025 년","671","655","16",
"화곡본동","10~14세","2024 년","1023","1014","9",
"화곡본동","10~14세","2025 년","971","961","10",
"화곡본동","15~19세","2024 년","1064","1057","7",
"화곡본동","15~19세","2025 년","1100","1088","12",
"화곡본동","20~24세","2024 년","1734","1699","35",
"화곡본동","20~24세","2025 년","1604","1544","60",
"화곡본동","25~29세","2024 년","3558","3472","86",
"화곡본동","25~29세","2025 년","3411","3319","92",
"화곡본동","30~34세","2024 년","3692","3617","75",
"화곡본동","30~34세","2025 년","3743","3668","75",
"화곡본동","35~39세","2024 년","2423","2357","66",
"화곡본동","35~39세","2025 년","2341","2265","76",
"화곡본동","40~44세","2024 년","2589","2540","49",
"화곡본동","40~44세","2025 년","2439","2389","50",
"화곡본동","45~49세","2024 년","2331","2307","24",
"화곡본동","45~49세","2025 년","2362","2325","37",
"화곡본동","50~54세","2024 년","2542","2510","32",
"화곡본동","50~54세","2025 년","2503","2479","24",
"화곡본동","55~59세","2024 년","2352","2321","31",
"화곡본동","55~59세","2025 년","2356","2322","34",
"화곡본동","60~64세","2024 년","2312","2300","12",
"화곡본동","60~64세","2025 년","2215","2200","15",
"화곡본동","65~69세","2024 년","2170","2162","8",
"화곡본동","65~69세","2025 년","2244","2229","15",
"화곡본동","70~74세","2024 년","1445","1442","3",
"화곡본동","70~74세","2025 년","1626","1624","2",
"화곡본동","75~79세","2024 년","1057","1054","3",
"화곡본동","75~79세","2025 년","1093","1089","4",
"화곡본동","80~84세","2024 년","665","664","1",
"화곡본동","80~84세","2025 년","705","704","1",
"화곡본동","85~89세","2024 년","297","297","-",
"화곡본동","85~89세","2025 년","293","293","-",
"화곡본동","90~94세","2024 년","109","109","-",
"화곡본동","90~94세","2025 년","126","126","-",
"화곡본동","95~99세","2024 년","25","25","-",
"화곡본동","95~99세","2025 년","33","33","-",
"화곡본동","100세 이상","2024 년","8","8","-",
"화곡본동","100세 이상","2025 년","4","4","-",
"화곡6동","합계","2024 년","25955","25663","292",
"화곡6동","합계","2025 년","25771","25428","343",
"화곡6동","0~4세","2024 년","698","694","4",
"화곡6동","0~4세","2025 년","661","657","4",
"화곡6동","5~9세","2024 년","679","667","12",
"화곡6동","5~9세","2025 년","692","683","9",
"화곡6동","10~14세","2024 년","612","611","1",
"화곡6동","10~14세","2025 년","613","610","3",
"화곡6동","15~19세","2024 년","759","752","7",
"화곡6동","15~19세","2025 년","755","743","12",
"화곡6동","20~24세","2024 년","1372","1342","30",
"화곡6동","20~24세","2025 년","1260","1207","53",
"화곡6동","25~29세","2024 년","2885","2839","46",
"화곡6동","25~29세","2025 년","2680","2621","59",
"화곡6동","30~34세","2024 년","2918","2874","44",
"화곡6동","30~34세","2025 년","2940","2894","46",
"화곡6동","35~39세","2024 년","2208","2173","35",
"화곡6동","35~39세","2025 년","2236","2202","34",
"화곡6동","40~44세","2024 년","1882","1848","34",
"화곡6동","40~44세","2025 년","1853","1815","38",
"화곡6동","45~49세","2024 년","1667","1648","19",
"화곡6동","45~49세","2025 년","1685","1664","21",
"화곡6동","50~54세","2024 년","1829","1813","16",
"화곡6동","50~54세","2025 년","1793","1777","16",
"화곡6동","55~59세","2024 년","1815","1800","15",
"화곡6동","55~59세","2025 년","1777","1761","16",
"화곡6동","60~64세","2024 년","1947","1934","13",
"화곡6동","60~64세","2025 년","1874","1859","15",
"화곡6동","65~69세","2024 년","1832","1822","10",
"화곡6동","65~69세","2025 년","1873","1862","11",
"화곡6동","70~74세","2024 년","1212","1210","2",
"화곡6동","70~74세","2025 년","1342","1340","2",
"화곡6동","75~79세","2024 년","808","806","2",
"화곡6동","75~79세","2025 년","881","879","2",
"화곡6동","80~84세","2024 년","475","475","-",
"화곡6동","80~84세","2025 년","466","466","-",
"화곡6동","85~89세","2024 년","233","232","1",
"화곡6동","85~89세","2025 년","257","256","1",
"화곡6동","90~94세","2024 년","96","95","1",
"화곡6동","90~94세","2025 년","102","101","1",
"화곡6동","95~99세","2024 년","23","23","-",
"화곡6동","95~99세","2025 년","26","26","-",
"화곡6동","100세 이상","2024 년","5","5","-",
"화곡6동","100세 이상","2025 년","5","5","-",
"화곡8동","합계","2024 년","23159","22750","409",
"화곡8동","합계","2025 년","22870","22412","458",
"화곡8동","0~4세","2024 년","332","315","17",
"화곡8동","0~4세","2025 년","322","308","14",
"화곡8동","5~9세","2024 년","476","464","12",
"화곡8동","5~9세","2025 년","419","403","16",
"화곡8동","10~14세","2024 년","605","601","4",
"화곡8동","10~14세","2025 년","574","567","7",
"화곡8동","15~19세","2024 년","720","715","5",
"화곡8동","15~19세","2025 년","725","712","13",
"화곡8동","20~24세","2024 년","1181","1155","26",
"화곡8동","20~24세","2025 년","1047","1021","26",
"화곡8동","25~29세","2024 년","2146","2104","42",
"화곡8동","25~29세","2025 년","2068","2023","45",
"화곡8동","30~34세","2024 년","2213","2166","47",
"화곡8동","30~34세","2025 년","2248","2192","56",
"화곡8동","35~39세","2024 년","1514","1455","59",
"화곡8동","35~39세","2025 년","1508","1453","55",
"화곡8동","40~44세","2024 년","1776","1733","43",
"화곡8동","40~44세","2025 년","1625","1567","58",
"화곡8동","45~49세","2024 년","1698","1675","23",
"화곡8동","45~49세","2025 년","1684","1657","27",
"화곡8동","50~54세","2024 년","1894","1864","30",
"화곡8동","50~54세","2025 년","1863","1826","37",
"화곡8동","55~59세","2024 년","1770","1743","27",
"화곡8동","55~59세","2025 년","1753","1726","27",
"화곡8동","60~64세","2024 년","1839","1806","33",
"화곡8동","60~64세","2025 년","1747","1718","29",
"화곡8동","65~69세","2024 년","1759","1733","26",
"화곡8동","65~69세","2025 년","1817","1790","27",
"화곡8동","70~74세","2024 년","1270","1261","9",
"화곡8동","70~74세","2025 년","1366","1353","13",
"화곡8동","75~79세","2024 년","990","987","3",
"화곡8동","75~79세","2025 년","1045","1039","6",
"화곡8동","80~84세","2024 년","630","628","2",
"화곡8동","80~84세","2025 년","668","667","1",
"화곡8동","85~89세","2024 년","255","254","1",
"화곡8동","85~89세","2025 년","294","293","1",
"화곡8동","90~94세","2024 년","74","74","-",
"화곡8동","90~94세","2025 년","77","77","-",
"화곡8동","95~99세","2024 년","16","16","-",
"화곡8동","95~99세","2025 년","18","18","-",
"화곡8동","100세 이상","2024 년","1","1","-",
"화곡8동","100세 이상","2025 년","2","2","-",
"가양1동","합계","2024 년","33937","33659","278",
"가양1동","합계","2025 년","33695","33391","304",
"가양1동","0~4세","2024 년","668","667","1",
"가양1동","0~4세","2025 년","631","629","2",
"가양1동","5~9세","2024 년","605","603","2",
"가양1동","5~9세","2025 년","565","563","2",
"가양1동","10~14세","2024 년","728","726","2",
"가양1동","10~14세","2025 년","723","719","4",
"가양1동","15~19세","2024 년","877","873","4",
"가양1동","15~19세","2025 년","817","815","2",
"가양1동","20~24세","2024 년","2111","2095","16",
"가양1동","20~24세","2025 년","1766","1751","15",
"가양1동","25~29세","2024 년","5487","5431","56",
"가양1동","25~29세","2025 년","5479","5408","71",
"가양1동","30~34세","2024 년","5824","5774","50",
"가양1동","30~34세","2025 년","5795","5745","50",
"가양1동","35~39세","2024 년","3431","3383","48",
"가양1동","35~39세","2025 년","3505","3452","53",
"가양1동","40~44세","2024 년","2517","2486","31",
"가양1동","40~44세","2025 년","2520","2489","31",
"가양1동","45~49세","2024 년","1891","1866","25",
"가양1동","45~49세","2025 년","1961","1935","26",
"가양1동","50~54세","2024 년","2135","2117","18",
"가양1동","50~54세","2025 년","2058","2041","17",
"가양1동","55~59세","2024 년","1919","1911","8",
"가양1동","55~59세","2025 년","1960","1948","12",
"가양1동","60~64세","2024 년","1908","1898","10",
"가양1동","60~64세","2025 년","1803","1794","9",
"가양1동","65~69세","2024 년","1705","1701","4",
"가양1동","65~69세","2025 년","1766","1758","8",
"가양1동","70~74세","2024 년","883","883","-",
"가양1동","70~74세","2025 년","1049","1049","-",
"가양1동","75~79세","2024 년","593","593","-",
"가양1동","75~79세","2025 년","606","606","-",
"가양1동","80~84세","2024 년","354","354","-",
"가양1동","80~84세","2025 년","364","364","-",
"가양1동","85~89세","2024 년","210","208","2",
"가양1동","85~89세","2025 년","225","224","1",
"가양1동","90~94세","2024 년","68","67","1",
"가양1동","90~94세","2025 년","82","81","1",
"가양1동","95~99세","2024 년","18","18","-",
"가양1동","95~99세","2025 년","14","14","-",
"가양1동","100세 이상","2024 년","5","5","-",
"가양1동","100세 이상","2025 년","6","6","-",
"가양2동","합계","2024 년","13248","13185","63",
"가양2동","합계","2025 년","13010","12947","63",
"가양2동","0~4세","2024 년","205","205","-",
"가양2동","0~4세","2025 년","199","199","-",
"가양2동","5~9세","2024 년","212","212","-",
"가양2동","5~9세","2025 년","186","186","-",
"가양2동","10~14세","2024 년","185","185","-",
"가양2동","10~14세","2025 년","189","189","-",
"가양2동","15~19세","2024 년","193","193","-",
"가양2동","15~19세","2025 년","187","187","-",
"가양2동","20~24세","2024 년","383","380","3",
"가양2동","20~24세","2025 년","332","331","1",
"가양2동","25~29세","2024 년","835","821","14",
"가양2동","25~29세","2025 년","789","775","14",
"가양2동","30~34세","2024 년","1215","1207","8",
"가양2동","30~34세","2025 년","1164","1152","12",
"가양2동","35~39세","2024 년","1014","995","19",
"가양2동","35~39세","2025 년","1023","1008","15",
"가양2동","40~44세","2024 년","780","775","5",
"가양2동","40~44세","2025 년","742","734","8",
"가양2동","45~49세","2024 년","552","549","3",
"가양2동","45~49세","2025 년","585","581","4",
"가양2동","50~54세","2024 년","656","652","4",
"가양2동","50~54세","2025 년","617","615","2",
"가양2동","55~59세","2024 년","867","865","2",
"가양2동","55~59세","2025 년","827","824","3",
"가양2동","60~64세","2024 년","1385","1381","4",
"가양2동","60~64세","2025 년","1211","1207","4",
"가양2동","65~69세","2024 년","1667","1667","-",
"가양2동","65~69세","2025 년","1646","1646","-",
"가양2동","70~74세","2024 년","1208","1207","1",
"가양2동","70~74세","2025 년","1322","1322","-",
"가양2동","75~79세","2024 년","813","813","-",
"가양2동","75~79세","2025 년","875","875","-",
"가양2동","80~84세","2024 년","558","558","-",
"가양2동","80~84세","2025 년","544","544","-",
"가양2동","85~89세","2024 년","346","346","-",
"가양2동","85~89세","2025 년","369","369","-",
"가양2동","90~94세","2024 년","138","138","-",
"가양2동","90~94세","2025 년","159","159","-",
"가양2동","95~99세","2024 년","34","34","-",
"가양2동","95~99세","2025 년","40","40","-",
"가양2동","100세 이상","2024 년","2","2","-",
"가양2동","100세 이상","2025 년","4","4","-",
"가양3동","합계","2024 년","13801","13713","88",
"가양3동","합계","2025 년","13471","13381","90",
"가양3동","0~4세","2024 년","391","390","1",
"가양3동","0~4세","2025 년","393","391","2",
"가양3동","5~9세","2024 년","189","188","1",
"가양3동","5~9세","2025 년","154","153","1",
"가양3동","10~14세","2024 년","144","142","2",
"가양3동","10~14세","2025 년","140","138","2",
"가양3동","15~19세","2024 년","211","211","-",
"가양3동","15~19세","2025 년","197","196","1",
"가양3동","20~24세","2024 년","402","401","1",
"가양3동","20~24세","2025 년","340","339","1",
"가양3동","25~29세","2024 년","776","771","5",
"가양3동","25~29세","2025 년","702","699","3",
"가양3동","30~34세","2024 년","1562","1552","10",
"가양3동","30~34세","2025 년","1564","1553","11",
"가양3동","35~39세","2024 년","1302","1290","12",
"가양3동","35~39세","2025 년","1324","1310","14",
"가양3동","40~44세","2024 년","1013","1002","11",
"가양3동","40~44세","2025 년","973","962","11",
"가양3동","45~49세","2024 년","733","724","9",
"가양3동","45~49세","2025 년","730","719","11",
"가양3동","50~54세","2024 년","843","833","10",
"가양3동","50~54세","2025 년","799","791","8",
"가양3동","55~59세","2024 년","939","926","13",
"가양3동","55~59세","2025 년","871","863","8",
"가양3동","60~64세","2024 년","1201","1196","5",
"가양3동","60~64세","2025 년","1125","1116","9",
"가양3동","65~69세","2024 년","1375","1371","4",
"가양3동","65~69세","2025 년","1319","1316","3",
"가양3동","70~74세","2024 년","1065","1062","3",
"가양3동","70~74세","2025 년","1116","1113","3",
"가양3동","75~79세","2024 년","754","753","1",
"가양3동","75~79세","2025 년","782","780","2",
"가양3동","80~84세","2024 년","524","524","-",
"가양3동","80~84세","2025 년","528","528","-",
"가양3동","85~89세","2024 년","270","270","-",
"가양3동","85~89세","2025 년","293","293","-",
"가양3동","90~94세","2024 년","77","77","-",
"가양3동","90~94세","2025 년","93","93","-",
"가양3동","95~99세","2024 년","29","29","-",
"가양3동","95~99세","2025 년","24","24","-",
"가양3동","100세 이상","2024 년","1","1","-",
"가양3동","100세 이상","2025 년","4","4","-",
"발산1동","합계","2024 년","35471","35157","314",
"발산1동","합계","2025 년","35088","34773","315",
"발산1동","0~4세","2024 년","829","827","2",
"발산1동","0~4세","2025 년","852","851","1",
"발산1동","5~9세","2024 년","1347","1345","2",
"발산1동","5~9세","2025 년","1210","1207","3",
"발산1동","10~14세","2024 년","2335","2334","1",
"발산1동","10~14세","2025 년","2188","2185","3",
"발산1동","15~19세","2024 년","2388","2362","26",
"발산1동","15~19세","2025 년","2373","2356","17",
"발산1동","20~24세","2024 년","2196","2190","6",
"발산1동","20~24세","2025 년","2080","2073","7",
"발산1동","25~29세","2024 년","1982","1966","16",
"발산1동","25~29세","2025 년","2019","2001","18",
"발산1동","30~34세","2024 년","1923","1907","16",
"발산1동","30~34세","2025 년","1961","1942","19",
"발산1동","35~39세","2024 년","1916","1894","22",
"발산1동","35~39세","2025 년","1931","1913","18",
"발산1동","40~44세","2024 년","2778","2753","25",
"발산1동","40~44세","2025 년","2528","2502","26",
"발산1동","45~49세","2024 년","3370","3320","50",
"발산1동","45~49세","2025 년","3261","3216","45",
"발산1동","50~54세","2024 년","3583","3513","70",
"발산1동","50~54세","2025 년","3518","3449","69",
"발산1동","55~59세","2024 년","2675","2634","41",
"발산1동","55~59세","2025 년","2761","2713","48",
"발산1동","60~64세","2024 년","2374","2345","29",
"발산1동","60~64세","2025 년","2318","2282","36",
"발산1동","65~69세","2024 년","2092","2088","4",
"발산1동","65~69세","2025 년","2117","2115","2",
"발산1동","70~74세","2024 년","1357","1354","3",
"발산1동","70~74세","2025 년","1501","1499","2",
"발산1동","75~79세","2024 년","1119","1118","1",
"발산1동","75~79세","2025 년","1190","1189","1",
"발산1동","80~84세","2024 년","677","677","-",
"발산1동","80~84세","2025 년","706","706","-",
"발산1동","85~89세","2024 년","352","352","-",
"발산1동","85~89세","2025 년","369","369","-",
"발산1동","90~94세","2024 년","143","143","-",
"발산1동","90~94세","2025 년","159","159","-",
"발산1동","95~99세","2024 년","30","30","-",
"발산1동","95~99세","2025 년","41","41","-",
"발산1동","100세 이상","2024 년","5","5","-",
"발산1동","100세 이상","2025 년","5","5","-",
"우장산동","합계","2024 년","43680","43428","252",
"우장산동","합계","2025 년","43933","43655","278",
"우장산동","0~4세","2024 년","974","968","6",
"우장산동","0~4세","2025 년","976","970","6",
"우장산동","5~9세","2024 년","1914","1905","9",
"우장산동","5~9세","2025 년","1697","1688","9",
"우장산동","10~14세","2024 년","2658","2651","7",
"우장산동","10~14세","2025 년","2634","2627","7",
"우장산동","15~19세","2024 년","2741","2734","7",
"우장산동","15~19세","2025 년","2709","2698","11",
"우장산동","20~24세","2024 년","2580","2561","19",
"우장산동","20~24세","2025 년","2484","2469","15",
"우장산동","25~29세","2024 년","2530","2497","33",
"우장산동","25~29세","2025 년","2866","2836","30",
"우장산동","30~34세","2024 년","2604","2571","33",
"우장산동","30~34세","2025 년","2787","2746","41",
"우장산동","35~39세","2024 년","2610","2573","37",
"우장산동","35~39세","2025 년","2588","2553","35",
"우장산동","40~44세","2024 년","3793","3764","29",
"우장산동","40~44세","2025 년","3571","3536","35",
"우장산동","45~49세","2024 년","4213","4186","27",
"우장산동","45~49세","2025 년","4217","4185","32",
"우장산동","50~54세","2024 년","4175","4161","14",
"우장산동","50~54세","2025 년","4173","4156","17",
"우장산동","55~59세","2024 년","3091","3078","13",
"우장산동","55~59세","2025 년","3176","3161","15",
"우장산동","60~64세","2024 년","2778","2771","7",
"우장산동","60~64세","2025 년","2657","2652","5",
"우장산동","65~69세","2024 년","2569","2564","5",
"우장산동","65~69세","2025 년","2614","2605","9",
"우장산동","70~74세","2024 년","1907","1904","3",
"우장산동","70~74세","2025 년","2026","2018","8",
"우장산동","75~79세","2024 년","1342","1339","3",
"우장산동","75~79세","2025 년","1468","1466","2",
"우장산동","80~84세","2024 년","739","739","-",
"우장산동","80~84세","2025 년","763","762","1",
"우장산동","85~89세","2024 년","318","318","-",
"우장산동","85~89세","2025 년","358","358","-",
"우장산동","90~94세","2024 년","115","115","-",
"우장산동","90~94세","2025 년","139","139","-",
"우장산동","95~99세","2024 년","24","24","-",
"우장산동","95~99세","2025 년","21","21","-",
"우장산동","100세 이상","2024 년","5","5","-",
"우장산동","100세 이상","2025 년","9","9","-",
"공항동","합계","2024 년","30044","29463","581",
"공항동","합계","2025 년","29271","28684","587",
"공항동","0~4세","2024 년","935","921","14",
"공항동","0~4세","2025 년","828","814","14",
"공항동","5~9세","2024 년","1669","1654","15",
"공항동","5~9세","2025 년","1437","1420","17",
"공항동","10~14세","2024 년","1408","1404","4",
"공항동","10~14세","2025 년","1500","1493","7",
"공항동","15~19세","2024 년","978","964","14",
"공항동","15~19세","2025 년","1064","1049","15",
"공항동","20~24세","2024 년","1398","1350","48",
"공항동","20~24세","2025 년","1231","1180","51",
"공항동","25~29세","2024 년","2301","2244","57",
"공항동","25~29세","2025 년","2231","2170","61",
"공항동","30~34세","2024 년","2568","2489","79",
"공항동","30~34세","2025 년","2466","2401","65",
"공항동","35~39세","2024 년","2448","2364","84",
"공항동","35~39세","2025 년","2380","2292","88",
"공항동","40~44세","2024 년","3016","2972","44",
"공항동","40~44세","2025 년","2807","2760","47",
"공항동","45~49세","2024 년","2258","2223","35",
"공항동","45~49세","2025 년","2383","2341","42",
"공항동","50~54세","2024 년","2271","2222","49",
"공항동","50~54세","2025 년","2118","2082","36",
"공항동","55~59세","2024 년","1971","1914","57",
"공항동","55~59세","2025 년","1989","1933","56",
"공항동","60~64세","2024 년","2036","1980","56",
"공항동","60~64세","2025 년","1952","1894","58",
"공항동","65~69세","2024 년","1742","1726","16",
"공항동","65~69세","2025 년","1723","1705","18",
"공항동","70~74세","2024 년","1174","1170","4",
"공항동","70~74세","2025 년","1284","1279","5",
"공항동","75~79세","2024 년","857","853","4",
"공항동","75~79세","2025 년","863","858","5",
"공항동","80~84세","2024 년","588","587","1",
"공항동","80~84세","2025 년","571","569","2",
"공항동","85~89세","2024 년","280","280","-",
"공항동","85~89세","2025 년","282","282","-",
"공항동","90~94세","2024 년","105","105","-",
"공항동","90~94세","2025 년","125","125","-",
"공항동","95~99세","2024 년","38","38","-",
"공항동","95~99세","2025 년","33","33","-",
"공항동","100세 이상","2024 년","3","3","-",
"공항동","100세 이상","2025 년","4","4","-",
"방화1동","합계","2024 년","41737","41479","258",
"방화1동","합계","2025 년","40279","40009","270",
"방화1동","0~4세","2024 년","1155","1152","3",
"방화1동","0~4세","2025 년","1141","1139","2",
"방화1동","5~9세","2024 년","1703","1699","4",
"방화1동","5~9세","2025 년","1462","1458","4",
"방화1동","10~14세","2024 년","2235","2232","3",
"방화1동","10~14세","2025 년","2091","2087","4",
"방화1동","15~19세","2024 년","2017","2014","3",
"방화1동","15~19세","2025 년","1987","1986","1",
"방화1동","20~24세","2024 년","2014","2004","10",
"방화1동","20~24세","2025 년","1866","1850","16",
"방화1동","25~29세","2024 년","2399","2373","26",
"방화1동","25~29세","2025 년","2288","2252","36",
"방화1동","30~34세","2024 년","2947","2905","42",
"방화1동","30~34세","2025 년","2712","2677","35",
"방화1동","35~39세","2024 년","2926","2888","38",
"방화1동","35~39세","2025 년","2749","2703","46",
"방화1동","40~44세","2024 년","3502","3479","23",
"방화1동","40~44세","2025 년","3209","3179","30",
"방화1동","45~49세","2024 년","3416","3390","26",
"방화1동","45~49세","2025 년","3353","3327","26",
"방화1동","50~54세","2024 년","3533","3511","22",
"방화1동","50~54세","2025 년","3354","3337","17",
"방화1동","55~59세","2024 년","2954","2926","28",
"방화1동","55~59세","2025 년","2887","2860","27",
"방화1동","60~64세","2024 년","3203","3190","13",
"방화1동","60~64세","2025 년","3003","2991","12",
"방화1동","65~69세","2024 년","2918","2908","10",
"방화1동","65~69세","2025 년","2866","2861","5",
"방화1동","70~74세","2024 년","1972","1967","5",
"방화1동","70~74세","2025 년","2073","2066","7",
"방화1동","75~79세","2024 년","1383","1383","-",
"방화1동","75~79세","2025 년","1539","1539","-",
"방화1동","80~84세","2024 년","808","807","1",
"방화1동","80~84세","2025 년","892","891","1",
"방화1동","85~89세","2024 년","450","449","1",
"방화1동","85~89세","2025 년","558","557","1",
"방화1동","90~94세","2024 년","154","154","-",
"방화1동","90~94세","2025 년","191","191","-",
"방화1동","95~99세","2024 년","41","41","-",
"방화1동","95~99세","2025 년","53","53","-",
"방화1동","100세 이상","2024 년","7","7","-",
"방화1동","100세 이상","2025 년","5","5","-",
"방화2동","합계","2024 년","23115","22848","267",
"방화2동","합계","2025 년","23088","22761","327",
"방화2동","0~4세","2024 년","442","436","6",
"방화2동","0~4세","2025 년","411","404","7",
"방화2동","5~9세","2024 년","481","477","4",
"방화2동","5~9세","2025 년","423","421","2",
"방화2동","10~14세","2024 년","593","587","6",
"방화2동","10~14세","2025 년","574","569","5",
"방화2동","15~19세","2024 년","641","640","1",
"방화2동","15~19세","2025 년","640","634","6",
"방화2동","20~24세","2024 년","1037","1020","17",
"방화2동","20~24세","2025 년","929","911","18",
"방화2동","25~29세","2024 년","1950","1921","29",
"방화2동","25~29세","2025 년","1892","1845","47",
"방화2동","30~34세","2024 년","2307","2279","28",
"방화2동","30~34세","2025 년","2293","2245","48",
"방화2동","35~39세","2024 년","1806","1764","42",
"방화2동","35~39세","2025 년","1835","1788","47",
"방화2동","40~44세","2024 년","1555","1529","26",
"방화2동","40~44세","2025 년","1558","1528","30",
"방화2동","45~49세","2024 년","1462","1436","26",
"방화2동","45~49세","2025 년","1461","1431","30",
"방화2동","50~54세","2024 년","1654","1635","19",
"방화2동","50~54세","2025 년","1619","1597","22",
"방화2동","55~59세","2024 년","1735","1706","29",
"방화2동","55~59세","2025 년","1731","1704","27",
"방화2동","60~64세","2024 년","1885","1870","15",
"방화2동","60~64세","2025 년","1824","1810","14",
"방화2동","65~69세","2024 년","1940","1931","9",
"방화2동","65~69세","2025 년","1986","1975","11",
"방화2동","70~74세","2024 년","1348","1343","5",
"방화2동","70~74세","2025 년","1476","1468","8",
"방화2동","75~79세","2024 년","1026","1021","5",
"방화2동","75~79세","2025 년","1075","1070","5",
"방화2동","80~84세","2024 년","699","699","-",
"방화2동","80~84세","2025 년","768","768","-",
"방화2동","85~89세","2024 년","391","391","-",
"방화2동","85~89세","2025 년","410","410","-",
"방화2동","90~94세","2024 년","128","128","-",
"방화2동","90~94세","2025 년","147","147","-",
"방화2동","95~99세","2024 년","32","32","-",
"방화2동","95~99세","2025 년","29","29","-",
"방화2동","100세 이상","2024 년","3","3","-",
"방화2동","100세 이상","2025 년","7","7","-",
"방화3동","합계","2024 년","21798","21671","127",
"방화3동","합계","2025 년","21501","21351","150",
"방화3동","0~4세","2024 년","504","504","-",
"방화3동","0~4세","2025 년","502","502","-",
"방화3동","5~9세","2024 년","494","494","-",
"방화3동","5~9세","2025 년","433","433","-",
"방화3동","10~14세","2024 년","587","586","1",
"방화3동","10~14세","2025 년","554","552","2",
"방화3동","15~19세","2024 년","692","692","-",
"방화3동","15~19세","2025 년","676","676","-",
"방화3동","20~24세","2024 년","777","768","9",
"방화3동","20~24세","2025 년","703","698","5",
"방화3동","25~29세","2024 년","1115","1103","12",
"방화3동","25~29세","2025 년","1069","1054","15",
"방화3동","30~34세","2024 년","1791","1767","24",
"방화3동","30~34세","2025 년","1710","1674","36",
"방화3동","35~39세","2024 년","1595","1575","20",
"방화3동","35~39세","2025 년","1586","1565","21",
"방화3동","40~44세","2024 년","1681","1668","13",
"방화3동","40~44세","2025 년","1538","1522","16",
"방화3동","45~49세","2024 년","1467","1456","11",
"방화3동","45~49세","2025 년","1508","1492","16",
"방화3동","50~54세","2024 년","1626","1617","9",
"방화3동","50~54세","2025 년","1569","1559","10",
"방화3동","55~59세","2024 년","1614","1602","12",
"방화3동","55~59세","2025 년","1637","1624","13",
"방화3동","60~64세","2024 년","1861","1851","10",
"방화3동","60~64세","2025 년","1751","1744","7",
"방화3동","65~69세","2024 년","2019","2016","3",
"방화3동","65~69세","2025 년","2013","2007","6",
"방화3동","70~74세","2024 년","1484","1483","1",
"방화3동","70~74세","2025 년","1630","1629","1",
"방화3동","75~79세","2024 년","1075","1074","1",
"방화3동","75~79세","2025 년","1191","1191","-",
"방화3동","80~84세","2024 년","749","748","1",
"방화3동","80~84세","2025 년","741","739","2",
"방화3동","85~89세","2024 년","446","446","-",
"방화3동","85~89세","2025 년","463","463","-",
"방화3동","90~94세","2024 년","175","175","-",
"방화3동","90~94세","2025 년","177","177","-",
"방화3동","95~99세","2024 년","43","43","-",
"방화3동","95~99세","2025 년","44","44","-",
"방화3동","100세 이상","2024 년","3","3","-",
"방화3동","100세 이상","2025 년","6","6","-",
"구로구","합계","2024 년","411916","388169","23747",
"구로구","합계","2025 년","408238","383829","24409",
"구로구","0~4세","2024 년","10098","9578","520",
"구로구","0~4세","2025 년","9796","9345","451",
"구로구","5~9세","2024 년","12283","11488","795",
"구로구","5~9세","2025 년","10993","10249","744",
"구로구","10~14세","2024 년","14052","13591","461",
"구로구","10~14세","2025 년","13533","13009","524",
"구로구","15~19세","2024 년","14446","13932","514",
"구로구","15~19세","2025 년","14575","14015","560",
"구로구","20~24세","2024 년","19516","18719","797",
"구로구","20~24세","2025 년","18089","17154","935",
"구로구","25~29세","2024 년","30611","29589","1022",
"구로구","25~29세","2025 년","29850","28755","1095",
"구로구","30~34세","2024 년","34454","32927","1527",
"구로구","30~34세","2025 년","34728","33365","1363",
"구로구","35~39세","2024 년","30566","28061","2505",
"구로구","35~39세","2025 년","30513","28086","2427",
"구로구","40~44세","2024 년","31605","29300","2305",
"구로구","40~44세","2025 년","30062","27558","2504",
"구로구","45~49세","2024 년","29357","27158","2199",
"구로구","45~49세","2025 년","29645","27307","2338",
"구로구","50~54세","2024 년","34652","31507","3145",
"구로구","50~54세","2025 년","33017","30080","2937",
"구로구","55~59세","2024 년","33634","29869","3765",
"구로구","55~59세","2025 년","33716","29868","3848",
"구로구","60~64세","2024 년","32769","30423","2346",
"구로구","60~64세","2025 년","31599","29089","2510",
"구로구","65~69세","2024 년","29698","28498","1200",
"구로구","65~69세","2025 년","30363","28974","1389",
"구로구","70~74세","2024 년","20987","20545","442",
"구로구","70~74세","2025 년","22709","22163","546",
"구로구","75~79세","2024 년","15757","15650","107",
"구로구","75~79세","2025 년","16696","16557","139",
"구로구","80~84세","2024 년","10388","10346","42",
"구로구","80~84세","2025 년","10736","10696","40",
"구로구","85~89세","2024 년","5055","5024","31",
"구로구","85~89세","2025 년","5414","5381","33",
"구로구","90~94세","2024 년","1549","1536","13",
"구로구","90~94세","2025 년","1765","1750","15",
"구로구","95~99세","2024 년","385","375","10",
"구로구","95~99세","2025 년","394","387","7",
"구로구","100세 이상","2024 년","54","53","1",
"구로구","100세 이상","2025 년","45","41","4",
"신도림동","합계","2024 년","36327","36001","326",
"신도림동","합계","2025 년","36093","35749","344",
"신도림동","0~4세","2024 년","1233","1223","10",
"신도림동","0~4세","2025 년","1229","1218","11",
"신도림동","5~9세","2024 년","1643","1636","7",
"신도림동","5~9세","2025 년","1478","1470","8",
"신도림동","10~14세","2024 년","1919","1916","3",
"신도림동","10~14세","2025 년","1931","1925","6",
"신도림동","15~19세","2024 년","1699","1692","7",
"신도림동","15~19세","2025 년","1707","1696","11",
"신도림동","20~24세","2024 년","1767","1754","13",
"신도림동","20~24세","2025 년","1682","1663","19",
"신도림동","25~29세","2024 년","2384","2343","41",
"신도림동","25~29세","2025 년","2298","2260","38",
"신도림동","30~34세","2024 년","2876","2819","57",
"신도림동","30~34세","2025 년","3036","2989","47",
"신도림동","35~39세","2024 년","3111","3055","56",
"신도림동","35~39세","2025 년","2996","2932","64",
"신도림동","40~44세","2024 년","3422","3389","33",
"신도림동","40~44세","2025 년","3303","3266","37",
"신도림동","45~49세","2024 년","3052","3032","20",
"신도림동","45~49세","2025 년","3088","3066","22",
"신도림동","50~54세","2024 년","3035","3019","16",
"신도림동","50~54세","2025 년","2975","2959","16",
"신도림동","55~59세","2024 년","2458","2430","28",
"신도림동","55~59세","2025 년","2450","2420","30",
"신도림동","60~64세","2024 년","2252","2237","15",
"신도림동","60~64세","2025 년","2166","2152","14",
"신도림동","65~69세","2024 년","2014","2006","8",
"신도림동","65~69세","2025 년","2001","1992","9",
"신도림동","70~74세","2024 년","1440","1437","3",
"신도림동","70~74세","2025 년","1588","1584","4",
"신도림동","75~79세","2024 년","1007","1006","1",
"신도림동","75~79세","2025 년","1091","1089","2",
"신도림동","80~84세","2024 년","571","568","3",
"신도림동","80~84세","2025 년","589","588","1",
"신도림동","85~89세","2024 년","314","311","3",
"신도림동","85~89세","2025 년","341","337","4",
"신도림동","90~94세","2024 년","98","98","-",
"신도림동","90~94세","2025 년","115","115","-",
"신도림동","95~99세","2024 년","27","26","1",
"신도림동","95~99세","2025 년","25","25","-",
"신도림동","100세 이상","2024 년","5","4","1",
"신도림동","100세 이상","2025 년","4","3","1",
"구로1동","합계","2024 년","20599","20398","201",
"구로1동","합계","2025 년","20313","20120","193",
"구로1동","0~4세","2024 년","705","698","7",
"구로1동","0~4세","2025 년","691","683","8",
"구로1동","5~9세","2024 년","791","784","7",
"구로1동","5~9세","2025 년","711","706","5",
"구로1동","10~14세","2024 년","942","934","8",
"구로1동","10~14세","2025 년","874","868","6",
"구로1동","15~19세","2024 년","933","931","2",
"구로1동","15~19세","2025 년","973","968","5",
"구로1동","20~24세","2024 년","942","938","4",
"구로1동","20~24세","2025 년","868","863","5",
"구로1동","25~29세","2024 년","1405","1389","16",
"구로1동","25~29세","2025 년","1372","1356","16",
"구로1동","30~34세","2024 년","1942","1909","33",
"구로1동","30~34세","2025 년","1917","1892","25",
"구로1동","35~39세","2024 년","1757","1718","39",
"구로1동","35~39세","2025 년","1730","1703","27",
"구로1동","40~44세","2024 년","1822","1795","27",
"구로1동","40~44세","2025 년","1760","1728","32",
"구로1동","45~49세","2024 년","1627","1614","13",
"구로1동","45~49세","2025 년","1615","1598","17",
"구로1동","50~54세","2024 년","1671","1662","9",
"구로1동","50~54세","2025 년","1610","1602","8",
"구로1동","55~59세","2024 년","1378","1364","14",
"구로1동","55~59세","2025 년","1397","1384","13",
"구로1동","60~64세","2024 년","1379","1367","12",
"구로1동","60~64세","2025 년","1313","1299","14",
"구로1동","65~69세","2024 년","1439","1431","8",
"구로1동","65~69세","2025 년","1443","1433","10",
"구로1동","70~74세","2024 년","804","804","-",
"구로1동","70~74세","2025 년","926","926","-",
"구로1동","75~79세","2024 년","503","501","2",
"구로1동","75~79세","2025 년","516","514","2",
"구로1동","80~84세","2024 년","301","301","-",
"구로1동","80~84세","2025 년","319","319","-",
"구로1동","85~89세","2024 년","172","172","-",
"구로1동","85~89세","2025 년","176","176","-",
"구로1동","90~94세","2024 년","68","68","-",
"구로1동","90~94세","2025 년","77","77","-",
"구로1동","95~99세","2024 년","17","17","-",
"구로1동","95~99세","2025 년","24","24","-",
"구로1동","100세 이상","2024 년","1","1","-",
"구로1동","100세 이상","2025 년","1","1","-",
"구로2동","합계","2024 년","28743","22133","6610",
"구로2동","합계","2025 년","28544","21742","6802",
"구로2동","0~4세","2024 년","420","286","134",
"구로2동","0~4세","2025 년","384","271","113",
"구로2동","5~9세","2024 년","576","319","257",
"구로2동","5~9세","2025 년","496","266","230",
"구로2동","10~14세","2024 년","651","505","146",
"구로2동","10~14세","2025 년","636","464","172",
"구로2동","15~19세","2024 년","730","613","117",
"구로2동","15~19세","2025 년","755","635","120",
"구로2동","20~24세","2024 년","1051","919","132",
"구로2동","20~24세","2025 년","969","828","141",
"구로2동","25~29세","2024 년","1907","1727","180",
"구로2동","25~29세","2025 년","1794","1605","189",
"구로2동","30~34세","2024 년","1988","1670","318",
"구로2동","30~34세","2025 년","2003","1713","290",
"구로2동","35~39세","2024 년","1762","1102","660",
"구로2동","35~39세","2025 년","1740","1114","626",
"구로2동","40~44세","2024 년","1845","1225","620",
"구로2동","40~44세","2025 년","1776","1084","692",
"구로2동","45~49세","2024 년","1974","1327","647",
"구로2동","45~49세","2025 년","1979","1297","682",
"구로2동","50~54세","2024 년","2950","1971","979",
"구로2동","50~54세","2025 년","2756","1824","932",
"구로2동","55~59세","2024 년","3345","2165","1180",
"구로2동","55~59세","2025 년","3345","2150","1195",
"구로2동","60~64세","2024 년","2937","2213","724",
"구로2동","60~64세","2025 년","2919","2134","785",
"구로2동","65~69세","2024 년","2331","1991","340",
"구로2동","65~69세","2025 년","2446","2035","411",
"구로2동","70~74세","2024 년","1540","1417","123",
"구로2동","70~74세","2025 년","1711","1554","157",
"구로2동","75~79세","2024 년","1267","1241","26",
"구로2동","75~79세","2025 년","1304","1263","41",
"구로2동","80~84세","2024 년","907","897","10",
"구로2동","80~84세","2025 년","927","920","7",
"구로2동","85~89세","2024 년","413","403","10",
"구로2동","85~89세","2025 년","442","430","12",
"구로2동","90~94세","2024 년","122","118","4",
"구로2동","90~94세","2025 년","130","126","4",
"구로2동","95~99세","2024 년","24","21","3",
"구로2동","95~99세","2025 년","28","26","2",
"구로2동","100세 이상","2024 년","3","3","-",
"구로2동","100세 이상","2025 년","4","3","1",
"구로3동","합계","2024 년","24720","22960","1760",
"구로3동","합계","2025 년","24515","22617","1898",
"구로3동","0~4세","2024 년","476","420","56",
"구로3동","0~4세","2025 년","421","382","39",
"구로3동","5~9세","2024 년","524","448","76",
"구로3동","5~9세","2025 년","477","396","81",
"구로3동","10~14세","2024 년","676","630","46",
"구로3동","10~14세","2025 년","624","571","53",
"구로3동","15~19세","2024 년","674","639","35",
"구로3동","15~19세","2025 년","691","658","33",
"구로3동","20~24세","2024 년","1344","1275","69",
"구로3동","20~24세","2025 년","1240","1141","99",
"구로3동","25~29세","2024 년","2997","2881","116",
"구로3동","25~29세","2025 년","2954","2812","142",
"구로3동","30~34세","2024 년","2734","2581","153",
"구로3동","30~34세","2025 년","2823","2679","144",
"구로3동","35~39세","2024 년","2214","2010","204",
"구로3동","35~39세","2025 년","2171","1964","207",
"구로3동","40~44세","2024 년","2115","1929","186",
"구로3동","40~44세","2025 년","1987","1789","198",
"구로3동","45~49세","2024 년","1855","1708","147",
"구로3동","45~49세","2025 년","1880","1711","169",
"구로3동","50~54세","2024 년","1948","1761","187",
"구로3동","50~54세","2025 년","1908","1723","185",
"구로3동","55~59세","2024 년","1608","1398","210",
"구로3동","55~59세","2025 년","1656","1428","228",
"구로3동","60~64세","2024 년","1553","1401","152",
"구로3동","60~64세","2025 년","1500","1319","181",
"구로3동","65~69세","2024 년","1374","1300","74",
"구로3동","65~69세","2025 년","1408","1319","89",
"구로3동","70~74세","2024 년","995","960","35",
"구로3동","70~74세","2025 년","1050","1010","40",
"구로3동","75~79세","2024 년","761","754","7",
"구로3동","75~79세","2025 년","823","819","4",
"구로3동","80~84세","2024 년","500","498","2",
"구로3동","80~84세","2025 년","511","510","1",
"구로3동","85~89세","2024 년","266","263","3",
"구로3동","85~89세","2025 년","270","267","3",
"구로3동","90~94세","2024 년","84","82","2",
"구로3동","90~94세","2025 년","92","90","2",
"구로3동","95~99세","2024 년","22","22","-",
"구로3동","95~99세","2025 년","28","28","-",
"구로3동","100세 이상","2024 년","-","-","-",
"구로3동","100세 이상","2025 년","1","1","-",
"구로4동","합계","2024 년","22118","18203","3915",
"구로4동","합계","2025 년","21805","17726","4079",
"구로4동","0~4세","2024 년","329","249","80",
"구로4동","0~4세","2025 년","313","254","59",
"구로4동","5~9세","2024 년","370","260","110",
"구로4동","5~9세","2025 년","341","226","115",
"구로4동","10~14세","2024 년","425","357","68",
"구로4동","10~14세","2025 년","377","298","79",
"구로4동","15~19세","2024 년","571","486","85",
"구로4동","15~19세","2025 년","540","452","88",
"구로4동","20~24세","2024 년","893","810","83",
"구로4동","20~24세","2025 년","768","672","96",
"구로4동","25~29세","2024 년","1540","1456","84",
"구로4동","25~29세","2025 년","1487","1392","95",
"구로4동","30~34세","2024 년","1784","1608","176",
"구로4동","30~34세","2025 년","1681","1532","149",
"구로4동","35~39세","2024 년","1553","1158","395",
"구로4동","35~39세","2025 년","1521","1164","357",
"구로4동","40~44세","2024 년","1473","1112","361",
"구로4동","40~44세","2025 년","1515","1062","453",
"구로4동","45~49세","2024 년","1515","1116","399",
"구로4동","45~49세","2025 년","1509","1077","432",
"구로4동","50~54세","2024 년","2047","1481","566",
"구로4동","50~54세","2025 년","1904","1379","525",
"구로4동","55~59세","2024 년","2222","1519","703",
"구로4동","55~59세","2025 년","2223","1486","737",
"구로4동","60~64세","2024 년","2142","1680","462",
"구로4동","60~64세","2025 년","2090","1630","460",
"구로4동","65~69세","2024 년","1735","1495","240",
"구로4동","65~69세","2025 년","1856","1558","298",
"구로4동","70~74세","2024 년","1298","1218","80",
"구로4동","70~74세","2025 년","1332","1229","103",
"구로4동","75~79세","2024 년","992","981","11",
"구로4동","75~79세","2025 년","1048","1028","20",
"구로4동","80~84세","2024 년","719","712","7",
"구로4동","80~84세","2025 년","738","731","7",
"구로4동","85~89세","2024 년","399","396","3",
"구로4동","85~89세","2025 년","421","417","4",
"구로4동","90~94세","2024 년","91","90","1",
"구로4동","90~94세","2025 년","120","119","1",
"구로4동","95~99세","2024 년","17","16","1",
"구로4동","95~99세","2025 년","18","17","1",
"구로4동","100세 이상","2024 년","3","3","-",
"구로4동","100세 이상","2025 년","3","3","-",
"구로5동","합계","2024 년","31697","28993","2704",
"구로5동","합계","2025 년","31341","28571","2770",
"구로5동","0~4세","2024 년","802","754","48",
"구로5동","0~4세","2025 년","799","754","45",
"구로5동","5~9세","2024 년","797","702","95",
"구로5동","5~9세","2025 년","709","632","77",
"구로5동","10~14세","2024 년","658","610","48",
"구로5동","10~14세","2025 년","636","581","55",
"구로5동","15~19세","2024 년","793","723","70",
"구로5동","15~19세","2025 년","777","692","85",
"구로5동","20~24세","2024 년","1620","1506","114",
"구로5동","20~24세","2025 년","1439","1285","154",
"구로5동","25~29세","2024 년","3379","3210","169",
"구로5동","25~29세","2025 년","3245","3073","172",
"구로5동","30~34세","2024 년","3501","3332","169",
"구로5동","30~34세","2025 년","3559","3391","168",
"구로5동","35~39세","2024 년","2743","2465","278",
"구로5동","35~39세","2025 년","2734","2473","261",
"구로5동","40~44세","2024 년","2379","2122","257",
"구로5동","40~44세","2025 년","2325","2058","267",
"구로5동","45~49세","2024 년","1915","1692","223",
"구로5동","45~49세","2025 년","1920","1690","230",
"구로5동","50~54세","2024 년","2522","2168","354",
"구로5동","50~54세","2025 년","2307","2010","297",
"구로5동","55~59세","2024 년","2525","2142","383",
"구로5동","55~59세","2025 년","2536","2130","406",
"구로5동","60~64세","2024 년","2438","2176","262",
"구로5동","60~64세","2025 년","2375","2083","292",
"구로5동","65~69세","2024 년","1970","1814","156",
"구로5동","65~69세","2025 년","2084","1927","157",
"구로5동","70~74세","2024 년","1371","1321","50",
"구로5동","70~74세","2025 년","1485","1410","75",
"구로5동","75~79세","2024 년","1098","1083","15",
"구로5동","75~79세","2025 년","1157","1143","14",
"구로5동","80~84세","2024 년","704","697","7",
"구로5동","80~84세","2025 년","732","723","9",
"구로5동","85~89세","2024 년","342","341","1",
"구로5동","85~89세","2025 년","372","371","1",
"구로5동","90~94세","2024 년","106","104","2",
"구로5동","90~94세","2025 년","117","116","1",
"구로5동","95~99세","2024 년","32","29","3",
"구로5동","95~99세","2025 년","27","24","3",
"구로5동","100세 이상","2024 년","2","2","-",
"구로5동","100세 이상","2025 년","6","5","1",
"가리봉동","합계","2024 년","12450","8737","3713",
"가리봉동","합계","2025 년","12521","8739","3782",
"가리봉동","0~4세","2024 년","130","76","54",
"가리봉동","0~4세","2025 년","131","79","52",
"가리봉동","5~9세","2024 년","184","92","92",
"가리봉동","5~9세","2025 년","170","78","92",
"가리봉동","10~14세","2024 년","156","103","53",
"가리봉동","10~14세","2025 년","158","107","51",
"가리봉동","15~19세","2024 년","170","123","47",
"가리봉동","15~19세","2025 년","181","129","52",
"가리봉동","20~24세","2024 년","445","363","82",
"가리봉동","20~24세","2025 년","437","340","97",
"가리봉동","25~29세","2024 년","1282","1177","105",
"가리봉동","25~29세","2025 년","1228","1103","125",
"가리봉동","30~34세","2024 년","1205","1012","193",
"가리봉동","30~34세","2025 년","1184","1022","162",
"가리봉동","35~39세","2024 년","880","530","350",
"가리봉동","35~39세","2025 년","954","594","360",
"가리봉동","40~44세","2024 년","822","431","391",
"가리봉동","40~44세","2025 년","831","447","384",
"가리봉동","45~49세","2024 년","812","421","391",
"가리봉동","45~49세","2025 년","828","436","392",
"가리봉동","50~54세","2024 년","1254","677","577",
"가리봉동","50~54세","2025 년","1173","625","548",
"가리봉동","55~59세","2024 년","1572","820","752",
"가리봉동","55~59세","2025 년","1542","791","751",
"가리봉동","60~64세","2024 년","1190","832","358",
"가리봉동","60~64세","2025 년","1245","834","411",
"가리봉동","65~69세","2024 년","929","761","168",
"가리봉동","65~69세","2025 년","952","763","189",
"가리봉동","70~74세","2024 년","545","484","61",
"가리봉동","70~74세","2025 년","597","524","73",
"가리봉동","75~79세","2024 년","411","393","18",
"가리봉동","75~79세","2025 년","411","390","21",
"가리봉동","80~84세","2024 년","237","229","8",
"가리봉동","80~84세","2025 년","255","247","8",
"가리봉동","85~89세","2024 년","164","155","9",
"가리봉동","85~89세","2025 년","164","157","7",
"가리봉동","90~94세","2024 년","48","45","3",
"가리봉동","90~94세","2025 년","68","62","6",
"가리봉동","95~99세","2024 년","11","10","1",
"가리봉동","95~99세","2025 년","10","9","1",
"가리봉동","100세 이상","2024 년","3","3","-",
"가리봉동","100세 이상","2025 년","2","2","-",
"고척1동","합계","2024 년","26775","26480","295",
"고척1동","합계","2025 년","26495","26193","302",
"고척1동","0~4세","2024 년","917","906","11",
"고척1동","0~4세","2025 년","994","981","13",
"고척1동","5~9세","2024 년","809","802","7",
"고척1동","5~9세","2025 년","773","769","4",
"고척1동","10~14세","2024 년","832","828","4",
"고척1동","10~14세","2025 년","795","792","3",
"고척1동","15~19세","2024 년","999","993","6",
"고척1동","15~19세","2025 년","962","959","3",
"고척1동","20~24세","2024 년","1425","1395","30",
"고척1동","20~24세","2025 년","1321","1298","23",
"고척1동","25~29세","2024 년","1798","1760","38",
"고척1동","25~29세","2025 년","1702","1664","38",
"고척1동","30~34세","2024 년","2714","2683","31",
"고척1동","30~34세","2025 년","2596","2560","36",
"고척1동","35~39세","2024 년","2471","2439","32",
"고척1동","35~39세","2025 년","2581","2547","34",
"고척1동","40~44세","2024 년","1989","1958","31",
"고척1동","40~44세","2025 년","1962","1933","29",
"고척1동","45~49세","2024 년","1706","1679","27",
"고척1동","45~49세","2025 년","1713","1682","31",
"고척1동","50~54세","2024 년","2094","2073","21",
"고척1동","50~54세","2025 년","1993","1968","25",
"고척1동","55~59세","2024 년","1967","1947","20",
"고척1동","55~59세","2025 년","1903","1887","16",
"고척1동","60~64세","2024 년","1938","1918","20",
"고척1동","60~64세","2025 년","1839","1813","26",
"고척1동","65~69세","2024 년","1822","1813","9",
"고척1동","65~69세","2025 년","1846","1834","12",
"고척1동","70~74세","2024 년","1336","1330","6",
"고척1동","70~74세","2025 년","1452","1445","7",
"고척1동","75~79세","2024 년","936","935","1",
"고척1동","75~79세","2025 년","1010","1009","1",
"고척1동","80~84세","2024 년","616","616","-",
"고척1동","80~84세","2025 년","627","627","-",
"고척1동","85~89세","2024 년","283","283","-",
"고척1동","85~89세","2025 년","300","300","-",
"고척1동","90~94세","2024 년","94","93","1",
"고척1동","90~94세","2025 년","99","98","1",
"고척1동","95~99세","2024 년","25","25","-",
"고척1동","95~99세","2025 년","24","24","-",
"고척1동","100세 이상","2024 년","4","4","-",
"고척1동","100세 이상","2025 년","3","3","-",
"고척2동","합계","2024 년","25885","25420","465",
"고척2동","합계","2025 년","25357","24924","433",
"고척2동","0~4세","2024 년","498","489","9",
"고척2동","0~4세","2025 년","500","491","9",
"고척2동","5~9세","2024 년","720","704","16",
"고척2동","5~9세","2025 년","612","602","10",
"고척2동","10~14세","2024 년","937","928","9",
"고척2동","10~14세","2025 년","894","883","11",
"고척2동","15~19세","2024 년","1024","1017","7",
"고척2동","15~19세","2025 년","1024","1015","9",
"고척2동","20~24세","2024 년","1325","1305","20",
"고척2동","20~24세","2025 년","1175","1154","21",
"고척2동","25~29세","2024 년","1659","1638","21",
"고척2동","25~29세","2025 년","1578","1564","14",
"고척2동","30~34세","2024 년","1700","1667","33",
"고척2동","30~34세","2025 년","1704","1677","27",
"고척2동","35~39세","2024 년","1418","1361","57",
"고척2동","35~39세","2025 년","1432","1380","52",
"고척2동","40~44세","2024 년","1640","1602","38",
"고척2동","40~44세","2025 년","1505","1459","46",
"고척2동","45~49세","2024 년","1826","1772","54",
"고척2동","45~49세","2025 년","1773","1723","50",
"고척2동","50~54세","2024 년","2417","2369","48",
"고척2동","50~54세","2025 년","2213","2171","42",
"고척2동","55~59세","2024 년","2385","2316","69",
"고척2동","55~59세","2025 년","2398","2344","54",
"고척2동","60~64세","2024 년","2277","2229","48",
"고척2동","60~64세","2025 년","2192","2150","42",
"고척2동","65~69세","2024 년","2082","2060","22",
"고척2동","65~69세","2025 년","2149","2118","31",
"고척2동","70~74세","2024 년","1472","1463","9",
"고척2동","70~74세","2025 년","1584","1573","11",
"고척2동","75~79세","2024 년","1144","1141","3",
"고척2동","75~79세","2025 년","1215","1212","3",
"고척2동","80~84세","2024 년","819","818","1",
"고척2동","80~84세","2025 년","843","843","-",
"고척2동","85~89세","2024 년","412","411","1",
"고척2동","85~89세","2025 년","405","404","1",
"고척2동","90~94세","2024 년","100","100","-",
"고척2동","90~94세","2025 년","128","128","-",
"고척2동","95~99세","2024 년","25","25","-",
"고척2동","95~99세","2025 년","29","29","-",
"고척2동","100세 이상","2024 년","5","5","-",
"고척2동","100세 이상","2025 년","4","4","-",
"개봉1동","합계","2024 년","33922","33088","834",
"개봉1동","합계","2025 년","34016","33192","824",
"개봉1동","0~4세","2024 년","1034","1013","21",
"개봉1동","0~4세","2025 년","1060","1036","24",
"개봉1동","5~9세","2024 년","893","872","21",
"개봉1동","5~9세","2025 년","855","836","19",
"개봉1동","10~14세","2024 년","1029","1010","19",
"개봉1동","10~14세","2025 년","1023","1002","21",
"개봉1동","15~19세","2024 년","1144","1073","71",
"개봉1동","15~19세","2025 년","1153","1092","61",
"개봉1동","20~24세","2024 년","1577","1525","52",
"개봉1동","20~24세","2025 년","1442","1383","59",
"개봉1동","25~29세","2024 년","2274","2225","49",
"개봉1동","25~29세","2025 년","2137","2083","54",
"개봉1동","30~34세","2024 년","2792","2721","71",
"개봉1동","30~34세","2025 년","2835","2774","61",
"개봉1동","35~39세","2024 년","2518","2436","82",
"개봉1동","35~39세","2025 년","2607","2527","80",
"개봉1동","40~44세","2024 년","2455","2377","78",
"개봉1동","40~44세","2025 년","2373","2296","77",
"개봉1동","45~49세","2024 년","2202","2148","54",
"개봉1동","45~49세","2025 년","2299","2247","52",
"개봉1동","50~54세","2024 년","2743","2653","90",
"개봉1동","50~54세","2025 년","2587","2501","86",
"개봉1동","55~59세","2024 년","2808","2717","91",
"개봉1동","55~59세","2025 년","2849","2762","87",
"개봉1동","60~64세","2024 년","2947","2886","61",
"개봉1동","60~64세","2025 년","2888","2815","73",
"개봉1동","65~69세","2024 년","2694","2649","45",
"개봉1동","65~69세","2025 년","2736","2699","37",
"개봉1동","70~74세","2024 년","1899","1873","26",
"개봉1동","70~74세","2025 년","2058","2034","24",
"개봉1동","75~79세","2024 년","1409","1407","2",
"개봉1동","75~79세","2025 년","1500","1492","8",
"개봉1동","80~84세","2024 년","914","913","1",
"개봉1동","80~84세","2025 년","961","960","1",
"개봉1동","85~89세","2024 년","410","410","-",
"개봉1동","85~89세","2025 년","468","468","-",
"개봉1동","90~94세","2024 년","141","141","-",
"개봉1동","90~94세","2025 년","140","140","-",
"개봉1동","95~99세","2024 년","32","32","-",
"개봉1동","95~99세","2025 년","41","41","-",
"개봉1동","100세 이상","2024 년","7","7","-",
"개봉1동","100세 이상","2025 년","4","4","-",
"개봉2동","합계","2024 년","29644","29197","447",
"개봉2동","합계","2025 년","29683","29240","443",
"개봉2동","0~4세","2024 년","694","678","16",
"개봉2동","0~4세","2025 년","683","665","18",
"개봉2동","5~9세","2024 년","887","866","21",
"개봉2동","5~9세","2025 년","774","752","22",
"개봉2동","10~14세","2024 년","912","902","10",
"개봉2동","10~14세","2025 년","881","869","12",
"개봉2동","15~19세","2024 년","1039","1033","6",
"개봉2동","15~19세","2025 년","1032","1022","10",
"개봉2동","20~24세","2024 년","1397","1386","11",
"개봉2동","20~24세","2025 년","1330","1320","10",
"개봉2동","25~29세","2024 년","1724","1709","15",
"개봉2동","25~29세","2025 년","1984","1965","19",
"개봉2동","30~34세","2024 년","1953","1906","47",
"개봉2동","30~34세","2025 년","2133","2082","51",
"개봉2동","35~39세","2024 년","1956","1900","56",
"개봉2동","35~39세","2025 년","2008","1947","61",
"개봉2동","40~44세","2024 년","2242","2204","38",
"개봉2동","40~44세","2025 년","2029","1993","36",
"개봉2동","45~49세","2024 년","2031","1998","33",
"개봉2동","45~49세","2025 년","2072","2043","29",
"개봉2동","50~54세","2024 년","2439","2387","52",
"개봉2동","50~54세","2025 년","2289","2250","39",
"개봉2동","55~59세","2024 년","2400","2334","66",
"개봉2동","55~59세","2025 년","2387","2332","55",
"개봉2동","60~64세","2024 년","2501","2456","45",
"개봉2동","60~64세","2025 년","2306","2267","39",
"개봉2동","65~69세","2024 년","2584","2564","20",
"개봉2동","65~69세","2025 년","2574","2548","26",
"개봉2동","70~74세","2024 년","1947","1939","8",
"개봉2동","70~74세","2025 년","2100","2089","11",
"개봉2동","75~79세","2024 년","1492","1489","3",
"개봉2동","75~79세","2025 년","1572","1568","4",
"개봉2동","80~84세","2024 년","901","901","-",
"개봉2동","80~84세","2025 년","927","926","1",
"개봉2동","85~89세","2024 년","397","397","-",
"개봉2동","85~89세","2025 년","439","439","-",
"개봉2동","90~94세","2024 년","119","119","-",
"개봉2동","90~94세","2025 년","140","140","-",
"개봉2동","95~99세","2024 년","26","26","-",
"개봉2동","95~99세","2025 년","21","21","-",
"개봉2동","100세 이상","2024 년","3","3","-",
"개봉2동","100세 이상","2025 년","2","2","-",
"개봉3동","합계","2024 년","19761","19304","457",
"개봉3동","합계","2025 년","19175","18700","475",
"개봉3동","0~4세","2024 년","337","317","20",
"개봉3동","0~4세","2025 년","313","296","17",
"개봉3동","5~9세","2024 년","501","477","24",
"개봉3동","5~9세","2025 년","405","384","21",
"개봉3동","10~14세","2024 년","578","568","10",
"개봉3동","10~14세","2025 년","563","549","14",
"개봉3동","15~19세","2024 년","666","655","11",
"개봉3동","15~19세","2025 년","649","635","14",
"개봉3동","20~24세","2024 년","856","843","13",
"개봉3동","20~24세","2025 년","768","740","28",
"개봉3동","25~29세","2024 년","1225","1203","22",
"개봉3동","25~29세","2025 년","1153","1132","21",
"개봉3동","30~34세","2024 년","1368","1322","46",
"개봉3동","30~34세","2025 년","1382","1350","32",
"개봉3동","35~39세","2024 년","1196","1143","53",
"개봉3동","35~39세","2025 년","1150","1092","58",
"개봉3동","40~44세","2024 년","1375","1337","38",
"개봉3동","40~44세","2025 년","1233","1186","47",
"개봉3동","45~49세","2024 년","1397","1361","36",
"개봉3동","45~49세","2025 년","1376","1341","35",
"개봉3동","50~54세","2024 년","1689","1635","54",
"개봉3동","50~54세","2025 년","1600","1550","50",
"개봉3동","55~59세","2024 년","1775","1727","48",
"개봉3동","55~59세","2025 년","1729","1671","58",
"개봉3동","60~64세","2024 년","1834","1790","44",
"개봉3동","60~64세","2025 년","1727","1687","40",
"개봉3동","65~69세","2024 년","1760","1733","27",
"개봉3동","65~69세","2025 년","1745","1716","29",
"개봉3동","70~74세","2024 년","1321","1313","8",
"개봉3동","70~74세","2025 년","1376","1368","8",
"개봉3동","75~79세","2024 년","906","903","3",
"개봉3동","75~79세","2025 년","974","971","3",
"개봉3동","80~84세","2024 년","592","592","-",
"개봉3동","80~84세","2025 년","609","609","-",
"개봉3동","85~89세","2024 년","283","283","-",
"개봉3동","85~89세","2025 년","305","305","-",
"개봉3동","90~94세","2024 년","86","86","-",
"개봉3동","90~94세","2025 년","101","101","-",
"개봉3동","95~99세","2024 년","14","14","-",
"개봉3동","95~99세","2025 년","16","16","-",
"개봉3동","100세 이상","2024 년","2","2","-",
"개봉3동","100세 이상","2025 년","1","1","-",
"오류1동","합계","2024 년","23270","22577","693",
"오류1동","합계","2025 년","23441","22660","781",
"오류1동","0~4세","2024 년","497","478","19",
"오류1동","0~4세","2025 년","469","454","15",
"오류1동","5~9세","2024 년","484","461","23",
"오류1동","5~9세","2025 년","445","419","26",
"오류1동","10~14세","2024 년","482","472","10",
"오류1동","10~14세","2025 년","473","465","8",
"오류1동","15~19세","2024 년","596","588","8",
"오류1동","15~19세","2025 년","578","567","11",
"오류1동","20~24세","2024 년","1376","1323","53",
"오류1동","20~24세","2025 년","1303","1252","51",
"오류1동","25~29세","2024 년","2674","2604","70",
"오류1동","25~29세","2025 년","2736","2634","102",
"오류1동","30~34세","2024 년","2746","2673","73",
"오류1동","30~34세","2025 년","2836","2755","81",
"오류1동","35~39세","2024 년","1943","1859","84",
"오류1동","35~39세","2025 년","2035","1940","95",
"오류1동","40~44세","2024 년","1635","1563","72",
"오류1동","40~44세","2025 년","1579","1503","76",
"오류1동","45~49세","2024 년","1441","1392","49",
"오류1동","45~49세","2025 년","1505","1433","72",
"오류1동","50~54세","2024 년","1646","1575","71",
"오류1동","50~54세","2025 년","1543","1481","62",
"오류1동","55~59세","2024 년","1544","1475","69",
"오류1동","55~59세","2025 년","1596","1514","82",
"오류1동","60~64세","2024 년","1608","1558","50",
"오류1동","60~64세","2025 년","1549","1497","52",
"오류1동","65~69세","2024 년","1565","1534","31",
"오류1동","65~69세","2025 년","1574","1539","35",
"오류1동","70~74세","2024 년","1139","1132","7",
"오류1동","70~74세","2025 년","1200","1191","9",
"오류1동","75~79세","2024 년","860","859","1",
"오류1동","75~79세","2025 년","923","922","1",
"오류1동","80~84세","2024 년","608","607","1",
"오류1동","80~84세","2025 년","630","629","1",
"오류1동","85~89세","2024 년","308","307","1",
"오류1동","85~89세","2025 년","344","343","1",
"오류1동","90~94세","2024 년","86","86","-",
"오류1동","90~94세","2025 년","103","103","-",
"오류1동","95~99세","2024 년","27","26","1",
"오류1동","95~99세","2025 년","18","18","-",
"오류1동","100세 이상","2024 년","5","5","-",
"오류1동","100세 이상","2025 년","2","1","1",
"오류2동","합계","2024 년","36714","36108","606",
"오류2동","합계","2025 년","36487","35878","609",
"오류2동","0~4세","2024 년","743","728","15",
"오류2동","0~4세","2025 년","720","706","14",
"오류2동","5~9세","2024 년","1132","1112","20",
"오류2동","5~9세","2025 년","978","960","18",
"오류2동","10~14세","2024 년","2042","2024","18",
"오류2동","10~14세","2025 년","1817","1796","21",
"오류2동","15~19세","2024 년","1790","1775","15",
"오류2동","15~19세","2025 년","1911","1889","22",
"오류2동","20~24세","2024 년","1749","1730","19",
"오류2동","20~24세","2025 년","1677","1662","15",
"오류2동","25~29세","2024 년","2201","2172","29",
"오류2동","25~29세","2025 년","2113","2082","31",
"오류2동","30~34세","2024 년","2391","2346","45",
"오류2동","30~34세","2025 년","2429","2392","37",
"오류2동","35~39세","2024 년","2021","1961","60",
"오류2동","35~39세","2025 년","2107","2042","65",
"오류2동","40~44세","2024 년","2775","2701","74",
"오류2동","40~44세","2025 년","2459","2391","68",
"오류2동","45~49세","2024 년","2937","2876","61",
"오류2동","45~49세","2025 년","2926","2850","76",
"오류2동","50~54세","2024 년","3212","3144","68",
"오류2동","50~54세","2025 년","3217","3153","64",
"오류2동","55~59세","2024 년","2859","2790","69",
"오류2동","55~59세","2025 년","2943","2874","69",
"오류2동","60~64세","2024 년","2755","2705","50",
"오류2동","60~64세","2025 년","2626","2581","45",
"오류2동","65~69세","2024 년","2637","2602","35",
"오류2동","65~69세","2025 년","2735","2699","36",
"오류2동","70~74세","2024 년","1947","1928","19",
"오류2동","70~74세","2025 년","2146","2130","16",
"오류2동","75~79세","2024 년","1668","1660","8",
"오류2동","75~79세","2025 년","1724","1714","10",
"오류2동","80~84세","2024 년","1119","1118","1",
"오류2동","80~84세","2025 년","1166","1164","2",
"오류2동","85~89세","2024 년","490","490","-",
"오류2동","85~89세","2025 년","542","542","-",
"오류2동","90~94세","2024 년","186","186","-",
"오류2동","90~94세","2025 년","193","193","-",
"오류2동","95~99세","2024 년","54","54","-",
"오류2동","95~99세","2025 년","55","55","-",
"오류2동","100세 이상","2024 년","6","6","-",
"오류2동","100세 이상","2025 년","3","3","-",
"수궁동","합계","2024 년","22873","22399","474",
"수궁동","합계","2025 년","22249","21832","417",
"수궁동","0~4세","2024 년","499","482","17",
"수궁동","0~4세","2025 년","432","419","13",
"수궁동","5~9세","2024 년","539","527","12",
"수궁동","5~9세","2025 년","491","479","12",
"수궁동","10~14세","2024 년","806","801","5",
"수궁동","10~14세","2025 년","763","754","9",
"수궁동","15~19세","2024 년","972","963","9",
"수궁동","15~19세","2025 년","919","908","11",
"수궁동","20~24세","2024 년","1108","1085","23",
"수궁동","20~24세","2025 년","1052","1034","18",
"수궁동","25~29세","2024 년","1433","1384","49",
"수궁동","25~29세","2025 년","1345","1323","22",
"수궁동","30~34세","2024 년","1621","1557","64",
"수궁동","30~34세","2025 년","1524","1483","41",
"수궁동","35~39세","2024 년","1383","1310","73",
"수궁동","35~39세","2025 년","1299","1241","58",
"수궁동","40~44세","2024 년","1581","1541","40",
"수궁동","40~44세","2025 년","1447","1403","44",
"수궁동","45~49세","2024 년","1696","1662","34",
"수궁동","45~49세","2025 년","1678","1647","31",
"수궁동","50~54세","2024 년","1948","1905","43",
"수궁동","50~54세","2025 년","1880","1829","51",
"수궁동","55~59세","2024 년","1890","1837","53",
"수궁동","55~59세","2025 년","1880","1821","59",
"수궁동","60~64세","2024 년","2082","2050","32",
"수궁동","60~64세","2025 년","1966","1942","24",
"수궁동","65~69세","2024 년","1937","1928","9",
"수궁동","65~69세","2025 년","1943","1931","12",
"수궁동","70~74세","2024 년","1333","1326","7",
"수궁동","70~74세","2025 년","1464","1456","8",
"수궁동","75~79세","2024 년","953","950","3",
"수궁동","75~79세","2025 년","1029","1027","2",
"수궁동","80~84세","2024 년","686","685","1",
"수궁동","80~84세","2025 년","705","703","2",
"수궁동","85~89세","2024 년","289","289","-",
"수궁동","85~89세","2025 년","309","309","-",
"수궁동","90~94세","2024 년","88","88","-",
"수궁동","90~94세","2025 년","102","102","-",
"수궁동","95~99세","2024 년","25","25","-",
"수궁동","95~99세","2025 년","18","18","-",
"수궁동","100세 이상","2024 년","4","4","-",
"수궁동","100세 이상","2025 년","3","3","-",
"항동","합계","2024 년","16418","16171","247",
"항동","합계","2025 년","16203","15946","257",
"항동","0~4세","2024 년","784","781","3",
"항동","0~4세","2025 년","657","656","1",
"항동","5~9세","2024 년","1433","1426","7",
"항동","5~9세","2025 년","1278","1274","4",
"항동","10~14세","2024 년","1007","1003","4",
"항동","10~14세","2025 년","1088","1085","3",
"항동","15~19세","2024 년","646","628","18",
"항동","15~19세","2025 년","723","698","25",
"항동","20~24세","2024 년","641","562","79",
"항동","20~24세","2025 년","618","519","99",
"항동","25~29세","2024 년","729","711","18",
"항동","25~29세","2025 년","724","707","17",
"항동","30~34세","2024 년","1139","1121","18",
"항동","30~34세","2025 년","1086","1074","12",
"항동","35~39세","2024 년","1640","1614","26",
"항동","35~39세","2025 년","1448","1426","22",
"항동","40~44세","2024 년","2035","2014","21",
"항동","40~44세","2025 년","1978","1960","18",
"항동","45~49세","2024 년","1371","1360","11",
"항동","45~49세","2025 년","1484","1466","18",
"항동","50~54세","2024 년","1037","1027","10",
"항동","50~54세","2025 년","1062","1055","7",
"항동","55~59세","2024 년","898","888","10",
"항동","55~59세","2025 년","882","874","8",
"항동","60~64세","2024 년","936","925","11",
"항동","60~64세","2025 년","898","886","12",
"항동","65~69세","2024 년","825","817","8",
"항동","65~69세","2025 년","871","863","8",
"항동","70~74세","2024 년","600","600","-",
"항동","70~74세","2025 년","640","640","-",
"항동","75~79세","2024 년","350","347","3",
"항동","75~79세","2025 년","399","396","3",
"항동","80~84세","2024 년","194","194","-",
"항동","80~84세","2025 년","197","197","-",
"항동","85~89세","2024 년","113","113","-",
"항동","85~89세","2025 년","116","116","-",
"항동","90~94세","2024 년","32","32","-",
"항동","90~94세","2025 년","40","40","-",
"항동","95~99세","2024 년","7","7","-",
"항동","95~99세","2025 년","12","12","-",
"항동","100세 이상","2024 년","1","1","-",
"항동","100세 이상","2025 년","2","2","-",
"금천구","합계","2024 년","239070","225159","13911",
"금천구","합계","2025 년","237562","223290","14272",
"금천구","0~4세","2024 년","4443","4099","344",
"금천구","0~4세","2025 년","4192","3928","264",
"금천구","5~9세","2024 년","5376","4927","449",
"금천구","5~9세","2025 년","4820","4393","427",
"금천구","10~14세","2024 년","6174","5885","289",
"금천구","10~14세","2025 년","5947","5650","297",
"금천구","15~19세","2024 년","6774","6540","234",
"금천구","15~19세","2025 년","6667","6394","273",
"금천구","20~24세","2024 년","11205","10779","426",
"금천구","20~24세","2025 년","10221","9691","530",
"금천구","25~29세","2024 년","23529","22791","738",
"금천구","25~29세","2025 년","22874","22024","850",
"금천구","30~34세","2024 년","24023","23016","1007",
"금천구","30~34세","2025 년","24900","23914","986",
"금천구","35~39세","2024 년","16949","15502","1447",
"금천구","35~39세","2025 년","17285","15804","1481",
"금천구","40~44세","2024 년","15914","14607","1307",
"금천구","40~44세","2025 년","15451","14063","1388",
"금천구","45~49세","2024 년","15021","13728","1293",
"금천구","45~49세","2025 년","14845","13564","1281",
"금천구","50~54세","2024 년","19458","17575","1883",
"금천구","50~54세","2025 년","18191","16429","1762",
"금천구","55~59세","2024 년","21095","18826","2269",
"금천구","55~59세","2025 년","20821","18618","2203",
"금천구","60~64세","2024 년","21158","19847","1311",
"금천구","60~64세","2025 년","20690","19257","1433",
"금천구","65~69세","2024 년","17602","17033","569",
"금천구","65~69세","2025 년","18418","17734","684",
"금천구","70~74세","2024 년","11744","11508","236",
"금천구","70~74세","2025 년","12634","12357","277",
"금천구","75~79세","2024 년","8707","8644","63",
"금천구","75~79세","2025 년","9176","9093","83",
"금천구","80~84세","2024 년","5910","5890","20",
"금천구","80~84세","2025 년","6131","6110","21",
"금천구","85~89세","2024 년","2871","2860","11",
"금천구","85~89세","2025 년","3038","3023","15",
"금천구","90~94세","2024 년","909","899","10",
"금천구","90~94세","2025 년","1029","1018","11",
"금천구","95~99세","2024 년","170","168","2",
"금천구","95~99세","2025 년","201","199","2",
"금천구","100세 이상","2024 년","38","35","3",
"금천구","100세 이상","2025 년","31","27","4",
"가산동","합계","2024 년","27368","24875","2493",
"가산동","합계","2025 년","27870","25373","2497",
"가산동","0~4세","2024 년","333","293","40",
"가산동","0~4세","2025 년","337","307","30",
"가산동","5~9세","2024 년","285","238","47",
"가산동","5~9세","2025 년","267","224","43",
"가산동","10~14세","2024 년","276","237","39",
"가산동","10~14세","2025 년","262","232","30",
"가산동","15~19세","2024 년","392","347","45",
"가산동","15~19세","2025 년","345","302","43",
"가산동","20~24세","2024 년","1658","1531","127",
"가산동","20~24세","2025 년","1502","1377","125",
"가산동","25~29세","2024 년","5517","5310","207",
"가산동","25~29세","2025 년","5425","5199","226",
"가산동","30~34세","2024 년","4819","4595","224",
"가산동","30~34세","2025 년","5244","5002","242",
"가산동","35~39세","2024 년","2554","2317","237",
"가산동","35~39세","2025 년","2763","2533","230",
"가산동","40~44세","2024 년","1866","1651","215",
"가산동","40~44세","2025 년","1908","1685","223",
"가산동","45~49세","2024 년","1401","1172","229",
"가산동","45~49세","2025 년","1432","1216","216",
"가산동","50~54세","2024 년","1704","1361","343",
"가산동","50~54세","2025 년","1578","1270","308",
"가산동","55~59세","2024 년","1727","1316","411",
"가산동","55~59세","2025 년","1765","1366","399",
"가산동","60~64세","2024 년","1621","1428","193",
"가산동","60~64세","2025 년","1587","1378","209",
"가산동","65~69세","2024 년","1259","1172","87",
"가산동","65~69세","2025 년","1342","1228","114",
"가산동","70~74세","2024 년","774","749","25",
"가산동","70~74세","2025 년","838","807","31",
"가산동","75~79세","2024 년","599","585","14",
"가산동","75~79세","2025 년","642","626","16",
"가산동","80~84세","2024 년","350","347","3",
"가산동","80~84세","2025 년","363","359","4",
"가산동","85~89세","2024 년","161","159","2",
"가산동","85~89세","2025 년","199","196","3",
"가산동","90~94세","2024 년","55","51","4",
"가산동","90~94세","2025 년","56","52","4",
"가산동","95~99세","2024 년","12","11","1",
"가산동","95~99세","2025 년","10","10","-",
"가산동","100세 이상","2024 년","5","5","-",
"가산동","100세 이상","2025 년","5","4","1",
"독산1동","합계","2024 년","49008","47155","1853",
"독산1동","합계","2025 년","49582","47506","2076",
"독산1동","0~4세","2024 년","1472","1415","57",
"독산1동","0~4세","2025 년","1411","1368","43",
"독산1동","5~9세","2024 년","1377","1327","50",
"독산1동","5~9세","2025 년","1249","1199","50",
"독산1동","10~14세","2024 년","1290","1259","31",
"독산1동","10~14세","2025 년","1310","1278","32",
"독산1동","15~19세","2024 년","1115","1076","39",
"독산1동","15~19세","2025 년","1152","1110","42",
"독산1동","20~24세","2024 년","2454","2357","97",
"독산1동","20~24세","2025 년","2245","2089","156",
"독산1동","25~29세","2024 년","6169","6004","165",
"독산1동","25~29세","2025 년","6253","6020","233",
"독산1동","30~34세","2024 년","6657","6446","211",
"독산1동","30~34세","2025 년","7070","6840","230",
"독산1동","35~39세","2024 년","4493","4274","219",
"독산1동","35~39세","2025 년","4708","4469","239",
"독산1동","40~44세","2024 년","3867","3695","172",
"독산1동","40~44세","2025 년","3791","3599","192",
"독산1동","45~49세","2024 년","2989","2845","144",
"독산1동","45~49세","2025 년","3107","2954","153",
"독산1동","50~54세","2024 년","3391","3186","205",
"독산1동","50~54세","2025 년","3242","3032","210",
"독산1동","55~59세","2024 년","3341","3118","223",
"독산1동","55~59세","2025 년","3293","3062","231",
"독산1동","60~64세","2024 년","3380","3238","142",
"독산1동","60~64세","2025 년","3258","3116","142",
"독산1동","65~69세","2024 년","2602","2549","53",
"독산1동","65~69세","2025 년","2819","2744","75",
"독산1동","70~74세","2024 년","1684","1655","29",
"독산1동","70~74세","2025 년","1822","1791","31",
"독산1동","75~79세","2024 년","1262","1254","8",
"독산1동","75~79세","2025 년","1306","1297","9",
"독산1동","80~84세","2024 년","894","890","4",
"독산1동","80~84세","2025 년","932","928","4",
"독산1동","85~89세","2024 년","412","410","2",
"독산1동","85~89세","2025 년","427","426","1",
"독산1동","90~94세","2024 년","130","129","1",
"독산1동","90~94세","2025 년","150","149","1",
"독산1동","95~99세","2024 년","25","25","-",
"독산1동","95~99세","2025 년","33","32","1",
"독산1동","100세 이상","2024 년","4","3","1",
"독산1동","100세 이상","2025 년","4","3","1",
"독산2동","합계","2024 년","18793","17489","1304",
"독산2동","합계","2025 년","18494","17115","1379",
"독산2동","0~4세","2024 년","285","246","39",
"독산2동","0~4세","2025 년","246","214","32",
"독산2동","5~9세","2024 년","425","376","49",
"독산2동","5~9세","2025 년","386","332","54",
"독산2동","10~14세","2024 년","466","438","28",
"독산2동","10~14세","2025 년","445","413","32",
"독산2동","15~19세","2024 년","541","523","18",
"독산2동","15~19세","2025 년","512","485","27",
"독산2동","20~24세","2024 년","783","757","26",
"독산2동","20~24세","2025 년","707","670","37",
"독산2동","25~29세","2024 년","1495","1444","51",
"독산2동","25~29세","2025 년","1332","1273","59",
"독산2동","30~34세","2024 년","1534","1457","77",
"독산2동","30~34세","2025 년","1647","1560","87",
"독산2동","35~39세","2024 년","1159","1023","136",
"독산2동","35~39세","2025 년","1164","1016","148",
"독산2동","40~44세","2024 년","1158","1030","128",
"독산2동","40~44세","2025 년","1127","1000","127",
"독산2동","45~49세","2024 년","1181","1041","140",
"독산2동","45~49세","2025 년","1134","1008","126",
"독산2동","50~54세","2024 년","1645","1455","190",
"독산2동","50~54세","2025 년","1525","1333","192",
"독산2동","55~59세","2024 년","2022","1805","217",
"독산2동","55~59세","2025 년","1979","1750","229",
"독산2동","60~64세","2024 년","1940","1814","126",
"독산2동","60~64세","2025 년","1884","1752","132",
"독산2동","65~69세","2024 년","1570","1523","47",
"독산2동","65~69세","2025 년","1671","1612","59",
"독산2동","70~74세","2024 년","1065","1046","19",
"독산2동","70~74세","2025 년","1144","1122","22",
"독산2동","75~79세","2024 년","733","725","8",
"독산2동","75~79세","2025 년","769","760","9",
"독산2동","80~84세","2024 년","468","467","1",
"독산2동","80~84세","2025 년","495","492","3",
"독산2동","85~89세","2024 년","229","227","2",
"독산2동","85~89세","2025 년","224","223","1",
"독산2동","90~94세","2024 년","73","72","1",
"독산2동","90~94세","2025 년","81","79","2",
"독산2동","95~99세","2024 년","15","15","-",
"독산2동","95~99세","2025 년","17","17","-",
"독산2동","100세 이상","2024 년","6","5","1",
"독산2동","100세 이상","2025 년","5","4","1",
"독산3동","합계","2024 년","26288","22986","3302",
"독산3동","합계","2025 년","26033","22673","3360",
"독산3동","0~4세","2024 년","386","317","69",
"독산3동","0~4세","2025 년","345","290","55",
"독산3동","5~9세","2024 년","512","389","123",
"독산3동","5~9세","2025 년","435","326","109",
"독산3동","10~14세","2024 년","528","462","66",
"독산3동","10~14세","2025 년","522","451","71",
"독산3동","15~19세","2024 년","635","582","53",
"독산3동","15~19세","2025 년","632","564","68",
"독산3동","20~24세","2024 년","1081","1013","68",
"독산3동","20~24세","2025 년","1023","934","89",
"독산3동","25~29세","2024 년","2316","2208","108",
"독산3동","25~29세","2025 년","2143","2031","112",
"독산3동","30~34세","2024 년","2402","2222","180",
"독산3동","30~34세","2025 년","2402","2265","137",
"독산3동","35~39세","2024 년","1796","1472","324",
"독산3동","35~39세","2025 년","1835","1502","333",
"독산3동","40~44세","2024 년","1617","1323","294",
"독산3동","40~44세","2025 년","1619","1295","324",
"독산3동","45~49세","2024 년","1612","1302","310",
"독산3동","45~49세","2025 년","1580","1266","314",
"독산3동","50~54세","2024 년","2355","1863","492",
"독산3동","50~54세","2025 년","2166","1693","473",
"독산3동","55~59세","2024 년","2730","2142","588",
"독산3동","55~59세","2025 년","2685","2121","564",
"독산3동","60~64세","2024 년","2729","2344","385",
"독산3동","60~64세","2025 년","2648","2219","429",
"독산3동","65~69세","2024 년","2140","1996","144",
"독산3동","65~69세","2025 년","2303","2137","166",
"독산3동","70~74세","2024 년","1387","1317","70",
"독산3동","70~74세","2025 년","1484","1406","78",
"독산3동","75~79세","2024 년","940","928","12",
"독산3동","75~79세","2025 년","1019","998","21",
"독산3동","80~84세","2024 년","661","653","8",
"독산3동","80~84세","2025 년","670","665","5",
"독산3동","85~89세","2024 년","323","320","3",
"독산3동","85~89세","2025 년","363","356","7",
"독산3동","90~94세","2024 년","105","102","3",
"독산3동","90~94세","2025 년","118","115","3",
"독산3동","95~99세","2024 년","29","28","1",
"독산3동","95~99세","2025 년","38","37","1",
"독산3동","100세 이상","2024 년","4","3","1",
"독산3동","100세 이상","2025 년","3","2","1",
"독산4동","합계","2024 년","15840","14153","1687",
"독산4동","합계","2025 년","15474","13822","1652",
"독산4동","0~4세","2024 년","231","180","51",
"독산4동","0~4세","2025 년","196","156","40",
"독산4동","5~9세","2024 년","300","233","67",
"독산4동","5~9세","2025 년","292","230","62",
"독산4동","10~14세","2024 년","386","341","45",
"독산4동","10~14세","2025 년","338","300","38",
"독산4동","15~19세","2024 년","450","423","27",
"독산4동","15~19세","2025 년","444","412","32",
"독산4동","20~24세","2024 년","651","614","37",
"독산4동","20~24세","2025 년","591","548","43",
"독산4동","25~29세","2024 년","1150","1090","60",
"독산4동","25~29세","2025 년","1071","1008","63",
"독산4동","30~34세","2024 년","1287","1191","96",
"독산4동","30~34세","2025 년","1217","1142","75",
"독산4동","35~39세","2024 년","964","782","182",
"독산4동","35~39세","2025 년","981","809","172",
"독산4동","40~44세","2024 년","968","808","160",
"독산4동","40~44세","2025 년","909","739","170",
"독산4동","45~49세","2024 년","992","824","168",
"독산4동","45~49세","2025 년","941","783","158",
"독산4동","50~54세","2024 년","1431","1195","236",
"독산4동","50~54세","2025 년","1305","1093","212",
"독산4동","55~59세","2024 년","1846","1546","300",
"독산4동","55~59세","2025 년","1816","1522","294",
"독산4동","60~64세","2024 년","1752","1598","154",
"독산4동","60~64세","2025 년","1749","1573","176",
"독산4동","65~69세","2024 년","1311","1249","62",
"독산4동","65~69세","2025 년","1370","1296","74",
"독산4동","70~74세","2024 년","880","853","27",
"독산4동","70~74세","2025 년","924","898","26",
"독산4동","75~79세","2024 년","638","625","13",
"독산4동","75~79세","2025 년","679","665","14",
"독산4동","80~84세","2024 년","395","393","2",
"독산4동","80~84세","2025 년","417","414","3",
"독산4동","85~89세","2024 년","152","152","-",
"독산4동","85~89세","2025 년","172","172","-",
"독산4동","90~94세","2024 년","45","45","-",
"독산4동","90~94세","2025 년","54","54","-",
"독산4동","95~99세","2024 년","11","11","-",
"독산4동","95~99세","2025 년","8","8","-",
"독산4동","100세 이상","2024 년","-","-","-",
"독산4동","100세 이상","2025 년","-","-","-",
"시흥1동","합계","2024 년","33414","31714","1700",
"시흥1동","합계","2025 년","32971","31290","1681",
"시흥1동","0~4세","2024 년","573","528","45",
"시흥1동","0~4세","2025 년","561","529","32",
"시흥1동","5~9세","2024 년","784","727","57",
"시흥1동","5~9세","2025 년","683","628","55",
"시흥1동","10~14세","2024 년","952","917","35",
"시흥1동","10~14세","2025 년","905","863","42",
"시흥1동","15~19세","2024 년","1069","1051","18",
"시흥1동","15~19세","2025 년","1085","1062","23",
"시흥1동","20~24세","2024 년","1506","1461","45",
"시흥1동","20~24세","2025 년","1370","1331","39",
"시흥1동","25~29세","2024 년","2715","2642","73",
"시흥1동","25~29세","2025 년","2616","2544","72",
"시흥1동","30~34세","2024 년","2870","2763","107",
"시흥1동","30~34세","2025 년","2936","2827","109",
"시흥1동","35~39세","2024 년","2282","2116","166",
"시흥1동","35~39세","2025 년","2214","2042","172",
"시흥1동","40~44세","2024 년","2235","2058","177",
"시흥1동","40~44세","2025 년","2139","1972","167",
"시흥1동","45~49세","2024 년","2251","2103","148",
"시흥1동","45~49세","2025 년","2224","2059","165",
"시흥1동","50~54세","2024 년","2860","2632","228",
"시흥1동","50~54세","2025 년","2668","2472","196",
"시흥1동","55~59세","2024 년","3025","2724","301",
"시흥1동","55~59세","2025 년","3001","2750","251",
"시흥1동","60~64세","2024 년","3051","2887","164",
"시흥1동","60~64세","2025 년","3007","2816","191",
"시흥1동","65~69세","2024 년","2564","2465","99",
"시흥1동","65~69세","2025 년","2604","2494","110",
"시흥1동","70~74세","2024 년","1717","1687","30",
"시흥1동","70~74세","2025 년","1873","1824","49",
"시흥1동","75~79세","2024 년","1363","1358","5",
"시흥1동","75~79세","2025 년","1408","1403","5",
"시흥1동","80~84세","2024 년","937","937","-",
"시흥1동","80~84세","2025 년","981","980","1",
"시흥1동","85~89세","2024 년","455","454","1",
"시흥1동","85~89세","2025 년","473","472","1",
"시흥1동","90~94세","2024 년","171","170","1",
"시흥1동","90~94세","2025 년","186","185","1",
"시흥1동","95~99세","2024 년","28","28","-",
"시흥1동","95~99세","2025 년","31","31","-",
"시흥1동","100세 이상","2024 년","6","6","-",
"시흥1동","100세 이상","2025 년","6","6","-",
"시흥2동","합계","2024 년","20334","20221","113",
"시흥2동","합계","2025 년","20034","19912","122",
"시흥2동","0~4세","2024 년","461","460","1",
"시흥2동","0~4세","2025 년","421","420","1",
"시흥2동","5~9세","2024 년","667","667","-",
"시흥2동","5~9세","2025 년","598","597","1",
"시흥2동","10~14세","2024 년","920","917","3",
"시흥2동","10~14세","2025 년","861","857","4",
"시흥2동","15~19세","2024 년","982","975","7",
"시흥2동","15~19세","2025 년","1004","1001","3",
"시흥2동","20~24세","2024 년","989","988","1",
"시흥2동","20~24세","2025 년","900","897","3",
"시흥2동","25~29세","2024 년","1037","1028","9",
"시흥2동","25~29세","2025 년","1032","1024","8",
"시흥2동","30~34세","2024 년","1140","1133","7",
"시흥2동","30~34세","2025 년","1117","1106","11",
"시흥2동","35~39세","2024 년","1075","1062","13",
"시흥2동","35~39세","2025 년","1071","1055","16",
"시흥2동","40~44세","2024 년","1375","1361","14",
"시흥2동","40~44세","2025 년","1292","1275","17",
"시흥2동","45~49세","2024 년","1532","1514","18",
"시흥2동","45~49세","2025 년","1453","1440","13",
"시흥2동","50~54세","2024 년","1836","1815","21",
"시흥2동","50~54세","2025 년","1750","1728","22",
"시흥2동","55~59세","2024 년","1733","1721","12",
"시흥2동","55~59세","2025 년","1725","1709","16",
"시흥2동","60~64세","2024 년","1810","1807","3",
"시흥2동","60~64세","2025 년","1770","1768","2",
"시흥2동","65~69세","2024 년","1760","1757","3",
"시흥2동","65~69세","2025 년","1806","1803","3",
"시흥2동","70~74세","2024 년","1097","1097","-",
"시흥2동","70~74세","2025 년","1225","1224","1",
"시흥2동","75~79세","2024 년","870","870","-",
"시흥2동","75~79세","2025 년","918","918","-",
"시흥2동","80~84세","2024 년","619","618","1",
"시흥2동","80~84세","2025 년","618","617","1",
"시흥2동","85~89세","2024 년","317","317","-",
"시흥2동","85~89세","2025 년","348","348","-",
"시흥2동","90~94세","2024 년","94","94","-",
"시흥2동","90~94세","2025 년","101","101","-",
"시흥2동","95~99세","2024 년","15","15","-",
"시흥2동","95~99세","2025 년","20","20","-",
"시흥2동","100세 이상","2024 년","5","5","-",
"시흥2동","100세 이상","2025 년","4","4","-",
"시흥3동","합계","2024 년","10314","10154","160",
"시흥3동","합계","2025 년","10159","9981","178",
"시흥3동","0~4세","2024 년","133","131","2",
"시흥3동","0~4세","2025 년","133","131","2",
"시흥3동","5~9세","2024 년","236","231","5",
"시흥3동","5~9세","2025 년","193","185","8",
"시흥3동","10~14세","2024 년","290","287","3",
"시흥3동","10~14세","2025 년","291","286","5",
"시흥3동","15~19세","2024 년","304","304","-",
"시흥3동","15~19세","2025 년","292","291","1",
"시흥3동","20~24세","2024 년","444","438","6",
"시흥3동","20~24세","2025 년","391","384","7",
"시흥3동","25~29세","2024 년","718","702","16",
"시흥3동","25~29세","2025 년","714","691","23",
"시흥3동","30~34세","2024 년","744","720","24",
"시흥3동","30~34세","2025 년","733","714","19",
"시흥3동","35~39세","2024 년","615","596","19",
"시흥3동","35~39세","2025 년","600","581","19",
"시흥3동","40~44세","2024 년","607","592","15",
"시흥3동","40~44세","2025 년","581","561","20",
"시흥3동","45~49세","2024 년","638","631","7",
"시흥3동","45~49세","2025 년","625","614","11",
"시흥3동","50~54세","2024 년","891","873","18",
"시흥3동","50~54세","2025 년","846","832","14",
"시흥3동","55~59세","2024 년","959","942","17",
"시흥3동","55~59세","2025 년","930","910","20",
"시흥3동","60~64세","2024 년","1037","1021","16",
"시흥3동","60~64세","2025 년","1011","999","12",
"시흥3동","65~69세","2024 년","975","966","9",
"시흥3동","65~69세","2025 년","1019","1005","14",
"시흥3동","70~74세","2024 년","707","705","2",
"시흥3동","70~74세","2025 년","742","740","2",
"시흥3동","75~79세","2024 년","462","461","1",
"시흥3동","75~79세","2025 년","497","496","1",
"시흥3동","80~84세","2024 년","342","342","-",
"시흥3동","80~84세","2025 년","346","346","-",
"시흥3동","85~89세","2024 년","168","168","-",
"시흥3동","85~89세","2025 년","155","155","-",
"시흥3동","90~94세","2024 년","36","36","-",
"시흥3동","90~94세","2025 년","53","53","-",
"시흥3동","95~99세","2024 년","8","8","-",
"시흥3동","95~99세","2025 년","7","7","-",
"시흥3동","100세 이상","2024 년","-","-","-",
"시흥3동","100세 이상","2025 년","-","-","-",
"시흥4동","합계","2024 년","19442","18762","680",
"시흥4동","합계","2025 년","19060","18352","708",
"시흥4동","0~4세","2024 년","286","262","24",
"시흥4동","0~4세","2025 년","264","248","16",
"시흥4동","5~9세","2024 년","414","388","26",
"시흥4동","5~9세","2025 년","387","362","25",
"시흥4동","10~14세","2024 년","560","545","15",
"시흥4동","10~14세","2025 년","523","505","18",
"시흥4동","15~19세","2024 년","670","656","14",
"시흥4동","15~19세","2025 년","626","610","16",
"시흥4동","20~24세","2024 년","838","826","12",
"시흥4동","20~24세","2025 년","746","732","14",
"시흥4동","25~29세","2024 년","1239","1211","28",
"시흥4동","25~29세","2025 년","1163","1132","31",
"시흥4동","30~34세","2024 년","1317","1276","41",
"시흥4동","30~34세","2025 년","1302","1261","41",
"시흥4동","35~39세","2024 년","1076","1002","74",
"시흥4동","35~39세","2025 년","1023","952","71",
"시흥4동","40~44세","2024 년","1158","1084","74",
"시흥4동","40~44세","2025 년","1097","1012","85",
"시흥4동","45~49세","2024 년","1258","1193","65",
"시흥4동","45~49세","2025 년","1238","1172","66",
"시흥4동","50~54세","2024 년","1681","1607","74",
"시흥4동","50~54세","2025 년","1551","1480","71",
"시흥4동","55~59세","2024 년","1965","1868","97",
"시흥4동","55~59세","2025 년","1928","1828","100",
"시흥4동","60~64세","2024 년","2058","1985","73",
"시흥4동","60~64세","2025 년","2012","1927","85",
"시흥4동","65~69세","2024 년","1822","1781","41",
"시흥4동","65~69세","2025 년","1869","1831","38",
"시흥4동","70~74세","2024 년","1239","1219","20",
"시흥4동","70~74세","2025 년","1364","1339","25",
"시흥4동","75~79세","2024 년","895","893","2",
"시흥4동","75~79세","2025 년","939","933","6",
"시흥4동","80~84세","2024 년","574","574","-",
"시흥4동","80~84세","2025 년","601","601","-",
"시흥4동","85~89세","2024 년","292","292","-",
"시흥4동","85~89세","2025 년","312","312","-",
"시흥4동","90~94세","2024 년","86","86","-",
"시흥4동","90~94세","2025 년","98","98","-",
"시흥4동","95~99세","2024 년","10","10","-",
"시흥4동","95~99세","2025 년","15","15","-",
"시흥4동","100세 이상","2024 년","4","4","-",
"시흥4동","100세 이상","2025 년","2","2","-",
"시흥5동","합계","2024 년","18269","17650","619",
"시흥5동","합계","2025 년","17885","17266","619",
"시흥5동","0~4세","2024 년","283","267","16",
"시흥5동","0~4세","2025 년","278","265","13",
"시흥5동","5~9세","2024 년","376","351","25",
"시흥5동","5~9세","2025 년","330","310","20",
"시흥5동","10~14세","2024 년","506","482","24",
"시흥5동","10~14세","2025 년","490","465","25",
"시흥5동","15~19세","2024 년","616","603","13",
"시흥5동","15~19세","2025 년","575","557","18",
"시흥5동","20~24세","2024 년","801","794","7",
"시흥5동","20~24세","2025 년","746","729","17",
"시흥5동","25~29세","2024 년","1173","1152","21",
"시흥5동","25~29세","2025 년","1125","1102","23",
"시흥5동","30~34세","2024 년","1253","1213","40",
"시흥5동","30~34세","2025 년","1232","1197","35",
"시흥5동","35~39세","2024 년","935","858","77",
"시흥5동","35~39세","2025 년","926","845","81",
"시흥5동","40~44세","2024 년","1063","1005","58",
"시흥5동","40~44세","2025 년","988","925","63",
"시흥5동","45~49세","2024 년","1167","1103","64",
"시흥5동","45~49세","2025 년","1111","1052","59",
"시흥5동","50~54세","2024 년","1664","1588","76",
"시흥5동","50~54세","2025 년","1560","1496","64",
"시흥5동","55~59세","2024 년","1747","1644","103",
"시흥5동","55~59세","2025 년","1699","1600","99",
"시흥5동","60~64세","2024 년","1780","1725","55",
"시흥5동","60~64세","2025 년","1764","1709","55",
"시흥5동","65~69세","2024 년","1599","1575","24",
"시흥5동","65~69세","2025 년","1615","1584","31",
"시흥5동","70~74세","2024 년","1194","1180","14",
"시흥5동","70~74세","2025 년","1218","1206","12",
"시흥5동","75~79세","2024 년","945","945","-",
"시흥5동","75~79세","2025 년","999","997","2",
"시흥5동","80~84세","2024 년","670","669","1",
"시흥5동","80~84세","2025 년","708","708","-",
"시흥5동","85~89세","2024 년","362","361","1",
"시흥5동","85~89세","2025 년","365","363","2",
"시흥5동","90~94세","2024 년","114","114","-",
"시흥5동","90~94세","2025 년","132","132","-",
"시흥5동","95~99세","2024 년","17","17","-",
"시흥5동","95~99세","2025 년","22","22","-",
"시흥5동","100세 이상","2024 년","4","4","-",
"시흥5동","100세 이상","2025 년","2","2","-",
"영등포구","합계","2024 년","397173","373773","23400",
"영등포구","합계","2025 년","395248","371362","23886",
"영등포구","0~4세","2024 년","10305","9834","471",
"영등포구","0~4세","2025 년","10236","9854","382",
"영등포구","5~9세","2024 년","11674","10954","720",
"영등포구","5~9세","2025 년","10564","9879","685",
"영등포구","10~14세","2024 년","11641","11209","432",
"영등포구","10~14세","2025 년","11526","11039","487",
"영등포구","15~19세","2024 년","11814","11355","459",
"영등포구","15~19세","2025 년","11773","11280","493",
"영등포구","20~24세","2024 년","19261","18292","969",
"영등포구","20~24세","2025 년","17861","16678","1183",
"영등포구","25~29세","2024 년","38397","37086","1311",
"영등포구","25~29세","2025 년","37494","36070","1424",
"영등포구","30~34세","2024 년","43072","41507","1565",
"영등포구","30~34세","2025 년","43955","42454","1501",
"영등포구","35~39세","2024 년","33731","31376","2355",
"영등포구","35~39세","2025 년","34072","31711","2361",
"영등포구","40~44세","2024 년","30474","28352","2122",
"영등포구","40~44세","2025 년","29780","27551","2229",
"영등포구","45~49세","2024 년","26632","24481","2151",
"영등포구","45~49세","2025 년","26801","24616","2185",
"영등포구","50~54세","2024 년","31012","27995","3017",
"영등포구","50~54세","2025 년","29618","26896","2722",
"영등포구","55~59세","2024 년","30371","26751","3620",
"영등포구","55~59세","2025 년","30475","26912","3563",
"영등포구","60~64세","2024 년","28334","26013","2321",
"영등포구","60~64세","2025 년","27622","25108","2514",
"영등포구","65~69세","2024 년","24685","23433","1252",
"영등포구","65~69세","2025 년","25239","23858","1381",
"영등포구","70~74세","2024 년","16691","16273","418",
"영등포구","70~74세","2025 년","17937","17413","524",
"영등포구","75~79세","2024 년","12913","12808","105",
"영등포구","75~79세","2025 년","13524","13388","136",
"영등포구","80~84세","2024 년","9122","9080","42",
"영등포구","80~84세","2025 년","9264","9225","39",
"영등포구","85~89세","2024 년","5023","4988","35",
"영등포구","85~89세","2025 년","5205","5165","40",
"영등포구","90~94세","2024 년","1626","1609","17",
"영등포구","90~94세","2025 년","1865","1849","16",
"영등포구","95~99세","2024 년","329","317","12",
"영등포구","95~99세","2025 년","372","357","15",
"영등포구","100세 이상","2024 년","66","60","6",
"영등포구","100세 이상","2025 년","65","59","6",
"영등포본동","합계","2024 년","22306","20480","1826",
"영등포본동","합계","2025 년","22068","20288","1780",
"영등포본동","0~4세","2024 년","551","513","38",
"영등포본동","0~4세","2025 년","559","528","31",
"영등포본동","5~9세","2024 년","628","575","53",
"영등포본동","5~9세","2025 년","520","483","37",
"영등포본동","10~14세","2024 년","550","518","32",
"영등포본동","10~14세","2025 년","562","526","36",
"영등포본동","15~19세","2024 년","565","528","37",
"영등포본동","15~19세","2025 년","546","513","33",
"영등포본동","20~24세","2024 년","1047","977","70",
"영등포본동","20~24세","2025 년","938","848","90",
"영등포본동","25~29세","2024 년","1651","1574","77",
"영등포본동","25~29세","2025 년","1637","1555","82",
"영등포본동","30~34세","2024 년","1868","1754","114",
"영등포본동","30~34세","2025 년","1864","1775","89",
"영등포본동","35~39세","2024 년","1698","1517","181",
"영등포본동","35~39세","2025 년","1677","1525","152",
"영등포본동","40~44세","2024 년","1626","1468","158",
"영등포본동","40~44세","2025 년","1539","1383","156",
"영등포본동","45~49세","2024 년","1428","1294","134",
"영등포본동","45~49세","2025 년","1407","1264","143",
"영등포본동","50~54세","2024 년","1874","1643","231",
"영등포본동","50~54세","2025 년","1767","1559","208",
"영등포본동","55~59세","2024 년","2081","1760","321",
"영등포본동","55~59세","2025 년","2116","1809","307",
"영등포본동","60~64세","2024 년","1979","1769","210",
"영등포본동","60~64세","2025 년","1950","1729","221",
"영등포본동","65~69세","2024 년","1759","1637","122",
"영등포본동","65~69세","2025 년","1774","1643","131",
"영등포본동","70~74세","2024 년","1143","1108","35",
"영등포본동","70~74세","2025 년","1258","1207","51",
"영등포본동","75~79세","2024 년","834","828","6",
"영등포본동","75~79세","2025 년","894","889","5",
"영등포본동","80~84세","2024 년","591","588","3",
"영등포본동","80~84세","2025 년","610","607","3",
"영등포본동","85~89세","2024 년","320","317","3",
"영등포본동","85~89세","2025 년","320","316","4",
"영등포본동","90~94세","2024 년","92","91","1",
"영등포본동","90~94세","2025 년","105","104","1",
"영등포본동","95~99세","2024 년","17","17","-",
"영등포본동","95~99세","2025 년","23","23","-",
"영등포본동","100세 이상","2024 년","4","4","-",
"영등포본동","100세 이상","2025 년","2","2","-",
"영등포동","합계","2024 년","32136","31272","864",
"영등포동","합계","2025 년","32124","31162","962",
"영등포동","0~4세","2024 년","558","552","6",
"영등포동","0~4세","2025 년","532","524","8",
"영등포동","5~9세","2024 년","475","463","12",
"영등포동","5~9세","2025 년","427","419","8",
"영등포동","10~14세","2024 년","402","393","9",
"영등포동","10~14세","2025 년","416","404","12",
"영등포동","15~19세","2024 년","438","422","16",
"영등포동","15~19세","2025 년","427","404","23",
"영등포동","20~24세","2024 년","1829","1686","143",
"영등포동","20~24세","2025 년","1597","1432","165",
"영등포동","25~29세","2024 년","6475","6283","192",
"영등포동","25~29세","2025 년","6193","5963","230",
"영등포동","30~34세","2024 년","6156","6044","112",
"영등포동","30~34세","2025 년","6517","6381","136",
"영등포동","35~39세","2024 년","3309","3221","88",
"영등포동","35~39세","2025 년","3438","3341","97",
"영등포동","40~44세","2024 년","2170","2101","69",
"영등포동","40~44세","2025 년","2152","2090","62",
"영등포동","45~49세","2024 년","1562","1516","46",
"영등포동","45~49세","2025 년","1649","1609","40",
"영등포동","50~54세","2024 년","1725","1687","38",
"영등포동","50~54세","2025 년","1673","1635","38",
"영등포동","55~59세","2024 년","1681","1644","37",
"영등포동","55~59세","2025 년","1664","1621","43",
"영등포동","60~64세","2024 년","1582","1536","46",
"영등포동","60~64세","2025 년","1550","1504","46",
"영등포동","65~69세","2024 년","1423","1407","16",
"영등포동","65~69세","2025 년","1441","1418","23",
"영등포동","70~74세","2024 년","943","917","26",
"영등포동","70~74세","2025 년","1004","988","16",
"영등포동","75~79세","2024 년","620","616","4",
"영등포동","75~79세","2025 년","638","627","11",
"영등포동","80~84세","2024 년","437","434","3",
"영등포동","80~84세","2025 년","446","444","2",
"영등포동","85~89세","2024 년","226","226","-",
"영등포동","85~89세","2025 년","220","219","1",
"영등포동","90~94세","2024 년","92","92","-",
"영등포동","90~94세","2025 년","106","106","-",
"영등포동","95~99세","2024 년","29","29","-",
"영등포동","95~99세","2025 년","29","29","-",
"영등포동","100세 이상","2024 년","4","3","1",
"영등포동","100세 이상","2025 년","5","4","1",
"여의동","합계","2024 년","34282","33905","377",
"여의동","합계","2025 년","34490","34066","424",
"여의동","0~4세","2024 년","977","961","16",
"여의동","0~4세","2025 년","1036","1023","13",
"여의동","5~9세","2024 년","1345","1324","21",
"여의동","5~9세","2025 년","1285","1265","20",
"여의동","10~14세","2024 년","1555","1536","19",
"여의동","10~14세","2025 년","1487","1471","16",
"여의동","15~19세","2024 년","1411","1400","11",
"여의동","15~19세","2025 년","1448","1428","20",
"여의동","20~24세","2024 년","1586","1572","14",
"여의동","20~24세","2025 년","1529","1512","17",
"여의동","25~29세","2024 년","2047","2020","27",
"여의동","25~29세","2025 년","2036","2012","24",
"여의동","30~34세","2024 년","2642","2607","35",
"여의동","30~34세","2025 년","2616","2572","44",
"여의동","35~39세","2024 년","2539","2477","62",
"여의동","35~39세","2025 년","2595","2531","64",
"여의동","40~44세","2024 년","2851","2810","41",
"여의동","40~44세","2025 년","2860","2800","60",
"여의동","45~49세","2024 년","2607","2577","30",
"여의동","45~49세","2025 년","2637","2595","42",
"여의동","50~54세","2024 년","2829","2796","33",
"여의동","50~54세","2025 년","2764","2737","27",
"여의동","55~59세","2024 년","2621","2604","17",
"여의동","55~59세","2025 년","2762","2734","28",
"여의동","60~64세","2024 년","2414","2393","21",
"여의동","60~64세","2025 년","2393","2377","16",
"여의동","65~69세","2024 년","2099","2089","10",
"여의동","65~69세","2025 년","2120","2104","16",
"여의동","70~74세","2024 년","1502","1494","8",
"여의동","70~74세","2025 년","1614","1607","7",
"여의동","75~79세","2024 년","1313","1306","7",
"여의동","75~79세","2025 년","1301","1296","5",
"여의동","80~84세","2024 년","966","963","3",
"여의동","80~84세","2025 년","972","970","2",
"여의동","85~89세","2024 년","672","671","1",
"여의동","85~89세","2025 년","687","686","1",
"여의동","90~94세","2024 년","246","246","-",
"여의동","90~94세","2025 년","286","285","1",
"여의동","95~99세","2024 년","49","49","-",
"여의동","95~99세","2025 년","53","53","-",
"여의동","100세 이상","2024 년","11","10","1",
"여의동","100세 이상","2025 년","9","8","1",
"당산1동","합계","2024 년","21631","21187","444",
"당산1동","합계","2025 년","21500","21052","448",
"당산1동","0~4세","2024 년","538","532","6",
"당산1동","0~4세","2025 년","542","538","4",
"당산1동","5~9세","2024 년","420","409","11",
"당산1동","5~9세","2025 년","385","377","8",
"당산1동","10~14세","2024 년","441","436","5",
"당산1동","10~14세","2025 년","419","414","5",
"당산1동","15~19세","2024 년","470","462","8",
"당산1동","15~19세","2025 년","472","461","11",
"당산1동","20~24세","2024 년","1063","1025","38",
"당산1동","20~24세","2025 년","993","940","53",
"당산1동","25~29세","2024 년","2590","2511","79",
"당산1동","25~29세","2025 년","2549","2479","70",
"당산1동","30~34세","2024 년","3248","3189","59",
"당산1동","30~34세","2025 년","3323","3252","71",
"당산1동","35~39세","2024 년","2055","2006","49",
"당산1동","35~39세","2025 년","2125","2085","40",
"당산1동","40~44세","2024 년","1548","1500","48",
"당산1동","40~44세","2025 년","1496","1443","53",
"당산1동","45~49세","2024 년","1258","1234","24",
"당산1동","45~49세","2025 년","1294","1266","28",
"당산1동","50~54세","2024 년","1445","1411","34",
"당산1동","50~54세","2025 년","1365","1339","26",
"당산1동","55~59세","2024 년","1412","1381","31",
"당산1동","55~59세","2025 년","1377","1350","27",
"당산1동","60~64세","2024 년","1356","1335","21",
"당산1동","60~64세","2025 년","1302","1280","22",
"당산1동","65~69세","2024 년","1330","1315","15",
"당산1동","65~69세","2025 년","1313","1302","11",
"당산1동","70~74세","2024 년","911","900","11",
"당산1동","70~74세","2025 년","939","928","11",
"당산1동","75~79세","2024 년","690","687","3",
"당산1동","75~79세","2025 년","722","717","5",
"당산1동","80~84세","2024 년","478","478","-",
"당산1동","80~84세","2025 년","491","490","1",
"당산1동","85~89세","2024 년","266","264","2",
"당산1동","85~89세","2025 년","266","264","2",
"당산1동","90~94세","2024 년","94","94","-",
"당산1동","90~94세","2025 년","109","109","-",
"당산1동","95~99세","2024 년","18","18","-",
"당산1동","95~99세","2025 년","18","18","-",
"당산1동","100세 이상","2024 년","-","-","-",
"당산1동","100세 이상","2025 년","-","-","-",
"당산2동","합계","2024 년","36863","36425","438",
"당산2동","합계","2025 년","36735","36289","446",
"당산2동","0~4세","2024 년","1050","1045","5",
"당산2동","0~4세","2025 년","1041","1037","4",
"당산2동","5~9세","2024 년","1203","1198","5",
"당산2동","5~9세","2025 년","1155","1150","5",
"당산2동","10~14세","2024 년","1143","1140","3",
"당산2동","10~14세","2025 년","1157","1155","2",
"당산2동","15~19세","2024 년","1131","1118","13",
"당산2동","15~19세","2025 년","1120","1107","13",
"당산2동","20~24세","2024 년","2012","1949","63",
"당산2동","20~24세","2025 년","1908","1846","62",
"당산2동","25~29세","2024 년","4614","4513","101",
"당산2동","25~29세","2025 년","4469","4359","110",
"당산2동","30~34세","2024 년","4896","4831","65",
"당산2동","30~34세","2025 년","4977","4907","70",
"당산2동","35~39세","2024 년","3502","3462","40",
"당산2동","35~39세","2025 년","3519","3476","43",
"당산2동","40~44세","2024 년","2928","2906","22",
"당산2동","40~44세","2025 년","2916","2890","26",
"당산2동","45~49세","2024 년","2335","2311","24",
"당산2동","45~49세","2025 년","2346","2327","19",
"당산2동","50~54세","2024 년","2428","2408","20",
"당산2동","50~54세","2025 년","2366","2346","20",
"당산2동","55~59세","2024 년","2274","2239","35",
"당산2동","55~59세","2025 년","2295","2272","23",
"당산2동","60~64세","2024 년","2100","2080","20",
"당산2동","60~64세","2025 년","2035","2009","26",
"당산2동","65~69세","2024 년","1828","1817","11",
"당산2동","65~69세","2025 년","1853","1842","11",
"당산2동","70~74세","2024 년","1263","1258","5",
"당산2동","70~74세","2025 년","1362","1356","6",
"당산2동","75~79세","2024 년","964","960","4",
"당산2동","75~79세","2025 년","1009","1005","4",
"당산2동","80~84세","2024 년","648","646","2",
"당산2동","80~84세","2025 년","644","643","1",
"당산2동","85~89세","2024 년","396","396","-",
"당산2동","85~89세","2025 년","390","389","1",
"당산2동","90~94세","2024 년","118","118","-",
"당산2동","90~94세","2025 년","136","136","-",
"당산2동","95~99세","2024 년","23","23","-",
"당산2동","95~99세","2025 년","30","30","-",
"당산2동","100세 이상","2024 년","7","7","-",
"당산2동","100세 이상","2025 년","7","7","-",
"도림동","합계","2024 년","19611","17624","1987",
"도림동","합계","2025 년","19572","17605","1967",
"도림동","0~4세","2024 년","444","399","45",
"도림동","0~4세","2025 년","409","382","27",
"도림동","5~9세","2024 년","425","355","70",
"도림동","5~9세","2025 년","368","303","65",
"도림동","10~14세","2024 년","414","383","31",
"도림동","10~14세","2025 년","420","383","37",
"도림동","15~19세","2024 년","446","398","48",
"도림동","15~19세","2025 년","439","393","46",
"도림동","20~24세","2024 년","925","834","91",
"도림동","20~24세","2025 년","891","782","109",
"도림동","25~29세","2024 년","1770","1683","87",
"도림동","25~29세","2025 년","1808","1705","103",
"도림동","30~34세","2024 년","2106","1988","118",
"도림동","30~34세","2025 년","2075","1991","84",
"도림동","35~39세","2024 년","1619","1433","186",
"도림동","35~39세","2025 년","1662","1466","196",
"도림동","40~44세","2024 년","1418","1248","170",
"도림동","40~44세","2025 년","1368","1200","168",
"도림동","45~49세","2024 년","1266","1084","182",
"도림동","45~49세","2025 년","1255","1074","181",
"도림동","50~54세","2024 년","1686","1473","213",
"도림동","50~54세","2025 년","1613","1413","200",
"도림동","55~59세","2024 년","1692","1369","323",
"도림동","55~59세","2025 년","1670","1377","293",
"도림동","60~64세","2024 년","1631","1392","239",
"도림동","60~64세","2025 년","1624","1386","238",
"도림동","65~69세","2024 년","1309","1184","125",
"도림동","65~69세","2025 년","1402","1255","147",
"도림동","70~74세","2024 년","896","858","38",
"도림동","70~74세","2025 년","944","895","49",
"도림동","75~79세","2024 년","675","668","7",
"도림동","75~79세","2025 년","717","707","10",
"도림동","80~84세","2024 년","518","513","5",
"도림동","80~84세","2025 년","515","512","3",
"도림동","85~89세","2024 년","279","276","3",
"도림동","85~89세","2025 년","283","278","5",
"도림동","90~94세","2024 년","71","70","1",
"도림동","90~94세","2025 년","84","83","1",
"도림동","95~99세","2024 년","17","12","5",
"도림동","95~99세","2025 년","21","16","5",
"도림동","100세 이상","2024 년","4","4","-",
"도림동","100세 이상","2025 년","4","4","-",
"문래동","합계","2024 년","31737","31512","225",
"문래동","합계","2025 년","31483","31258","225",
"문래동","0~4세","2024 년","1150","1147","3",
"문래동","0~4세","2025 년","1140","1135","5",
"문래동","5~9세","2024 년","1495","1487","8",
"문래동","5~9세","2025 년","1375","1368","7",
"문래동","10~14세","2024 년","1559","1554","5",
"문래동","10~14세","2025 년","1540","1533","7",
"문래동","15~19세","2024 년","1434","1428","6",
"문래동","15~19세","2025 년","1395","1391","4",
"문래동","20~24세","2024 년","1445","1434","11",
"문래동","20~24세","2025 년","1418","1401","17",
"문래동","25~29세","2024 년","1925","1904","21",
"문래동","25~29세","2025 년","1879","1863","16",
"문래동","30~34세","2024 년","2662","2631","31",
"문래동","30~34세","2025 년","2649","2617","32",
"문래동","35~39세","2024 년","2869","2834","35",
"문래동","35~39세","2025 년","2799","2771","28",
"문래동","40~44세","2024 년","3097","3067","30",
"문래동","40~44세","2025 년","3023","2988","35",
"문래동","45~49세","2024 년","2735","2716","19",
"문래동","45~49세","2025 년","2735","2720","15",
"문래동","50~54세","2024 년","2518","2503","15",
"문래동","50~54세","2025 년","2523","2512","11",
"문래동","55~59세","2024 년","2011","1998","13",
"문래동","55~59세","2025 년","2065","2053","12",
"문래동","60~64세","2024 년","1735","1726","9",
"문래동","60~64세","2025 년","1697","1681","16",
"문래동","65~69세","2024 년","1677","1671","6",
"문래동","65~69세","2025 년","1635","1629","6",
"문래동","70~74세","2024 년","1280","1273","7",
"문래동","70~74세","2025 년","1327","1322","5",
"문래동","75~79세","2024 년","937","937","-",
"문래동","75~79세","2025 년","1003","1000","3",
"문래동","80~84세","2024 년","673","672","1",
"문래동","80~84세","2025 년","691","690","1",
"문래동","85~89세","2024 년","370","367","3",
"문래동","85~89세","2025 년","405","402","3",
"문래동","90~94세","2024 년","129","129","-",
"문래동","90~94세","2025 년","141","141","-",
"문래동","95~99세","2024 년","30","29","1",
"문래동","95~99세","2025 년","37","36","1",
"문래동","100세 이상","2024 년","6","5","1",
"문래동","100세 이상","2025 년","6","5","1",
"양평1동","합계","2024 년","18496","18202","294",
"양평1동","합계","2025 년","18497","18215","282",
"양평1동","0~4세","2024 년","583","581","2",
"양평1동","0~4세","2025 년","581","580","1",
"양평1동","5~9세","2024 년","512","508","4",
"양평1동","5~9세","2025 년","474","471","3",
"양평1동","10~14세","2024 년","511","507","4",
"양평1동","10~14세","2025 년","507","505","2",
"양평1동","15~19세","2024 년","499","493","6",
"양평1동","15~19세","2025 년","517","511","6",
"양평1동","20~24세","2024 년","898","865","33",
"양평1동","20~24세","2025 년","797","771","26",
"양평1동","25~29세","2024 년","2153","2104","49",
"양평1동","25~29세","2025 년","2131","2079","52",
"양평1동","30~34세","2024 년","2566","2517","49",
"양평1동","30~34세","2025 년","2693","2650","43",
"양평1동","35~39세","2024 년","2083","2049","34",
"양평1동","35~39세","2025 년","2043","2010","33",
"양평1동","40~44세","2024 년","1576","1549","27",
"양평1동","40~44세","2025 년","1575","1550","25",
"양평1동","45~49세","2024 년","1365","1338","27",
"양평1동","45~49세","2025 년","1371","1346","25",
"양평1동","50~54세","2024 년","1238","1223","15",
"양평1동","50~54세","2025 년","1248","1231","17",
"양평1동","55~59세","2024 년","1002","987","15",
"양평1동","55~59세","2025 년","1030","1016","14",
"양평1동","60~64세","2024 년","922","911","11",
"양평1동","60~64세","2025 년","857","843","14",
"양평1동","65~69세","2024 년","819","810","9",
"양평1동","65~69세","2025 년","860","853","7",
"양평1동","70~74세","2024 년","632","631","1",
"양평1동","70~74세","2025 년","644","638","6",
"양평1동","75~79세","2024 년","501","497","4",
"양평1동","75~79세","2025 년","514","510","4",
"양평1동","80~84세","2024 년","371","369","2",
"양평1동","80~84세","2025 년","375","373","2",
"양평1동","85~89세","2024 년","202","201","1",
"양평1동","85~89세","2025 년","208","207","1",
"양평1동","90~94세","2024 년","50","49","1",
"양평1동","90~94세","2025 년","63","62","1",
"양평1동","95~99세","2024 년","12","12","-",
"양평1동","95~99세","2025 년","7","7","-",
"양평1동","100세 이상","2024 년","1","1","-",
"양평1동","100세 이상","2025 년","2","2","-",
"양평2동","합계","2024 년","22938","22712","226",
"양평2동","합계","2025 년","22782","22502","280",
"양평2동","0~4세","2024 년","772","768","4",
"양평2동","0~4세","2025 년","759","758","1",
"양평2동","5~9세","2024 년","653","648","5",
"양평2동","5~9세","2025 년","611","608","3",
"양평2동","10~14세","2024 년","639","638","1",
"양평2동","10~14세","2025 년","636","635","1",
"양평2동","15~19세","2024 년","696","696","-",
"양평2동","15~19세","2025 년","689","687","2",
"양평2동","20~24세","2024 년","1248","1220","28",
"양평2동","20~24세","2025 년","1132","1082","50",
"양평2동","25~29세","2024 년","2553","2505","48",
"양평2동","25~29세","2025 년","2407","2349","58",
"양평2동","30~34세","2024 년","3245","3207","38",
"양평2동","30~34세","2025 년","3297","3243","54",
"양평2동","35~39세","2024 년","2465","2431","34",
"양평2동","35~39세","2025 년","2470","2437","33",
"양평2동","40~44세","2024 년","1849","1836","13",
"양평2동","40~44세","2025 년","1898","1878","20",
"양평2동","45~49세","2024 년","1466","1456","10",
"양평2동","45~49세","2025 년","1482","1471","11",
"양평2동","50~54세","2024 년","1599","1587","12",
"양평2동","50~54세","2025 년","1506","1498","8",
"양평2동","55~59세","2024 년","1487","1481","6",
"양평2동","55~59세","2025 년","1478","1465","13",
"양평2동","60~64세","2024 년","1303","1290","13",
"양평2동","60~64세","2025 년","1258","1247","11",
"양평2동","65~69세","2024 년","1113","1107","6",
"양평2동","65~69세","2025 년","1156","1148","8",
"양평2동","70~74세","2024 년","665","663","2",
"양평2동","70~74세","2025 년","750","747","3",
"양평2동","75~79세","2024 년","529","526","3",
"양평2동","75~79세","2025 년","562","559","3",
"양평2동","80~84세","2024 년","375","374","1",
"양평2동","80~84세","2025 년","383","383","-",
"양평2동","85~89세","2024 년","203","201","2",
"양평2동","85~89세","2025 년","217","216","1",
"양평2동","90~94세","2024 년","68","68","-",
"양평2동","90~94세","2025 년","77","77","-",
"양평2동","95~99세","2024 년","8","8","-",
"양평2동","95~99세","2025 년","13","13","-",
"양평2동","100세 이상","2024 년","2","2","-",
"양평2동","100세 이상","2025 년","1","1","-",
"신길1동","합계","2024 년","20420","19089","1331",
"신길1동","합계","2025 년","20279","18947","1332",
"신길1동","0~4세","2024 년","318","283","35",
"신길1동","0~4세","2025 년","309","283","26",
"신길1동","5~9세","2024 년","384","354","30",
"신길1동","5~9세","2025 년","350","314","36",
"신길1동","10~14세","2024 년","387","368","19",
"신길1동","10~14세","2025 년","376","352","24",
"신길1동","15~19세","2024 년","511","483","28",
"신길1동","15~19세","2025 년","496","465","31",
"신길1동","20~24세","2024 년","1104","1049","55",
"신길1동","20~24세","2025 년","1029","950","79",
"신길1동","25~29세","2024 년","2471","2388","83",
"신길1동","25~29세","2025 년","2421","2314","107",
"신길1동","30~34세","2024 년","2299","2221","78",
"신길1동","30~34세","2025 년","2393","2322","71",
"신길1동","35~39세","2024 년","1512","1412","100",
"신길1동","35~39세","2025 년","1552","1454","98",
"신길1동","40~44세","2024 년","1309","1188","121",
"신길1동","40~44세","2025 년","1271","1151","120",
"신길1동","45~49세","2024 년","1280","1169","111",
"신길1동","45~49세","2025 년","1276","1164","112",
"신길1동","50~54세","2024 년","1655","1481","174",
"신길1동","50~54세","2025 년","1568","1417","151",
"신길1동","55~59세","2024 년","1638","1417","221",
"신길1동","55~59세","2025 년","1606","1413","193",
"신길1동","60~64세","2024 년","1592","1441","151",
"신길1동","60~64세","2025 년","1512","1364","148",
"신길1동","65~69세","2024 년","1365","1279","86",
"신길1동","65~69세","2025 년","1412","1325","87",
"신길1동","70~74세","2024 년","853","829","24",
"신길1동","70~74세","2025 년","935","902","33",
"신길1동","75~79세","2024 년","755","745","10",
"신길1동","75~79세","2025 년","779","767","12",
"신길1동","80~84세","2024 년","551","550","1",
"신길1동","80~84세","2025 년","546","545","1",
"신길1동","85~89세","2024 년","302","299","3",
"신길1동","85~89세","2025 년","312","310","2",
"신길1동","90~94세","2024 년","110","109","1",
"신길1동","90~94세","2025 년","112","111","1",
"신길1동","95~99세","2024 년","21","21","-",
"신길1동","95~99세","2025 년","22","22","-",
"신길1동","100세 이상","2024 년","3","3","-",
"신길1동","100세 이상","2025 년","2","2","-",
"신길3동","합계","2024 년","16901","15950","951",
"신길3동","합계","2025 년","16997","16010","987",
"신길3동","0~4세","2024 년","430","405","25",
"신길3동","0~4세","2025 년","447","424","23",
"신길3동","5~9세","2024 년","575","546","29",
"신길3동","5~9세","2025 년","493","459","34",
"신길3동","10~14세","2024 년","547","521","26",
"신길3동","10~14세","2025 년","552","525","27",
"신길3동","15~19세","2024 년","532","510","22",
"신길3동","15~19세","2025 년","522","497","25",
"신길3동","20~24세","2024 년","707","679","28",
"신길3동","20~24세","2025 년","651","626","25",
"신길3동","25~29세","2024 년","1173","1137","36",
"신길3동","25~29세","2025 년","1160","1119","41",
"신길3동","30~34세","2024 년","1383","1324","59",
"신길3동","30~34세","2025 년","1468","1416","52",
"신길3동","35~39세","2024 년","1168","1089","79",
"신길3동","35~39세","2025 년","1235","1144","91",
"신길3동","40~44세","2024 년","1284","1200","84",
"신길3동","40~44세","2025 년","1246","1153","93",
"신길3동","45~49세","2024 년","1157","1059","98",
"신길3동","45~49세","2025 년","1178","1087","91",
"신길3동","50~54세","2024 년","1399","1267","132",
"신길3동","50~54세","2025 년","1326","1211","115",
"신길3동","55~59세","2024 년","1509","1353","156",
"신길3동","55~59세","2025 년","1486","1326","160",
"신길3동","60~64세","2024 년","1437","1339","98",
"신길3동","60~64세","2025 년","1430","1315","115",
"신길3동","65~69세","2024 년","1336","1277","59",
"신길3동","65~69세","2025 년","1351","1282","69",
"신길3동","70~74세","2024 년","847","834","13",
"신길3동","70~74세","2025 년","940","922","18",
"신길3동","75~79세","2024 년","643","639","4",
"신길3동","75~79세","2025 년","685","683","2",
"신길3동","80~84세","2024 년","491","490","1",
"신길3동","80~84세","2025 년","503","500","3",
"신길3동","85~89세","2024 년","205","203","2",
"신길3동","85~89세","2025 년","233","230","3",
"신길3동","90~94세","2024 년","61","61","-",
"신길3동","90~94세","2025 년","75","75","-",
"신길3동","95~99세","2024 년","12","12","-",
"신길3동","95~99세","2025 년","11","11","-",
"신길3동","100세 이상","2024 년","5","5","-",
"신길3동","100세 이상","2025 년","5","5","-",
"신길4동","합계","2024 년","12609","11931","678",
"신길4동","합계","2025 년","12471","11828","643",
"신길4동","0~4세","2024 년","324","308","16",
"신길4동","0~4세","2025 년","326","313","13",
"신길4동","5~9세","2024 년","411","383","28",
"신길4동","5~9세","2025 년","339","319","20",
"신길4동","10~14세","2024 년","406","390","16",
"신길4동","10~14세","2025 년","384","368","16",
"신길4동","15~19세","2024 년","404","386","18",
"신길4동","15~19세","2025 년","423","406","17",
"신길4동","20~24세","2024 년","528","504","24",
"신길4동","20~24세","2025 년","491","454","37",
"신길4동","25~29세","2024 년","814","801","13",
"신길4동","25~29세","2025 년","816","797","19",
"신길4동","30~34세","2024 년","972","937","35",
"신길4동","30~34세","2025 년","991","954","37",
"신길4동","35~39세","2024 년","928","855","73",
"신길4동","35~39세","2025 년","926","867","59",
"신길4동","40~44세","2024 년","950","894","56",
"신길4동","40~44세","2025 년","880","832","48",
"신길4동","45~49세","2024 년","912","853","59",
"신길4동","45~49세","2025 년","912","855","57",
"신길4동","50~54세","2024 년","1056","966","90",
"신길4동","50~54세","2025 년","1033","952","81",
"신길4동","55~59세","2024 년","1100","982","118",
"신길4동","55~59세","2025 년","1029","937","92",
"신길4동","60~64세","2024 년","1096","1028","68",
"신길4동","60~64세","2025 년","1075","998","77",
"신길4동","65~69세","2024 년","1014","978","36",
"신길4동","65~69세","2025 년","1030","992","38",
"신길4동","70~74세","2024 년","610","592","18",
"신길4동","70~74세","2025 년","694","672","22",
"신길4동","75~79세","2024 년","509","506","3",
"신길4동","75~79세","2025 년","522","519","3",
"신길4동","80~84세","2024 년","335","330","5",
"신길4동","80~84세","2025 년","340","336","4",
"신길4동","85~89세","2024 년","169","168","1",
"신길4동","85~89세","2025 년","185","183","2",
"신길4동","90~94세","2024 년","55","54","1",
"신길4동","90~94세","2025 년","58","58","-",
"신길4동","95~99세","2024 년","13","13","-",
"신길4동","95~99세","2025 년","13","12","1",
"신길4동","100세 이상","2024 년","3","3","-",
"신길4동","100세 이상","2025 년","4","4","-",
"신길5동","합계","2024 년","10639","9638","1001",
"신길5동","합계","2025 년","10575","9547","1028",
"신길5동","0~4세","2024 년","266","253","13",
"신길5동","0~4세","2025 년","264","252","12",
"신길5동","5~9세","2024 년","382","347","35",
"신길5동","5~9세","2025 년","332","300","32",
"신길5동","10~14세","2024 년","363","348","15",
"신길5동","10~14세","2025 년","365","344","21",
"신길5동","15~19세","2024 년","386","363","23",
"신길5동","15~19세","2025 년","409","388","21",
"신길5동","20~24세","2024 년","426","406","20",
"신길5동","20~24세","2025 년","398","373","25",
"신길5동","25~29세","2024 년","613","575","38",
"신길5동","25~29세","2025 년","594","550","44",
"신길5동","30~34세","2024 년","729","684","45",
"신길5동","30~34세","2025 년","739","683","56",
"신길5동","35~39세","2024 년","678","593","85",
"신길5동","35~39세","2025 년","688","605","83",
"신길5동","40~44세","2024 년","846","751","95",
"신길5동","40~44세","2025 년","778","691","87",
"신길5동","45~49세","2024 년","760","666","94",
"신길5동","45~49세","2025 년","804","699","105",
"신길5동","50~54세","2024 년","943","795","148",
"신길5동","50~54세","2025 년","892","761","131",
"신길5동","55~59세","2024 년","978","803","175",
"신길5동","55~59세","2025 년","950","780","170",
"신길5동","60~64세","2024 년","954","837","117",
"신길5동","60~64세","2025 년","918","791","127",
"신길5동","65~69세","2024 년","854","786","68",
"신길5동","65~69세","2025 년","873","792","81",
"신길5동","70~74세","2024 년","580","563","17",
"신길5동","70~74세","2025 년","630","613","17",
"신길5동","75~79세","2024 년","406","402","4",
"신길5동","75~79세","2025 년","438","431","7",
"신길5동","80~84세","2024 년","279","278","1",
"신길5동","80~84세","2025 년","295","294","1",
"신길5동","85~89세","2024 년","139","135","4",
"신길5동","85~89세","2025 년","153","149","4",
"신길5동","90~94세","2024 년","47","44","3",
"신길5동","90~94세","2025 년","40","38","2",
"신길5동","95~99세","2024 년","10","9","1",
"신길5동","95~99세","2025 년","15","13","2",
"신길5동","100세 이상","2024 년","-","-","-",
"신길5동","100세 이상","2025 년","-","-","-",
"신길6동","합계","2024 년","18597","17921","676",
"신길6동","합계","2025 년","18475","17754","721",
"신길6동","0~4세","2024 년","455","442","13",
"신길6동","0~4세","2025 년","429","418","11",
"신길6동","5~9세","2024 년","434","414","20",
"신길6동","5~9세","2025 년","371","352","19",
"신길6동","10~14세","2024 년","468","460","8",
"신길6동","10~14세","2025 년","452","442","10",
"신길6동","15~19세","2024 년","575","558","17",
"신길6동","15~19세","2025 년","563","551","12",
"신길6동","20~24세","2024 년","970","935","35",
"신길6동","20~24세","2025 년","896","837","59",
"신길6동","25~29세","2024 년","2026","1975","51",
"신길6동","25~29세","2025 년","2008","1941","67",
"신길6동","30~34세","2024 년","2064","2016","48",
"신길6동","30~34세","2025 년","2175","2124","51",
"신길6동","35~39세","2024 년","1395","1334","61",
"신길6동","35~39세","2025 년","1384","1327","57",
"신길6동","40~44세","2024 년","1211","1158","53",
"신길6동","40~44세","2025 년","1150","1090","60",
"신길6동","45~49세","2024 년","1087","1037","50",
"신길6동","45~49세","2025 년","1083","1026","57",
"신길6동","50~54세","2024 년","1411","1332","79",
"신길6동","50~54세","2025 년","1317","1254","63",
"신길6동","55~59세","2024 년","1421","1312","109",
"신길6동","55~59세","2025 년","1445","1351","94",
"신길6동","60~64세","2024 년","1425","1357","68",
"신길6동","60~64세","2025 년","1380","1296","84",
"신길6동","65~69세","2024 년","1281","1248","33",
"신길6동","65~69세","2025 년","1316","1274","42",
"신길6동","70~74세","2024 년","898","884","14",
"신길6동","70~74세","2025 년","959","942","17",
"신길6동","75~79세","2024 년","676","669","7",
"신길6동","75~79세","2025 년","704","697","7",
"신길6동","80~84세","2024 년","440","439","1",
"신길6동","80~84세","2025 년","445","443","2",
"신길6동","85~89세","2024 년","251","248","3",
"신길6동","85~89세","2025 년","280","277","3",
"신길6동","90~94세","2024 년","93","90","3",
"신길6동","90~94세","2025 년","99","97","2",
"신길6동","95~99세","2024 년","12","11","1",
"신길6동","95~99세","2025 년","15","13","2",
"신길6동","100세 이상","2024 년","4","2","2",
"신길6동","100세 이상","2025 년","4","2","2",
"신길7동","합계","2024 년","19830","19637","193",
"신길7동","합계","2025 년","19587","19394","193",
"신길7동","0~4세","2024 년","749","746","3",
"신길7동","0~4세","2025 년","775","771","4",
"신길7동","5~9세","2024 년","1054","1048","6",
"신길7동","5~9세","2025 년","926","923","3",
"신길7동","10~14세","2024 년","1025","1018","7",
"신길7동","10~14세","2025 년","1062","1053","9",
"신길7동","15~19세","2024 년","804","802","2",
"신길7동","15~19세","2025 년","819","814","5",
"신길7동","20~24세","2024 년","983","974","9",
"신길7동","20~24세","2025 년","851","839","12",
"신길7동","25~29세","2024 년","1308","1288","20",
"신길7동","25~29세","2025 년","1253","1240","13",
"신길7동","30~34세","2024 년","1602","1584","18",
"신길7동","30~34세","2025 년","1669","1647","22",
"신길7동","35~39세","2024 년","1795","1771","24",
"신길7동","35~39세","2025 년","1750","1723","27",
"신길7동","40~44세","2024 년","1890","1879","11",
"신길7동","40~44세","2025 년","1804","1792","12",
"신길7동","45~49세","2024 년","1452","1436","16",
"신길7동","45~49세","2025 년","1531","1513","18",
"신길7동","50~54세","2024 년","1573","1547","26",
"신길7동","50~54세","2025 년","1467","1447","20",
"신길7동","55~59세","2024 년","1387","1364","23",
"신길7동","55~59세","2025 년","1391","1375","16",
"신길7동","60~64세","2024 년","1272","1261","11",
"신길7동","60~64세","2025 년","1211","1198","13",
"신길7동","65~69세","2024 년","1112","1101","11",
"신길7동","65~69세","2025 년","1108","1096","12",
"신길7동","70~74세","2024 년","690","687","3",
"신길7동","70~74세","2025 년","756","753","3",
"신길7동","75~79세","2024 년","510","510","-",
"신길7동","75~79세","2025 년","546","546","-",
"신길7동","80~84세","2024 년","356","355","1",
"신길7동","80~84세","2025 년","376","374","2",
"신길7동","85~89세","2024 년","193","192","1",
"신길7동","85~89세","2025 년","187","186","1",
"신길7동","90~94세","2024 년","68","67","1",
"신길7동","90~94세","2025 년","92","91","1",
"신길7동","95~99세","2024 년","6","6","-",
"신길7동","95~99세","2025 년","12","12","-",
"신길7동","100세 이상","2024 년","1","1","-",
"신길7동","100세 이상","2025 년","1","1","-",
"대림1동","합계","2024 년","16031","13505","2526",
"대림1동","합계","2025 년","15785","13204","2581",
"대림1동","0~4세","2024 년","348","291","57",
"대림1동","0~4세","2025 년","316","268","48",
"대림1동","5~9세","2024 년","396","318","78",
"대림1동","5~9세","2025 년","361","273","88",
"대림1동","10~14세","2024 년","353","300","53",
"대림1동","10~14세","2025 년","346","289","57",
"대림1동","15~19세","2024 년","467","426","41",
"대림1동","15~19세","2025 년","453","400","53",
"대림1동","20~24세","2024 년","728","649","79",
"대림1동","20~24세","2025 년","680","604","76",
"대림1동","25~29세","2024 년","1175","1079","96",
"대림1동","25~29세","2025 년","1128","1041","87",
"대림1동","30~34세","2024 년","1155","1026","129",
"대림1동","30~34세","2025 년","1104","976","128",
"대림1동","35~39세","2024 년","1005","762","243",
"대림1동","35~39세","2025 년","1020","780","240",
"대림1동","40~44세","2024 년","1089","860","229",
"대림1동","40~44세","2025 년","1043","789","254",
"대림1동","45~49세","2024 년","1101","840","261",
"대림1동","45~49세","2025 년","1034","779","255",
"대림1동","50~54세","2024 년","1547","1146","401",
"대림1동","50~54세","2025 년","1445","1081","364",
"대림1동","55~59세","2024 년","1546","1135","411",
"대림1동","55~59세","2025 년","1567","1121","446",
"대림1동","60~64세","2024 년","1504","1244","260",
"대림1동","60~64세","2025 년","1455","1198","257",
"대림1동","65~69세","2024 년","1157","1034","123",
"대림1동","65~69세","2025 년","1247","1096","151",
"대림1동","70~74세","2024 년","932","885","47",
"대림1동","70~74세","2025 년","959","903","56",
"대림1동","75~79세","2024 년","694","678","16",
"대림1동","75~79세","2025 년","762","744","18",
"대림1동","80~84세","2024 년","494","494","-",
"대림1동","80~84세","2025 년","500","499","1",
"대림1동","85~89세","2024 년","249","249","-",
"대림1동","85~89세","2025 년","255","255","-",
"대림1동","90~94세","2024 년","68","67","1",
"대림1동","90~94세","2025 년","88","87","1",
"대림1동","95~99세","2024 년","21","20","1",
"대림1동","95~99세","2025 년","20","19","1",
"대림1동","100세 이상","2024 년","2","2","-",
"대림1동","100세 이상","2025 년","2","2","-",
"대림2동","합계","2024 년","17522","11619","5903",
"대림2동","합계","2025 년","17436","11436","6000",
"대림2동","0~4세","2024 년","243","130","113",
"대림2동","0~4세","2025 년","233","140","93",
"대림2동","5~9세","2024 년","340","160","180",
"대림2동","5~9세","2025 년","305","130","175",
"대림2동","10~14세","2024 년","332","221","111",
"대림2동","10~14세","2025 년","320","197","123",
"대림2동","15~19세","2024 년","350","254","96",
"대림2동","15~19세","2025 년","359","257","102",
"대림2동","20~24세","2024 년","682","540","142",
"대림2동","20~24세","2025 년","668","497","171",
"대림2동","25~29세","2024 년","1372","1184","188",
"대림2동","25~29세","2025 년","1338","1144","194",
"대림2동","30~34세","2024 년","1507","1178","329",
"대림2동","30~34세","2025 년","1449","1170","279",
"대림2동","35~39세","2024 년","1364","730","634",
"대림2동","35~39세","2025 년","1417","777","640",
"대림2동","40~44세","2024 년","1196","652","544",
"대림2동","40~44세","2025 년","1170","592","578",
"대림2동","45~49세","2024 년","1283","666","617",
"대림2동","45~49세","2025 년","1252","616","636",
"대림2동","50~54세","2024 년","1801","923","878",
"대림2동","50~54세","2025 년","1682","892","790",
"대림2동","55~59세","2024 년","1993","998","995",
"대림2동","55~59세","2025 년","2018","1001","1017",
"대림2동","60~64세","2024 년","1620","999","621",
"대림2동","60~64세","2025 년","1628","935","693",
"대림2동","65~69세","2024 년","1180","853","327",
"대림2동","65~69세","2025 년","1246","904","342",
"대림2동","70~74세","2024 년","791","697","94",
"대림2동","70~74세","2025 년","832","708","124",
"대림2동","75~79세","2024 년","697","683","14",
"대림2동","75~79세","2025 년","730","705","25",
"대림2동","80~84세","2024 년","471","463","8",
"대림2동","80~84세","2025 년","469","462","7",
"대림2동","85~89세","2024 년","223","218","5",
"대림2동","85~89세","2025 년","232","228","4",
"대림2동","90~94세","2024 년","62","58","4",
"대림2동","90~94세","2025 년","71","67","4",
"대림2동","95~99세","2024 년","11","8","3",
"대림2동","95~99세","2025 년","12","9","3",
"대림2동","100세 이상","2024 년","4","4","-",
"대림2동","100세 이상","2025 년","5","5","-",
"대림3동","합계","2024 년","24624","21164","3460",
"대림3동","합계","2025 년","24392","20805","3587",
"대림3동","0~4세","2024 년","549","478","71",
"대림3동","0~4세","2025 년","538","480","58",
"대림3동","5~9세","2024 년","542","417","125",
"대림3동","5~9세","2025 년","487","365","122",
"대림3동","10~14세","2024 년","546","478","68",
"대림3동","10~14세","2025 년","525","443","82",
"대림3동","15~19세","2024 년","695","628","67",
"대림3동","15~19세","2025 년","676","607","69",
"대림3동","20~24세","2024 년","1080","994","86",
"대림3동","20~24세","2025 년","994","884","110",
"대림3동","25~29세","2024 년","1667","1562","105",
"대림3동","25~29세","2025 년","1667","1560","107",
"대림3동","30~34세","2024 년","1972","1769","203",
"대림3동","30~34세","2025 년","1956","1774","182",
"대림3동","35~39세","2024 년","1747","1400","347",
"대림3동","35~39세","2025 년","1772","1392","380",
"대림3동","40~44세","2024 년","1636","1285","351",
"대림3동","40~44세","2025 년","1611","1239","372",
"대림3동","45~49세","2024 년","1578","1229","349",
"대림3동","45~49세","2025 년","1555","1205","350",
"대림3동","50~54세","2024 년","2285","1807","478",
"대림3동","50~54세","2025 년","2063","1611","452",
"대림3동","55~59세","2024 년","2538","1924","614",
"대림3동","55~59세","2025 년","2526","1911","615",
"대림3동","60~64세","2024 년","2412","2075","337",
"대림3동","60~64세","2025 년","2347","1957","390",
"대림3동","65~69세","2024 년","2029","1840","189",
"대림3동","65~69세","2025 년","2102","1903","199",
"대림3동","70~74세","2024 년","1255","1200","55",
"대림3동","70~74세","2025 년","1390","1310","80",
"대림3동","75~79세","2024 년","960","951","9",
"대림3동","75~79세","2025 년","998","986","12",
"대림3동","80~84세","2024 년","648","644","4",
"대림3동","80~84세","2025 년","663","660","3",
"대림3동","85~89세","2024 년","358","357","1",
"대림3동","85~89세","2025 년","372","370","2",
"대림3동","90~94세","2024 년","102","102","-",
"대림3동","90~94세","2025 년","123","122","1",
"대림3동","95~99세","2024 년","20","20","-",
"대림3동","95~99세","2025 년","21","21","-",
"대림3동","100세 이상","2024 년","5","4","1",
"대림3동","100세 이상","2025 년","6","5","1",
"동작구","합계","2024 년","387352","375799","11553",
"동작구","합계","2025 년","384281","371924","12357",
"동작구","0~4세","2024 년","8182","8083","99",
"동작구","0~4세","2025 년","8095","7994","101",
"동작구","5~9세","2024 년","10650","10542","108",
"동작구","5~9세","2025 년","9430","9343","87",
"동작구","10~14세","2024 년","12269","12165","104",
"동작구","10~14세","2025 년","11845","11752","93",
"동작구","15~19세","2024 년","13825","13025","800",
"동작구","15~19세","2025 년","14148","13088","1060",
"동작구","20~24세","2024 년","28143","24757","3386",
"동작구","20~24세","2025 년","26791","23233","3558",
"동작구","25~29세","2024 년","39337","37353","1984",
"동작구","25~29세","2025 년","38850","36642","2208",
"동작구","30~34세","2024 년","35476","34494","982",
"동작구","30~34세","2025 년","36257","35223","1034",
"동작구","35~39세","2024 년","27026","26307","719",
"동작구","35~39세","2025 년","27065","26285","780",
"동작구","40~44세","2024 년","27626","27033","593",
"동작구","40~44세","2025 년","26402","25764","638",
"동작구","45~49세","2024 년","26135","25638","497",
"동작구","45~49세","2025 년","25905","25388","517",
"동작구","50~54세","2024 년","30318","29729","589",
"동작구","50~54세","2025 년","29025","28449","576",
"동작구","55~59세","2024 년","28104","27373","731",
"동작구","55~59세","2025 년","28525","27816","709",
"동작구","60~64세","2024 년","27060","26517","543",
"동작구","60~64세","2025 년","25904","25406","498",
"동작구","65~69세","2024 년","24584","24326","258",
"동작구","65~69세","2025 년","25025","24712","313",
"동작구","70~74세","2024 년","17337","17232","105",
"동작구","70~74세","2025 년","18565","18445","120",
"동작구","75~79세","2024 년","14174","14154","20",
"동작구","75~79세","2025 년","14601","14575","26",
"동작구","80~84세","2024 년","9886","9874","12",
"동작구","80~84세","2025 년","10083","10068","15",
"동작구","85~89세","2024 년","5070","5056","14",
"동작구","85~89세","2025 년","5421","5409","12",
"동작구","90~94세","2024 년","1691","1686","5",
"동작구","90~94세","2025 년","1833","1827","6",
"동작구","95~99세","2024 년","391","390","1",
"동작구","95~99세","2025 년","453","450","3",
"동작구","100세 이상","2024 년","68","65","3",
"동작구","100세 이상","2025 년","58","55","3",
"노량진1동","합계","2024 년","33626","32644","982",
"노량진1동","합계","2025 년","34265","32742","1523",
"노량진1동","0~4세","2024 년","728","722","6",
"노량진1동","0~4세","2025 년","727","722","5",
"노량진1동","5~9세","2024 년","742","738","4",
"노량진1동","5~9세","2025 년","654","649","5",
"노량진1동","10~14세","2024 년","869","863","6",
"노량진1동","10~14세","2025 년","833","828","5",
"노량진1동","15~19세","2024 년","1031","903","128",
"노량진1동","15~19세","2025 년","1280","942","338",
"노량진1동","20~24세","2024 년","2405","2084","321",
"노량진1동","20~24세","2025 년","2452","1946","506",
"노량진1동","25~29세","2024 년","4060","3853","207",
"노량진1동","25~29세","2025 년","4218","3933","285",
"노량진1동","30~34세","2024 년","3687","3574","113",
"노량진1동","30~34세","2025 년","3921","3790","131",
"노량진1동","35~39세","2024 년","2660","2613","47",
"노량진1동","35~39세","2025 년","2734","2652","82",
"노량진1동","40~44세","2024 년","2267","2222","45",
"노량진1동","40~44세","2025 년","2184","2140","44",
"노량진1동","45~49세","2024 년","1904","1881","23",
"노량진1동","45~49세","2025 년","1956","1925","31",
"노량진1동","50~54세","2024 년","2256","2238","18",
"노량진1동","50~54세","2025 년","2126","2101","25",
"노량진1동","55~59세","2024 년","2282","2252","30",
"노량진1동","55~59세","2025 년","2255","2228","27",
"노량진1동","60~64세","2024 년","2324","2304","20",
"노량진1동","60~64세","2025 년","2239","2221","18",
"노량진1동","65~69세","2024 년","2162","2155","7",
"노량진1동","65~69세","2025 년","2187","2173","14",
"노량진1동","70~74세","2024 년","1474","1469","5",
"노량진1동","70~74세","2025 년","1631","1626","5",
"노량진1동","75~79세","2024 년","1167","1165","2",
"노량진1동","75~79세","2025 년","1202","1200","2",
"노량진1동","80~84세","2024 년","900","900","-",
"노량진1동","80~84세","2025 년","891","891","-",
"노량진1동","85~89세","2024 년","487","487","-",
"노량진1동","85~89세","2025 년","536","536","-",
"노량진1동","90~94세","2024 년","189","189","-",
"노량진1동","90~94세","2025 년","202","202","-",
"노량진1동","95~99세","2024 년","28","28","-",
"노량진1동","95~99세","2025 년","33","33","-",
"노량진1동","100세 이상","2024 년","4","4","-",
"노량진1동","100세 이상","2025 년","4","4","-",
"노량진2동","합계","2024 년","8938","8060","878",
"노량진2동","합계","2025 년","8779","7782","997",
"노량진2동","0~4세","2024 년","68","53","15",
"노량진2동","0~4세","2025 년","66","47","19",
"노량진2동","5~9세","2024 년","81","72","9",
"노량진2동","5~9세","2025 년","67","61","6",
"노량진2동","10~14세","2024 년","116","106","10",
"노량진2동","10~14세","2025 년","95","87","8",
"노량진2동","15~19세","2024 년","162","138","24",
"노량진2동","15~19세","2025 년","174","132","42",
"노량진2동","20~24세","2024 년","606","470","136",
"노량진2동","20~24세","2025 년","586","413","173",
"노량진2동","25~29세","2024 년","1335","1185","150",
"노량진2동","25~29세","2025 년","1268","1100","168",
"노량진2동","30~34세","2024 년","1122","1011","111",
"노량진2동","30~34세","2025 년","1163","1033","130",
"노량진2동","35~39세","2024 년","667","572","95",
"노량진2동","35~39세","2025 년","696","598","98",
"노량진2동","40~44세","2024 년","534","469","65",
"노량진2동","40~44세","2025 년","528","446","82",
"노량진2동","45~49세","2024 년","464","412","52",
"노량진2동","45~49세","2025 년","465","410","55",
"노량진2동","50~54세","2024 년","598","548","50",
"노량진2동","50~54세","2025 년","558","503","55",
"노량진2동","55~59세","2024 년","624","543","81",
"노량진2동","55~59세","2025 년","619","541","78",
"노량진2동","60~64세","2024 년","733","683","50",
"노량진2동","60~64세","2025 년","633","588","45",
"노량진2동","65~69세","2024 년","614","592","22",
"노량진2동","65~69세","2025 년","657","628","29",
"노량진2동","70~74세","2024 년","459","455","4",
"노량진2동","70~74세","2025 년","456","453","3",
"노량진2동","75~79세","2024 년","335","335","-",
"노량진2동","75~79세","2025 년","337","335","2",
"노량진2동","80~84세","2024 년","230","229","1",
"노량진2동","80~84세","2025 년","225","224","1",
"노량진2동","85~89세","2024 년","139","136","3",
"노량진2동","85~89세","2025 년","123","121","2",
"노량진2동","90~94세","2024 년","41","41","-",
"노량진2동","90~94세","2025 년","47","46","1",
"노량진2동","95~99세","2024 년","8","8","-",
"노량진2동","95~99세","2025 년","14","14","-",
"노량진2동","100세 이상","2024 년","2","2","-",
"노량진2동","100세 이상","2025 년","2","2","-",
"상도1동","합계","2024 년","46256","43904","2352",
"상도1동","합계","2025 년","45967","43752","2215",
"상도1동","0~4세","2024 년","815","801","14",
"상도1동","0~4세","2025 년","833","818","15",
"상도1동","5~9세","2024 년","1158","1149","9",
"상도1동","5~9세","2025 년","973","962","11",
"상도1동","10~14세","2024 년","1309","1305","4",
"상도1동","10~14세","2025 년","1237","1231","6",
"상도1동","15~19세","2024 년","1926","1675","251",
"상도1동","15~19세","2025 년","1974","1732","242",
"상도1동","20~24세","2024 년","6584","5435","1149",
"상도1동","20~24세","2025 년","6372","5332","1040",
"상도1동","25~29세","2024 년","5471","4945","526",
"상도1동","25~29세","2025 년","5544","5024","520",
"상도1동","30~34세","2024 년","3433","3258","175",
"상도1동","30~34세","2025 년","3466","3319","147",
"상도1동","35~39세","2024 년","2553","2477","76",
"상도1동","35~39세","2025 년","2530","2453","77",
"상도1동","40~44세","2024 년","2768","2721","47",
"상도1동","40~44세","2025 년","2588","2538","50",
"상도1동","45~49세","2024 년","2782","2759","23",
"상도1동","45~49세","2025 년","2705","2680","25",
"상도1동","50~54세","2024 년","3372","3353","19",
"상도1동","50~54세","2025 년","3285","3262","23",
"상도1동","55~59세","2024 년","3217","3198","19",
"상도1동","55~59세","2025 년","3234","3216","18",
"상도1동","60~64세","2024 년","2879","2862","17",
"상도1동","60~64세","2025 년","2834","2816","18",
"상도1동","65~69세","2024 년","2685","2675","10",
"상도1동","65~69세","2025 년","2774","2763","11",
"상도1동","70~74세","2024 년","1816","1812","4",
"상도1동","70~74세","2025 년","1974","1971","3",
"상도1동","75~79세","2024 년","1569","1566","3",
"상도1동","75~79세","2025 년","1604","1602","2",
"상도1동","80~84세","2024 년","1058","1056","2",
"상도1동","80~84세","2025 년","1103","1100","3",
"상도1동","85~89세","2024 년","611","610","1",
"상도1동","85~89세","2025 년","649","648","1",
"상도1동","90~94세","2024 년","194","193","1",
"상도1동","90~94세","2025 년","218","217","1",
"상도1동","95~99세","2024 년","47","47","-",
"상도1동","95~99세","2025 년","61","61","-",
"상도1동","100세 이상","2024 년","9","7","2",
"상도1동","100세 이상","2025 년","9","7","2",
"상도2동","합계","2024 년","27632","27250","382",
"상도2동","합계","2025 년","27302","26876","426",
"상도2동","0~4세","2024 년","862","856","6",
"상도2동","0~4세","2025 년","825","819","6",
"상도2동","5~9세","2024 년","1114","1110","4",
"상도2동","5~9세","2025 년","1006","1002","4",
"상도2동","10~14세","2024 년","1098","1096","2",
"상도2동","10~14세","2025 년","1085","1084","1",
"상도2동","15~19세","2024 년","957","926","31",
"상도2동","15~19세","2025 년","1017","966","51",
"상도2동","20~24세","2024 년","1673","1577","96",
"상도2동","20~24세","2025 년","1568","1456","112",
"상도2동","25~29세","2024 년","2383","2310","73",
"상도2동","25~29세","2025 년","2300","2214","86",
"상도2동","30~34세","2024 년","2193","2162","31",
"상도2동","30~34세","2025 년","2198","2166","32",
"상도2동","35~39세","2024 년","2179","2160","19",
"상도2동","35~39세","2025 년","2081","2055","26",
"상도2동","40~44세","2024 년","2348","2320","28",
"상도2동","40~44세","2025 년","2281","2261","20",
"상도2동","45~49세","2024 년","2083","2071","12",
"상도2동","45~49세","2025 년","2057","2042","15",
"상도2동","50~54세","2024 년","2137","2114","23",
"상도2동","50~54세","2025 년","2080","2064","16",
"상도2동","55~59세","2024 년","1994","1973","21",
"상도2동","55~59세","2025 년","2073","2051","22",
"상도2동","60~64세","2024 년","1806","1786","20",
"상도2동","60~64세","2025 년","1751","1732","19",
"상도2동","65~69세","2024 년","1655","1647","8",
"상도2동","65~69세","2025 년","1657","1650","7",
"상도2동","70~74세","2024 년","1097","1093","4",
"상도2동","70~74세","2025 년","1227","1222","5",
"상도2동","75~79세","2024 년","904","902","2",
"상도2동","75~79세","2025 년","905","904","1",
"상도2동","80~84세","2024 년","616","614","2",
"상도2동","80~84세","2025 년","628","625","3",
"상도2동","85~89세","2024 년","370","370","-",
"상도2동","85~89세","2025 년","380","380","-",
"상도2동","90~94세","2024 년","130","130","-",
"상도2동","90~94세","2025 년","149","149","-",
"상도2동","95~99세","2024 년","24","24","-",
"상도2동","95~99세","2025 년","29","29","-",
"상도2동","100세 이상","2024 년","9","9","-",
"상도2동","100세 이상","2025 년","5","5","-",
"상도3동","합계","2024 년","24047","23641","406",
"상도3동","합계","2025 년","23836","23377","459",
"상도3동","0~4세","2024 년","333","325","8",
"상도3동","0~4세","2025 년","264","257","7",
"상도3동","5~9세","2024 년","429","423","6",
"상도3동","5~9세","2025 년","396","392","4",
"상도3동","10~14세","2024 년","625","615","10",
"상도3동","10~14세","2025 년","557","551","6",
"상도3동","15~19세","2024 년","741","725","16",
"상도3동","15~19세","2025 년","779","748","31",
"상도3동","20~24세","2024 년","1455","1394","61",
"상도3동","20~24세","2025 년","1324","1241","83",
"상도3동","25~29세","2024 년","2574","2522","52",
"상도3동","25~29세","2025 년","2479","2407","72",
"상도3동","30~34세","2024 년","2368","2316","52",
"상도3동","30~34세","2025 년","2466","2421","45",
"상도3동","35~39세","2024 년","1635","1595","40",
"상도3동","35~39세","2025 년","1661","1618","43",
"상도3동","40~44세","2024 년","1556","1523","33",
"상도3동","40~44세","2025 년","1458","1426","32",
"상도3동","45~49세","2024 년","1573","1542","31",
"상도3동","45~49세","2025 년","1534","1501","33",
"상도3동","50~54세","2024 년","1927","1898","29",
"상도3동","50~54세","2025 년","1876","1841","35",
"상도3동","55~59세","2024 년","1878","1845","33",
"상도3동","55~59세","2025 년","1907","1886","21",
"상도3동","60~64세","2024 년","1849","1831","18",
"상도3동","60~64세","2025 년","1824","1798","26",
"상도3동","65~69세","2024 년","1691","1685","6",
"상도3동","65~69세","2025 년","1723","1714","9",
"상도3동","70~74세","2024 년","1182","1171","11",
"상도3동","70~74세","2025 년","1249","1237","12",
"상도3동","75~79세","2024 년","992","992","-",
"상도3동","75~79세","2025 년","1063","1063","-",
"상도3동","80~84세","2024 년","773","773","-",
"상도3동","80~84세","2025 년","760","760","-",
"상도3동","85~89세","2024 년","349","349","-",
"상도3동","85~89세","2025 년","400","400","-",
"상도3동","90~94세","2024 년","91","91","-",
"상도3동","90~94세","2025 년","88","88","-",
"상도3동","95~99세","2024 년","21","21","-",
"상도3동","95~99세","2025 년","23","23","-",
"상도3동","100세 이상","2024 년","5","5","-",
"상도3동","100세 이상","2025 년","5","5","-",
"상도4동","합계","2024 년","29339","28913","426",
"상도4동","합계","2025 년","29261","28787","474",
"상도4동","0~4세","2024 년","568","563","5",
"상도4동","0~4세","2025 년","597","589","8",
"상도4동","5~9세","2024 년","669","661","8",
"상도4동","5~9세","2025 년","644","637","7",
"상도4동","10~14세","2024 년","815","808","7",
"상도4동","10~14세","2025 년","781","775","6",
"상도4동","15~19세","2024 년","957","933","24",
"상도4동","15~19세","2025 년","949","930","19",
"상도4동","20~24세","2024 년","1588","1520","68",
"상도4동","20~24세","2025 년","1479","1405","74",
"상도4동","25~29세","2024 년","2760","2699","61",
"상도4동","25~29세","2025 년","2701","2619","82",
"상도4동","30~34세","2024 년","2815","2776","39",
"상도4동","30~34세","2025 년","2858","2812","46",
"상도4동","35~39세","2024 년","2186","2147","39",
"상도4동","35~39세","2025 년","2140","2083","57",
"상도4동","40~44세","2024 년","2157","2121","36",
"상도4동","40~44세","2025 년","2142","2105","37",
"상도4동","45~49세","2024 년","1937","1915","22",
"상도4동","45~49세","2025 년","1960","1934","26",
"상도4동","50~54세","2024 년","2347","2315","32",
"상도4동","50~54세","2025 년","2223","2202","21",
"상도4동","55~59세","2024 년","2303","2265","38",
"상도4동","55~59세","2025 년","2355","2318","37",
"상도4동","60~64세","2024 년","2291","2267","24",
"상도4동","60~64세","2025 년","2198","2175","23",
"상도4동","65~69세","2024 년","2039","2024","15",
"상도4동","65~69세","2025 년","2124","2104","20",
"상도4동","70~74세","2024 년","1401","1396","5",
"상도4동","70~74세","2025 년","1508","1501","7",
"상도4동","75~79세","2024 년","1166","1165","1",
"상도4동","75~79세","2025 년","1208","1206","2",
"상도4동","80~84세","2024 년","798","797","1",
"상도4동","80~84세","2025 년","820","819","1",
"상도4동","85~89세","2024 년","393","392","1",
"상도4동","85~89세","2025 년","413","412","1",
"상도4동","90~94세","2024 년","120","120","-",
"상도4동","90~94세","2025 년","127","127","-",
"상도4동","95~99세","2024 년","25","25","-",
"상도4동","95~99세","2025 년","31","31","-",
"상도4동","100세 이상","2024 년","4","4","-",
"상도4동","100세 이상","2025 년","3","3","-",
"흑석동","합계","2024 년","32360","30087","2273",
"흑석동","합계","2025 년","32147","29846","2301",
"흑석동","0~4세","2024 년","903","895","8",
"흑석동","0~4세","2025 년","919","910","9",
"흑석동","5~9세","2024 년","1296","1291","5",
"흑석동","5~9세","2025 년","1192","1189","3",
"흑석동","10~14세","2024 년","1180","1176","4",
"흑석동","10~14세","2025 년","1224","1220","4",
"흑석동","15~19세","2024 년","1248","1035","213",
"흑석동","15~19세","2025 년","1242","1022","220",
"흑석동","20~24세","2024 년","3272","2104","1168",
"흑석동","20~24세","2025 년","3139","2013","1126",
"흑석동","25~29세","2024 년","2787","2243","544",
"흑석동","25~29세","2025 년","2769","2181","588",
"흑석동","30~34세","2024 년","2296","2147","149",
"흑석동","30~34세","2025 년","2274","2114","160",
"흑석동","35~39세","2024 년","2065","1998","67",
"흑석동","35~39세","2025 년","2074","1994","80",
"흑석동","40~44세","2024 년","2466","2434","32",
"흑석동","40~44세","2025 년","2354","2329","25",
"흑석동","45~49세","2024 년","2180","2165","15",
"흑석동","45~49세","2025 년","2200","2178","22",
"흑석동","50~54세","2024 년","2583","2568","15",
"흑석동","50~54세","2025 년","2451","2437","14",
"흑석동","55~59세","2024 년","2414","2390","24",
"흑석동","55~59세","2025 년","2468","2444","24",
"흑석동","60~64세","2024 년","2209","2192","17",
"흑석동","60~64세","2025 년","2134","2122","12",
"흑석동","65~69세","2024 년","1751","1747","4",
"흑석동","65~69세","2025 년","1861","1856","5",
"흑석동","70~74세","2024 년","1259","1256","3",
"흑석동","70~74세","2025 년","1329","1325","4",
"흑석동","75~79세","2024 년","1024","1021","3",
"흑석동","75~79세","2025 년","1032","1031","1",
"흑석동","80~84세","2024 년","787","787","-",
"흑석동","80~84세","2025 년","783","781","2",
"흑석동","85~89세","2024 년","428","427","1",
"흑석동","85~89세","2025 년","464","463","1",
"흑석동","90~94세","2024 년","166","166","-",
"흑석동","90~94세","2025 년","185","185","-",
"흑석동","95~99세","2024 년","43","43","-",
"흑석동","95~99세","2025 년","47","47","-",
"흑석동","100세 이상","2024 년","3","2","1",
"흑석동","100세 이상","2025 년","6","5","1",
"사당1동","합계","2024 년","22821","22350","471",
"사당1동","합계","2025 년","22643","22140","503",
"사당1동","0~4세","2024 년","266","259","7",
"사당1동","0~4세","2025 년","242","234","8",
"사당1동","5~9세","2024 년","288","285","3",
"사당1동","5~9세","2025 년","251","248","3",
"사당1동","10~14세","2024 년","364","358","6",
"사당1동","10~14세","2025 년","349","345","4",
"사당1동","15~19세","2024 년","420","410","10",
"사당1동","15~19세","2025 년","419","409","10",
"사당1동","20~24세","2024 년","1429","1375","54",
"사당1동","20~24세","2025 년","1273","1200","73",
"사당1동","25~29세","2024 년","3648","3564","84",
"사당1동","25~29세","2025 년","3585","3497","88",
"사당1동","30~34세","2024 년","3215","3163","52",
"사당1동","30~34세","2025 년","3397","3330","67",
"사당1동","35~39세","2024 년","1826","1776","50",
"사당1동","35~39세","2025 년","1798","1759","39",
"사당1동","40~44세","2024 년","1493","1472","21",
"사당1동","40~44세","2025 년","1422","1392","30",
"사당1동","45~49세","2024 년","1308","1282","26",
"사당1동","45~49세","2025 년","1314","1286","28",
"사당1동","50~54세","2024 년","1437","1400","37",
"사당1동","50~54세","2025 년","1396","1360","36",
"사당1동","55~59세","2024 년","1410","1356","54",
"사당1동","55~59세","2025 년","1390","1336","54",
"사당1동","60~64세","2024 년","1550","1508","42",
"사당1동","60~64세","2025 년","1459","1424","35",
"사당1동","65~69세","2024 년","1438","1421","17",
"사당1동","65~69세","2025 년","1475","1456","19",
"사당1동","70~74세","2024 년","1069","1066","3",
"사당1동","70~74세","2025 년","1119","1114","5",
"사당1동","75~79세","2024 년","843","842","1",
"사당1동","75~79세","2025 년","873","872","1",
"사당1동","80~84세","2024 년","512","511","1",
"사당1동","80~84세","2025 년","553","552","1",
"사당1동","85~89세","2024 년","218","215","3",
"사당1동","85~89세","2025 년","243","242","1",
"사당1동","90~94세","2024 년","68","68","-",
"사당1동","90~94세","2025 년","65","64","1",
"사당1동","95~99세","2024 년","16","16","-",
"사당1동","95~99세","2025 년","17","17","-",
"사당1동","100세 이상","2024 년","3","3","-",
"사당1동","100세 이상","2025 년","3","3","-",
"사당2동","합계","2024 년","28188","27866","322",
"사당2동","합계","2025 년","28001","27677","324",
"사당2동","0~4세","2024 년","717","714","3",
"사당2동","0~4세","2025 년","714","714","-",
"사당2동","5~9세","2024 년","865","860","5",
"사당2동","5~9세","2025 년","781","777","4",
"사당2동","10~14세","2024 년","831","827","4",
"사당2동","10~14세","2025 년","841","836","5",
"사당2동","15~19세","2024 년","895","891","4",
"사당2동","15~19세","2025 년","865","861","4",
"사당2동","20~24세","2024 년","1381","1352","29",
"사당2동","20~24세","2025 년","1301","1272","29",
"사당2동","25~29세","2024 년","2033","2000","33",
"사당2동","25~29세","2025 년","2008","1971","37",
"사당2동","30~34세","2024 년","2410","2380","30",
"사당2동","30~34세","2025 년","2397","2370","27",
"사당2동","35~39세","2024 년","2040","2013","27",
"사당2동","35~39세","2025 년","2089","2058","31",
"사당2동","40~44세","2024 년","2119","2091","28",
"사당2동","40~44세","2025 년","2033","2003","30",
"사당2동","45~49세","2024 년","1988","1964","24",
"사당2동","45~49세","2025 년","1964","1938","26",
"사당2동","50~54세","2024 년","2372","2341","31",
"사당2동","50~54세","2025 년","2328","2300","28",
"사당2동","55~59세","2024 년","2189","2140","49",
"사당2동","55~59세","2025 년","2214","2166","48",
"사당2동","60~64세","2024 년","2063","2027","36",
"사당2동","60~64세","2025 년","1981","1950","31",
"사당2동","65~69세","2024 년","2061","2047","14",
"사당2동","65~69세","2025 년","2032","2016","16",
"사당2동","70~74세","2024 년","1502","1500","2",
"사당2동","70~74세","2025 년","1620","1615","5",
"사당2동","75~79세","2024 년","1287","1286","1",
"사당2동","75~79세","2025 년","1321","1320","1",
"사당2동","80~84세","2024 년","868","867","1",
"사당2동","80~84세","2025 년","897","897","-",
"사당2동","85~89세","2024 년","387","387","-",
"사당2동","85~89세","2025 년","423","422","1",
"사당2동","90~94세","2024 년","143","142","1",
"사당2동","90~94세","2025 년","150","150","-",
"사당2동","95~99세","2024 년","30","30","-",
"사당2동","95~99세","2025 년","36","35","1",
"사당2동","100세 이상","2024 년","7","7","-",
"사당2동","100세 이상","2025 년","6","6","-",
"사당3동","합계","2024 년","23701","23435","266",
"사당3동","합계","2025 년","23319","23093","226",
"사당3동","0~4세","2024 년","647","647","-",
"사당3동","0~4세","2025 년","628","627","1",
"사당3동","5~9세","2024 년","946","945","1",
"사당3동","5~9세","2025 년","852","850","2",
"사당3동","10~14세","2024 년","846","842","4",
"사당3동","10~14세","2025 년","780","779","1",
"사당3동","15~19세","2024 년","735","715","20",
"사당3동","15~19세","2025 년","734","716","18",
"사당3동","20~24세","2024 년","1148","1097","51",
"사당3동","20~24세","2025 년","1066","1029","37",
"사당3동","25~29세","2024 년","1753","1705","48",
"사당3동","25~29세","2025 년","1676","1635","41",
"사당3동","30~34세","2024 년","1914","1879","35",
"사당3동","30~34세","2025 년","1921","1901","20",
"사당3동","35~39세","2024 년","1794","1776","18",
"사당3동","35~39세","2025 년","1776","1759","17",
"사당3동","40~44세","2024 년","1952","1936","16",
"사당3동","40~44세","2025 년","1812","1790","22",
"사당3동","45~49세","2024 년","1596","1579","17",
"사당3동","45~49세","2025 년","1650","1633","17",
"사당3동","50~54세","2024 년","1803","1788","15",
"사당3동","50~54세","2025 년","1707","1695","12",
"사당3동","55~59세","2024 년","1680","1659","21",
"사당3동","55~59세","2025 년","1734","1719","15",
"사당3동","60~64세","2024 년","1776","1766","10",
"사당3동","60~64세","2025 년","1691","1675","16",
"사당3동","65~69세","2024 년","1718","1714","4",
"사당3동","65~69세","2025 년","1721","1717","4",
"사당3동","70~74세","2024 년","1263","1260","3",
"사당3동","70~74세","2025 년","1351","1351","-",
"사당3동","75~79세","2024 년","1062","1061","1",
"사당3동","75~79세","2025 년","1092","1091","1",
"사당3동","80~84세","2024 년","677","677","-",
"사당3동","80~84세","2025 년","671","671","-",
"사당3동","85~89세","2024 년","277","276","1",
"사당3동","85~89세","2025 년","317","316","1",
"사당3동","90~94세","2024 년","92","92","-",
"사당3동","90~94세","2025 년","113","113","-",
"사당3동","95~99세","2024 년","20","19","1",
"사당3동","95~99세","2025 년","26","25","1",
"사당3동","100세 이상","2024 년","2","2","-",
"사당3동","100세 이상","2025 년","1","1","-",
"사당4동","합계","2024 년","13881","13698","183",
"사당4동","합계","2025 년","13729","13534","195",
"사당4동","0~4세","2024 년","238","236","2",
"사당4동","0~4세","2025 년","231","228","3",
"사당4동","5~9세","2024 년","265","265","-",
"사당4동","5~9세","2025 년","230","229","1",
"사당4동","10~14세","2024 년","268","267","1",
"사당4동","10~14세","2025 년","286","285","1",
"사당4동","15~19세","2024 년","389","383","6",
"사당4동","15~19세","2025 년","362","355","7",
"사당4동","20~24세","2024 년","738","704","34",
"사당4동","20~24세","2025 년","691","660","31",
"사당4동","25~29세","2024 년","1595","1563","32",
"사당4동","25~29세","2025 년","1483","1450","33",
"사당4동","30~34세","2024 년","1459","1440","19",
"사당4동","30~34세","2025 년","1502","1480","22",
"사당4동","35~39세","2024 년","956","938","18",
"사당4동","35~39세","2025 년","955","940","15",
"사당4동","40~44세","2024 년","932","924","8",
"사당4동","40~44세","2025 년","909","891","18",
"사당4동","45~49세","2024 년","895","882","13",
"사당4동","45~49세","2025 년","860","851","9",
"사당4동","50~54세","2024 년","1030","1011","19",
"사당4동","50~54세","2025 년","1029","1012","17",
"사당4동","55~59세","2024 년","994","984","10",
"사당4동","55~59세","2025 년","1010","994","16",
"사당4동","60~64세","2024 년","1056","1046","10",
"사당4동","60~64세","2025 년","988","978","10",
"사당4동","65~69세","2024 년","1019","1011","8",
"사당4동","65~69세","2025 년","1035","1029","6",
"사당4동","70~74세","2024 년","727","724","3",
"사당4동","70~74세","2025 년","779","773","6",
"사당4동","75~79세","2024 년","642","642","-",
"사당4동","75~79세","2025 년","667","667","-",
"사당4동","80~84세","2024 년","395","395","-",
"사당4동","80~84세","2025 년","427","427","-",
"사당4동","85~89세","2024 년","203","203","-",
"사당4동","85~89세","2025 년","213","213","-",
"사당4동","90~94세","2024 년","56","56","-",
"사당4동","90~94세","2025 년","54","54","-",
"사당4동","95~99세","2024 년","22","22","-",
"사당4동","95~99세","2025 년","17","17","-",
"사당4동","100세 이상","2024 년","2","2","-",
"사당4동","100세 이상","2025 년","1","1","-",
"사당5동","합계","2024 년","14191","14063","128",
"사당5동","합계","2025 년","13905","13791","114",
"사당5동","0~4세","2024 년","428","425","3",
"사당5동","0~4세","2025 년","415","413","2",
"사당5동","5~9세","2024 년","387","387","-",
"사당5동","5~9세","2025 년","342","342","-",
"사당5동","10~14세","2024 년","417","416","1",
"사당5동","10~14세","2025 년","388","387","1",
"사당5동","15~19세","2024 년","466","464","2",
"사당5동","15~19세","2025 년","463","462","1",
"사당5동","20~24세","2024 년","763","739","24",
"사당5동","20~24세","2025 년","685","666","19",
"사당5동","25~29세","2024 년","1173","1159","14",
"사당5동","25~29세","2025 년","1157","1145","12",
"사당5동","30~34세","2024 년","1408","1394","14",
"사당5동","30~34세","2025 년","1422","1407","15",
"사당5동","35~39세","2024 년","1198","1177","21",
"사당5동","35~39세","2025 년","1191","1172","19",
"사당5동","40~44세","2024 년","1073","1061","12",
"사당5동","40~44세","2025 년","1028","1018","10",
"사당5동","45~49세","2024 년","1044","1034","10",
"사당5동","45~49세","2025 년","1033","1024","9",
"사당5동","50~54세","2024 년","1115","1107","8",
"사당5동","50~54세","2025 년","1051","1043","8",
"사당5동","55~59세","2024 년","1041","1034","7",
"사당5동","55~59세","2025 년","1006","997","9",
"사당5동","60~64세","2024 년","1050","1041","9",
"사당5동","60~64세","2025 년","1001","996","5",
"사당5동","65~69세","2024 년","884","883","1",
"사당5동","65~69세","2025 년","913","911","2",
"사당5동","70~74세","2024 년","670","668","2",
"사당5동","70~74세","2025 년","689","687","2",
"사당5동","75~79세","2024 년","500","500","-",
"사당5동","75~79세","2025 년","525","525","-",
"사당5동","80~84세","2024 년","328","328","-",
"사당5동","80~84세","2025 년","357","357","-",
"사당5동","85~89세","2024 년","163","163","-",
"사당5동","85~89세","2025 년","162","162","-",
"사당5동","90~94세","2024 년","62","62","-",
"사당5동","90~94세","2025 년","58","58","-",
"사당5동","95~99세","2024 년","17","17","-",
"사당5동","95~99세","2025 년","19","19","-",
"사당5동","100세 이상","2024 년","4","4","-",
"사당5동","100세 이상","2025 년","-","-","-",
"대방동","합계","2024 년","35337","34969","368",
"대방동","합계","2025 년","34093","33698","395",
"대방동","0~4세","2024 년","519","515","4",
"대방동","0~4세","2025 년","544","538","6",
"대방동","5~9세","2024 년","924","920","4",
"대방동","5~9세","2025 년","785","780","5",
"대방동","10~14세","2024 년","1650","1645","5",
"대방동","10~14세","2025 년","1537","1532","5",
"대방동","15~19세","2024 년","1849","1836","13",
"대방동","15~19세","2025 년","1846","1834","12",
"대방동","20~24세","2024 년","2424","2351","73",
"대방동","20~24세","2025 년","2208","2133","75",
"대방동","25~29세","2024 년","3462","3403","59",
"대방동","25~29세","2025 년","3290","3228","62",
"대방동","30~34세","2024 년","3016","2987","29",
"대방동","30~34세","2025 년","2971","2927","44",
"대방동","35~39세","2024 년","2087","2057","30",
"대방동","35~39세","2025 년","2058","2034","24",
"대방동","40~44세","2024 년","2515","2482","33",
"대방동","40~44세","2025 년","2382","2342","40",
"대방동","45~49세","2024 년","2827","2799","28",
"대방동","45~49세","2025 년","2742","2712","30",
"대방동","50~54세","2024 년","3215","3187","28",
"대방동","50~54세","2025 년","2974","2944","30",
"대방동","55~59세","2024 년","2551","2524","27",
"대방동","55~59세","2025 년","2593","2563","30",
"대방동","60~64세","2024 년","2228","2204","24",
"대방동","60~64세","2025 년","2057","2041","16",
"대방동","65~69세","2024 년","2007","2001","6",
"대방동","65~69세","2025 년","1931","1919","12",
"대방동","70~74세","2024 년","1442","1440","2",
"대방동","70~74세","2025 년","1542","1541","1",
"대방동","75~79세","2024 년","1144","1144","-",
"대방동","75~79세","2025 년","1161","1161","-",
"대방동","80~84세","2024 년","802","802","-",
"대방동","80~84세","2025 년","793","793","-",
"대방동","85~89세","2024 년","466","465","1",
"대방동","85~89세","2025 년","444","443","1",
"대방동","90~94세","2024 년","158","156","2",
"대방동","90~94세","2025 년","181","179","2",
"대방동","95~99세","2024 년","44","44","-",
"대방동","95~99세","2025 년","48","48","-",
"대방동","100세 이상","2024 년","7","7","-",
"대방동","100세 이상","2025 년","6","6","-",
"신대방1동","합계","2024 년","24929","23081","1848",
"신대방1동","합계","2025 년","24680","22775","1905",
"신대방1동","0~4세","2024 년","509","494","15",
"신대방1동","0~4세","2025 년","501","491","10",
"신대방1동","5~9세","2024 년","751","704","47",
"신대방1동","5~9세","2025 년","624","595","29",
"신대방1동","10~14세","2024 년","1037","999","38",
"신대방1동","10~14세","2025 년","999","962","37",
"신대방1동","15~19세","2024 년","1155","1109","46",
"신대방1동","15~19세","2025 년","1162","1111","51",
"신대방1동","20~24세","2024 년","1399","1334","65",
"신대방1동","20~24세","2025 년","1362","1247","115",
"신대방1동","25~29세","2024 년","1987","1917","70",
"신대방1동","25~29세","2025 년","1974","1882","92",
"신대방1동","30~34세","2024 년","1902","1790","112",
"신대방1동","30~34세","2025 년","1956","1838","118",
"신대방1동","35~39세","2024 년","1540","1394","146",
"신대방1동","35~39세","2025 년","1543","1402","141",
"신대방1동","40~44세","2024 년","1781","1617","164",
"신대방1동","40~44세","2025 년","1682","1513","169",
"신대방1동","45~49세","2024 년","1976","1789","187",
"신대방1동","45~49세","2025 년","1894","1715","179",
"신대방1동","50~54세","2024 년","2311","2062","249",
"신대방1동","50~54세","2025 년","2199","1959","240",
"신대방1동","55~59세","2024 년","2046","1757","289",
"신대방1동","55~59세","2025 년","2123","1835","288",
"신대방1동","60~64세","2024 년","1920","1686","234",
"신대방1동","60~64세","2025 년","1838","1624","214",
"신대방1동","65~69세","2024 년","1681","1559","122",
"신대방1동","65~69세","2025 년","1717","1571","146",
"신대방1동","70~74세","2024 년","1109","1058","51",
"신대방1동","70~74세","2025 년","1195","1139","56",
"신대방1동","75~79세","2024 년","806","800","6",
"신대방1동","75~79세","2025 년","832","820","12",
"신대방1동","80~84세","2024 년","596","592","4",
"신대방1동","80~84세","2025 년","617","613","4",
"신대방1동","85~89세","2024 년","301","298","3",
"신대방1동","85~89세","2025 년","335","332","3",
"신대방1동","90~94세","2024 년","94","94","-",
"신대방1동","90~94세","2025 년","101","100","1",
"신대방1동","95~99세","2024 년","26","26","-",
"신대방1동","95~99세","2025 년","25","25","-",
"신대방1동","100세 이상","2024 년","2","2","-",
"신대방1동","100세 이상","2025 년","1","1","-",
"신대방2동","합계","2024 년","22106","21838","268",
"신대방2동","합계","2025 년","22354","22054","300",
"신대방2동","0~4세","2024 년","581","578","3",
"신대방2동","0~4세","2025 년","589","587","2",
"신대방2동","5~9세","2024 년","735","732","3",
"신대방2동","5~9세","2025 년","633","630","3",
"신대방2동","10~14세","2024 년","844","842","2",
"신대방2동","10~14세","2025 년","853","850","3",
"신대방2동","15~19세","2024 년","894","882","12",
"신대방2동","15~19세","2025 년","882","868","14",
"신대방2동","20~24세","2024 년","1278","1221","57",
"신대방2동","20~24세","2025 년","1285","1220","65",
"신대방2동","25~29세","2024 년","2316","2285","31",
"신대방2동","25~29세","2025 년","2398","2356","42",
"신대방2동","30~34세","2024 년","2238","2217","21",
"신대방2동","30~34세","2025 년","2345","2315","30",
"신대방2동","35~39세","2024 년","1640","1614","26",
"신대방2동","35~39세","2025 년","1739","1708","31",
"신대방2동","40~44세","2024 년","1665","1640","25",
"신대방2동","40~44세","2025 년","1599","1570","29",
"신대방2동","45~49세","2024 년","1578","1564","14",
"신대방2동","45~49세","2025 년","1571","1559","12",
"신대방2동","50~54세","2024 년","1815","1799","16",
"신대방2동","50~54세","2025 년","1742","1726","16",
"신대방2동","55~59세","2024 년","1481","1453","28",
"신대방2동","55~59세","2025 년","1544","1522","22",
"신대방2동","60~64세","2024 년","1326","1314","12",
"신대방2동","60~64세","2025 년","1276","1266","10",
"신대방2동","65~69세","2024 년","1179","1165","14",
"신대방2동","65~69세","2025 년","1218","1205","13",
"신대방2동","70~74세","2024 년","867","864","3",
"신대방2동","70~74세","2025 년","896","890","6",
"신대방2동","75~79세","2024 년","733","733","-",
"신대방2동","75~79세","2025 년","779","778","1",
"신대방2동","80~84세","2024 년","546","546","-",
"신대방2동","80~84세","2025 년","558","558","-",
"신대방2동","85~89세","2024 년","278","278","-",
"신대방2동","85~89세","2025 년","319","319","-",
"신대방2동","90~94세","2024 년","87","86","1",
"신대방2동","90~94세","2025 년","95","95","-",
"신대방2동","95~99세","2024 년","20","20","-",
"신대방2동","95~99세","2025 년","27","26","1",
"신대방2동","100세 이상","2024 년","5","5","-",
"신대방2동","100세 이상","2025 년","6","6","-",
"관악구","합계","2024 년","495620","477812","17808",
"관악구","합계","2025 년","497391","477605","19786",
"관악구","0~4세","2024 년","6812","6591","221",
"관악구","0~4세","2025 년","6705","6509","196",
"관악구","5~9세","2024 년","8693","8432","261",
"관악구","5~9세","2025 년","7662","7428","234",
"관악구","10~14세","2024 년","10949","10778","171",
"관악구","10~14세","2025 년","10586","10412","174",
"관악구","15~19세","2024 년","14130","13318","812",
"관악구","15~19세","2025 년","14177","13117","1060",
"관악구","20~24세","2024 년","37543","34048","3495",
"관악구","20~24세","2025 년","36284","32040","4244",
"관악구","25~29세","2024 년","73320","69807","3513",
"관악구","25~29세","2025 년","73507","69351","4156",
"관악구","30~34세","2024 년","59502","57513","1989",
"관악구","30~34세","2025 년","61787","59557","2230",
"관악구","35~39세","2024 년","34625","33299","1326",
"관악구","35~39세","2025 년","35861","34463","1398",
"관악구","40~44세","2024 년","31747","30718","1029",
"관악구","40~44세","2025 년","30190","29137","1053",
"관악구","45~49세","2024 년","29315","28482","833",
"관악구","45~49세","2025 년","29570","28710","860",
"관악구","50~54세","2024 년","34796","33697","1099",
"관악구","50~54세","2025 년","33586","32577","1009",
"관악구","55~59세","2024 년","32910","31527","1383",
"관악구","55~59세","2025 년","33220","31888","1332",
"관악구","60~64세","2024 년","32393","31464","929",
"관악구","60~64세","2025 년","31317","30338","979",
"관악구","65~69세","2024 년","29573","29105","468",
"관악구","65~69세","2025 년","30231","29697","534",
"관악구","70~74세","2024 년","21680","21507","173",
"관악구","70~74세","2025 년","23150","22939","211",
"관악구","75~79세","2024 년","17520","17469","51",
"관악구","75~79세","2025 년","18323","18262","61",
"관악구","80~84세","2024 년","12399","12378","21",
"관악구","80~84세","2025 년","12737","12716","21",
"관악구","85~89세","2024 년","5666","5646","20",
"관악구","85~89세","2025 년","6201","6186","15",
"관악구","90~94세","2024 년","1636","1627","9",
"관악구","90~94세","2025 년","1850","1838","12",
"관악구","95~99세","2024 년","360","356","4",
"관악구","95~99세","2025 년","402","396","6",
"관악구","100세 이상","2024 년","51","50","1",
"관악구","100세 이상","2025 년","45","44","1",
"보라매동","합계","2024 년","23850","23337","513",
"보라매동","합계","2025 년","23513","22968","545",
"보라매동","0~4세","2024 년","316","308","8",
"보라매동","0~4세","2025 년","284","278","6",
"보라매동","5~9세","2024 년","488","476","12",
"보라매동","5~9세","2025 년","402","395","7",
"보라매동","10~14세","2024 년","576","571","5",
"보라매동","10~14세","2025 년","580","574","6",
"보라매동","15~19세","2024 년","680","665","15",
"보라매동","15~19세","2025 년","653","633","20",
"보라매동","20~24세","2024 년","1377","1315","62",
"보라매동","20~24세","2025 년","1240","1162","78",
"보라매동","25~29세","2024 년","2974","2911","63",
"보라매동","25~29세","2025 년","2865","2788","77",
"보라매동","30~34세","2024 년","2563","2517","46",
"보라매동","30~34세","2025 년","2712","2665","47",
"보라매동","35~39세","2024 년","1651","1610","41",
"보라매동","35~39세","2025 년","1611","1555","56",
"보라매동","40~44세","2024 년","1605","1555","50",
"보라매동","40~44세","2025 년","1468","1430","38",
"보라매동","45~49세","2024 년","1461","1425","36",
"보라매동","45~49세","2025 년","1495","1452","43",
"보라매동","50~54세","2024 년","1709","1666","43",
"보라매동","50~54세","2025 년","1691","1650","41",
"보라매동","55~59세","2024 년","1667","1611","56",
"보라매동","55~59세","2025 년","1645","1593","52",
"보라매동","60~64세","2024 년","1705","1667","38",
"보라매동","60~64세","2025 년","1632","1596","36",
"보라매동","65~69세","2024 년","1709","1687","22",
"보라매동","65~69세","2025 년","1686","1666","20",
"보라매동","70~74세","2024 년","1183","1172","11",
"보라매동","70~74세","2025 년","1258","1247","11",
"보라매동","75~79세","2024 년","1017","1015","2",
"보라매동","75~79세","2025 년","1056","1052","4",
"보라매동","80~84세","2024 년","697","696","1",
"보라매동","80~84세","2025 년","734","733","1",
"보라매동","85~89세","2024 년","335","334","1",
"보라매동","85~89세","2025 년","355","354","1",
"보라매동","90~94세","2024 년","100","100","-",
"보라매동","90~94세","2025 년","110","110","-",
"보라매동","95~99세","2024 년","34","33","1",
"보라매동","95~99세","2025 년","32","31","1",
"보라매동","100세 이상","2024 년","3","3","-",
"보라매동","100세 이상","2025 년","4","4","-",
"청림동","합계","2024 년","14672","14547","125",
"청림동","합계","2025 년","14418","14276","142",
"청림동","0~4세","2024 년","512","511","1",
"청림동","0~4세","2025 년","478","475","3",
"청림동","5~9세","2024 년","489","486","3",
"청림동","5~9세","2025 년","427","424","3",
"청림동","10~14세","2024 년","485","485","-",
"청림동","10~14세","2025 년","477","477","-",
"청림동","15~19세","2024 년","531","529","2",
"청림동","15~19세","2025 년","488","480","8",
"청림동","20~24세","2024 년","701","685","16",
"청림동","20~24세","2025 년","667","643","24",
"청림동","25~29세","2024 년","934","904","30",
"청림동","25~29세","2025 년","930","897","33",
"청림동","30~34세","2024 년","1259","1238","21",
"청림동","30~34세","2025 년","1215","1200","15",
"청림동","35~39세","2024 년","1144","1129","15",
"청림동","35~39세","2025 년","1190","1177","13",
"청림동","40~44세","2024 년","1158","1151","7",
"청림동","40~44세","2025 년","1086","1078","8",
"청림동","45~49세","2024 년","1030","1023","7",
"청림동","45~49세","2025 년","1014","1005","9",
"청림동","50~54세","2024 년","1231","1226","5",
"청림동","50~54세","2025 년","1133","1127","6",
"청림동","55~59세","2024 년","1084","1074","10",
"청림동","55~59세","2025 년","1146","1135","11",
"청림동","60~64세","2024 년","1076","1075","1",
"청림동","60~64세","2025 년","1027","1024","3",
"청림동","65~69세","2024 년","966","961","5",
"청림동","65~69세","2025 년","1001","997","4",
"청림동","70~74세","2024 년","722","720","2",
"청림동","70~74세","2025 년","750","748","2",
"청림동","75~79세","2024 년","557","557","-",
"청림동","75~79세","2025 년","574","574","-",
"청림동","80~84세","2024 년","431","431","-",
"청림동","80~84세","2025 년","447","447","-",
"청림동","85~89세","2024 년","257","257","-",
"청림동","85~89세","2025 년","261","261","-",
"청림동","90~94세","2024 년","88","88","-",
"청림동","90~94세","2025 년","85","85","-",
"청림동","95~99세","2024 년","15","15","-",
"청림동","95~99세","2025 년","20","20","-",
"청림동","100세 이상","2024 년","2","2","-",
"청림동","100세 이상","2025 년","2","2","-",
"성현동","합계","2024 년","28119","27922","197",
"성현동","합계","2025 년","29888","29674","214",
"성현동","0~4세","2024 년","600","595","5",
"성현동","0~4세","2025 년","743","740","3",
"성현동","5~9세","2024 년","879","872","7",
"성현동","5~9세","2025 년","904","902","2",
"성현동","10~14세","2024 년","1224","1222","2",
"성현동","10~14세","2025 년","1262","1255","7",
"성현동","15~19세","2024 년","1298","1295","3",
"성현동","15~19세","2025 년","1329","1324","5",
"성현동","20~24세","2024 년","1558","1532","26",
"성현동","20~24세","2025 년","1546","1517","29",
"성현동","25~29세","2024 년","1959","1930","29",
"성현동","25~29세","2025 년","2046","2014","32",
"성현동","30~34세","2024 년","1918","1895","23",
"성현동","30~34세","2025 년","2273","2252","21",
"성현동","35~39세","2024 년","1595","1582","13",
"성현동","35~39세","2025 년","1851","1832","19",
"성현동","40~44세","2024 년","2072","2046","26",
"성현동","40~44세","2025 년","2122","2102","20",
"성현동","45~49세","2024 년","2213","2204","9",
"성현동","45~49세","2025 년","2314","2297","17",
"성현동","50~54세","2024 년","2574","2561","13",
"성현동","50~54세","2025 년","2641","2628","13",
"성현동","55~59세","2024 년","2222","2204","18",
"성현동","55~59세","2025 년","2417","2402","15",
"성현동","60~64세","2024 년","2026","2013","13",
"성현동","60~64세","2025 년","2071","2052","19",
"성현동","65~69세","2024 년","1959","1953","6",
"성현동","65~69세","2025 년","2027","2021","6",
"성현동","70~74세","2024 년","1438","1437","1",
"성현동","70~74세","2025 년","1566","1565","1",
"성현동","75~79세","2024 년","1178","1176","2",
"성현동","75~79세","2025 년","1263","1259","4",
"성현동","80~84세","2024 년","869","868","1",
"성현동","80~84세","2025 년","897","896","1",
"성현동","85~89세","2024 년","404","404","-",
"성현동","85~89세","2025 년","462","462","-",
"성현동","90~94세","2024 년","113","113","-",
"성현동","90~94세","2025 년","123","123","-",
"성현동","95~99세","2024 년","15","15","-",
"성현동","95~99세","2025 년","27","27","-",
"성현동","100세 이상","2024 년","5","5","-",
"성현동","100세 이상","2025 년","4","4","-",
"행운동","합계","2024 년","29316","28683","633",
"행운동","합계","2025 년","29150","28418","732",
"행운동","0~4세","2024 년","368","356","12",
"행운동","0~4세","2025 년","342","330","12",
"행운동","5~9세","2024 년","439","438","1",
"행운동","5~9세","2025 년","396","391","5",
"행운동","10~14세","2024 년","537","527","10",
"행운동","10~14세","2025 년","522","517","5",
"행운동","15~19세","2024 년","716","701","15",
"행운동","15~19세","2025 년","689","660","29",
"행운동","20~24세","2024 년","2358","2210","148",
"행운동","20~24세","2025 년","2239","2057","182",
"행운동","25~29세","2024 년","5215","5082","133",
"행운동","25~29세","2025 년","5072","4920","152",
"행운동","30~34세","2024 년","4127","4054","73",
"행운동","30~34세","2025 년","4334","4232","102",
"행운동","35~39세","2024 년","2197","2150","47",
"행운동","35~39세","2025 년","2276","2222","54",
"행운동","40~44세","2024 년","1814","1781","33",
"행운동","40~44세","2025 년","1742","1709","33",
"행운동","45~49세","2024 년","1601","1564","37",
"행운동","45~49세","2025 년","1570","1535","35",
"행운동","50~54세","2024 년","1801","1771","30",
"행운동","50~54세","2025 년","1735","1707","28",
"행운동","55~59세","2024 년","1663","1611","52",
"행운동","55~59세","2025 년","1684","1636","48",
"행운동","60~64세","2024 년","1691","1669","22",
"행운동","60~64세","2025 년","1615","1593","22",
"행운동","65~69세","2024 년","1573","1562","11",
"행운동","65~69세","2025 년","1511","1499","12",
"행운동","70~74세","2024 년","1153","1146","7",
"행운동","70~74세","2025 년","1255","1247","8",
"행운동","75~79세","2024 년","1026","1026","-",
"행운동","75~79세","2025 년","1043","1040","3",
"행운동","80~84세","2024 년","667","667","-",
"행운동","80~84세","2025 년","691","691","-",
"행운동","85~89세","2024 년","274","272","2",
"행운동","85~89세","2025 년","314","313","1",
"행운동","90~94세","2024 년","80","80","-",
"행운동","90~94세","2025 년","98","97","1",
"행운동","95~99세","2024 년","14","14","-",
"행운동","95~99세","2025 년","20","20","-",
"행운동","100세 이상","2024 년","2","2","-",
"행운동","100세 이상","2025 년","2","2","-",
"낙성대동","합계","2024 년","18013","17403","610",
"낙성대동","합계","2025 년","18239","17524","715",
"낙성대동","0~4세","2024 년","248","240","8",
"낙성대동","0~4세","2025 년","235","234","1",
"낙성대동","5~9세","2024 년","255","251","4",
"낙성대동","5~9세","2025 년","212","209","3",
"낙성대동","10~14세","2024 년","321","317","4",
"낙성대동","10~14세","2025 년","306","302","4",
"낙성대동","15~19세","2024 년","463","445","18",
"낙성대동","15~19세","2025 년","469","428","41",
"낙성대동","20~24세","2024 년","2143","1956","187",
"낙성대동","20~24세","2025 년","2133","1907","226",
"낙성대동","25~29세","2024 년","3904","3761","143",
"낙성대동","25~29세","2025 년","4035","3866","169",
"낙성대동","30~34세","2024 년","2873","2795","78",
"낙성대동","30~34세","2025 년","2944","2854","90",
"낙성대동","35~39세","2024 년","1380","1327","53",
"낙성대동","35~39세","2025 년","1477","1428","49",
"낙성대동","40~44세","2024 년","996","958","38",
"낙성대동","40~44세","2025 년","947","911","36",
"낙성대동","45~49세","2024 년","818","802","16",
"낙성대동","45~49세","2025 년","836","806","30",
"낙성대동","50~54세","2024 년","928","907","21",
"낙성대동","50~54세","2025 년","913","891","22",
"낙성대동","55~59세","2024 년","800","786","14",
"낙성대동","55~59세","2025 년","810","790","20",
"낙성대동","60~64세","2024 년","720","705","15",
"낙성대동","60~64세","2025 년","694","682","12",
"낙성대동","65~69세","2024 년","686","678","8",
"낙성대동","65~69세","2025 년","683","674","9",
"낙성대동","70~74세","2024 년","516","516","-",
"낙성대동","70~74세","2025 년","532","532","-",
"낙성대동","75~79세","2024 년","405","404","1",
"낙성대동","75~79세","2025 년","430","429","1",
"낙성대동","80~84세","2024 년","343","342","1",
"낙성대동","80~84세","2025 년","338","337","1",
"낙성대동","85~89세","2024 년","160","159","1",
"낙성대동","85~89세","2025 년","182","181","1",
"낙성대동","90~94세","2024 년","42","42","-",
"낙성대동","90~94세","2025 년","50","50","-",
"낙성대동","95~99세","2024 년","10","10","-",
"낙성대동","95~99세","2025 년","12","12","-",
"낙성대동","100세 이상","2024 년","2","2","-",
"낙성대동","100세 이상","2025 년","1","1","-",
"청룡동","합계","2024 년","37009","35865","1144",
"청룡동","합계","2025 년","37064","35843","1221",
"청룡동","0~4세","2024 년","489","481","8",
"청룡동","0~4세","2025 년","470","462","8",
"청룡동","5~9세","2024 년","517","506","11",
"청룡동","5~9세","2025 년","427","417","10",
"청룡동","10~14세","2024 년","548","541","7",
"청룡동","10~14세","2025 년","543","538","5",
"청룡동","15~19세","2024 년","898","856","42",
"청룡동","15~19세","2025 년","931","892","39",
"청룡동","20~24세","2024 년","3994","3779","215",
"청룡동","20~24세","2025 년","3837","3574","263",
"청룡동","25~29세","2024 년","7961","7734","227",
"청룡동","25~29세","2025 년","8077","7803","274",
"청룡동","30~34세","2024 년","5304","5165","139",
"청룡동","30~34세","2025 년","5394","5265","129",
"청룡동","35~39세","2024 년","2546","2466","80",
"청룡동","35~39세","2025 년","2624","2540","84",
"청룡동","40~44세","2024 년","2032","1968","64",
"청룡동","40~44세","2025 년","1903","1842","61",
"청룡동","45~49세","2024 년","1728","1685","43",
"청룡동","45~49세","2025 년","1755","1708","47",
"청룡동","50~54세","2024 년","2167","2088","79",
"청룡동","50~54세","2025 년","2093","2019","74",
"청룡동","55~59세","2024 년","1892","1794","98",
"청룡동","55~59세","2025 년","1951","1858","93",
"청룡동","60~64세","2024 년","1806","1745","61",
"청룡동","60~64세","2025 년","1682","1624","58",
"청룡동","65~69세","2024 년","1675","1629","46",
"청룡동","65~69세","2025 년","1746","1698","48",
"청룡동","70~74세","2024 년","1255","1241","14",
"청룡동","70~74세","2025 년","1312","1295","17",
"청룡동","75~79세","2024 년","1078","1071","7",
"청룡동","75~79세","2025 년","1126","1119","7",
"청룡동","80~84세","2024 년","703","702","1",
"청룡동","80~84세","2025 년","736","734","2",
"청룡동","85~89세","2024 년","293","293","-",
"청룡동","85~89세","2025 년","325","325","-",
"청룡동","90~94세","2024 년","98","97","1",
"청룡동","90~94세","2025 년","108","107","1",
"청룡동","95~99세","2024 년","22","21","1",
"청룡동","95~99세","2025 년","20","19","1",
"청룡동","100세 이상","2024 년","3","3","-",
"청룡동","100세 이상","2025 년","4","4","-",
"은천동","합계","2024 년","32397","31863","534",
"은천동","합계","2025 년","31974","31396","578",
"은천동","0~4세","2024 년","590","586","4",
"은천동","0~4세","2025 년","565","558","7",
"은천동","5~9세","2024 년","838","827","11",
"은천동","5~9세","2025 년","715","705","10",
"은천동","10~14세","2024 년","1130","1123","7",
"은천동","10~14세","2025 년","1010","1003","7",
"은천동","15~19세","2024 년","1291","1274","17",
"은천동","15~19세","2025 년","1312","1290","22",
"은천동","20~24세","2024 년","1825","1767","58",
"은천동","20~24세","2025 년","1723","1660","63",
"은천동","25~29세","2024 년","3250","3177","73",
"은천동","25~29세","2025 년","3231","3137","94",
"은천동","30~34세","2024 년","3033","2981","52",
"은천동","30~34세","2025 년","3181","3115","66",
"은천동","35~39세","2024 년","2164","2113","51",
"은천동","35~39세","2025 년","2140","2095","45",
"은천동","40~44세","2024 년","2234","2197","37",
"은천동","40~44세","2025 년","2074","2038","36",
"은천동","45~49세","2024 년","2323","2290","33",
"은천동","45~49세","2025 년","2250","2215","35",
"은천동","50~54세","2024 년","2573","2515","58",
"은천동","50~54세","2025 년","2489","2436","53",
"은천동","55~59세","2024 년","2308","2257","51",
"은천동","55~59세","2025 년","2315","2262","53",
"은천동","60~64세","2024 년","2314","2276","38",
"은천동","60~64세","2025 년","2198","2160","38",
"은천동","65~69세","2024 년","2107","2083","24",
"은천동","65~69세","2025 년","2144","2116","28",
"은천동","70~74세","2024 년","1650","1639","11",
"은천동","70~74세","2025 년","1709","1696","13",
"은천동","75~79세","2024 년","1299","1294","5",
"은천동","75~79세","2025 년","1381","1375","6",
"은천동","80~84세","2024 년","926","923","3",
"은천동","80~84세","2025 년","935","934","1",
"은천동","85~89세","2024 년","397","396","1",
"은천동","85~89세","2025 년","441","440","1",
"은천동","90~94세","2024 년","114","114","-",
"은천동","90~94세","2025 년","133","133","-",
"은천동","95~99세","2024 년","28","28","-",
"은천동","95~99세","2025 년","25","25","-",
"은천동","100세 이상","2024 년","3","3","-",
"은천동","100세 이상","2025 년","3","3","-",
"중앙동","합계","2024 년","15561","15151","410",
"중앙동","합계","2025 년","15600","15167","433",
"중앙동","0~4세","2024 년","141","141","-",
"중앙동","0~4세","2025 년","121","119","2",
"중앙동","5~9세","2024 년","158","158","-",
"중앙동","5~9세","2025 년","143","142","1",
"중앙동","10~14세","2024 년","217","215","2",
"중앙동","10~14세","2025 년","198","197","1",
"중앙동","15~19세","2024 년","317","303","14",
"중앙동","15~19세","2025 년","320","310","10",
"중앙동","20~24세","2024 년","1420","1326","94",
"중앙동","20~24세","2025 년","1313","1214","99",
"중앙동","25~29세","2024 년","3151","3078","73",
"중앙동","25~29세","2025 년","3260","3171","89",
"중앙동","30~34세","2024 년","2331","2278","53",
"중앙동","30~34세","2025 년","2430","2377","53",
"중앙동","35~39세","2024 년","1071","1031","40",
"중앙동","35~39세","2025 년","1119","1082","37",
"중앙동","40~44세","2024 년","906","887","19",
"중앙동","40~44세","2025 년","857","833","24",
"중앙동","45~49세","2024 년","727","705","22",
"중앙동","45~49세","2025 년","727","713","14",
"중앙동","50~54세","2024 년","854","823","31",
"중앙동","50~54세","2025 년","840","808","32",
"중앙동","55~59세","2024 년","844","814","30",
"중앙동","55~59세","2025 년","816","784","32",
"중앙동","60~64세","2024 년","849","833","16",
"중앙동","60~64세","2025 년","801","778","23",
"중앙동","65~69세","2024 년","789","780","9",
"중앙동","65~69세","2025 년","809","801","8",
"중앙동","70~74세","2024 년","632","628","4",
"중앙동","70~74세","2025 년","649","644","5",
"중앙동","75~79세","2024 년","510","509","1",
"중앙동","75~79세","2025 년","534","533","1",
"중앙동","80~84세","2024 년","412","412","-",
"중앙동","80~84세","2025 년","395","395","-",
"중앙동","85~89세","2024 년","175","174","1",
"중앙동","85~89세","2025 년","200","199","1",
"중앙동","90~94세","2024 년","50","49","1",
"중앙동","90~94세","2025 년","61","60","1",
"중앙동","95~99세","2024 년","6","6","-",
"중앙동","95~99세","2025 년","7","7","-",
"중앙동","100세 이상","2024 년","1","1","-",
"중앙동","100세 이상","2025 년","-","-","-",
"인헌동","합계","2024 년","25434","25009","425",
"인헌동","합계","2025 년","25387","24908","479",
"인헌동","0~4세","2024 년","320","314","6",
"인헌동","0~4세","2025 년","274","270","4",
"인헌동","5~9세","2024 년","421","411","10",
"인헌동","5~9세","2025 년","376","366","10",
"인헌동","10~14세","2024 년","538","530","8",
"인헌동","10~14세","2025 년","489","478","11",
"인헌동","15~19세","2024 년","717","705","12",
"인헌동","15~19세","2025 년","695","679","16",
"인헌동","20~24세","2024 년","1796","1736","60",
"인헌동","20~24세","2025 년","1822","1746","76",
"인헌동","25~29세","2024 년","3909","3822","87",
"인헌동","25~29세","2025 년","3985","3873","112",
"인헌동","30~34세","2024 년","3349","3283","66",
"인헌동","30~34세","2025 년","3389","3319","70",
"인헌동","35~39세","2024 년","1769","1730","39",
"인헌동","35~39세","2025 년","1808","1761","47",
"인헌동","40~44세","2024 년","1627","1588","39",
"인헌동","40~44세","2025 년","1515","1483","32",
"인헌동","45~49세","2024 년","1510","1487","23",
"인헌동","45~49세","2025 년","1482","1455","27",
"인헌동","50~54세","2024 년","1776","1754","22",
"인헌동","50~54세","2025 년","1675","1658","17",
"인헌동","55~59세","2024 년","1680","1661","19",
"인헌동","55~59세","2025 년","1670","1651","19",
"인헌동","60~64세","2024 년","1587","1566","21",
"인헌동","60~64세","2025 년","1563","1541","22",
"인헌동","65~69세","2024 년","1436","1430","6",
"인헌동","65~69세","2025 년","1451","1443","8",
"인헌동","70~74세","2024 년","1114","1111","3",
"인헌동","70~74세","2025 년","1220","1217","3",
"인헌동","75~79세","2024 년","864","861","3",
"인헌동","75~79세","2025 년","922","919","3",
"인헌동","80~84세","2024 년","649","649","-",
"인헌동","80~84세","2025 년","634","633","1",
"인헌동","85~89세","2024 년","292","291","1",
"인헌동","85~89세","2025 년","320","319","1",
"인헌동","90~94세","2024 년","64","64","-",
"인헌동","90~94세","2025 년","78","78","-",
"인헌동","95~99세","2024 년","14","14","-",
"인헌동","95~99세","2025 년","17","17","-",
"인헌동","100세 이상","2024 년","2","2","-",
"인헌동","100세 이상","2025 년","2","2","-",
"남현동","합계","2024 년","17724","17507","217",
"남현동","합계","2025 년","17469","17248","221",
"남현동","0~4세","2024 년","325","322","3",
"남현동","0~4세","2025 년","311","309","2",
"남현동","5~9세","2024 년","345","343","2",
"남현동","5~9세","2025 년","284","281","3",
"남현동","10~14세","2024 년","327","327","-",
"남현동","10~14세","2025 년","355","354","1",
"남현동","15~19세","2024 년","361","361","-",
"남현동","15~19세","2025 년","348","345","3",
"남현동","20~24세","2024 년","1023","1008","15",
"남현동","20~24세","2025 년","933","918","15",
"남현동","25~29세","2024 년","2595","2556","39",
"남현동","25~29세","2025 년","2515","2463","52",
"남현동","30~34세","2024 년","2415","2366","49",
"남현동","30~34세","2025 년","2380","2345","35",
"남현동","35~39세","2024 년","1464","1444","20",
"남현동","35~39세","2025 년","1477","1453","24",
"남현동","40~44세","2024 년","1176","1163","13",
"남현동","40~44세","2025 년","1083","1066","17",
"남현동","45~49세","2024 년","937","924","13",
"남현동","45~49세","2025 년","1001","988","13",
"남현동","50~54세","2024 년","1165","1145","20",
"남현동","50~54세","2025 년","1061","1044","17",
"남현동","55~59세","2024 년","1204","1181","23",
"남현동","55~59세","2025 년","1230","1211","19",
"남현동","60~64세","2024 년","1185","1177","8",
"남현동","60~64세","2025 년","1129","1118","11",
"남현동","65~69세","2024 년","1093","1089","4",
"남현동","65~69세","2025 년","1134","1132","2",
"남현동","70~74세","2024 년","794","788","6",
"남현동","70~74세","2025 년","828","822","6",
"남현동","75~79세","2024 년","625","624","1",
"남현동","75~79세","2025 년","664","663","1",
"남현동","80~84세","2024 년","443","443","-",
"남현동","80~84세","2025 년","446","446","-",
"남현동","85~89세","2024 년","170","169","1",
"남현동","85~89세","2025 년","198","198","-",
"남현동","90~94세","2024 년","62","62","-",
"남현동","90~94세","2025 년","81","81","-",
"남현동","95~99세","2024 년","13","13","-",
"남현동","95~99세","2025 년","10","10","-",
"남현동","100세 이상","2024 년","2","2","-",
"남현동","100세 이상","2025 년","1","1","-",
"서원동","합계","2024 년","23874","22958","916",
"서원동","합계","2025 년","23834","22792","1042",
"서원동","0~4세","2024 년","242","235","7",
"서원동","0~4세","2025 년","205","196","9",
"서원동","5~9세","2024 년","226","219","7",
"서원동","5~9세","2025 년","205","200","5",
"서원동","10~14세","2024 년","309","305","4",
"서원동","10~14세","2025 년","283","279","4",
"서원동","15~19세","2024 년","457","432","25",
"서원동","15~19세","2025 년","470","423","47",
"서원동","20~24세","2024 년","1967","1768","199",
"서원동","20~24세","2025 년","1811","1565","246",
"서원동","25~29세","2024 년","4718","4479","239",
"서원동","25~29세","2025 년","4659","4370","289",
"서원동","30~34세","2024 년","3764","3636","128",
"서원동","30~34세","2025 년","3870","3718","152",
"서원동","35~39세","2024 년","1738","1670","68",
"서원동","35~39세","2025 년","1874","1812","62",
"서원동","40~44세","2024 년","1430","1390","40",
"서원동","40~44세","2025 년","1382","1345","37",
"서원동","45~49세","2024 년","1254","1215","39",
"서원동","45~49세","2025 년","1271","1235","36",
"서원동","50~54세","2024 년","1367","1326","41",
"서원동","50~54세","2025 년","1323","1284","39",
"서원동","55~59세","2024 년","1379","1326","53",
"서원동","55~59세","2025 년","1386","1335","51",
"서원동","60~64세","2024 년","1370","1329","41",
"서원동","60~64세","2025 년","1298","1259","39",
"서원동","65~69세","2024 년","1198","1178","20",
"서원동","65~69세","2025 년","1255","1235","20",
"서원동","70~74세","2024 년","882","879","3",
"서원동","70~74세","2025 년","949","945","4",
"서원동","75~79세","2024 년","733","733","-",
"서원동","75~79세","2025 년","719","719","-",
"서원동","80~84세","2024 년","530","529","1",
"서원동","80~84세","2025 년","541","541","-",
"서원동","85~89세","2024 년","242","241","1",
"서원동","85~89세","2025 년","260","258","2",
"서원동","90~94세","2024 년","54","54","-",
"서원동","90~94세","2025 년","61","61","-",
"서원동","95~99세","2024 년","13","13","-",
"서원동","95~99세","2025 년","11","11","-",
"서원동","100세 이상","2024 년","1","1","-",
"서원동","100세 이상","2025 년","1","1","-",
"신원동","합계","2024 년","18316","17376","940",
"신원동","합계","2025 년","18155","17199","956",
"신원동","0~4세","2024 년","158","140","18",
"신원동","0~4세","2025 년","136","122","14",
"신원동","5~9세","2024 년","211","192","19",
"신원동","5~9세","2025 년","183","166","17",
"신원동","10~14세","2024 년","292","283","9",
"신원동","10~14세","2025 년","287","279","8",
"신원동","15~19세","2024 년","398","380","18",
"신원동","15~19세","2025 년","368","342","26",
"신원동","20~24세","2024 년","1272","1154","118",
"신원동","20~24세","2025 년","1237","1088","149",
"신원동","25~29세","2024 년","2959","2806","153",
"신원동","25~29세","2025 년","2837","2669","168",
"신원동","30~34세","2024 년","2401","2309","92",
"신원동","30~34세","2025 년","2492","2390","102",
"신원동","35~39세","2024 년","1270","1195","75",
"신원동","35~39세","2025 년","1297","1222","75",
"신원동","40~44세","2024 년","1092","1036","56",
"신원동","40~44세","2025 년","1057","1004","53",
"신원동","45~49세","2024 년","994","945","49",
"신원동","45~49세","2025 년","1001","958","43",
"신원동","50~54세","2024 년","1259","1173","86",
"신원동","50~54세","2025 년","1177","1113","64",
"신원동","55~59세","2024 년","1284","1159","125",
"신원동","55~59세","2025 년","1222","1111","111",
"신원동","60~64세","2024 년","1171","1103","68",
"신원동","60~64세","2025 년","1157","1093","64",
"신원동","65~69세","2024 년","1125","1091","34",
"신원동","65~69세","2025 년","1150","1104","46",
"신원동","70~74세","2024 년","830","816","14",
"신원동","70~74세","2025 년","892","880","12",
"신원동","75~79세","2024 년","711","708","3",
"신원동","75~79세","2025 년","728","726","2",
"신원동","80~84세","2024 년","571","570","1",
"신원동","80~84세","2025 년","577","577","-",
"신원동","85~89세","2024 년","234","234","-",
"신원동","85~89세","2025 년","262","262","-",
"신원동","90~94세","2024 년","69","67","2",
"신원동","90~94세","2025 년","82","81","1",
"신원동","95~99세","2024 년","12","12","-",
"신원동","95~99세","2025 년","11","10","1",
"신원동","100세 이상","2024 년","3","3","-",
"신원동","100세 이상","2025 년","2","2","-",
"서림동","합계","2024 년","24669","23209","1460",
"서림동","합계","2025 년","25112","23462","1650",
"서림동","0~4세","2024 년","220","216","4",
"서림동","0~4세","2025 년","222","217","5",
"서림동","5~9세","2024 년","339","337","2",
"서림동","5~9세","2025 년","283","277","6",
"서림동","10~14세","2024 년","389","385","4",
"서림동","10~14세","2025 년","364","360","4",
"서림동","15~19세","2024 년","688","518","170",
"서림동","15~19세","2025 년","732","528","204",
"서림동","20~24세","2024 년","2306","1811","495",
"서림동","20~24세","2025 년","2386","1834","552",
"서림동","25~29세","2024 년","3997","3577","420",
"서림동","25~29세","2025 년","4121","3653","468",
"서림동","30~34세","2024 년","3197","3042","155",
"서림동","30~34세","2025 년","3342","3160","182",
"서림동","35~39세","2024 년","1903","1820","83",
"서림동","35~39세","2025 년","1976","1890","86",
"서림동","40~44세","2024 년","1708","1672","36",
"서림동","40~44세","2025 년","1588","1537","51",
"서림동","45~49세","2024 년","1402","1374","28",
"서림동","45~49세","2025 년","1456","1431","25",
"서림동","50~54세","2024 년","1577","1558","19",
"서림동","50~54세","2025 년","1536","1517","19",
"서림동","55~59세","2024 년","1488","1466","22",
"서림동","55~59세","2025 년","1487","1464","23",
"서림동","60~64세","2024 년","1489","1476","13",
"서림동","60~64세","2025 년","1420","1406","14",
"서림동","65~69세","2024 년","1323","1319","4",
"서림동","65~69세","2025 년","1371","1365","6",
"서림동","70~74세","2024 년","1021","1018","3",
"서림동","70~74세","2025 년","1129","1126","3",
"서림동","75~79세","2024 년","732","730","2",
"서림동","75~79세","2025 년","744","742","2",
"서림동","80~84세","2024 년","529","529","-",
"서림동","80~84세","2025 년","575","575","-",
"서림동","85~89세","2024 년","263","263","-",
"서림동","85~89세","2025 년","273","273","-",
"서림동","90~94세","2024 년","68","68","-",
"서림동","90~94세","2025 년","81","81","-",
"서림동","95~99세","2024 년","25","25","-",
"서림동","95~99세","2025 년","23","23","-",
"서림동","100세 이상","2024 년","5","5","-",
"서림동","100세 이상","2025 년","3","3","-",
"신사동","합계","2024 년","24405","22171","2234",
"신사동","합계","2025 년","24296","22012","2284",
"신사동","0~4세","2024 년","215","175","40",
"신사동","0~4세","2025 년","173","150","23",
"신사동","5~9세","2024 년","365","296","69",
"신사동","5~9세","2025 년","302","239","63",
"신사동","10~14세","2024 년","402","357","45",
"신사동","10~14세","2025 년","402","352","50",
"신사동","15~19세","2024 년","585","533","52",
"신사동","15~19세","2025 년","578","514","64",
"신사동","20~24세","2024 년","1873","1727","146",
"신사동","20~24세","2025 년","1763","1553","210",
"신사동","25~29세","2024 년","4344","4141","203",
"신사동","25~29세","2025 년","4322","4105","217",
"신사동","30~34세","2024 년","3065","2923","142",
"신사동","30~34세","2025 년","3191","3047","144",
"신사동","35~39세","2024 년","1580","1390","190",
"신사동","35~39세","2025 년","1657","1483","174",
"신사동","40~44세","2024 년","1432","1247","185",
"신사동","40~44세","2025 년","1355","1160","195",
"신사동","45~49세","2024 년","1371","1188","183",
"신사동","45~49세","2025 년","1333","1149","184",
"신사동","50~54세","2024 년","1732","1470","262",
"신사동","50~54세","2025 년","1633","1412","221",
"신사동","55~59세","2024 년","1785","1474","311",
"신사동","55~59세","2025 년","1788","1485","303",
"신사동","60~64세","2024 년","1670","1429","241",
"신사동","60~64세","2025 년","1593","1360","233",
"신사동","65~69세","2024 년","1326","1224","102",
"신사동","65~69세","2025 년","1404","1275","129",
"신사동","70~74세","2024 년","985","941","44",
"신사동","70~74세","2025 년","1046","993","53",
"신사동","75~79세","2024 년","766","758","8",
"신사동","75~79세","2025 년","797","787","10",
"신사동","80~84세","2024 년","582","579","3",
"신사동","80~84세","2025 년","598","595","3",
"신사동","85~89세","2024 년","237","234","3",
"신사동","85~89세","2025 년","257","256","1",
"신사동","90~94세","2024 년","74","72","2",
"신사동","90~94세","2025 년","86","83","3",
"신사동","95~99세","2024 년","13","11","2",
"신사동","95~99세","2025 년","15","12","3",
"신사동","100세 이상","2024 년","3","2","1",
"신사동","100세 이상","2025 년","3","2","1",
"신림동","합계","2024 년","24050","22969","1081",
"신림동","합계","2025 년","24445","23109","1336",
"신림동","0~4세","2024 년","114","108","6",
"신림동","0~4세","2025 년","106","95","11",
"신림동","5~9세","2024 년","124","116","8",
"신림동","5~9세","2025 년","102","96","6",
"신림동","10~14세","2024 년","122","119","3",
"신림동","10~14세","2025 년","122","117","5",
"신림동","15~19세","2024 년","306","275","31",
"신림동","15~19세","2025 년","328","285","43",
"신림동","20~24세","2024 년","2626","2395","231",
"신림동","20~24세","2025 년","2496","2206","290",
"신림동","25~29세","2024 년","6545","6229","316",
"신림동","25~29세","2025 년","6458","6047","411",
"신림동","30~34세","2024 년","4696","4548","148",
"신림동","30~34세","2025 년","5143","4936","207",
"신림동","35~39세","2024 년","2130","2044","86",
"신림동","35~39세","2025 년","2197","2109","88",
"신림동","40~44세","2024 년","1495","1446","49",
"신림동","40~44세","2025 년","1436","1383","53",
"신림동","45~49세","2024 년","1052","1021","31",
"신림동","45~49세","2025 년","1118","1078","40",
"신림동","50~54세","2024 년","1019","977","42",
"신림동","50~54세","2025 년","1013","975","38",
"신림동","55~59세","2024 년","878","824","54",
"신림동","55~59세","2025 년","902","847","55",
"신림동","60~64세","2024 년","820","784","36",
"신림동","60~64세","2025 년","825","778","47",
"신림동","65~69세","2024 년","709","684","25",
"신림동","65~69세","2025 년","719","695","24",
"신림동","70~74세","2024 년","513","507","6",
"신림동","70~74세","2025 년","528","519","9",
"신림동","75~79세","2024 년","430","426","4",
"신림동","75~79세","2025 년","462","459","3",
"신림동","80~84세","2024 년","292","290","2",
"신림동","80~84세","2025 년","298","295","3",
"신림동","85~89세","2024 년","137","135","2",
"신림동","85~89세","2025 년","145","144","1",
"신림동","90~94세","2024 년","34","33","1",
"신림동","90~94세","2025 년","39","37","2",
"신림동","95~99세","2024 년","7","7","-",
"신림동","95~99세","2025 년","8","8","-",
"신림동","100세 이상","2024 년","1","1","-",
"신림동","100세 이상","2025 년","-","-","-",
"난향동","합계","2024 년","14739","14618","121",
"난향동","합계","2025 년","14564","14435","129",
"난향동","0~4세","2024 년","303","295","8",
"난향동","0~4세","2025 년","323","315","8",
"난향동","5~9세","2024 년","464","458","6",
"난향동","5~9세","2025 년","404","400","4",
"난향동","10~14세","2024 년","670","668","2",
"난향동","10~14세","2025 년","659","655","4",
"난향동","15~19세","2024 년","692","692","-",
"난향동","15~19세","2025 년","680","680","-",
"난향동","20~24세","2024 년","784","779","5",
"난향동","20~24세","2025 년","724","721","3",
"난향동","25~29세","2024 년","768","766","2",
"난향동","25~29세","2025 년","764","760","4",
"난향동","30~34세","2024 년","807","794","13",
"난향동","30~34세","2025 년","791","781","10",
"난향동","35~39세","2024 년","808","793","15",
"난향동","35~39세","2025 년","773","755","18",
"난향동","40~44세","2024 년","1128","1111","17",
"난향동","40~44세","2025 년","1036","1018","18",
"난향동","45~49세","2024 년","1260","1253","7",
"난향동","45~49세","2025 년","1259","1247","12",
"난향동","50~54세","2024 년","1525","1514","11",
"난향동","50~54세","2025 년","1465","1453","12",
"난향동","55~59세","2024 년","1265","1249","16",
"난향동","55~59세","2025 년","1292","1278","14",
"난향동","60~64세","2024 년","1180","1167","13",
"난향동","60~64세","2025 년","1113","1098","15",
"난향동","65~69세","2024 년","1045","1043","2",
"난향동","65~69세","2025 년","1109","1104","5",
"난향동","70~74세","2024 년","777","776","1",
"난향동","70~74세","2025 년","830","829","1",
"난향동","75~79세","2024 년","610","608","2",
"난향동","75~79세","2025 년","641","641","-",
"난향동","80~84세","2024 년","400","400","-",
"난향동","80~84세","2025 년","425","425","-",
"난향동","85~89세","2024 년","182","182","-",
"난향동","85~89세","2025 년","197","197","-",
"난향동","90~94세","2024 년","58","57","1",
"난향동","90~94세","2025 년","67","66","1",
"난향동","95~99세","2024 년","12","12","-",
"난향동","95~99세","2025 년","10","10","-",
"난향동","100세 이상","2024 년","1","1","-",
"난향동","100세 이상","2025 년","2","2","-",
"조원동","합계","2024 년","21097","19605","1492",
"조원동","합계","2025 년","21420","19780","1640",
"조원동","0~4세","2024 년","402","382","20",
"조원동","0~4세","2025 년","459","442","17",
"조원동","5~9세","2024 년","324","299","25",
"조원동","5~9세","2025 년","300","277","23",
"조원동","10~14세","2024 년","374","350","24",
"조원동","10~14세","2025 년","356","332","24",
"조원동","15~19세","2024 년","457","425","32",
"조원동","15~19세","2025 년","425","384","41",
"조원동","20~24세","2024 년","1329","1222","107",
"조원동","20~24세","2025 년","1356","1201","155",
"조원동","25~29세","2024 년","3144","3018","126",
"조원동","25~29세","2025 년","3243","3086","157",
"조원동","30~34세","2024 년","2955","2851","104",
"조원동","30~34세","2025 년","3068","2948","120",
"조원동","35~39세","2024 년","1807","1689","118",
"조원동","35~39세","2025 년","1894","1767","127",
"조원동","40~44세","2024 년","1399","1295","104",
"조원동","40~44세","2025 년","1370","1255","115",
"조원동","45~49세","2024 년","1196","1073","123",
"조원동","45~49세","2025 년","1201","1094","107",
"조원동","50~54세","2024 년","1362","1183","179",
"조원동","50~54세","2025 년","1284","1108","176",
"조원동","55~59세","2024 년","1454","1197","257",
"조원동","55~59세","2025 년","1413","1163","250",
"조원동","60~64세","2024 년","1448","1298","150",
"조원동","60~64세","2025 년","1411","1227","184",
"조원동","65~69세","2024 년","1229","1148","81",
"조원동","65~69세","2025 년","1295","1204","91",
"조원동","70~74세","2024 년","869","842","27",
"조원동","70~74세","2025 년","918","882","36",
"조원동","75~79세","2024 년","631","624","7",
"조원동","75~79세","2025 년","672","663","9",
"조원동","80~84세","2024 년","428","424","4",
"조원동","80~84세","2025 년","447","442","5",
"조원동","85~89세","2024 년","212","208","4",
"조원동","85~89세","2025 년","214","212","2",
"조원동","90~94세","2024 년","57","57","-",
"조원동","90~94세","2025 년","73","72","1",
"조원동","95~99세","2024 년","16","16","-",
"조원동","95~99세","2025 년","19","19","-",
"조원동","100세 이상","2024 년","4","4","-",
"조원동","100세 이상","2025 년","2","2","-",
"대학동","합계","2024 년","27940","24378","3562",
"대학동","합계","2025 년","28856","24672","4184",
"대학동","0~4세","2024 년","275","234","41",
"대학동","0~4세","2025 년","267","227","40",
"대학동","5~9세","2024 년","287","258","29",
"대학동","5~9세","2025 년","259","238","21",
"대학동","10~14세","2024 년","387","378","9",
"대학동","10~14세","2025 년","356","349","7",
"대학동","15~19세","2024 년","813","490","323",
"대학동","15~19세","2025 년","927","522","405",
"대학동","20~24세","2024 년","3517","2278","1239",
"대학동","20~24세","2025 년","3705","2229","1476",
"대학동","25~29세","2024 년","5170","4144","1026",
"대학동","25~29세","2025 년","5451","4246","1205",
"대학동","30~34세","2024 년","3688","3173","515",
"대학동","30~34세","2025 년","3829","3253","576",
"대학동","35~39세","2024 년","2149","1971","178",
"대학동","35~39세","2025 년","2269","2030","239",
"대학동","40~44세","2024 년","1836","1729","107",
"대학동","40~44세","2025 년","1746","1638","108",
"대학동","45~49세","2024 년","1588","1555","33",
"대학동","45~49세","2025 년","1643","1604","39",
"대학동","50~54세","2024 년","1790","1770","20",
"대학동","50~54세","2025 년","1768","1746","22",
"대학동","55~59세","2024 년","1545","1528","17",
"대학동","55~59세","2025 년","1636","1616","20",
"대학동","60~64세","2024 년","1422","1405","17",
"대학동","60~64세","2025 년","1403","1388","15",
"대학동","65~69세","2024 년","1227","1222","5",
"대학동","65~69세","2025 년","1210","1203","7",
"대학동","70~74세","2024 년","801","800","1",
"대학동","70~74세","2025 년","869","867","2",
"대학동","75~79세","2024 년","649","648","1",
"대학동","75~79세","2025 년","688","687","1",
"대학동","80~84세","2024 년","461","460","1",
"대학동","80~84세","2025 년","481","480","1",
"대학동","85~89세","2024 년","254","254","-",
"대학동","85~89세","2025 년","256","256","-",
"대학동","90~94세","2024 년","70","70","-",
"대학동","90~94세","2025 년","77","77","-",
"대학동","95~99세","2024 년","9","9","-",
"대학동","95~99세","2025 년","14","14","-",
"대학동","100세 이상","2024 년","2","2","-",
"대학동","100세 이상","2025 년","2","2","-",
"삼성동","합계","2024 년","19667","19518","149",
"삼성동","합계","2025 년","20209","20039","170",
"삼성동","0~4세","2024 년","230","224","6",
"삼성동","0~4세","2025 년","292","287","5",
"삼성동","5~9세","2024 년","324","320","4",
"삼성동","5~9세","2025 년","320","315","5",
"삼성동","10~14세","2024 년","483","477","6",
"삼성동","10~14세","2025 년","488","484","4",
"삼성동","15~19세","2024 년","596","595","1",
"삼성동","15~19세","2025 년","609","607","2",
"삼성동","20~24세","2024 년","835","819","16",
"삼성동","20~24세","2025 년","793","777","16",
"삼성동","25~29세","2024 년","1148","1132","16",
"삼성동","25~29세","2025 년","1142","1111","31",
"삼성동","30~34세","2024 년","1166","1155","11",
"삼성동","30~34세","2025 년","1264","1250","14",
"삼성동","35~39세","2024 년","1006","996","10",
"삼성동","35~39세","2025 년","1082","1072","10",
"삼성동","40~44세","2024 년","1131","1113","18",
"삼성동","40~44세","2025 년","1149","1129","20",
"삼성동","45~49세","2024 년","1229","1217","12",
"삼성동","45~49세","2025 년","1255","1244","11",
"삼성동","50~54세","2024 년","1759","1747","12",
"삼성동","50~54세","2025 년","1730","1716","14",
"삼성동","55~59세","2024 년","1824","1808","16",
"삼성동","55~59세","2025 년","1864","1853","11",
"삼성동","60~64세","2024 년","1965","1954","11",
"삼성동","60~64세","2025 년","1961","1948","13",
"삼성동","65~69세","2024 년","2009","2002","7",
"삼성동","65~69세","2025 년","2045","2034","11",
"삼성동","70~74세","2024 년","1368","1366","2",
"삼성동","70~74세","2025 년","1508","1506","2",
"삼성동","75~79세","2024 년","1184","1183","1",
"삼성동","75~79세","2025 년","1231","1230","1",
"삼성동","80~84세","2024 년","830","830","-",
"삼성동","80~84세","2025 년","836","836","-",
"삼성동","85~89세","2024 년","414","414","-",
"삼성동","85~89세","2025 년","461","461","-",
"삼성동","90~94세","2024 년","133","133","-",
"삼성동","90~94세","2025 년","136","136","-",
"삼성동","95~99세","2024 년","31","31","-",
"삼성동","95~99세","2025 년","41","41","-",
"삼성동","100세 이상","2024 년","2","2","-",
"삼성동","100세 이상","2025 년","2","2","-",
"미성동","합계","2024 년","29499","28924","575",
"미성동","합계","2025 년","29133","28472","661",
"미성동","0~4세","2024 년","439","432","7",
"미성동","0~4세","2025 년","408","399","9",
"미성동","5~9세","2024 년","735","721","14",
"미성동","5~9세","2025 년","634","617","17",
"미성동","10~14세","2024 년","939","927","12",
"미성동","10~14세","2025 년","911","900","11",
"미성동","15~19세","2024 년","1049","1031","18",
"미성동","15~19세","2025 년","1019","994","25",
"미성동","20~24세","2024 년","1599","1567","32",
"미성동","20~24세","2025 년","1464","1400","64",
"미성동","25~29세","2024 년","2578","2500","78",
"미성동","25~29세","2025 년","2559","2474","85",
"미성동","30~34세","2024 년","2447","2400","47",
"미성동","30~34세","2025 년","2429","2372","57",
"미성동","35~39세","2024 년","1812","1758","54",
"미성동","35~39세","2025 년","1753","1700","53",
"미성동","40~44세","2024 년","1917","1873","44",
"미성동","40~44세","2025 년","1835","1788","47",
"미성동","45~49세","2024 년","1991","1943","48",
"미성동","45~49세","2025 년","2000","1949","51",
"미성동","50~54세","2024 년","2481","2423","58",
"미성동","50~54세","2025 년","2360","2304","56",
"미성동","55~59세","2024 년","2383","2304","79",
"미성동","55~59세","2025 년","2365","2284","81",
"미성동","60~64세","2024 년","2488","2434","54",
"미성동","60~64세","2025 년","2386","2323","63",
"미성동","65~69세","2024 년","2339","2319","20",
"미성동","65~69세","2025 년","2401","2375","26",
"미성동","70~74세","2024 년","1710","1704","6",
"미성동","70~74세","2025 년","1824","1812","12",
"미성동","75~79세","2024 년","1280","1279","1",
"미성동","75~79세","2025 년","1360","1359","1",
"미성동","80~84세","2024 년","820","818","2",
"미성동","80~84세","2025 년","887","886","1",
"미성동","85~89세","2024 년","369","369","-",
"미성동","85~89세","2025 년","399","398","1",
"미성동","90~94세","2024 년","96","95","1",
"미성동","90~94세","2025 년","105","104","1",
"미성동","95~99세","2024 년","25","25","-",
"미성동","95~99세","2025 년","31","31","-",
"미성동","100세 이상","2024 년","2","2","-",
"미성동","100세 이상","2025 년","3","3","-",
"난곡동","합계","2024 년","25269","24799","470",
"난곡동","합계","2025 년","24665","24211","454",
"난곡동","0~4세","2024 년","305","296","9",
"난곡동","0~4세","2025 년","291","284","7",
"난곡동","5~9세","2024 년","465","448","17",
"난곡동","5~9세","2025 년","384","371","13",
"난곡동","10~14세","2024 년","679","671","8",
"난곡동","10~14세","2025 년","616","610","6",
"난곡동","15~19세","2024 년","817","813","4",
"난곡동","15~19세","2025 년","807","797","10",
"난곡동","20~24세","2024 년","1240","1214","26",
"난곡동","20~24세","2025 년","1096","1068","28",
"난곡동","25~29세","2024 년","2097","2060","37",
"난곡동","25~29세","2025 년","1935","1898","37",
"난곡동","30~34세","2024 년","2144","2110","34",
"난곡동","30~34세","2025 년","2116","2078","38",
"난곡동","35~39세","2024 년","1441","1391","50",
"난곡동","35~39세","2025 년","1516","1478","38",
"난곡동","40~44세","2024 년","1559","1512","47",
"난곡동","40~44세","2025 년","1439","1388","51",
"난곡동","45~49세","2024 년","1630","1589","41",
"난곡동","45~49세","2025 년","1589","1547","42",
"난곡동","50~54세","2024 년","2147","2100","47",
"난곡동","50~54세","2025 년","2026","1981","45",
"난곡동","55~59세","2024 년","2261","2199","62",
"난곡동","55~59세","2025 년","2181","2130","51",
"난곡동","60~64세","2024 년","2411","2359","52",
"난곡동","60~64세","2025 년","2338","2290","48",
"난곡동","65~69세","2024 년","2050","2023","27",
"난곡동","65~69세","2025 년","2080","2056","24",
"난곡동","70~74세","2024 년","1467","1460","7",
"난곡동","70~74세","2025 년","1578","1567","11",
"난곡동","75~79세","2024 년","1235","1235","-",
"난곡동","75~79세","2025 년","1288","1286","2",
"난곡동","80~84세","2024 년","816","816","-",
"난곡동","80~84세","2025 년","819","818","1",
"난곡동","85~89세","2024 년","365","363","2",
"난곡동","85~89세","2025 년","419","417","2",
"난곡동","90~94세","2024 년","112","112","-",
"난곡동","90~94세","2025 년","116","116","-",
"난곡동","95~99세","2024 년","26","26","-",
"난곡동","95~99세","2025 년","29","29","-",
"난곡동","100세 이상","2024 년","2","2","-",
"난곡동","100세 이상","2025 년","2","2","-",
"서초구","합계","2024 년","413076","408376","4700",
"서초구","합계","2025 년","419295","414428","4867",
"서초구","0~4세","2024 년","10261","10139","122",
"서초구","0~4세","2025 년","10722","10591","131",
"서초구","5~9세","2024 년","16696","16495","201",
"서초구","5~9세","2025 년","16009","15806","203",
"서초구","10~14세","2024 년","22997","22797","200",
"서초구","10~14세","2025 년","22990","22777","213",
"서초구","15~19세","2024 년","22133","21992","141",
"서초구","15~19세","2025 년","23097","22950","147",
"서초구","20~24세","2024 년","22058","21740","318",
"서초구","20~24세","2025 년","21204","20899","305",
"서초구","25~29세","2024 년","27814","27233","581",
"서초구","25~29세","2025 년","27773","27168","605",
"서초구","30~34세","2024 년","30016","29429","587",
"서초구","30~34세","2025 년","30253","29628","625",
"서초구","35~39세","2024 년","28329","27687","642",
"서초구","35~39세","2025 년","28755","28109","646",
"서초구","40~44세","2024 년","35539","34886","653",
"서초구","40~44세","2025 년","34919","34274","645",
"서초구","45~49세","2024 년","36424","35995","429",
"서초구","45~49세","2025 년","37485","37000","485",
"서초구","50~54세","2024 년","37836","37500","336",
"서초구","50~54세","2025 년","37506","37169","337",
"서초구","55~59세","2024 년","29130","28902","228",
"서초구","55~59세","2025 년","31124","30888","236",
"서초구","60~64세","2024 년","25108","24975","133",
"서초구","60~64세","2025 년","25150","25013","137",
"서초구","65~69세","2024 년","23612","23551","61",
"서초구","65~69세","2025 년","23848","23772","76",
"서초구","70~74세","2024 년","16935","16905","30",
"서초구","70~74세","2025 년","18537","18498","39",
"서초구","75~79세","2024 년","13512","13493","19",
"서초구","75~79세","2025 년","14089","14072","17",
"서초구","80~84세","2024 년","8450","8443","7",
"서초구","80~84세","2025 년","9002","8995","7",
"서초구","85~89세","2024 년","4228","4221","7",
"서초구","85~89세","2025 년","4598","4591","7",
"서초구","90~94세","2024 년","1533","1532","1",
"서초구","90~94세","2025 년","1739","1737","2",
"서초구","95~99세","2024 년","402","399","3",
"서초구","95~99세","2025 년","428","425","3",
"서초구","100세 이상","2024 년","63","62","1",
"서초구","100세 이상","2025 년","67","66","1",
"서초1동","합계","2024 년","20408","20178","230",
"서초1동","합계","2025 년","20211","19981","230",
"서초1동","0~4세","2024 년","441","441","-",
"서초1동","0~4세","2025 년","421","420","1",
"서초1동","5~9세","2024 년","615","615","-",
"서초1동","5~9세","2025 년","548","547","1",
"서초1동","10~14세","2024 년","879","877","2",
"서초1동","10~14세","2025 년","831","829","2",
"서초1동","15~19세","2024 년","934","929","5",
"서초1동","15~19세","2025 년","915","914","1",
"서초1동","20~24세","2024 년","1159","1122","37",
"서초1동","20~24세","2025 년","1128","1099","29",
"서초1동","25~29세","2024 년","1564","1511","53",
"서초1동","25~29세","2025 년","1512","1457","55",
"서초1동","30~34세","2024 년","1788","1748","40",
"서초1동","30~34세","2025 년","1832","1795","37",
"서초1동","35~39세","2024 년","1552","1525","27",
"서초1동","35~39세","2025 년","1546","1519","27",
"서초1동","40~44세","2024 년","1793","1769","24",
"서초1동","40~44세","2025 년","1674","1655","19",
"서초1동","45~49세","2024 년","1706","1695","11",
"서초1동","45~49세","2025 년","1687","1666","21",
"서초1동","50~54세","2024 년","1856","1844","12",
"서초1동","50~54세","2025 년","1803","1789","14",
"서초1동","55~59세","2024 년","1430","1421","9",
"서초1동","55~59세","2025 년","1501","1493","8",
"서초1동","60~64세","2024 년","1249","1243","6",
"서초1동","60~64세","2025 년","1257","1251","6",
"서초1동","65~69세","2024 년","1171","1171","-",
"서초1동","65~69세","2025 년","1117","1113","4",
"서초1동","70~74세","2024 년","862","861","1",
"서초1동","70~74세","2025 년","933","931","2",
"서초1동","75~79세","2024 년","679","679","-",
"서초1동","75~79세","2025 년","701","701","-",
"서초1동","80~84세","2024 년","403","400","3",
"서초1동","80~84세","2025 년","444","441","3",
"서초1동","85~89세","2024 년","214","214","-",
"서초1동","85~89세","2025 년","234","234","-",
"서초1동","90~94세","2024 년","84","84","-",
"서초1동","90~94세","2025 년","101","101","-",
"서초1동","95~99세","2024 년","26","26","-",
"서초1동","95~99세","2025 년","22","22","-",
"서초1동","100세 이상","2024 년","3","3","-",
"서초1동","100세 이상","2025 년","4","4","-",
"서초2동","합계","2024 년","25129","24702","427",
"서초2동","합계","2025 년","25123","24696","427",
"서초2동","0~4세","2024 년","815","805","10",
"서초2동","0~4세","2025 년","805","796","9",
"서초2동","5~9세","2024 년","1140","1136","4",
"서초2동","5~9세","2025 년","1018","1011","7",
"서초2동","10~14세","2024 년","1249","1242","7",
"서초2동","10~14세","2025 년","1293","1285","8",
"서초2동","15~19세","2024 년","1097","1088","9",
"서초2동","15~19세","2025 년","1154","1148","6",
"서초2동","20~24세","2024 년","1189","1156","33",
"서초2동","20~24세","2025 년","1121","1094","27",
"서초2동","25~29세","2024 년","2177","2085","92",
"서초2동","25~29세","2025 년","2148","2071","77",
"서초2동","30~34세","2024 년","2689","2609","80",
"서초2동","30~34세","2025 년","2592","2507","85",
"서초2동","35~39세","2024 년","2288","2227","61",
"서초2동","35~39세","2025 년","2295","2227","68",
"서초2동","40~44세","2024 년","2439","2390","49",
"서초2동","40~44세","2025 년","2347","2296","51",
"서초2동","45~49세","2024 년","2222","2192","30",
"서초2동","45~49세","2025 년","2307","2279","28",
"서초2동","50~54세","2024 년","1998","1974","24",
"서초2동","50~54세","2025 년","2030","2006","24",
"서초2동","55~59세","2024 년","1342","1324","18",
"서초2동","55~59세","2025 년","1470","1452","18",
"서초2동","60~64세","2024 년","1194","1189","5",
"서초2동","60~64세","2025 년","1150","1139","11",
"서초2동","65~69세","2024 년","1080","1078","2",
"서초2동","65~69세","2025 년","1076","1073","3",
"서초2동","70~74세","2024 년","845","843","2",
"서초2동","70~74세","2025 년","888","885","3",
"서초2동","75~79세","2024 년","673","673","-",
"서초2동","75~79세","2025 년","665","664","1",
"서초2동","80~84세","2024 년","426","425","1",
"서초2동","80~84세","2025 년","468","468","-",
"서초2동","85~89세","2024 년","166","166","-",
"서초2동","85~89세","2025 년","189","188","1",
"서초2동","90~94세","2024 년","73","73","-",
"서초2동","90~94세","2025 년","79","79","-",
"서초2동","95~99세","2024 년","23","23","-",
"서초2동","95~99세","2025 년","24","24","-",
"서초2동","100세 이상","2024 년","4","4","-",
"서초2동","100세 이상","2025 년","4","4","-",
"서초3동","합계","2024 년","32370","31961","409",
"서초3동","합계","2025 년","32454","32031","423",
"서초3동","0~4세","2024 년","619","617","2",
"서초3동","0~4세","2025 년","649","644","5",
"서초3동","5~9세","2024 년","791","783","8",
"서초3동","5~9세","2025 년","757","750","7",
"서초3동","10~14세","2024 년","1102","1095","7",
"서초3동","10~14세","2025 년","1096","1087","9",
"서초3동","15~19세","2024 년","1570","1559","11",
"서초3동","15~19세","2025 년","1549","1533","16",
"서초3동","20~24세","2024 년","2183","2151","32",
"서초3동","20~24세","2025 년","2060","2032","28",
"서초3동","25~29세","2024 년","3096","3017","79",
"서초3동","25~29세","2025 년","3040","2959","81",
"서초3동","30~34세","2024 년","3118","3065","53",
"서초3동","30~34세","2025 년","3227","3173","54",
"서초3동","35~39세","2024 년","2371","2310","61",
"서초3동","35~39세","2025 년","2409","2345","64",
"서초3동","40~44세","2024 년","2288","2244","44",
"서초3동","40~44세","2025 년","2307","2263","44",
"서초3동","45~49세","2024 년","2450","2415","35",
"서초3동","45~49세","2025 년","2446","2407","39",
"서초3동","50~54세","2024 년","2928","2905","23",
"서초3동","50~54세","2025 년","2787","2759","28",
"서초3동","55~59세","2024 년","2332","2314","18",
"서초3동","55~59세","2025 년","2428","2410","18",
"서초3동","60~64세","2024 년","2047","2030","17",
"서초3동","60~64세","2025 년","2006","1993","13",
"서초3동","65~69세","2024 년","1807","1798","9",
"서초3동","65~69세","2025 년","1838","1829","9",
"서초3동","70~74세","2024 년","1309","1305","4",
"서초3동","70~74세","2025 년","1374","1370","4",
"서초3동","75~79세","2024 년","1117","1113","4",
"서초3동","75~79세","2025 년","1155","1153","2",
"서초3동","80~84세","2024 년","716","715","1",
"서초3동","80~84세","2025 년","748","747","1",
"서초3동","85~89세","2024 년","349","349","-",
"서초3동","85~89세","2025 년","388","388","-",
"서초3동","90~94세","2024 년","134","134","-",
"서초3동","90~94세","2025 년","146","146","-",
"서초3동","95~99세","2024 년","34","33","1",
"서초3동","95~99세","2025 년","34","33","1",
"서초3동","100세 이상","2024 년","9","9","-",
"서초3동","100세 이상","2025 년","10","10","-",
"서초4동","합계","2024 년","30533","30253","280",
"서초4동","합계","2025 년","30249","29968","281",
"서초4동","0~4세","2024 년","701","693","8",
"서초4동","0~4세","2025 년","701","695","6",
"서초4동","5~9세","2024 년","1639","1623","16",
"서초4동","5~9세","2025 년","1517","1501","16",
"서초4동","10~14세","2024 년","2236","2229","7",
"서초4동","10~14세","2025 년","2195","2183","12",
"서초4동","15~19세","2024 년","1901","1896","5",
"서초4동","15~19세","2025 년","1984","1976","8",
"서초4동","20~24세","2024 년","1795","1779","16",
"서초4동","20~24세","2025 년","1638","1623","15",
"서초4동","25~29세","2024 년","1651","1622","29",
"서초4동","25~29세","2025 년","1678","1656","22",
"서초4동","30~34세","2024 년","1528","1479","49",
"서초4동","30~34세","2025 년","1434","1393","41",
"서초4동","35~39세","2024 년","1659","1608","51",
"서초4동","35~39세","2025 년","1626","1582","44",
"서초4동","40~44세","2024 년","2808","2770","38",
"서초4동","40~44세","2025 년","2698","2648","50",
"서초4동","45~49세","2024 년","2957","2940","17",
"서초4동","45~49세","2025 년","2983","2961","22",
"서초4동","50~54세","2024 년","3024","3006","18",
"서초4동","50~54세","2025 년","2877","2860","17",
"서초4동","55~59세","2024 년","2302","2289","13",
"서초4동","55~59세","2025 년","2442","2427","15",
"서초4동","60~64세","2024 년","1691","1680","11",
"서초4동","60~64세","2025 년","1673","1662","11",
"서초4동","65~69세","2024 년","1518","1517","1",
"서초4동","65~69세","2025 년","1502","1501","1",
"서초4동","70~74세","2024 년","1134","1133","1",
"서초4동","70~74세","2025 년","1223","1222","1",
"서초4동","75~79세","2024 년","924","924","-",
"서초4동","75~79세","2025 년","952","952","-",
"서초4동","80~84세","2024 년","618","618","-",
"서초4동","80~84세","2025 년","651","651","-",
"서초4동","85~89세","2024 년","320","320","-",
"서초4동","85~89세","2025 년","335","335","-",
"서초4동","90~94세","2024 년","102","102","-",
"서초4동","90~94세","2025 년","112","112","-",
"서초4동","95~99세","2024 년","24","24","-",
"서초4동","95~99세","2025 년","26","26","-",
"서초4동","100세 이상","2024 년","1","1","-",
"서초4동","100세 이상","2025 년","2","2","-",
"잠원동","합계","2024 년","26958","26740","218",
"잠원동","합계","2025 년","35051","34773","278",
"잠원동","0~4세","2024 년","639","637","2",
"잠원동","0~4세","2025 년","1093","1088","5",
"잠원동","5~9세","2024 년","1087","1084","3",
"잠원동","5~9세","2025 년","1497","1493","4",
"잠원동","10~14세","2024 년","1710","1700","10",
"잠원동","10~14세","2025 년","2132","2122","10",
"잠원동","15~19세","2024 년","1616","1611","5",
"잠원동","15~19세","2025 년","2070","2061","9",
"잠원동","20~24세","2024 년","1546","1524","22",
"잠원동","20~24세","2025 년","1813","1779","34",
"잠원동","25~29세","2024 년","1734","1691","43",
"잠원동","25~29세","2025 년","2121","2089","32",
"잠원동","30~34세","2024 년","1709","1681","28",
"잠원동","30~34세","2025 년","2184","2140","44",
"잠원동","35~39세","2024 년","1736","1708","28",
"잠원동","35~39세","2025 년","2385","2346","39",
"잠원동","40~44세","2024 년","2295","2271","24",
"잠원동","40~44세","2025 년","3038","3010","28",
"잠원동","45~49세","2024 년","2491","2473","18",
"잠원동","45~49세","2025 년","3248","3227","21",
"잠원동","50~54세","2024 년","2748","2731","17",
"잠원동","50~54세","2025 년","3388","3361","27",
"잠원동","55~59세","2024 년","2208","2198","10",
"잠원동","55~59세","2025 년","2881","2868","13",
"잠원동","60~64세","2024 년","1642","1641","1",
"잠원동","60~64세","2025 년","2069","2066","3",
"잠원동","65~69세","2024 년","1404","1400","4",
"잠원동","65~69세","2025 년","1844","1839","5",
"잠원동","70~74세","2024 년","925","923","2",
"잠원동","70~74세","2025 년","1326","1323","3",
"잠원동","75~79세","2024 년","674","674","-",
"잠원동","75~79세","2025 년","912","912","-",
"잠원동","80~84세","2024 년","417","417","-",
"잠원동","80~84세","2025 년","553","553","-",
"잠원동","85~89세","2024 년","246","246","-",
"잠원동","85~89세","2025 년","317","317","-",
"잠원동","90~94세","2024 년","105","105","-",
"잠원동","90~94세","2025 년","150","150","-",
"잠원동","95~99세","2024 년","18","18","-",
"잠원동","95~99세","2025 년","23","23","-",
"잠원동","100세 이상","2024 년","8","7","1",
"잠원동","100세 이상","2025 년","7","6","1",
"반포본동","합계","2024 년","235","226","9",
"반포본동","합계","2025 년","223","216","7",
"반포본동","0~4세","2024 년","4","4","-",
"반포본동","0~4세","2025 년","3","3","-",
"반포본동","5~9세","2024 년","15","14","1",
"반포본동","5~9세","2025 년","11","10","1",
"반포본동","10~14세","2024 년","14","14","-",
"반포본동","10~14세","2025 년","13","13","-",
"반포본동","15~19세","2024 년","12","11","1",
"반포본동","15~19세","2025 년","17","16","1",
"반포본동","20~24세","2024 년","10","10","-",
"반포본동","20~24세","2025 년","7","7","-",
"반포본동","25~29세","2024 년","19","19","-",
"반포본동","25~29세","2025 년","15","15","-",
"반포본동","30~34세","2024 년","8","8","-",
"반포본동","30~34세","2025 년","10","10","-",
"반포본동","35~39세","2024 년","10","8","2",
"반포본동","35~39세","2025 년","12","10","2",
"반포본동","40~44세","2024 년","16","15","1",
"반포본동","40~44세","2025 년","10","9","1",
"반포본동","45~49세","2024 년","30","29","1",
"반포본동","45~49세","2025 년","24","24","-",
"반포본동","50~54세","2024 년","27","26","1",
"반포본동","50~54세","2025 년","24","23","1",
"반포본동","55~59세","2024 년","19","18","1",
"반포본동","55~59세","2025 년","21","21","-",
"반포본동","60~64세","2024 년","16","15","1",
"반포본동","60~64세","2025 년","17","16","1",
"반포본동","65~69세","2024 년","12","12","-",
"반포본동","65~69세","2025 년","14","14","-",
"반포본동","70~74세","2024 년","9","9","-",
"반포본동","70~74세","2025 년","11","11","-",
"반포본동","75~79세","2024 년","9","9","-",
"반포본동","75~79세","2025 년","10","10","-",
"반포본동","80~84세","2024 년","2","2","-",
"반포본동","80~84세","2025 년","2","2","-",
"반포본동","85~89세","2024 년","3","3","-",
"반포본동","85~89세","2025 년","2","2","-",
"반포본동","90~94세","2024 년","-","-","-",
"반포본동","90~94세","2025 년","-","-","-",
"반포본동","95~99세","2024 년","-","-","-",
"반포본동","95~99세","2025 년","-","-","-",
"반포본동","100세 이상","2024 년","-","-","-",
"반포본동","100세 이상","2025 년","-","-","-",
"반포1동","합계","2024 년","34144","33690","454",
"반포1동","합계","2025 년","33770","33256","514",
"반포1동","0~4세","2024 년","828","821","7",
"반포1동","0~4세","2025 년","778","771","7",
"반포1동","5~9세","2024 년","1947","1937","10",
"반포1동","5~9세","2025 년","1855","1842","13",
"반포1동","10~14세","2024 년","2309","2306","3",
"반포1동","10~14세","2025 년","2372","2369","3",
"반포1동","15~19세","2024 년","1889","1878","11",
"반포1동","15~19세","2025 년","1910","1888","22",
"반포1동","20~24세","2024 년","1664","1600","64",
"반포1동","20~24세","2025 년","1592","1513","79",
"반포1동","25~29세","2024 년","2335","2230","105",
"반포1동","25~29세","2025 년","2257","2132","125",
"반포1동","30~34세","2024 년","2399","2317","82",
"반포1동","30~34세","2025 년","2308","2222","86",
"반포1동","35~39세","2024 년","2577","2523","54",
"반포1동","35~39세","2025 년","2410","2354","56",
"반포1동","40~44세","2024 년","3691","3644","47",
"반포1동","40~44세","2025 년","3620","3572","48",
"반포1동","45~49세","2024 년","3502","3483","19",
"반포1동","45~49세","2025 년","3601","3578","23",
"반포1동","50~54세","2024 년","2932","2909","23",
"반포1동","50~54세","2025 년","2928","2907","21",
"반포1동","55~59세","2024 년","2003","1988","15",
"반포1동","55~59세","2025 년","2062","2045","17",
"반포1동","60~64세","2024 년","1572","1566","6",
"반포1동","60~64세","2025 년","1572","1566","6",
"반포1동","65~69세","2024 년","1588","1586","2",
"반포1동","65~69세","2025 년","1456","1454","2",
"반포1동","70~74세","2024 년","1138","1137","1",
"반포1동","70~74세","2025 년","1193","1192","1",
"반포1동","75~79세","2024 년","855","853","2",
"반포1동","75~79세","2025 년","915","913","2",
"반포1동","80~84세","2024 년","552","552","-",
"반포1동","80~84세","2025 년","556","556","-",
"반포1동","85~89세","2024 년","240","238","2",
"반포1동","85~89세","2025 년","251","249","2",
"반포1동","90~94세","2024 년","97","96","1",
"반포1동","90~94세","2025 년","110","109","1",
"반포1동","95~99세","2024 년","21","21","-",
"반포1동","95~99세","2025 년","20","20","-",
"반포1동","100세 이상","2024 년","5","5","-",
"반포1동","100세 이상","2025 년","4","4","-",
"반포2동","합계","2024 년","26603","26446","157",
"반포2동","합계","2025 년","26596","26441","155",
"반포2동","0~4세","2024 년","950","944","6",
"반포2동","0~4세","2025 년","948","943","5",
"반포2동","5~9세","2024 년","1586","1578","8",
"반포2동","5~9세","2025 년","1448","1437","11",
"반포2동","10~14세","2024 년","2238","2226","12",
"반포2동","10~14세","2025 년","2217","2208","9",
"반포2동","15~19세","2024 년","1944","1936","8",
"반포2동","15~19세","2025 년","2045","2040","5",
"반포2동","20~24세","2024 년","1430","1429","1",
"반포2동","20~24세","2025 년","1408","1406","2",
"반포2동","25~29세","2024 년","1101","1099","2",
"반포2동","25~29세","2025 년","1102","1102","-",
"반포2동","30~34세","2024 년","1080","1069","11",
"반포2동","30~34세","2025 년","1008","997","11",
"반포2동","35~39세","2024 년","1493","1468","25",
"반포2동","35~39세","2025 년","1423","1395","28",
"반포2동","40~44세","2024 년","2494","2458","36",
"반포2동","40~44세","2025 년","2364","2335","29",
"반포2동","45~49세","2024 년","2739","2719","20",
"반포2동","45~49세","2025 년","2789","2761","28",
"반포2동","50~54세","2024 년","2754","2740","14",
"반포2동","50~54세","2025 년","2713","2701","12",
"반포2동","55~59세","2024 년","1701","1693","8",
"반포2동","55~59세","2025 년","1871","1863","8",
"반포2동","60~64세","2024 년","1268","1264","4",
"반포2동","60~64세","2025 년","1328","1324","4",
"반포2동","65~69세","2024 년","1240","1238","2",
"반포2동","65~69세","2025 년","1208","1205","3",
"반포2동","70~74세","2024 년","912","912","-",
"반포2동","70~74세","2025 년","970","970","-",
"반포2동","75~79세","2024 년","838","838","-",
"반포2동","75~79세","2025 년","846","846","-",
"반포2동","80~84세","2024 년","505","505","-",
"반포2동","80~84세","2025 년","552","552","-",
"반포2동","85~89세","2024 년","236","236","-",
"반포2동","85~89세","2025 년","254","254","-",
"반포2동","90~94세","2024 년","65","65","-",
"반포2동","90~94세","2025 년","76","76","-",
"반포2동","95~99세","2024 년","26","26","-",
"반포2동","95~99세","2025 년","22","22","-",
"반포2동","100세 이상","2024 년","3","3","-",
"반포2동","100세 이상","2025 년","4","4","-",
"반포3동","합계","2024 년","24024","23940","84",
"반포3동","합계","2025 년","23709","23629","80",
"반포3동","0~4세","2024 년","674","672","2",
"반포3동","0~4세","2025 년","690","690","-",
"반포3동","5~9세","2024 년","1105","1102","3",
"반포3동","5~9세","2025 년","1035","1031","4",
"반포3동","10~14세","2024 년","1611","1607","4",
"반포3동","10~14세","2025 년","1492","1490","2",
"반포3동","15~19세","2024 년","1681","1681","-",
"반포3동","15~19세","2025 년","1684","1684","-",
"반포3동","20~24세","2024 년","1455","1454","1",
"반포3동","20~24세","2025 년","1372","1371","1",
"반포3동","25~29세","2024 년","1170","1167","3",
"반포3동","25~29세","2025 년","1205","1204","1",
"반포3동","30~34세","2024 년","1250","1244","6",
"반포3동","30~34세","2025 년","1208","1201","7",
"반포3동","35~39세","2024 년","1348","1329","19",
"반포3동","35~39세","2025 년","1383","1369","14",
"반포3동","40~44세","2024 년","1926","1911","15",
"반포3동","40~44세","2025 년","1847","1828","19",
"반포3동","45~49세","2024 년","2420","2411","9",
"반포3동","45~49세","2025 년","2298","2287","11",
"반포3동","50~54세","2024 년","2645","2637","8",
"반포3동","50~54세","2025 년","2563","2557","6",
"반포3동","55~59세","2024 년","1842","1835","7",
"반포3동","55~59세","2025 년","1981","1975","6",
"반포3동","60~64세","2024 년","1330","1327","3",
"반포3동","60~64세","2025 년","1350","1348","2",
"반포3동","65~69세","2024 년","1206","1204","2",
"반포3동","65~69세","2025 년","1178","1176","2",
"반포3동","70~74세","2024 년","837","835","2",
"반포3동","70~74세","2025 년","900","895","5",
"반포3동","75~79세","2024 년","718","718","-",
"반포3동","75~79세","2025 년","683","683","-",
"반포3동","80~84세","2024 년","465","465","-",
"반포3동","80~84세","2025 년","467","467","-",
"반포3동","85~89세","2024 년","239","239","-",
"반포3동","85~89세","2025 년","262","262","-",
"반포3동","90~94세","2024 년","78","78","-",
"반포3동","90~94세","2025 년","89","89","-",
"반포3동","95~99세","2024 년","20","20","-",
"반포3동","95~99세","2025 년","21","21","-",
"반포3동","100세 이상","2024 년","4","4","-",
"반포3동","100세 이상","2025 년","1","1","-",
"반포4동","합계","2024 년","19238","18407","831",
"반포4동","합계","2025 년","19093","18267","826",
"반포4동","0~4세","2024 년","549","512","37",
"반포4동","0~4세","2025 년","530","486","44",
"반포4동","5~9세","2024 년","985","887","98",
"반포4동","5~9세","2025 년","962","882","80",
"반포4동","10~14세","2024 년","1093","991","102",
"반포4동","10~14세","2025 년","1132","1020","112",
"반포4동","15~19세","2024 년","1133","1089","44",
"반포4동","15~19세","2025 년","1090","1047","43",
"반포4동","20~24세","2024 년","950","942","8",
"반포4동","20~24세","2025 년","910","905","5",
"반포4동","25~29세","2024 년","1054","1045","9",
"반포4동","25~29세","2025 년","1033","1024","9",
"반포4동","30~34세","2024 년","1055","1017","38",
"반포4동","30~34세","2025 년","1053","1006","47",
"반포4동","35~39세","2024 년","1344","1254","90",
"반포4동","35~39세","2025 년","1318","1241","77",
"반포4동","40~44세","2024 년","1801","1625","176",
"반포4동","40~44세","2025 년","1706","1547","159",
"반포4동","45~49세","2024 년","1729","1613","116",
"반포4동","45~49세","2025 년","1768","1646","122",
"반포4동","50~54세","2024 년","1819","1761","58",
"반포4동","50~54세","2025 년","1759","1693","66",
"반포4동","55~59세","2024 년","1368","1335","33",
"반포4동","55~59세","2025 년","1392","1357","35",
"반포4동","60~64세","2024 년","1101","1091","10",
"반포4동","60~64세","2025 년","1097","1086","11",
"반포4동","65~69세","2024 년","1158","1153","5",
"반포4동","65~69세","2025 년","1142","1135","7",
"반포4동","70~74세","2024 년","818","815","3",
"반포4동","70~74세","2025 년","917","910","7",
"반포4동","75~79세","2024 년","619","615","4",
"반포4동","75~79세","2025 년","597","595","2",
"반포4동","80~84세","2024 년","358","358","-",
"반포4동","80~84세","2025 년","378","378","-",
"반포4동","85~89세","2024 년","195","195","-",
"반포4동","85~89세","2025 년","195","195","-",
"반포4동","90~94세","2024 년","82","82","-",
"반포4동","90~94세","2025 년","87","87","-",
"반포4동","95~99세","2024 년","24","24","-",
"반포4동","95~99세","2025 년","24","24","-",
"반포4동","100세 이상","2024 년","3","3","-",
"반포4동","100세 이상","2025 년","3","3","-",
"방배본동","합계","2024 년","20248","20080","168",
"방배본동","합계","2025 년","20170","19972","198",
"방배본동","0~4세","2024 년","329","325","4",
"방배본동","0~4세","2025 년","332","326","6",
"방배본동","5~9세","2024 년","789","781","8",
"방배본동","5~9세","2025 년","749","737","12",
"방배본동","10~14세","2024 년","1311","1303","8",
"방배본동","10~14세","2025 년","1271","1263","8",
"방배본동","15~19세","2024 년","1328","1320","8",
"방배본동","15~19세","2025 년","1348","1338","10",
"방배본동","20~24세","2024 년","1197","1195","2",
"방배본동","20~24세","2025 년","1116","1113","3",
"방배본동","25~29세","2024 년","1213","1203","10",
"방배본동","25~29세","2025 년","1219","1205","14",
"방배본동","30~34세","2024 년","1206","1197","9",
"방배본동","30~34세","2025 년","1239","1227","12",
"방배본동","35~39세","2024 년","1052","1034","18",
"방배본동","35~39세","2025 년","1071","1049","22",
"방배본동","40~44세","2024 년","1618","1590","28",
"방배본동","40~44세","2025 년","1448","1417","31",
"방배본동","45~49세","2024 년","1893","1868","25",
"방배본동","45~49세","2025 년","1939","1908","31",
"방배본동","50~54세","2024 년","2037","2013","24",
"방배본동","50~54세","2025 년","1971","1952","19",
"방배본동","55~59세","2024 년","1532","1519","13",
"방배본동","55~59세","2025 년","1605","1594","11",
"방배본동","60~64세","2024 년","1306","1304","2",
"방배본동","60~64세","2025 년","1291","1282","9",
"방배본동","65~69세","2024 년","1134","1131","3",
"방배본동","65~69세","2025 년","1167","1161","6",
"방배본동","70~74세","2024 년","797","794","3",
"방배본동","70~74세","2025 년","840","839","1",
"방배본동","75~79세","2024 년","645","643","2",
"방배본동","75~79세","2025 년","657","656","1",
"방배본동","80~84세","2024 년","450","450","-",
"방배본동","80~84세","2025 년","469","468","1",
"방배본동","85~89세","2024 년","287","286","1",
"방배본동","85~89세","2025 년","293","293","-",
"방배본동","90~94세","2024 년","95","95","-",
"방배본동","90~94세","2025 년","119","118","1",
"방배본동","95~99세","2024 년","24","24","-",
"방배본동","95~99세","2025 년","21","21","-",
"방배본동","100세 이상","2024 년","5","5","-",
"방배본동","100세 이상","2025 년","5","5","-",
"방배1동","합계","2024 년","16570","16443","127",
"방배1동","합계","2025 년","16443","16274","169",
"방배1동","0~4세","2024 년","330","328","2",
"방배1동","0~4세","2025 년","335","331","4",
"방배1동","5~9세","2024 년","562","560","2",
"방배1동","5~9세","2025 년","488","485","3",
"방배1동","10~14세","2024 년","609","607","2",
"방배1동","10~14세","2025 년","647","644","3",
"방배1동","15~19세","2024 년","664","660","4",
"방배1동","15~19세","2025 년","710","705","5",
"방배1동","20~24세","2024 년","917","909","8",
"방배1동","20~24세","2025 년","809","795","14",
"방배1동","25~29세","2024 년","1216","1204","12",
"방배1동","25~29세","2025 년","1246","1213","33",
"방배1동","30~34세","2024 년","1415","1393","22",
"방배1동","30~34세","2025 년","1404","1375","29",
"방배1동","35~39세","2024 년","1287","1263","24",
"방배1동","35~39세","2025 년","1228","1206","22",
"방배1동","40~44세","2024 년","1380","1366","14",
"방배1동","40~44세","2025 년","1302","1285","17",
"방배1동","45~49세","2024 년","1299","1293","6",
"방배1동","45~49세","2025 년","1329","1319","10",
"방배1동","50~54세","2024 년","1412","1403","9",
"방배1동","50~54세","2025 년","1375","1369","6",
"방배1동","55~59세","2024 년","1119","1110","9",
"방배1동","55~59세","2025 년","1154","1145","9",
"방배1동","60~64세","2024 년","1064","1057","7",
"방배1동","60~64세","2025 년","1018","1011","7",
"방배1동","65~69세","2024 년","1042","1039","3",
"방배1동","65~69세","2025 년","1049","1046","3",
"방배1동","70~74세","2024 년","827","826","1",
"방배1동","70~74세","2025 년","861","859","2",
"방배1동","75~79세","2024 년","671","671","-",
"방배1동","75~79세","2025 년","687","687","-",
"방배1동","80~84세","2024 년","465","465","-",
"방배1동","80~84세","2025 년","472","472","-",
"방배1동","85~89세","2024 년","198","197","1",
"방배1동","85~89세","2025 년","226","225","1",
"방배1동","90~94세","2024 년","65","65","-",
"방배1동","90~94세","2025 년","72","72","-",
"방배1동","95~99세","2024 년","27","26","1",
"방배1동","95~99세","2025 년","29","28","1",
"방배1동","100세 이상","2024 년","1","1","-",
"방배1동","100세 이상","2025 년","2","2","-",
"방배2동","합계","2024 년","17997","17870","127",
"방배2동","합계","2025 년","17690","17558","132",
"방배2동","0~4세","2024 년","403","399","4",
"방배2동","0~4세","2025 년","373","369","4",
"방배2동","5~9세","2024 년","481","478","3",
"방배2동","5~9세","2025 년","441","438","3",
"방배2동","10~14세","2024 년","675","672","3",
"방배2동","10~14세","2025 년","668","664","4",
"방배2동","15~19세","2024 년","810","808","2",
"방배2동","15~19세","2025 년","823","821","2",
"방배2동","20~24세","2024 년","908","904","4",
"방배2동","20~24세","2025 년","862","849","13",
"방배2동","25~29세","2024 년","1336","1322","14",
"방배2동","25~29세","2025 년","1283","1274","9",
"방배2동","30~34세","2024 년","1481","1467","14",
"방배2동","30~34세","2025 년","1429","1416","13",
"방배2동","35~39세","2024 년","1233","1212","21",
"방배2동","35~39세","2025 년","1210","1193","17",
"방배2동","40~44세","2024 년","1312","1297","15",
"방배2동","40~44세","2025 년","1262","1245","17",
"방배2동","45~49세","2024 년","1344","1332","12",
"방배2동","45~49세","2025 년","1300","1291","9",
"방배2동","50~54세","2024 년","1505","1495","10",
"방배2동","50~54세","2025 년","1471","1455","16",
"방배2동","55~59세","2024 년","1354","1344","10",
"방배2동","55~59세","2025 년","1324","1315","9",
"방배2동","60~64세","2024 년","1317","1308","9",
"방배2동","60~64세","2025 년","1277","1269","8",
"방배2동","65~69세","2024 년","1341","1339","2",
"방배2동","65~69세","2025 년","1330","1327","3",
"방배2동","70~74세","2024 년","920","918","2",
"방배2동","70~74세","2025 년","979","978","1",
"방배2동","75~79세","2024 년","776","774","2",
"방배2동","75~79세","2025 년","800","797","3",
"방배2동","80~84세","2024 년","492","492","-",
"방배2동","80~84세","2025 년","531","530","1",
"방배2동","85~89세","2024 년","207","207","-",
"방배2동","85~89세","2025 년","219","219","-",
"방배2동","90~94세","2024 년","86","86","-",
"방배2동","90~94세","2025 년","87","87","-",
"방배2동","95~99세","2024 년","11","11","-",
"방배2동","95~99세","2025 년","18","18","-",
"방배2동","100세 이상","2024 년","5","5","-",
"방배2동","100세 이상","2025 년","3","3","-",
"방배3동","합계","2024 년","15849","15668","181",
"방배3동","합계","2025 년","15669","15518","151",
"방배3동","0~4세","2024 년","411","411","-",
"방배3동","0~4세","2025 년","407","407","-",
"방배3동","5~9세","2024 년","599","599","-",
"방배3동","5~9세","2025 년","553","553","-",
"방배3동","10~14세","2024 년","757","755","2",
"방배3동","10~14세","2025 년","759","757","2",
"방배3동","15~19세","2024 년","906","905","1",
"방배3동","15~19세","2025 년","904","904","-",
"방배3동","20~24세","2024 년","869","840","29",
"방배3동","20~24세","2025 년","821","801","20",
"방배3동","25~29세","2024 년","922","891","31",
"방배3동","25~29세","2025 년","890","860","30",
"방배3동","30~34세","2024 년","915","884","31",
"방배3동","30~34세","2025 년","889","864","25",
"방배3동","35~39세","2024 년","953","929","24",
"방배3동","35~39세","2025 년","957","939","18",
"방배3동","40~44세","2024 년","1213","1192","21",
"방배3동","40~44세","2025 년","1173","1156","17",
"방배3동","45~49세","2024 년","1317","1301","16",
"방배3동","45~49세","2025 년","1305","1294","11",
"방배3동","50~54세","2024 년","1432","1426","6",
"방배3동","50~54세","2025 년","1370","1362","8",
"방배3동","55~59세","2024 년","1182","1174","8",
"방배3동","55~59세","2025 년","1215","1208","7",
"방배3동","60~64세","2024 년","1150","1144","6",
"방배3동","60~64세","2025 년","1114","1108","6",
"방배3동","65~69세","2024 년","1164","1162","2",
"방배3동","65~69세","2025 년","1129","1126","3",
"방배3동","70~74세","2024 년","835","832","3",
"방배3동","70~74세","2025 년","888","885","3",
"방배3동","75~79세","2024 년","589","589","-",
"방배3동","75~79세","2025 년","628","628","-",
"방배3동","80~84세","2024 년","355","355","-",
"방배3동","80~84세","2025 년","360","360","-",
"방배3동","85~89세","2024 년","189","189","-",
"방배3동","85~89세","2025 년","203","203","-",
"방배3동","90~94세","2024 년","65","65","-",
"방배3동","90~94세","2025 년","72","72","-",
"방배3동","95~99세","2024 년","24","23","1",
"방배3동","95~99세","2025 년","28","27","1",
"방배3동","100세 이상","2024 년","2","2","-",
"방배3동","100세 이상","2025 년","4","4","-",
"방배4동","합계","2024 년","23040","22697","343",
"방배4동","합계","2025 년","24156","23818","338",
"방배4동","0~4세","2024 년","435","422","13",
"방배4동","0~4세","2025 년","532","521","11",
"방배4동","5~9세","2024 년","780","753","27",
"방배4동","5~9세","2025 년","819","790","29",
"방배4동","10~14세","2024 년","1291","1271","20",
"방배4동","10~14세","2025 년","1338","1317","21",
"방배4동","15~19세","2024 년","1338","1320","18",
"방배4동","15~19세","2025 년","1407","1393","14",
"방배4동","20~24세","2024 년","1263","1240","23",
"방배4동","20~24세","2025 년","1230","1222","8",
"방배4동","25~29세","2024 년","1510","1494","16",
"방배4동","25~29세","2025 년","1564","1546","18",
"방배4동","30~34세","2024 년","1771","1751","20",
"방배4동","30~34세","2025 년","1826","1799","27",
"방배4동","35~39세","2024 년","1493","1447","46",
"방배4동","35~39세","2025 년","1597","1556","41",
"방배4동","40~44세","2024 년","1887","1835","52",
"방배4동","40~44세","2025 년","1971","1921","50",
"방배4동","45~49세","2024 년","2120","2080","40",
"방배4동","45~49세","2025 년","2253","2205","48",
"방배4동","50~54세","2024 년","2200","2165","35",
"방배4동","50~54세","2025 년","2200","2168","32",
"방배4동","55~59세","2024 년","1644","1632","12",
"방배4동","55~59세","2025 년","1853","1834","19",
"방배4동","60~64세","2024 년","1402","1391","11",
"방배4동","60~64세","2025 년","1399","1390","9",
"방배4동","65~69세","2024 년","1229","1223","6",
"방배4동","65~69세","2025 년","1295","1288","7",
"방배4동","70~74세","2024 년","890","889","1",
"방배4동","70~74세","2025 년","968","967","1",
"방배4동","75~79세","2024 년","800","798","2",
"방배4동","75~79세","2025 년","853","851","2",
"방배4동","80~84세","2024 년","560","560","-",
"방배4동","80~84세","2025 년","581","581","-",
"방배4동","85~89세","2024 년","309","308","1",
"방배4동","85~89세","2025 년","343","342","1",
"방배4동","90~94세","2024 년","96","96","-",
"방배4동","90~94세","2025 년","103","103","-",
"방배4동","95~99세","2024 년","20","20","-",
"방배4동","95~99세","2025 년","21","21","-",
"방배4동","100세 이상","2024 년","2","2","-",
"방배4동","100세 이상","2025 년","3","3","-",
"양재1동","합계","2024 년","41515","41170","345",
"양재1동","합계","2025 년","40931","40612","319",
"양재1동","0~4세","2024 년","1121","1110","11",
"양재1동","0~4세","2025 년","1127","1115","12",
"양재1동","5~9세","2024 년","1380","1375","5",
"양재1동","5~9세","2025 년","1249","1244","5",
"양재1동","10~14세","2024 년","2190","2186","4",
"양재1동","10~14세","2025 년","1899","1897","2",
"양재1동","15~19세","2024 년","2016","2008","8",
"양재1동","15~19세","2025 년","2087","2086","1",
"양재1동","20~24세","2024 년","1932","1916","16",
"양재1동","20~24세","2025 년","1832","1822","10",
"양재1동","25~29세","2024 년","2666","2630","36",
"양재1동","25~29세","2025 년","2562","2522","40",
"양재1동","30~34세","2024 년","3089","3040","49",
"양재1동","30~34세","2025 년","3106","3057","49",
"양재1동","35~39세","2024 년","2938","2888","50",
"양재1동","35~39세","2025 년","2907","2854","53",
"양재1동","40~44세","2024 년","3292","3255","37",
"양재1동","40~44세","2025 년","3077","3048","29",
"양재1동","45~49세","2024 년","3307","3277","30",
"양재1동","45~49세","2025 년","3268","3239","29",
"양재1동","50~54세","2024 년","3462","3428","34",
"양재1동","50~54세","2025 년","3345","3321","24",
"양재1동","55~59세","2024 년","3026","2999","27",
"양재1동","55~59세","2025 년","3124","3095","29",
"양재1동","60~64세","2024 년","3013","2991","22",
"양재1동","60~64세","2025 년","2870","2852","18",
"양재1동","65~69세","2024 년","2938","2927","11",
"양재1동","65~69세","2025 년","2920","2910","10",
"양재1동","70~74세","2024 년","2077","2076","1",
"양재1동","70~74세","2025 년","2282","2278","4",
"양재1동","75~79세","2024 년","1534","1532","2",
"양재1동","75~79세","2025 년","1611","1609","2",
"양재1동","80~84세","2024 년","858","857","1",
"양재1동","80~84세","2025 년","923","922","1",
"양재1동","85~89세","2024 년","439","438","1",
"양재1동","85~89세","2025 년","476","475","1",
"양재1동","90~94세","2024 년","187","187","-",
"양재1동","90~94세","2025 년","203","203","-",
"양재1동","95~99세","2024 년","45","45","-",
"양재1동","95~99세","2025 년","58","58","-",
"양재1동","100세 이상","2024 년","5","5","-",
"양재1동","100세 이상","2025 년","5","5","-",
"양재2동","합계","2024 년","21288","21042","246",
"양재2동","합계","2025 년","20993","20726","267",
"양재2동","0~4세","2024 년","442","429","13",
"양재2동","0~4세","2025 년","432","421","11",
"양재2동","5~9세","2024 년","496","492","4",
"양재2동","5~9세","2025 년","436","431","5",
"양재2동","10~14세","2024 년","658","653","5",
"양재2동","10~14세","2025 년","618","614","4",
"양재2동","15~19세","2024 년","700","700","-",
"양재2동","15~19세","2025 년","715","712","3",
"양재2동","20~24세","2024 년","976","956","20",
"양재2동","20~24세","2025 년","905","889","16",
"양재2동","25~29세","2024 년","2141","2100","41",
"양재2동","25~29세","2025 년","2016","1961","55",
"양재2동","30~34세","2024 년","2449","2399","50",
"양재2동","30~34세","2025 년","2481","2431","50",
"양재2동","35~39세","2024 년","1808","1777","31",
"양재2동","35~39세","2025 년","1802","1762","40",
"양재2동","40~44세","2024 년","1755","1736","19",
"양재2동","40~44세","2025 년","1691","1666","25",
"양재2동","45~49세","2024 년","1549","1533","16",
"양재2동","45~49세","2025 년","1537","1517","20",
"양재2동","50~54세","2024 년","1790","1775","15",
"양재2동","50~54세","2025 년","1689","1676","13",
"양재2동","55~59세","2024 년","1557","1544","13",
"양재2동","55~59세","2025 년","1600","1590","10",
"양재2동","60~64세","2024 년","1508","1500","8",
"양재2동","60~64세","2025 년","1463","1456","7",
"양재2동","65~69세","2024 년","1303","1298","5",
"양재2동","65~69세","2025 년","1344","1340","4",
"양재2동","70~74세","2024 년","884","881","3",
"양재2동","70~74세","2025 년","960","959","1",
"양재2동","75~79세","2024 년","647","646","1",
"양재2동","75~79세","2025 년","647","645","2",
"양재2동","80~84세","2024 년","403","402","1",
"양재2동","80~84세","2025 년","415","415","-",
"양재2동","85~89세","2024 년","163","162","1",
"양재2동","85~89세","2025 년","177","176","1",
"양재2동","90~94세","2024 년","43","43","-",
"양재2동","90~94세","2025 년","49","49","-",
"양재2동","95~99세","2024 년","15","15","-",
"양재2동","95~99세","2025 년","12","12","-",
"양재2동","100세 이상","2024 년","1","1","-",
"양재2동","100세 이상","2025 년","4","4","-",
"내곡동","합계","2024 년","16927","16863","64",
"내곡동","합계","2025 년","16764","16692","72",
"내곡동","0~4세","2024 년","570","569","1",
"내곡동","0~4세","2025 년","566","565","1",
"내곡동","5~9세","2024 년","699","698","1",
"내곡동","5~9세","2025 년","626","624","2",
"내곡동","10~14세","2024 년","1065","1063","2",
"내곡동","10~14세","2025 년","1017","1015","2",
"내곡동","15~19세","2024 년","594","593","1",
"내곡동","15~19세","2025 년","685","684","1",
"내곡동","20~24세","2024 년","615","613","2",
"내곡동","20~24세","2025 년","580","579","1",
"내곡동","25~29세","2024 년","909","903","6",
"내곡동","25~29세","2025 년","882","878","4",
"내곡동","30~34세","2024 년","1066","1061","5",
"내곡동","30~34세","2025 년","1023","1015","8",
"내곡동","35~39세","2024 년","1187","1177","10",
"내곡동","35~39세","2025 년","1176","1162","14",
"내곡동","40~44세","2024 년","1531","1518","13",
"내곡동","40~44세","2025 년","1384","1373","11",
"내곡동","45~49세","2024 년","1349","1341","8",
"내곡동","45~49세","2025 년","1403","1391","12",
"내곡동","50~54세","2024 년","1267","1262","5",
"내곡동","50~54세","2025 년","1213","1210","3",
"내곡동","55~59세","2024 년","1169","1165","4",
"내곡동","55~59세","2025 년","1200","1196","4",
"내곡동","60~64세","2024 년","1238","1234","4",
"내곡동","60~64세","2025 년","1199","1194","5",
"내곡동","65~69세","2024 년","1277","1275","2",
"내곡동","65~69세","2025 년","1239","1235","4",
"내곡동","70~74세","2024 년","916","916","-",
"내곡동","70~74세","2025 년","1024","1024","-",
"내곡동","75~79세","2024 년","744","744","-",
"내곡동","75~79세","2025 년","770","770","-",
"내곡동","80~84세","2024 년","405","405","-",
"내곡동","80~84세","2025 년","432","432","-",
"내곡동","85~89세","2024 년","228","228","-",
"내곡동","85~89세","2025 년","234","234","-",
"내곡동","90~94세","2024 년","76","76","-",
"내곡동","90~94세","2025 년","84","84","-",
"내곡동","95~99세","2024 년","20","20","-",
"내곡동","95~99세","2025 년","25","25","-",
"내곡동","100세 이상","2024 년","2","2","-",
"내곡동","100세 이상","2025 년","2","2","-",
"강남구","합계","2024 년","563215","557345","5870",
"강남구","합계","2025 년","562508","556330","6178",
"강남구","0~4세","2024 년","12339","12273","66",
"강남구","0~4세","2025 년","12507","12445","62",
"강남구","5~9세","2024 년","20970","20887","83",
"강남구","5~9세","2025 년","19627","19550","77",
"강남구","10~14세","2024 년","32457","32396","61",
"강남구","10~14세","2025 년","32278","32201","77",
"강남구","15~19세","2024 년","31305","31131","174",
"강남구","15~19세","2025 년","32024","31856","168",
"강남구","20~24세","2024 년","29000","28418","582",
"강남구","20~24세","2025 년","27077","26408","669",
"강남구","25~29세","2024 년","39063","37886","1177",
"강남구","25~29세","2025 년","37942","36751","1191",
"강남구","30~34세","2024 년","43926","42889","1037",
"강남구","30~34세","2025 년","43419","42356","1063",
"강남구","35~39세","2024 년","39236","38402","834",
"강남구","35~39세","2025 년","39196","38299","897",
"강남구","40~44세","2024 년","49825","49268","557",
"강남구","40~44세","2025 년","48037","47396","641",
"강남구","45~49세","2024 년","52029","51624","405",
"강남구","45~49세","2025 년","53072","52659","413",
"강남구","50~54세","2024 년","50334","50016","318",
"강남구","50~54세","2025 년","49729","49394","335",
"강남구","55~59세","2024 년","38156","37899","257",
"강남구","55~59세","2025 년","39336","39081","255",
"강남구","60~64세","2024 년","33105","32965","140",
"강남구","60~64세","2025 년","32734","32585","149",
"강남구","65~69세","2024 년","31363","31274","89",
"강남구","65~69세","2025 년","31363","31278","85",
"강남구","70~74세","2024 년","23302","23259","43",
"강남구","70~74세","2025 년","25302","25256","46",
"강남구","75~79세","2024 년","18079","18050","29",
"강남구","75~79세","2025 년","18905","18879","26",
"강남구","80~84세","2024 년","10834","10828","6",
"강남구","80~84세","2025 년","11434","11423","11",
"강남구","85~89세","2024 년","5280","5271","9",
"강남구","85~89세","2025 년","5714","5704","10",
"강남구","90~94세","2024 년","1971","1970","1",
"강남구","90~94세","2025 년","2146","2145","1",
"강남구","95~99세","2024 년","557","556","1",
"강남구","95~99세","2025 년","581","580","1",
"강남구","100세 이상","2024 년","84","83","1",
"강남구","100세 이상","2025 년","85","84","1",
"신사동","합계","2024 년","15480","15268","212",
"신사동","합계","2025 년","15291","15081","210",
"신사동","0~4세","2024 년","328","328","-",
"신사동","0~4세","2025 년","331","331","-",
"신사동","5~9세","2024 년","491","490","1",
"신사동","5~9세","2025 년","454","449","5",
"신사동","10~14세","2024 년","674","672","2",
"신사동","10~14세","2025 년","695","689","6",
"신사동","15~19세","2024 년","782","772","10",
"신사동","15~19세","2025 년","774","769","5",
"신사동","20~24세","2024 년","868","838","30",
"신사동","20~24세","2025 년","812","791","21",
"신사동","25~29세","2024 년","1044","1012","32",
"신사동","25~29세","2025 년","995","964","31",
"신사동","30~34세","2024 년","1096","1056","40",
"신사동","30~34세","2025 년","1009","974","35",
"신사동","35~39세","2024 년","965","942","23",
"신사동","35~39세","2025 년","979","950","29",
"신사동","40~44세","2024 년","1169","1148","21",
"신사동","40~44세","2025 년","1153","1126","27",
"신사동","45~49세","2024 년","1283","1261","22",
"신사동","45~49세","2025 년","1262","1244","18",
"신사동","50~54세","2024 년","1487","1475","12",
"신사동","50~54세","2025 년","1450","1436","14",
"신사동","55~59세","2024 년","1158","1151","7",
"신사동","55~59세","2025 년","1195","1185","10",
"신사동","60~64세","2024 년","935","930","5",
"신사동","60~64세","2025 년","949","945","4",
"신사동","65~69세","2024 년","867","866","1",
"신사동","65~69세","2025 년","831","830","1",
"신사동","70~74세","2024 년","738","733","5",
"신사동","70~74세","2025 년","769","766","3",
"신사동","75~79세","2024 년","694","693","1",
"신사동","75~79세","2025 년","695","694","1",
"신사동","80~84세","2024 년","497","497","-",
"신사동","80~84세","2025 년","500","500","-",
"신사동","85~89세","2024 년","268","268","-",
"신사동","85~89세","2025 년","294","294","-",
"신사동","90~94세","2024 년","104","104","-",
"신사동","90~94세","2025 년","110","110","-",
"신사동","95~99세","2024 년","30","30","-",
"신사동","95~99세","2025 년","31","31","-",
"신사동","100세 이상","2024 년","2","2","-",
"신사동","100세 이상","2025 년","3","3","-",
"논현1동","합계","2024 년","21510","20780","730",
"논현1동","합계","2025 년","21500","20647","853",
"논현1동","0~4세","2024 년","253","245","8",
"논현1동","0~4세","2025 년","264","254","10",
"논현1동","5~9세","2024 년","265","256","9",
"논현1동","5~9세","2025 년","242","232","10",
"논현1동","10~14세","2024 년","370","366","4",
"논현1동","10~14세","2025 년","356","352","4",
"논현1동","15~19세","2024 년","493","466","27",
"논현1동","15~19세","2025 년","514","487","27",
"논현1동","20~24세","2024 년","1141","1017","124",
"논현1동","20~24세","2025 년","1083","921","162",
"논현1동","25~29세","2024 년","2802","2618","184",
"논현1동","25~29세","2025 년","2622","2417","205",
"논현1동","30~34세","2024 년","3121","3003","118",
"논현1동","30~34세","2025 년","3139","3003","136",
"논현1동","35~39세","2024 년","2254","2173","81",
"논현1동","35~39세","2025 년","2332","2229","103",
"논현1동","40~44세","2024 년","2051","1991","60",
"논현1동","40~44세","2025 년","1962","1904","58",
"논현1동","45~49세","2024 년","1635","1596","39",
"논현1동","45~49세","2025 년","1752","1700","52",
"논현1동","50~54세","2024 년","1552","1527","25",
"논현1동","50~54세","2025 년","1515","1482","33",
"논현1동","55~59세","2024 년","1308","1278","30",
"논현1동","55~59세","2025 년","1345","1318","27",
"논현1동","60~64세","2024 년","1109","1098","11",
"논현1동","60~64세","2025 년","1142","1126","16",
"논현1동","65~69세","2024 년","1036","1029","7",
"논현1동","65~69세","2025 년","1026","1020","6",
"논현1동","70~74세","2024 년","778","777","1",
"논현1동","70~74세","2025 년","813","811","2",
"논현1동","75~79세","2024 년","617","616","1",
"논현1동","75~79세","2025 년","640","639","1",
"논현1동","80~84세","2024 년","420","420","-",
"논현1동","80~84세","2025 년","430","430","-",
"논현1동","85~89세","2024 년","201","200","1",
"논현1동","85~89세","2025 년","228","227","1",
"논현1동","90~94세","2024 년","82","82","-",
"논현1동","90~94세","2025 년","78","78","-",
"논현1동","95~99세","2024 년","17","17","-",
"논현1동","95~99세","2025 년","14","14","-",
"논현1동","100세 이상","2024 년","5","5","-",
"논현1동","100세 이상","2025 년","3","3","-",
"논현2동","합계","2024 년","20571","20196","375",
"논현2동","합계","2025 년","20506","20109","397",
"논현2동","0~4세","2024 년","366","360","6",
"논현2동","0~4세","2025 년","373","369","4",
"논현2동","5~9세","2024 년","449","444","5",
"논현2동","5~9세","2025 년","423","422","1",
"논현2동","10~14세","2024 년","553","551","2",
"논현2동","10~14세","2025 년","547","544","3",
"논현2동","15~19세","2024 년","651","634","17",
"논현2동","15~19세","2025 년","651","631","20",
"논현2동","20~24세","2024 년","1061","1018","43",
"논현2동","20~24세","2025 년","970","923","47",
"논현2동","25~29세","2024 년","2039","1950","89",
"논현2동","25~29세","2025 년","1959","1871","88",
"논현2동","30~34세","2024 년","2303","2237","66",
"논현2동","30~34세","2025 년","2320","2242","78",
"논현2동","35~39세","2024 년","1885","1835","50",
"논현2동","35~39세","2025 년","1918","1866","52",
"논현2동","40~44세","2024 년","1959","1922","37",
"논현2동","40~44세","2025 년","1901","1861","40",
"논현2동","45~49세","2024 년","1720","1697","23",
"논현2동","45~49세","2025 년","1744","1724","20",
"논현2동","50~54세","2024 년","1748","1739","9",
"논현2동","50~54세","2025 년","1751","1737","14",
"논현2동","55~59세","2024 년","1321","1311","10",
"논현2동","55~59세","2025 년","1397","1387","10",
"논현2동","60~64세","2024 년","1205","1199","6",
"논현2동","60~64세","2025 년","1157","1151","6",
"논현2동","65~69세","2024 년","1002","997","5",
"논현2동","65~69세","2025 년","998","992","6",
"논현2동","70~74세","2024 년","803","798","5",
"논현2동","70~74세","2025 년","838","833","5",
"논현2동","75~79세","2024 년","723","721","2",
"논현2동","75~79세","2025 년","735","732","3",
"논현2동","80~84세","2024 년","486","486","-",
"논현2동","80~84세","2025 년","491","491","-",
"논현2동","85~89세","2024 년","192","192","-",
"논현2동","85~89세","2025 년","220","220","-",
"논현2동","90~94세","2024 년","82","82","-",
"논현2동","90~94세","2025 년","89","89","-",
"논현2동","95~99세","2024 년","17","17","-",
"논현2동","95~99세","2025 년","19","19","-",
"논현2동","100세 이상","2024 년","6","6","-",
"논현2동","100세 이상","2025 년","5","5","-",
"압구정동","합계","2024 년","25746","25556","190",
"압구정동","합계","2025 년","25668","25444","224",
"압구정동","0~4세","2024 년","667","667","-",
"압구정동","0~4세","2025 년","649","649","-",
"압구정동","5~9세","2024 년","1085","1083","2",
"압구정동","5~9세","2025 년","1045","1045","-",
"압구정동","10~14세","2024 년","1350","1350","-",
"압구정동","10~14세","2025 년","1348","1347","1",
"압구정동","15~19세","2024 년","1317","1312","5",
"압구정동","15~19세","2025 년","1390","1384","6",
"압구정동","20~24세","2024 년","1318","1299","19",
"압구정동","20~24세","2025 년","1223","1189","34",
"압구정동","25~29세","2024 년","1429","1397","32",
"압구정동","25~29세","2025 년","1423","1386","37",
"압구정동","30~34세","2024 년","1388","1361","27",
"압구정동","30~34세","2025 년","1340","1318","22",
"압구정동","35~39세","2024 년","1459","1443","16",
"압구정동","35~39세","2025 년","1460","1439","21",
"압구정동","40~44세","2024 년","2042","2013","29",
"압구정동","40~44세","2025 년","1946","1911","35",
"압구정동","45~49세","2024 년","2208","2183","25",
"압구정동","45~49세","2025 년","2276","2250","26",
"압구정동","50~54세","2024 년","2365","2349","16",
"압구정동","50~54세","2025 년","2291","2272","19",
"압구정동","55~59세","2024 년","1929","1918","11",
"압구정동","55~59세","2025 년","2026","2013","13",
"압구정동","60~64세","2024 년","1668","1668","-",
"압구정동","60~64세","2025 년","1685","1684","1",
"압구정동","65~69세","2024 년","1534","1529","5",
"압구정동","65~69세","2025 년","1498","1493","5",
"압구정동","70~74세","2024 년","1308","1308","-",
"압구정동","70~74세","2025 년","1338","1337","1",
"압구정동","75~79세","2024 년","1211","1210","1",
"압구정동","75~79세","2025 년","1199","1198","1",
"압구정동","80~84세","2024 년","827","825","2",
"압구정동","80~84세","2025 년","837","836","1",
"압구정동","85~89세","2024 년","441","441","-",
"압구정동","85~89세","2025 년","471","470","1",
"압구정동","90~94세","2024 년","157","157","-",
"압구정동","90~94세","2025 년","180","180","-",
"압구정동","95~99세","2024 년","37","37","-",
"압구정동","95~99세","2025 년","37","37","-",
"압구정동","100세 이상","2024 년","6","6","-",
"압구정동","100세 이상","2025 년","6","6","-",
"청담동","합계","2024 년","24253","24000","253",
"청담동","합계","2025 년","25463","25217","246",
"청담동","0~4세","2024 년","592","592","-",
"청담동","0~4세","2025 년","633","633","-",
"청담동","5~9세","2024 년","955","950","5",
"청담동","5~9세","2025 년","918","914","4",
"청담동","10~14세","2024 년","1085","1084","1",
"청담동","10~14세","2025 년","1089","1086","3",
"청담동","15~19세","2024 년","1052","1041","11",
"청담동","15~19세","2025 년","1227","1223","4",
"청담동","20~24세","2024 년","1371","1355","16",
"청담동","20~24세","2025 년","1308","1291","17",
"청담동","25~29세","2024 년","1653","1623","30",
"청담동","25~29세","2025 년","1718","1686","32",
"청담동","30~34세","2024 년","1836","1799","37",
"청담동","30~34세","2025 년","1831","1804","27",
"청담동","35~39세","2024 년","1790","1747","43",
"청담동","35~39세","2025 년","1816","1774","42",
"청담동","40~44세","2024 년","2229","2192","37",
"청담동","40~44세","2025 년","2256","2215","41",
"청담동","45~49세","2024 년","2119","2097","22",
"청담동","45~49세","2025 년","2242","2220","22",
"청담동","50~54세","2024 년","2099","2077","22",
"청담동","50~54세","2025 년","2206","2185","21",
"청담동","55~59세","2024 년","1841","1827","14",
"청담동","55~59세","2025 년","1956","1942","14",
"청담동","60~64세","2024 년","1571","1563","8",
"청담동","60~64세","2025 년","1646","1638","8",
"청담동","65~69세","2024 년","1411","1408","3",
"청담동","65~69세","2025 년","1585","1580","5",
"청담동","70~74세","2024 년","983","982","1",
"청담동","70~74세","2025 년","1146","1143","3",
"청담동","75~79세","2024 년","799","798","1",
"청담동","75~79세","2025 년","892","892","-",
"청담동","80~84세","2024 년","521","521","-",
"청담동","80~84세","2025 년","586","585","1",
"청담동","85~89세","2024 년","231","230","1",
"청담동","85~89세","2025 년","281","280","1",
"청담동","90~94세","2024 년","94","93","1",
"청담동","90~94세","2025 년","100","99","1",
"청담동","95~99세","2024 년","14","14","-",
"청담동","95~99세","2025 년","23","23","-",
"청담동","100세 이상","2024 년","7","7","-",
"청담동","100세 이상","2025 년","4","4","-",
"삼성1동","합계","2024 년","12283","11933","350",
"삼성1동","합계","2025 년","13005","12689","316",
"삼성1동","0~4세","2024 년","272","263","9",
"삼성1동","0~4세","2025 년","296","291","5",
"삼성1동","5~9세","2024 년","376","368","8",
"삼성1동","5~9세","2025 년","344","341","3",
"삼성1동","10~14세","2024 년","477","473","4",
"삼성1동","10~14세","2025 년","509","506","3",
"삼성1동","15~19세","2024 년","622","610","12",
"삼성1동","15~19세","2025 년","659","648","11",
"삼성1동","20~24세","2024 년","650","628","22",
"삼성1동","20~24세","2025 년","669","651","18",
"삼성1동","25~29세","2024 년","856","818","38",
"삼성1동","25~29세","2025 년","859","821","38",
"삼성1동","30~34세","2024 년","971","914","57",
"삼성1동","30~34세","2025 년","983","935","48",
"삼성1동","35~39세","2024 년","857","795","62",
"삼성1동","35~39세","2025 년","905","843","62",
"삼성1동","40~44세","2024 년","940","895","45",
"삼성1동","40~44세","2025 년","941","895","46",
"삼성1동","45~49세","2024 년","1012","979","33",
"삼성1동","45~49세","2025 년","1068","1042","26",
"삼성1동","50~54세","2024 년","1077","1057","20",
"삼성1동","50~54세","2025 년","1104","1081","23",
"삼성1동","55~59세","2024 년","939","919","20",
"삼성1동","55~59세","2025 년","1049","1033","16",
"삼성1동","60~64세","2024 년","883","871","12",
"삼성1동","60~64세","2025 년","940","933","7",
"삼성1동","65~69세","2024 년","774","770","4",
"삼성1동","65~69세","2025 년","852","847","5",
"삼성1동","70~74세","2024 년","607","605","2",
"삼성1동","70~74세","2025 년","723","720","3",
"삼성1동","75~79세","2024 년","473","471","2",
"삼성1동","75~79세","2025 년","543","541","2",
"삼성1동","80~84세","2024 년","296","296","-",
"삼성1동","80~84세","2025 년","340","340","-",
"삼성1동","85~89세","2024 년","145","145","-",
"삼성1동","85~89세","2025 년","157","157","-",
"삼성1동","90~94세","2024 년","45","45","-",
"삼성1동","90~94세","2025 년","52","52","-",
"삼성1동","95~99세","2024 년","11","11","-",
"삼성1동","95~99세","2025 년","12","12","-",
"삼성1동","100세 이상","2024 년","-","-","-",
"삼성1동","100세 이상","2025 년","-","-","-",
"삼성2동","합계","2024 년","30834","30509","325",
"삼성2동","합계","2025 년","30628","30301","327",
"삼성2동","0~4세","2024 년","700","698","2",
"삼성2동","0~4세","2025 년","680","679","1",
"삼성2동","5~9세","2024 년","1145","1139","6",
"삼성2동","5~9세","2025 년","1040","1036","4",
"삼성2동","10~14세","2024 년","1782","1777","5",
"삼성2동","10~14세","2025 년","1727","1722","5",
"삼성2동","15~19세","2024 년","1778","1754","24",
"삼성2동","15~19세","2025 년","1741","1727","14",
"삼성2동","20~24세","2024 년","1649","1629","20",
"삼성2동","20~24세","2025 년","1626","1597","29",
"삼성2동","25~29세","2024 년","2181","2127","54",
"삼성2동","25~29세","2025 년","2182","2138","44",
"삼성2동","30~34세","2024 년","2453","2401","52",
"삼성2동","30~34세","2025 년","2408","2352","56",
"삼성2동","35~39세","2024 년","2368","2313","55",
"삼성2동","35~39세","2025 년","2286","2229","57",
"삼성2동","40~44세","2024 년","2875","2837","38",
"삼성2동","40~44세","2025 년","2766","2727","39",
"삼성2동","45~49세","2024 년","3171","3149","22",
"삼성2동","45~49세","2025 년","3120","3100","20",
"삼성2동","50~54세","2024 년","3062","3042","20",
"삼성2동","50~54세","2025 년","3038","3014","24",
"삼성2동","55~59세","2024 년","2103","2093","10",
"삼성2동","55~59세","2025 년","2267","2253","14",
"삼성2동","60~64세","2024 년","1424","1419","5",
"삼성2동","60~64세","2025 년","1467","1458","9",
"삼성2동","65~69세","2024 년","1234","1227","7",
"삼성2동","65~69세","2025 년","1244","1238","6",
"삼성2동","70~74세","2024 년","1012","1009","3",
"삼성2동","70~74세","2025 년","1066","1063","3",
"삼성2동","75~79세","2024 년","900","898","2",
"삼성2동","75~79세","2025 년","908","907","1",
"삼성2동","80~84세","2024 년","637","637","-",
"삼성2동","80~84세","2025 년","665","664","1",
"삼성2동","85~89세","2024 년","251","251","-",
"삼성2동","85~89세","2025 년","281","281","-",
"삼성2동","90~94세","2024 년","82","82","-",
"삼성2동","90~94세","2025 년","88","88","-",
"삼성2동","95~99세","2024 년","23","23","-",
"삼성2동","95~99세","2025 년","24","24","-",
"삼성2동","100세 이상","2024 년","4","4","-",
"삼성2동","100세 이상","2025 년","4","4","-",
"대치1동","합계","2024 년","23979","23938","41",
"대치1동","합계","2025 년","23800","23762","38",
"대치1동","0~4세","2024 년","294","294","-",
"대치1동","0~4세","2025 년","275","275","-",
"대치1동","5~9세","2024 년","1234","1234","-",
"대치1동","5~9세","2025 년","1163","1163","-",
"대치1동","10~14세","2024 년","2835","2833","2",
"대치1동","10~14세","2025 년","2797","2796","1",
"대치1동","15~19세","2024 년","2599","2597","2",
"대치1동","15~19세","2025 년","2624","2624","-",
"대치1동","20~24세","2024 년","1311","1310","1",
"대치1동","20~24세","2025 년","1283","1283","-",
"대치1동","25~29세","2024 년","869","869","-",
"대치1동","25~29세","2025 년","849","849","-",
"대치1동","30~34세","2024 년","578","578","-",
"대치1동","30~34세","2025 년","558","558","-",
"대치1동","35~39세","2024 년","707","705","2",
"대치1동","35~39세","2025 년","679","677","2",
"대치1동","40~44세","2024 년","2135","2131","4",
"대치1동","40~44세","2025 년","2052","2047","5",
"대치1동","45~49세","2024 년","3259","3251","8",
"대치1동","45~49세","2025 년","3191","3185","6",
"대치1동","50~54세","2024 년","2679","2670","9",
"대치1동","50~54세","2025 년","2706","2697","9",
"대치1동","55~59세","2024 년","1491","1489","2",
"대치1동","55~59세","2025 년","1574","1571","3",
"대치1동","60~64세","2024 년","1110","1107","3",
"대치1동","60~64세","2025 년","1100","1097","3",
"대치1동","65~69세","2024 년","1018","1016","2",
"대치1동","65~69세","2025 년","1007","1005","2",
"대치1동","70~74세","2024 년","790","786","4",
"대치1동","70~74세","2025 년","814","812","2",
"대치1동","75~79세","2024 년","560","559","1",
"대치1동","75~79세","2025 년","589","585","4",
"대치1동","80~84세","2024 년","288","288","-",
"대치1동","80~84세","2025 년","299","299","-",
"대치1동","85~89세","2024 년","151","151","-",
"대치1동","85~89세","2025 년","166","166","-",
"대치1동","90~94세","2024 년","52","52","-",
"대치1동","90~94세","2025 년","54","54","-",
"대치1동","95~99세","2024 년","18","17","1",
"대치1동","95~99세","2025 년","17","16","1",
"대치1동","100세 이상","2024 년","1","1","-",
"대치1동","100세 이상","2025 년","3","3","-",
"대치2동","합계","2024 년","38484","38311","173",
"대치2동","합계","2025 년","38694","38483","211",
"대치2동","0~4세","2024 년","620","620","-",
"대치2동","0~4세","2025 년","624","623","1",
"대치2동","5~9세","2024 년","1625","1625","-",
"대치2동","5~9세","2025 년","1556","1556","-",
"대치2동","10~14세","2024 년","3541","3541","-",
"대치2동","10~14세","2025 년","3641","3641","-",
"대치2동","15~19세","2024 년","3384","3380","4",
"대치2동","15~19세","2025 년","3422","3420","2",
"대치2동","20~24세","2024 년","2029","2024","5",
"대치2동","20~24세","2025 년","1928","1921","7",
"대치2동","25~29세","2024 년","1683","1658","25",
"대치2동","25~29세","2025 년","1673","1635","38",
"대치2동","30~34세","2024 년","1660","1629","31",
"대치2동","30~34세","2025 년","1608","1564","44",
"대치2동","35~39세","2024 년","1704","1677","27",
"대치2동","35~39세","2025 년","1655","1617","38",
"대치2동","40~44세","2024 년","3232","3212","20",
"대치2동","40~44세","2025 년","3164","3137","27",
"대치2동","45~49세","2024 년","4388","4368","20",
"대치2동","45~49세","2025 년","4512","4490","22",
"대치2동","50~54세","2024 년","4016","4006","10",
"대치2동","50~54세","2025 년","4067","4060","7",
"대치2동","55~59세","2024 년","2555","2541","14",
"대치2동","55~59세","2025 년","2630","2617","13",
"대치2동","60~64세","2024 년","2247","2239","8",
"대치2동","60~64세","2025 년","2136","2130","6",
"대치2동","65~69세","2024 년","2128","2123","5",
"대치2동","65~69세","2025 년","2138","2134","4",
"대치2동","70~74세","2024 년","1632","1631","1",
"대치2동","70~74세","2025 년","1760","1760","-",
"대치2동","75~79세","2024 년","1132","1129","3",
"대치2동","75~79세","2025 년","1186","1185","1",
"대치2동","80~84세","2024 년","548","548","-",
"대치2동","80~84세","2025 년","600","599","1",
"대치2동","85~89세","2024 년","231","231","-",
"대치2동","85~89세","2025 년","260","260","-",
"대치2동","90~94세","2024 년","101","101","-",
"대치2동","90~94세","2025 년","104","104","-",
"대치2동","95~99세","2024 년","23","23","-",
"대치2동","95~99세","2025 년","26","26","-",
"대치2동","100세 이상","2024 년","5","5","-",
"대치2동","100세 이상","2025 년","4","4","-",
"대치4동","합계","2024 년","18580","18272","308",
"대치4동","합계","2025 년","18326","17980","346",
"대치4동","0~4세","2024 년","185","181","4",
"대치4동","0~4세","2025 년","179","175","4",
"대치4동","5~9세","2024 년","344","339","5",
"대치4동","5~9세","2025 년","335","328","7",
"대치4동","10~14세","2024 년","814","812","2",
"대치4동","10~14세","2025 년","792","788","4",
"대치4동","15~19세","2024 년","1299","1294","5",
"대치4동","15~19세","2025 년","1269","1261","8",
"대치4동","20~24세","2024 년","1325","1302","23",
"대치4동","20~24세","2025 년","1122","1103","19",
"대치4동","25~29세","2024 년","1644","1564","80",
"대치4동","25~29세","2025 년","1635","1559","76",
"대치4동","30~34세","2024 년","1797","1740","57",
"대치4동","30~34세","2025 년","1833","1768","65",
"대치4동","35~39세","2024 년","1357","1319","38",
"대치4동","35~39세","2025 년","1405","1343","62",
"대치4동","40~44세","2024 년","1505","1480","25",
"대치4동","40~44세","2025 년","1454","1428","26",
"대치4동","45~49세","2024 년","1793","1771","22",
"대치4동","45~49세","2025 년","1745","1715","30",
"대치4동","50~54세","2024 년","2046","2027","19",
"대치4동","50~54세","2025 년","1942","1926","16",
"대치4동","55~59세","2024 년","1327","1314","13",
"대치4동","55~59세","2025 년","1391","1376","15",
"대치4동","60~64세","2024 년","907","899","8",
"대치4동","60~64세","2025 년","907","897","10",
"대치4동","65~69세","2024 년","733","729","4",
"대치4동","65~69세","2025 년","742","741","1",
"대치4동","70~74세","2024 년","506","503","3",
"대치4동","70~74세","2025 년","523","521","2",
"대치4동","75~79세","2024 년","481","481","-",
"대치4동","75~79세","2025 년","509","508","1",
"대치4동","80~84세","2024 년","337","337","-",
"대치4동","80~84세","2025 년","345","345","-",
"대치4동","85~89세","2024 년","134","134","-",
"대치4동","85~89세","2025 년","146","146","-",
"대치4동","90~94세","2024 년","40","40","-",
"대치4동","90~94세","2025 년","39","39","-",
"대치4동","95~99세","2024 년","5","5","-",
"대치4동","95~99세","2025 년","12","12","-",
"대치4동","100세 이상","2024 년","1","1","-",
"대치4동","100세 이상","2025 년","1","1","-",
"역삼1동","합계","2024 년","35596","34216","1380",
"역삼1동","합계","2025 년","35623","34174","1449",
"역삼1동","0~4세","2024 년","431","422","9",
"역삼1동","0~4세","2025 년","406","395","11",
"역삼1동","5~9세","2024 년","378","370","8",
"역삼1동","5~9세","2025 년","337","329","8",
"역삼1동","10~14세","2024 년","529","516","13",
"역삼1동","10~14세","2025 년","540","527","13",
"역삼1동","15~19세","2024 년","756","724","32",
"역삼1동","15~19세","2025 년","801","752","49",
"역삼1동","20~24세","2024 년","1852","1676","176",
"역삼1동","20~24세","2025 년","1737","1529","208",
"역삼1동","25~29세","2024 년","5215","4856","359",
"역삼1동","25~29세","2025 년","4998","4619","379",
"역삼1동","30~34세","2024 년","6122","5817","305",
"역삼1동","30~34세","2025 년","6064","5778","286",
"역삼1동","35~39세","2024 년","4091","3906","185",
"역삼1동","35~39세","2025 년","4127","3938","189",
"역삼1동","40~44세","2024 년","3591","3492","99",
"역삼1동","40~44세","2025 년","3502","3391","111",
"역삼1동","45~49세","2024 년","2621","2560","61",
"역삼1동","45~49세","2025 년","2819","2765","54",
"역삼1동","50~54세","2024 년","2498","2448","50",
"역삼1동","50~54세","2025 년","2487","2436","51",
"역삼1동","55~59세","2024 년","1907","1866","41",
"역삼1동","55~59세","2025 년","2040","2002","38",
"역삼1동","60~64세","2024 년","1650","1625","25",
"역삼1동","60~64세","2025 년","1606","1576","30",
"역삼1동","65~69세","2024 년","1417","1410","7",
"역삼1동","65~69세","2025 년","1452","1444","8",
"역삼1동","70~74세","2024 년","914","909","5",
"역삼1동","70~74세","2025 년","998","990","8",
"역삼1동","75~79세","2024 년","776","774","2",
"역삼1동","75~79세","2025 년","809","808","1",
"역삼1동","80~84세","2024 년","515","514","1",
"역삼1동","80~84세","2025 년","523","520","3",
"역삼1동","85~89세","2024 년","236","234","2",
"역삼1동","85~89세","2025 년","262","260","2",
"역삼1동","90~94세","2024 년","73","73","-",
"역삼1동","90~94세","2025 년","82","82","-",
"역삼1동","95~99세","2024 년","22","22","-",
"역삼1동","95~99세","2025 년","31","31","-",
"역삼1동","100세 이상","2024 년","2","2","-",
"역삼1동","100세 이상","2025 년","2","2","-",
"역삼2동","합계","2024 년","36604","36216","388",
"역삼2동","합계","2025 년","36481","36100","381",
"역삼2동","0~4세","2024 년","544","535","9",
"역삼2동","0~4세","2025 년","549","543","6",
"역삼2동","5~9세","2024 년","1452","1448","4",
"역삼2동","5~9세","2025 년","1343","1337","6",
"역삼2동","10~14세","2024 년","3056","3051","5",
"역삼2동","10~14세","2025 년","2932","2923","9",
"역삼2동","15~19세","2024 년","2794","2784","10",
"역삼2동","15~19세","2025 년","2869","2863","6",
"역삼2동","20~24세","2024 년","1978","1925","53",
"역삼2동","20~24세","2025 년","1914","1865","49",
"역삼2동","25~29세","2024 년","2495","2394","101",
"역삼2동","25~29세","2025 년","2445","2365","80",
"역삼2동","30~34세","2024 년","2455","2389","66",
"역삼2동","30~34세","2025 년","2438","2357","81",
"역삼2동","35~39세","2024 년","2097","2060","37",
"역삼2동","35~39세","2025 년","2120","2085","35",
"역삼2동","40~44세","2024 년","3735","3700","35",
"역삼2동","40~44세","2025 년","3425","3386","39",
"역삼2동","45~49세","2024 년","4440","4423","17",
"역삼2동","45~49세","2025 년","4549","4529","20",
"역삼2동","50~54세","2024 년","4077","4055","22",
"역삼2동","50~54세","2025 년","4054","4035","19",
"역삼2동","55~59세","2024 년","2155","2140","15",
"역삼2동","55~59세","2025 년","2342","2326","16",
"역삼2동","60~64세","2024 년","1353","1345","8",
"역삼2동","60~64세","2025 년","1399","1388","11",
"역삼2동","65~69세","2024 년","1192","1187","5",
"역삼2동","65~69세","2025 년","1195","1193","2",
"역삼2동","70~74세","2024 년","1002","1002","-",
"역삼2동","70~74세","2025 년","1025","1025","-",
"역삼2동","75~79세","2024 년","907","906","1",
"역삼2동","75~79세","2025 년","924","923","1",
"역삼2동","80~84세","2024 년","542","542","-",
"역삼2동","80~84세","2025 년","571","570","1",
"역삼2동","85~89세","2024 년","240","240","-",
"역삼2동","85~89세","2025 년","280","280","-",
"역삼2동","90~94세","2024 년","75","75","-",
"역삼2동","90~94세","2025 년","90","90","-",
"역삼2동","95~99세","2024 년","15","15","-",
"역삼2동","95~99세","2025 년","16","16","-",
"역삼2동","100세 이상","2024 년","-","-","-",
"역삼2동","100세 이상","2025 년","1","1","-",
"도곡1동","합계","2024 년","20721","20583","138",
"도곡1동","합계","2025 년","20852","20720","132",
"도곡1동","0~4세","2024 년","467","465","2",
"도곡1동","0~4세","2025 년","489","487","2",
"도곡1동","5~9세","2024 년","904","904","-",
"도곡1동","5~9세","2025 년","858","858","-",
"도곡1동","10~14세","2024 년","1300","1299","1",
"도곡1동","10~14세","2025 년","1331","1331","-",
"도곡1동","15~19세","2024 년","1142","1141","1",
"도곡1동","15~19세","2025 년","1165","1164","1",
"도곡1동","20~24세","2024 년","1083","1069","14",
"도곡1동","20~24세","2025 년","994","985","9",
"도곡1동","25~29세","2024 년","1324","1297","27",
"도곡1동","25~29세","2025 년","1361","1334","27",
"도곡1동","30~34세","2024 년","1428","1404","24",
"도곡1동","30~34세","2025 년","1482","1459","23",
"도곡1동","35~39세","2024 년","1381","1367","14",
"도곡1동","35~39세","2025 년","1407","1389","18",
"도곡1동","40~44세","2024 년","1867","1857","10",
"도곡1동","40~44세","2025 년","1797","1785","12",
"도곡1동","45~49세","2024 년","1850","1833","17",
"도곡1동","45~49세","2025 년","1940","1930","10",
"도곡1동","50~54세","2024 년","1841","1833","8",
"도곡1동","50~54세","2025 년","1742","1730","12",
"도곡1동","55~59세","2024 년","1474","1464","10",
"도곡1동","55~59세","2025 년","1516","1508","8",
"도곡1동","60~64세","2024 년","1313","1308","5",
"도곡1동","60~64세","2025 년","1308","1304","4",
"도곡1동","65~69세","2024 년","1258","1257","1",
"도곡1동","65~69세","2025 년","1224","1222","2",
"도곡1동","70~74세","2024 년","833","830","3",
"도곡1동","70~74세","2025 년","934","931","3",
"도곡1동","75~79세","2024 년","644","644","-",
"도곡1동","75~79세","2025 년","651","651","-",
"도곡1동","80~84세","2024 년","341","340","1",
"도곡1동","80~84세","2025 년","361","360","1",
"도곡1동","85~89세","2024 년","194","194","-",
"도곡1동","85~89세","2025 년","200","200","-",
"도곡1동","90~94세","2024 년","59","59","-",
"도곡1동","90~94세","2025 년","72","72","-",
"도곡1동","95~99세","2024 년","18","18","-",
"도곡1동","95~99세","2025 년","19","19","-",
"도곡1동","100세 이상","2024 년","-","-","-",
"도곡1동","100세 이상","2025 년","1","1","-",
"도곡2동","합계","2024 년","32348","32252","96",
"도곡2동","합계","2025 년","32199","32088","111",
"도곡2동","0~4세","2024 년","688","687","1",
"도곡2동","0~4세","2025 년","669","665","4",
"도곡2동","5~9세","2024 년","1645","1645","-",
"도곡2동","5~9세","2025 년","1551","1550","1",
"도곡2동","10~14세","2024 년","2410","2410","-",
"도곡2동","10~14세","2025 년","2400","2399","1",
"도곡2동","15~19세","2024 년","2229","2229","-",
"도곡2동","15~19세","2025 년","2255","2254","1",
"도곡2동","20~24세","2024 년","1789","1785","4",
"도곡2동","20~24세","2025 년","1669","1661","8",
"도곡2동","25~29세","2024 년","1615","1604","11",
"도곡2동","25~29세","2025 년","1590","1581","9",
"도곡2동","30~34세","2024 년","1428","1419","9",
"도곡2동","30~34세","2025 년","1403","1396","7",
"도곡2동","35~39세","2024 년","1621","1595","26",
"도곡2동","35~39세","2025 년","1569","1550","19",
"도곡2동","40~44세","2024 년","2794","2787","7",
"도곡2동","40~44세","2025 년","2648","2631","17",
"도곡2동","45~49세","2024 년","3204","3195","9",
"도곡2동","45~49세","2025 년","3284","3272","12",
"도곡2동","50~54세","2024 년","3166","3153","13",
"도곡2동","50~54세","2025 년","3035","3022","13",
"도곡2동","55~59세","2024 년","2369","2365","4",
"도곡2동","55~59세","2025 년","2441","2433","8",
"도곡2동","60~64세","2024 년","1930","1926","4",
"도곡2동","60~64세","2025 년","1927","1924","3",
"도곡2동","65~69세","2024 년","1721","1719","2",
"도곡2동","65~69세","2025 년","1708","1706","2",
"도곡2동","70~74세","2024 년","1396","1395","1",
"도곡2동","70~74세","2025 년","1538","1537","1",
"도곡2동","75~79세","2024 년","1141","1138","3",
"도곡2동","75~79세","2025 년","1202","1200","2",
"도곡2동","80~84세","2024 년","672","672","-",
"도곡2동","80~84세","2025 년","725","724","1",
"도곡2동","85~89세","2024 년","359","357","2",
"도곡2동","85~89세","2025 년","388","386","2",
"도곡2동","90~94세","2024 년","129","129","-",
"도곡2동","90~94세","2025 년","150","150","-",
"도곡2동","95~99세","2024 년","39","39","-",
"도곡2동","95~99세","2025 년","43","43","-",
"도곡2동","100세 이상","2024 년","3","3","-",
"도곡2동","100세 이상","2025 년","4","4","-",
"개포1동","합계","2024 년","26399","26341","58",
"개포1동","합계","2025 년","26681","26627","54",
"개포1동","0~4세","2024 년","826","826","-",
"개포1동","0~4세","2025 년","823","823","-",
"개포1동","5~9세","2024 년","1573","1571","2",
"개포1동","5~9세","2025 년","1460","1460","-",
"개포1동","10~14세","2024 년","2033","2031","2",
"개포1동","10~14세","2025 년","2100","2098","2",
"개포1동","15~19세","2024 년","1393","1393","-",
"개포1동","15~19세","2025 년","1471","1470","1",
"개포1동","20~24세","2024 년","1189","1189","-",
"개포1동","20~24세","2025 년","1169","1169","-",
"개포1동","25~29세","2024 년","1219","1215","4",
"개포1동","25~29세","2025 년","1199","1197","2",
"개포1동","30~34세","2024 년","1464","1457","7",
"개포1동","30~34세","2025 년","1404","1397","7",
"개포1동","35~39세","2024 년","1647","1634","13",
"개포1동","35~39세","2025 년","1611","1597","14",
"개포1동","40~44세","2024 년","2426","2418","8",
"개포1동","40~44세","2025 년","2290","2281","9",
"개포1동","45~49세","2024 년","2630","2623","7",
"개포1동","45~49세","2025 년","2702","2696","6",
"개포1동","50~54세","2024 년","2249","2243","6",
"개포1동","50~54세","2025 년","2302","2296","6",
"개포1동","55~59세","2024 년","1828","1826","2",
"개포1동","55~59세","2025 년","1889","1887","2",
"개포1동","60~64세","2024 년","1728","1728","-",
"개포1동","60~64세","2025 년","1794","1794","-",
"개포1동","65~69세","2024 년","1623","1619","4",
"개포1동","65~69세","2025 년","1639","1635","4",
"개포1동","70~74세","2024 년","1182","1182","-",
"개포1동","70~74세","2025 년","1311","1311","-",
"개포1동","75~79세","2024 년","763","762","1",
"개포1동","75~79세","2025 년","816","816","-",
"개포1동","80~84세","2024 년","381","380","1",
"개포1동","80~84세","2025 년","420","420","-",
"개포1동","85~89세","2024 년","158","158","-",
"개포1동","85~89세","2025 년","180","180","-",
"개포1동","90~94세","2024 년","58","58","-",
"개포1동","90~94세","2025 년","73","73","-",
"개포1동","95~99세","2024 년","23","23","-",
"개포1동","95~99세","2025 년","22","22","-",
"개포1동","100세 이상","2024 년","6","5","1",
"개포1동","100세 이상","2025 년","6","5","1",
"개포2동","합계","2024 년","42535","42395","140",
"개포2동","합계","2025 년","42206","42035","171",
"개포2동","0~4세","2024 년","1575","1575","-",
"개포2동","0~4세","2025 년","1715","1711","4",
"개포2동","5~9세","2024 년","2066","2059","7",
"개포2동","5~9세","2025 년","1965","1957","8",
"개포2동","10~14세","2024 년","2720","2716","4",
"개포2동","10~14세","2025 년","2712","2705","7",
"개포2동","15~19세","2024 년","2545","2541","4",
"개포2동","15~19세","2025 년","2581","2577","4",
"개포2동","20~24세","2024 년","2258","2255","3",
"개포2동","20~24세","2025 년","2072","2065","7",
"개포2동","25~29세","2024 년","2228","2220","8",
"개포2동","25~29세","2025 년","2139","2131","8",
"개포2동","30~34세","2024 년","3164","3142","22",
"개포2동","30~34세","2025 년","2915","2897","18",
"개포2동","35~39세","2024 년","3183","3151","32",
"개포2동","35~39세","2025 년","3148","3111","37",
"개포2동","40~44세","2024 년","3807","3787","20",
"개포2동","40~44세","2025 년","3732","3703","29",
"개포2동","45~49세","2024 년","3849","3838","11",
"개포2동","45~49세","2025 년","3905","3891","14",
"개포2동","50~54세","2024 년","3797","3788","9",
"개포2동","50~54세","2025 년","3749","3739","10",
"개포2동","55~59세","2024 년","3011","3000","11",
"개포2동","55~59세","2025 년","3005","2991","14",
"개포2동","60~64세","2024 년","2526","2521","5",
"개포2동","60~64세","2025 년","2507","2501","6",
"개포2동","65~69세","2024 년","2286","2285","1",
"개포2동","65~69세","2025 년","2267","2265","2",
"개포2동","70~74세","2024 년","1605","1605","-",
"개포2동","70~74세","2025 년","1761","1761","-",
"개포2동","75~79세","2024 년","1074","1073","1",
"개포2동","75~79세","2025 년","1153","1152","1",
"개포2동","80~84세","2024 년","510","509","1",
"개포2동","80~84세","2025 년","525","524","1",
"개포2동","85~89세","2024 년","205","204","1",
"개포2동","85~89세","2025 년","238","237","1",
"개포2동","90~94세","2024 년","81","81","-",
"개포2동","90~94세","2025 년","78","78","-",
"개포2동","95~99세","2024 년","41","41","-",
"개포2동","95~99세","2025 년","35","35","-",
"개포2동","100세 이상","2024 년","4","4","-",
"개포2동","100세 이상","2025 년","4","4","-",
"개포3동","합계","2024 년","16767","16700","67",
"개포3동","합계","2025 년","15997","15920","77",
"개포3동","0~4세","2024 년","384","384","-",
"개포3동","0~4세","2025 년","408","407","1",
"개포3동","5~9세","2024 년","596","594","2",
"개포3동","5~9세","2025 년","525","522","3",
"개포3동","10~14세","2024 년","819","819","-",
"개포3동","10~14세","2025 년","872","871","1",
"개포3동","15~19세","2024 년","810","808","2",
"개포3동","15~19세","2025 년","762","762","-",
"개포3동","20~24세","2024 년","718","713","5",
"개포3동","20~24세","2025 년","560","553","7",
"개포3동","25~29세","2024 년","887","870","17",
"개포3동","25~29세","2025 년","798","782","16",
"개포3동","30~34세","2024 년","1298","1281","17",
"개포3동","30~34세","2025 년","1277","1259","18",
"개포3동","35~39세","2024 년","1159","1152","7",
"개포3동","35~39세","2025 년","1170","1159","11",
"개포3동","40~44세","2024 년","1424","1419","5",
"개포3동","40~44세","2025 년","1364","1358","6",
"개포3동","45~49세","2024 년","1453","1450","3",
"개포3동","45~49세","2025 년","1432","1428","4",
"개포3동","50~54세","2024 년","1328","1327","1",
"개포3동","50~54세","2025 년","1181","1178","3",
"개포3동","55~59세","2024 년","1062","1059","3",
"개포3동","55~59세","2025 년","988","987","1",
"개포3동","60~64세","2024 년","1070","1069","1",
"개포3동","60~64세","2025 년","934","932","2",
"개포3동","65~69세","2024 년","1261","1258","3",
"개포3동","65~69세","2025 년","1159","1156","3",
"개포3동","70~74세","2024 년","1057","1056","1",
"개포3동","70~74세","2025 년","1067","1066","1",
"개포3동","75~79세","2024 년","754","754","-",
"개포3동","75~79세","2025 년","784","784","-",
"개포3동","80~84세","2024 년","403","403","-",
"개포3동","80~84세","2025 년","426","426","-",
"개포3동","85~89세","2024 년","187","187","-",
"개포3동","85~89세","2025 년","185","185","-",
"개포3동","90~94세","2024 년","73","73","-",
"개포3동","90~94세","2025 년","79","79","-",
"개포3동","95~99세","2024 년","18","18","-",
"개포3동","95~99세","2025 년","19","19","-",
"개포3동","100세 이상","2024 년","6","6","-",
"개포3동","100세 이상","2025 년","7","7","-",
"개포4동","합계","2024 년","23313","23123","190",
"개포4동","합계","2025 년","23159","22974","185",
"개포4동","0~4세","2024 년","680","672","8",
"개포4동","0~4세","2025 년","703","700","3",
"개포4동","5~9세","2024 년","800","793","7",
"개포4동","5~9세","2025 년","765","755","10",
"개포4동","10~14세","2024 년","989","985","4",
"개포4동","10~14세","2025 년","992","989","3",
"개포4동","15~19세","2024 년","1102","1099","3",
"개포4동","15~19세","2025 년","1111","1110","1",
"개포4동","20~24세","2024 년","1134","1127","7",
"개포4동","20~24세","2025 년","1009","999","10",
"개포4동","25~29세","2024 년","1693","1670","23",
"개포4동","25~29세","2025 년","1611","1592","19",
"개포4동","30~34세","2024 년","1856","1828","28",
"개포4동","30~34세","2025 년","1832","1804","28",
"개포4동","35~39세","2024 년","1814","1777","37",
"개포4동","35~39세","2025 년","1783","1751","32",
"개포4동","40~44세","2024 년","1906","1889","17",
"개포4동","40~44세","2025 년","1893","1867","26",
"개포4동","45~49세","2024 년","1844","1835","9",
"개포4동","45~49세","2025 년","1854","1845","9",
"개포4동","50~54세","2024 년","2029","2017","12",
"개포4동","50~54세","2025 년","1959","1949","10",
"개포4동","55~59세","2024 년","1893","1879","14",
"개포4동","55~59세","2025 년","1901","1888","13",
"개포4동","60~64세","2024 년","1731","1722","9",
"개포4동","60~64세","2025 년","1681","1674","7",
"개포4동","65~69세","2024 년","1513","1505","8",
"개포4동","65~69세","2025 년","1549","1541","8",
"개포4동","70~74세","2024 년","979","978","1",
"개포4동","70~74세","2025 년","1079","1076","3",
"개포4동","75~79세","2024 년","690","689","1",
"개포4동","75~79세","2025 년","727","726","1",
"개포4동","80~84세","2024 년","378","378","-",
"개포4동","80~84세","2025 년","420","420","-",
"개포4동","85~89세","2024 년","191","189","2",
"개포4동","85~89세","2025 년","188","186","2",
"개포4동","90~94세","2024 년","64","64","-",
"개포4동","90~94세","2025 년","77","77","-",
"개포4동","95~99세","2024 년","25","25","-",
"개포4동","95~99세","2025 년","22","22","-",
"개포4동","100세 이상","2024 년","2","2","-",
"개포4동","100세 이상","2025 년","3","3","-",
"세곡동","합계","2024 년","46455","46260","195",
"세곡동","합계","2025 년","46157","45955","202",
"세곡동","0~4세","2024 년","1421","1421","-",
"세곡동","0~4세","2025 년","1386","1385","1",
"세곡동","5~9세","2024 년","1953","1949","4",
"세곡동","5~9세","2025 년","1817","1814","3",
"세곡동","10~14세","2024 년","2767","2763","4",
"세곡동","10~14세","2025 년","2563","2559","4",
"세곡동","15~19세","2024 년","2259","2259","-",
"세곡동","15~19세","2025 년","2409","2407","2",
"세곡동","20~24세","2024 년","2149","2145","4",
"세곡동","20~24세","2025 년","1998","1994","4",
"세곡동","25~29세","2024 년","3321","3293","28",
"세곡동","25~29세","2025 년","3127","3100","27",
"세곡동","30~34세","2024 년","4101","4063","38",
"세곡동","30~34세","2025 년","4120","4077","43",
"세곡동","35~39세","2024 년","3640","3598","42",
"세곡동","35~39세","2025 년","3617","3576","41",
"세곡동","40~44세","2024 년","4178","4158","20",
"세곡동","40~44세","2025 년","3902","3877","25",
"세곡동","45~49세","2024 년","3748","3732","16",
"세곡동","45~49세","2025 년","3867","3848","19",
"세곡동","50~54세","2024 년","3412","3397","15",
"세곡동","50~54세","2025 년","3481","3469","12",
"세곡동","55~59세","2024 년","2930","2917","13",
"세곡동","55~59세","2025 년","2902","2893","9",
"세곡동","60~64세","2024 년","2788","2784","4",
"세곡동","60~64세","2025 년","2736","2730","6",
"세곡동","65~69세","2024 년","2708","2706","2",
"세곡동","65~69세","2025 년","2784","2781","3",
"세곡동","70~74세","2024 년","1856","1852","4",
"세곡동","70~74세","2025 년","2093","2091","2",
"세곡동","75~79세","2024 년","1435","1434","1",
"세곡동","75~79세","2025 년","1481","1480","1",
"세곡동","80~84세","2024 년","914","914","-",
"세곡동","80~84세","2025 년","974","974","-",
"세곡동","85~89세","2024 년","574","574","-",
"세곡동","85~89세","2025 년","586","586","-",
"세곡동","90~94세","2024 년","232","232","-",
"세곡동","90~94세","2025 년","241","241","-",
"세곡동","95~99세","2024 년","59","59","-",
"세곡동","95~99세","2025 년","63","63","-",
"세곡동","100세 이상","2024 년","10","10","-",
"세곡동","100세 이상","2025 년","10","10","-",
"일원본동","합계","2024 년","22619","22592","27",
"일원본동","합계","2025 년","22439","22417","22",
"일원본동","0~4세","2024 년","517","516","1",
"일원본동","0~4세","2025 년","529","529","-",
"일원본동","5~9세","2024 년","1135","1133","2",
"일원본동","5~9세","2025 년","1026","1025","1",
"일원본동","10~14세","2024 년","1742","1742","-",
"일원본동","10~14세","2025 년","1724","1724","-",
"일원본동","15~19세","2024 년","1495","1494","1",
"일원본동","15~19세","2025 년","1544","1544","-",
"일원본동","20~24세","2024 년","1075","1075","-",
"일원본동","20~24세","2025 년","990","989","1",
"일원본동","25~29세","2024 년","1065","1064","1",
"일원본동","25~29세","2025 년","1029","1028","1",
"일원본동","30~34세","2024 년","1148","1144","4",
"일원본동","30~34세","2025 년","1141","1135","6",
"일원본동","35~39세","2024 년","1432","1421","11",
"일원본동","35~39세","2025 년","1384","1379","5",
"일원본동","40~44세","2024 년","2125","2124","1",
"일원본동","40~44세","2025 년","2132","2130","2",
"일원본동","45~49세","2024 년","2132","2131","1",
"일원본동","45~49세","2025 년","2149","2147","2",
"일원본동","50~54세","2024 년","2011","2009","2",
"일원본동","50~54세","2025 년","1918","1914","4",
"일원본동","55~59세","2024 년","1549","1547","2",
"일원본동","55~59세","2025 년","1558","1558","-",
"일원본동","60~64세","2024 년","1436","1435","1",
"일원본동","60~64세","2025 년","1384","1384","-",
"일원본동","65~69세","2024 년","1561","1561","-",
"일원본동","65~69세","2025 년","1524","1524","-",
"일원본동","70~74세","2024 년","1010","1010","-",
"일원본동","70~74세","2025 년","1158","1158","-",
"일원본동","75~79세","2024 년","562","562","-",
"일원본동","75~79세","2025 년","610","610","-",
"일원본동","80~84세","2024 년","321","321","-",
"일원본동","80~84세","2025 년","340","340","-",
"일원본동","85~89세","2024 년","158","158","-",
"일원본동","85~89세","2025 년","158","158","-",
"일원본동","90~94세","2024 년","107","107","-",
"일원본동","90~94세","2025 년","102","102","-",
"일원본동","95~99세","2024 년","34","34","-",
"일원본동","95~99세","2025 년","35","35","-",
"일원본동","100세 이상","2024 년","4","4","-",
"일원본동","100세 이상","2025 년","4","4","-",
"일원1동","합계","2024 년","14444","14285","159",
"일원1동","합계","2025 년","14221","14074","147",
"일원1동","0~4세","2024 년","254","247","7",
"일원1동","0~4세","2025 년","228","223","5",
"일원1동","5~9세","2024 년","294","290","4",
"일원1동","5~9세","2025 년","260","257","3",
"일원1동","10~14세","2024 년","414","410","4",
"일원1동","10~14세","2025 년","416","413","3",
"일원1동","15~19세","2024 년","512","509","3",
"일원1동","15~19세","2025 년","515","510","5",
"일원1동","20~24세","2024 년","669","660","9",
"일원1동","20~24세","2025 년","575","570","5",
"일원1동","25~29세","2024 년","1174","1151","23",
"일원1동","25~29세","2025 년","1127","1106","21",
"일원1동","30~34세","2024 년","1261","1246","15",
"일원1동","30~34세","2025 년","1295","1276","19",
"일원1동","35~39세","2024 년","957","932","25",
"일원1동","35~39세","2025 년","957","936","21",
"일원1동","40~44세","2024 년","997","984","13",
"일원1동","40~44세","2025 년","953","939","14",
"일원1동","45~49세","2024 년","974","963","11",
"일원1동","45~49세","2025 년","968","954","14",
"일원1동","50~54세","2024 년","1014","1001","13",
"일원1동","50~54세","2025 년","992","981","11",
"일원1동","55~59세","2024 년","1046","1037","9",
"일원1동","55~59세","2025 년","1017","1009","8",
"일원1동","60~64세","2024 년","1206","1197","9",
"일원1동","60~64세","2025 년","1132","1125","7",
"일원1동","65~69세","2024 년","1306","1297","9",
"일원1동","65~69세","2025 년","1262","1256","6",
"일원1동","70~74세","2024 년","924","923","1",
"일원1동","70~74세","2025 년","1038","1036","2",
"일원1동","75~79세","2024 년","711","707","4",
"일원1동","75~79세","2025 년","730","727","3",
"일원1동","80~84세","2024 년","423","423","-",
"일원1동","80~84세","2025 년","426","426","-",
"일원1동","85~89세","2024 년","211","211","-",
"일원1동","85~89세","2025 년","224","224","-",
"일원1동","90~94세","2024 년","66","66","-",
"일원1동","90~94세","2025 년","84","84","-",
"일원1동","95~99세","2024 년","28","28","-",
"일원1동","95~99세","2025 년","21","21","-",
"일원1동","100세 이상","2024 년","3","3","-",
"일원1동","100세 이상","2025 년","1","1","-",
"수서동","합계","2024 년","13694","13619","75",
"수서동","합계","2025 년","13612","13533","79",
"수서동","0~4세","2024 년","275","275","-",
"수서동","0~4세","2025 년","298","298","-",
"수서동","5~9세","2024 년","205","203","2",
"수서동","5~9세","2025 년","200","200","-",
"수서동","10~14세","2024 년","197","195","2",
"수서동","10~14세","2025 년","195","191","4",
"수서동","15~19세","2024 년","291","290","1",
"수서동","15~19세","2025 년","270","269","1",
"수서동","20~24세","2024 년","383","379","4",
"수서동","20~24세","2025 년","366","359","7",
"수서동","25~29세","2024 년","627","616","11",
"수서동","25~29세","2025 년","603","590","13",
"수서동","30~34세","2024 년","998","981","17",
"수서동","30~34세","2025 년","1019","1003","16",
"수서동","35~39세","2024 년","868","860","8",
"수서동","35~39세","2025 년","868","861","7",
"수서동","40~44세","2024 년","838","832","6",
"수서동","40~44세","2025 년","804","797","7",
"수서동","45~49세","2024 년","696","689","7",
"수서동","45~49세","2025 년","691","684","7",
"수서동","50~54세","2024 년","781","776","5",
"수서동","50~54세","2025 년","759","755","4",
"수서동","55~59세","2024 년","960","958","2",
"수서동","55~59세","2025 년","907","904","3",
"수서동","60~64세","2024 년","1315","1312","3",
"수서동","60~64세","2025 년","1197","1194","3",
"수서동","65~69세","2024 년","1780","1776","4",
"수서동","65~69세","2025 년","1679","1675","4",
"수서동","70~74세","2024 년","1387","1385","2",
"수서동","70~74세","2025 년","1510","1508","2",
"수서동","75~79세","2024 년","1032","1031","1",
"수서동","75~79세","2025 년","1122","1121","1",
"수서동","80~84세","2024 년","577","577","-",
"수서동","80~84세","2025 년","630","630","-",
"수서동","85~89세","2024 년","322","322","-",
"수서동","85~89세","2025 년","321","321","-",
"수서동","90~94세","2024 년","115","115","-",
"수서동","90~94세","2025 년","124","124","-",
"수서동","95~99세","2024 년","40","40","-",
"수서동","95~99세","2025 년","40","40","-",
"수서동","100세 이상","2024 년","7","7","-",
"수서동","100세 이상","2025 년","9","9","-",
"송파구","합계","2024 년","656310","650110","6200",
"송파구","합계","2025 년","649759","643350","6409",
"송파구","0~4세","2024 년","16742","16611","131",
"송파구","0~4세","2025 년","16427","16292","135",
"송파구","5~9세","2024 년","24679","24529","150",
"송파구","5~9세","2025 년","23042","22897","145",
"송파구","10~14세","2024 년","29206","29110","96",
"송파구","10~14세","2025 년","29040","28931","109",
"송파구","15~19세","2024 년","27895","27740","155",
"송파구","15~19세","2025 년","28162","27988","174",
"송파구","20~24세","2024 년","32417","32018","399",
"송파구","20~24세","2025 년","29348","28932","416",
"송파구","25~29세","2024 년","49703","49024","679",
"송파구","25~29세","2025 년","47930","47229","701",
"송파구","30~34세","2024 년","57150","56305","845",
"송파구","30~34세","2025 년","57343","56499","844",
"송파구","35~39세","2024 년","50451","49589","862",
"송파구","35~39세","2025 년","50337","49408","929",
"송파구","40~44세","2024 년","56026","55343","683",
"송파구","40~44세","2025 년","54091","53364","727",
"송파구","45~49세","2024 년","49825","49386","439",
"송파구","45~49세","2025 년","50866","50383","483",
"송파구","50~54세","2024 년","53051","52496","555",
"송파구","50~54세","2025 년","50933","50409","524",
"송파구","55~59세","2024 년","48103","47508","595",
"송파구","55~59세","2025 년","48111","47573","538",
"송파구","60~64세","2024 년","46819","46494","325",
"송파구","60~64세","2025 년","44878","44510","368",
"송파구","65~69세","2024 년","43300","43121","179",
"송파구","65~69세","2025 년","43453","43270","183",
"송파구","70~74세","2024 년","29233","29172","61",
"송파구","70~74세","2025 년","31826","31745","81",
"송파구","75~79세","2024 년","20405","20379","26",
"송파구","75~79세","2025 년","21591","21566","25",
"송파구","80~84세","2024 년","12257","12245","12",
"송파구","80~84세","2025 년","12751","12733","18",
"송파구","85~89세","2024 년","6067","6062","5",
"송파구","85~89세","2025 년","6338","6332","6",
"송파구","90~94세","2024 년","2290","2288","2",
"송파구","90~94세","2025 년","2594","2592","2",
"송파구","95~99세","2024 년","604","603","1",
"송파구","95~99세","2025 년","615","614","1",
"송파구","100세 이상","2024 년","87","87","-",
"송파구","100세 이상","2025 년","83","83","-",
"풍납1동","합계","2024 년","11742","11277","465",
"풍납1동","합계","2025 년","11193","10753","440",
"풍납1동","0~4세","2024 년","265","254","11",
"풍납1동","0~4세","2025 년","234","228","6",
"풍납1동","5~9세","2024 년","245","237","8",
"풍납1동","5~9세","2025 년","217","206","11",
"풍납1동","10~14세","2024 년","284","275","9",
"풍납1동","10~14세","2025 년","257","252","5",
"풍납1동","15~19세","2024 년","369","360","9",
"풍납1동","15~19세","2025 년","353","341","12",
"풍납1동","20~24세","2024 년","505","486","19",
"풍납1동","20~24세","2025 년","427","412","15",
"풍납1동","25~29세","2024 년","712","693","19",
"풍납1동","25~29세","2025 년","649","636","13",
"풍납1동","30~34세","2024 년","829","797","32",
"풍납1동","30~34세","2025 년","811","780","31",
"풍납1동","35~39세","2024 년","799","763","36",
"풍납1동","35~39세","2025 년","769","733","36",
"풍납1동","40~44세","2024 년","835","791","44",
"풍납1동","40~44세","2025 년","731","692","39",
"풍납1동","45~49세","2024 년","757","717","40",
"풍납1동","45~49세","2025 년","743","696","47",
"풍납1동","50~54세","2024 년","968","910","58",
"풍납1동","50~54세","2025 년","900","846","54",
"풍납1동","55~59세","2024 년","1049","953","96",
"풍납1동","55~59세","2025 년","996","912","84",
"풍납1동","60~64세","2024 년","1161","1110","51",
"풍납1동","60~64세","2025 년","1037","986","51",
"풍납1동","65~69세","2024 년","1110","1088","22",
"풍납1동","65~69세","2025 년","1151","1124","27",
"풍납1동","70~74세","2024 년","743","735","8",
"풍납1동","70~74세","2025 년","790","785","5",
"풍납1동","75~79세","2024 년","518","516","2",
"풍납1동","75~79세","2025 년","515","512","3",
"풍납1동","80~84세","2024 년","361","360","1",
"풍납1동","80~84세","2025 년","363","362","1",
"풍납1동","85~89세","2024 년","178","178","-",
"풍납1동","85~89세","2025 년","193","193","-",
"풍납1동","90~94세","2024 년","44","44","-",
"풍납1동","90~94세","2025 년","45","45","-",
"풍납1동","95~99세","2024 년","9","9","-",
"풍납1동","95~99세","2025 년","11","11","-",
"풍납1동","100세 이상","2024 년","1","1","-",
"풍납1동","100세 이상","2025 년","1","1","-",
"풍납2동","합계","2024 년","23263","23050","213",
"풍납2동","합계","2025 년","23142","22922","220",
"풍납2동","0~4세","2024 년","656","649","7",
"풍납2동","0~4세","2025 년","632","626","6",
"풍납2동","5~9세","2024 년","813","808","5",
"풍납2동","5~9세","2025 년","723","716","7",
"풍납2동","10~14세","2024 년","930","926","4",
"풍납2동","10~14세","2025 년","877","876","1",
"풍납2동","15~19세","2024 년","870","868","2",
"풍납2동","15~19세","2025 년","869","862","7",
"풍납2동","20~24세","2024 년","1210","1206","4",
"풍납2동","20~24세","2025 년","1134","1127","7",
"풍납2동","25~29세","2024 년","1862","1831","31",
"풍납2동","25~29세","2025 년","1925","1898","27",
"풍납2동","30~34세","2024 년","1883","1849","34",
"풍납2동","30~34세","2025 년","1955","1920","35",
"풍납2동","35~39세","2024 년","1809","1775","34",
"풍납2동","35~39세","2025 년","1811","1775","36",
"풍납2동","40~44세","2024 년","1910","1885","25",
"풍납2동","40~44세","2025 년","1827","1798","29",
"풍납2동","45~49세","2024 년","1694","1677","17",
"풍납2동","45~49세","2025 년","1670","1653","17",
"풍납2동","50~54세","2024 년","1897","1878","19",
"풍납2동","50~54세","2025 년","1804","1785","19",
"풍납2동","55~59세","2024 년","1669","1652","17",
"풍납2동","55~59세","2025 년","1682","1671","11",
"풍납2동","60~64세","2024 년","1624","1616","8",
"풍납2동","60~64세","2025 년","1593","1583","10",
"풍납2동","65~69세","2024 년","1679","1676","3",
"풍납2동","65~69세","2025 년","1660","1656","4",
"풍납2동","70~74세","2024 년","1083","1080","3",
"풍납2동","70~74세","2025 년","1191","1188","3",
"풍납2동","75~79세","2024 년","817","817","-",
"풍납2동","75~79세","2025 년","886","885","1",
"풍납2동","80~84세","2024 년","500","500","-",
"풍납2동","80~84세","2025 년","504","504","-",
"풍납2동","85~89세","2024 년","236","236","-",
"풍납2동","85~89세","2025 년","263","263","-",
"풍납2동","90~94세","2024 년","96","96","-",
"풍납2동","90~94세","2025 년","108","108","-",
"풍납2동","95~99세","2024 년","21","21","-",
"풍납2동","95~99세","2025 년","23","23","-",
"풍납2동","100세 이상","2024 년","4","4","-",
"풍납2동","100세 이상","2025 년","5","5","-",
"거여1동","합계","2024 년","11919","11821","98",
"거여1동","합계","2025 년","11819","11725","94",
"거여1동","0~4세","2024 년","201","199","2",
"거여1동","0~4세","2025 년","182","179","3",
"거여1동","5~9세","2024 년","247","247","-",
"거여1동","5~9세","2025 년","221","221","-",
"거여1동","10~14세","2024 년","361","358","3",
"거여1동","10~14세","2025 년","338","334","4",
"거여1동","15~19세","2024 년","416","415","1",
"거여1동","15~19세","2025 년","404","402","2",
"거여1동","20~24세","2024 년","615","610","5",
"거여1동","20~24세","2025 년","536","531","5",
"거여1동","25~29세","2024 년","916","901","15",
"거여1동","25~29세","2025 년","850","842","8",
"거여1동","30~34세","2024 년","953","943","10",
"거여1동","30~34세","2025 년","935","922","13",
"거여1동","35~39세","2024 년","728","718","10",
"거여1동","35~39세","2025 년","710","701","9",
"거여1동","40~44세","2024 년","764","758","6",
"거여1동","40~44세","2025 년","725","717","8",
"거여1동","45~49세","2024 년","763","750","13",
"거여1동","45~49세","2025 년","749","738","11",
"거여1동","50~54세","2024 년","1092","1081","11",
"거여1동","50~54세","2025 년","1040","1030","10",
"거여1동","55~59세","2024 년","1063","1048","15",
"거여1동","55~59세","2025 년","1111","1100","11",
"거여1동","60~64세","2024 년","1090","1087","3",
"거여1동","60~64세","2025 년","1084","1079","5",
"거여1동","65~69세","2024 년","940","938","2",
"거여1동","65~69세","2025 년","997","995","2",
"거여1동","70~74세","2024 년","663","662","1",
"거여1동","70~74세","2025 년","759","757","2",
"거여1동","75~79세","2024 년","539","538","1",
"거여1동","75~79세","2025 년","576","575","1",
"거여1동","80~84세","2024 년","332","332","-",
"거여1동","80~84세","2025 년","328","328","-",
"거여1동","85~89세","2024 년","165","165","-",
"거여1동","85~89세","2025 년","190","190","-",
"거여1동","90~94세","2024 년","51","51","-",
"거여1동","90~94세","2025 년","66","66","-",
"거여1동","95~99세","2024 년","19","19","-",
"거여1동","95~99세","2025 년","18","18","-",
"거여1동","100세 이상","2024 년","1","1","-",
"거여1동","100세 이상","2025 년","-","-","-",
"거여2동","합계","2024 년","23417","23319","98",
"거여2동","합계","2025 년","23160","23058","102",
"거여2동","0~4세","2024 년","739","739","-",
"거여2동","0~4세","2025 년","717","717","-",
"거여2동","5~9세","2024 년","912","911","1",
"거여2동","5~9세","2025 년","803","802","1",
"거여2동","10~14세","2024 년","840","839","1",
"거여2동","10~14세","2025 년","872","869","3",
"거여2동","15~19세","2024 년","843","841","2",
"거여2동","15~19세","2025 년","826","825","1",
"거여2동","20~24세","2024 년","1109","1107","2",
"거여2동","20~24세","2025 년","1007","1003","4",
"거여2동","25~29세","2024 년","1255","1253","2",
"거여2동","25~29세","2025 년","1228","1224","4",
"거여2동","30~34세","2024 년","1692","1682","10",
"거여2동","30~34세","2025 년","1672","1664","8",
"거여2동","35~39세","2024 년","1800","1788","12",
"거여2동","35~39세","2025 년","1766","1751","15",
"거여2동","40~44세","2024 년","1864","1852","12",
"거여2동","40~44세","2025 년","1753","1739","14",
"거여2동","45~49세","2024 년","1628","1618","10",
"거여2동","45~49세","2025 년","1638","1627","11",
"거여2동","50~54세","2024 년","2005","1994","11",
"거여2동","50~54세","2025 년","1910","1903","7",
"거여2동","55~59세","2024 년","1987","1971","16",
"거여2동","55~59세","2025 년","2005","1991","14",
"거여2동","60~64세","2024 년","1874","1862","12",
"거여2동","60~64세","2025 년","1814","1803","11",
"거여2동","65~69세","2024 년","1784","1779","5",
"거여2동","65~69세","2025 년","1775","1770","5",
"거여2동","70~74세","2024 년","1164","1162","2",
"거여2동","70~74세","2025 년","1345","1342","3",
"거여2동","75~79세","2024 년","939","939","-",
"거여2동","75~79세","2025 년","968","967","1",
"거여2동","80~84세","2024 년","584","584","-",
"거여2동","80~84세","2025 년","620","620","-",
"거여2동","85~89세","2024 년","267","267","-",
"거여2동","85~89세","2025 년","289","289","-",
"거여2동","90~94세","2024 년","101","101","-",
"거여2동","90~94세","2025 년","115","115","-",
"거여2동","95~99세","2024 년","25","25","-",
"거여2동","95~99세","2025 년","34","34","-",
"거여2동","100세 이상","2024 년","5","5","-",
"거여2동","100세 이상","2025 년","3","3","-",
"마천1동","합계","2024 년","16313","16162","151",
"마천1동","합계","2025 년","15315","15169","146",
"마천1동","0~4세","2024 년","214","213","1",
"마천1동","0~4세","2025 년","203","203","-",
"마천1동","5~9세","2024 년","355","352","3",
"마천1동","5~9세","2025 년","313","309","4",
"마천1동","10~14세","2024 년","566","566","-",
"마천1동","10~14세","2025 년","503","501","2",
"마천1동","15~19세","2024 년","631","627","4",
"마천1동","15~19세","2025 년","615","612","3",
"마천1동","20~24세","2024 년","800","795","5",
"마천1동","20~24세","2025 년","687","680","7",
"마천1동","25~29세","2024 년","932","921","11",
"마천1동","25~29세","2025 년","867","859","8",
"마천1동","30~34세","2024 년","996","982","14",
"마천1동","30~34세","2025 년","920","904","16",
"마천1동","35~39세","2024 년","823","805","18",
"마천1동","35~39세","2025 년","808","795","13",
"마천1동","40~44세","2024 년","983","964","19",
"마천1동","40~44세","2025 년","873","853","20",
"마천1동","45~49세","2024 년","1046","1032","14",
"마천1동","45~49세","2025 년","935","924","11",
"마천1동","50~54세","2024 년","1533","1510","23",
"마천1동","50~54세","2025 년","1367","1344","23",
"마천1동","55~59세","2024 년","1541","1519","22",
"마천1동","55~59세","2025 년","1445","1427","18",
"마천1동","60~64세","2024 년","1606","1599","7",
"마천1동","60~64세","2025 년","1497","1487","10",
"마천1동","65~69세","2024 년","1510","1502","8",
"마천1동","65~69세","2025 년","1489","1481","8",
"마천1동","70~74세","2024 년","1020","1018","2",
"마천1동","70~74세","2025 년","1064","1062","2",
"마천1동","75~79세","2024 년","805","805","-",
"마천1동","75~79세","2025 년","791","790","1",
"마천1동","80~84세","2024 년","586","586","-",
"마천1동","80~84세","2025 년","560","560","-",
"마천1동","85~89세","2024 년","271","271","-",
"마천1동","85~89세","2025 년","272","272","-",
"마천1동","90~94세","2024 년","79","79","-",
"마천1동","90~94세","2025 년","90","90","-",
"마천1동","95~99세","2024 년","14","14","-",
"마천1동","95~99세","2025 년","15","15","-",
"마천1동","100세 이상","2024 년","2","2","-",
"마천1동","100세 이상","2025 년","1","1","-",
"마천2동","합계","2024 년","17423","17260","163",
"마천2동","합계","2025 년","17125","16961","164",
"마천2동","0~4세","2024 년","225","224","1",
"마천2동","0~4세","2025 년","197","196","1",
"마천2동","5~9세","2024 년","292","289","3",
"마천2동","5~9세","2025 년","262","262","-",
"마천2동","10~14세","2024 년","441","439","2",
"마천2동","10~14세","2025 년","425","420","5",
"마천2동","15~19세","2024 년","558","554","4",
"마천2동","15~19세","2025 년","520","518","2",
"마천2동","20~24세","2024 년","808","801","7",
"마천2동","20~24세","2025 년","707","693","14",
"마천2동","25~29세","2024 년","1083","1079","4",
"마천2동","25~29세","2025 년","1015","1011","4",
"마천2동","30~34세","2024 년","1108","1090","18",
"마천2동","30~34세","2025 년","1098","1086","12",
"마천2동","35~39세","2024 년","890","867","23",
"마천2동","35~39세","2025 년","866","840","26",
"마천2동","40~44세","2024 년","1039","1022","17",
"마천2동","40~44세","2025 년","990","976","14",
"마천2동","45~49세","2024 년","1132","1120","12",
"마천2동","45~49세","2025 년","1075","1067","8",
"마천2동","50~54세","2024 년","1539","1507","32",
"마천2동","50~54세","2025 년","1456","1431","25",
"마천2동","55~59세","2024 년","1732","1706","26",
"마천2동","55~59세","2025 년","1696","1664","32",
"마천2동","60~64세","2024 년","1886","1875","11",
"마천2동","60~64세","2025 년","1768","1753","15",
"마천2동","65~69세","2024 년","1689","1688","1",
"마천2동","65~69세","2025 년","1811","1807","4",
"마천2동","70~74세","2024 년","1153","1152","1",
"마천2동","70~74세","2025 년","1278","1277","1",
"마천2동","75~79세","2024 년","829","829","-",
"마천2동","75~79세","2025 년","873","873","-",
"마천2동","80~84세","2024 년","608","607","1",
"마천2동","80~84세","2025 년","653","653","-",
"마천2동","85~89세","2024 년","289","289","-",
"마천2동","85~89세","2025 년","293","292","1",
"마천2동","90~94세","2024 년","92","92","-",
"마천2동","90~94세","2025 년","118","118","-",
"마천2동","95~99세","2024 년","26","26","-",
"마천2동","95~99세","2025 년","24","24","-",
"마천2동","100세 이상","2024 년","4","4","-",
"마천2동","100세 이상","2025 년","-","-","-",
"방이1동","합계","2024 년","15105","14999","106",
"방이1동","합계","2025 년","15031","14926","105",
"방이1동","0~4세","2024 년","276","273","3",
"방이1동","0~4세","2025 년","294","293","1",
"방이1동","5~9세","2024 년","560","557","3",
"방이1동","5~9세","2025 년","501","499","2",
"방이1동","10~14세","2024 년","708","708","-",
"방이1동","10~14세","2025 년","714","712","2",
"방이1동","15~19세","2024 년","721","719","2",
"방이1동","15~19세","2025 년","737","737","-",
"방이1동","20~24세","2024 년","876","873","3",
"방이1동","20~24세","2025 년","782","774","8",
"방이1동","25~29세","2024 년","1108","1089","19",
"방이1동","25~29세","2025 년","1070","1053","17",
"방이1동","30~34세","2024 년","1155","1138","17",
"방이1동","30~34세","2025 년","1154","1140","14",
"방이1동","35~39세","2024 년","1054","1035","19",
"방이1동","35~39세","2025 년","1071","1049","22",
"방이1동","40~44세","2024 년","1149","1144","5",
"방이1동","40~44세","2025 년","1160","1154","6",
"방이1동","45~49세","2024 년","1184","1177","7",
"방이1동","45~49세","2025 년","1204","1197","7",
"방이1동","50~54세","2024 년","1339","1330","9",
"방이1동","50~54세","2025 년","1277","1268","9",
"방이1동","55~59세","2024 년","1169","1164","5",
"방이1동","55~59세","2025 년","1143","1138","5",
"방이1동","60~64세","2024 년","1164","1159","5",
"방이1동","60~64세","2025 년","1156","1151","5",
"방이1동","65~69세","2024 년","1007","1002","5",
"방이1동","65~69세","2025 년","1039","1037","2",
"방이1동","70~74세","2024 년","698","698","-",
"방이1동","70~74세","2025 년","751","750","1",
"방이1동","75~79세","2024 년","429","426","3",
"방이1동","75~79세","2025 년","456","454","2",
"방이1동","80~84세","2024 년","272","271","1",
"방이1동","80~84세","2025 년","285","283","2",
"방이1동","85~89세","2024 년","152","152","-",
"방이1동","85~89세","2025 년","150","150","-",
"방이1동","90~94세","2024 년","62","62","-",
"방이1동","90~94세","2025 년","67","67","-",
"방이1동","95~99세","2024 년","18","18","-",
"방이1동","95~99세","2025 년","16","16","-",
"방이1동","100세 이상","2024 년","4","4","-",
"방이1동","100세 이상","2025 년","4","4","-",
"방이2동","합계","2024 년","26808","26121","687",
"방이2동","합계","2025 년","26913","26189","724",
"방이2동","0~4세","2024 년","413","398","15",
"방이2동","0~4세","2025 년","413","399","14",
"방이2동","5~9세","2024 년","443","431","12",
"방이2동","5~9세","2025 년","408","396","12",
"방이2동","10~14세","2024 년","451","447","4",
"방이2동","10~14세","2025 년","463","458","5",
"방이2동","15~19세","2024 년","603","587","16",
"방이2동","15~19세","2025 년","600","580","20",
"방이2동","20~24세","2024 년","1339","1270","69",
"방이2동","20~24세","2025 년","1187","1113","74",
"방이2동","25~29세","2024 년","3852","3727","125",
"방이2동","25~29세","2025 년","3716","3584","132",
"방이2동","30~34세","2024 년","4238","4100","138",
"방이2동","30~34세","2025 년","4445","4300","145",
"방이2동","35~39세","2024 년","2711","2605","106",
"방이2동","35~39세","2025 년","2737","2621","116",
"방이2동","40~44세","2024 년","2103","2052","51",
"방이2동","40~44세","2025 년","2150","2093","57",
"방이2동","45~49세","2024 년","1564","1527","37",
"방이2동","45~49세","2025 년","1655","1615","40",
"방이2동","50~54세","2024 년","1731","1683","48",
"방이2동","50~54세","2025 년","1638","1602","36",
"방이2동","55~59세","2024 년","1701","1660","41",
"방이2동","55~59세","2025 년","1702","1660","42",
"방이2동","60~64세","2024 년","1635","1616","19",
"방이2동","60~64세","2025 년","1531","1514","17",
"방이2동","65~69세","2024 년","1491","1487","4",
"방이2동","65~69세","2025 년","1513","1504","9",
"방이2동","70~74세","2024 년","1049","1048","1",
"방이2동","70~74세","2025 년","1172","1168","4",
"방이2동","75~79세","2024 년","723","723","-",
"방이2동","75~79세","2025 년","764","764","-",
"방이2동","80~84세","2024 년","462","462","-",
"방이2동","80~84세","2025 년","503","503","-",
"방이2동","85~89세","2024 년","198","197","1",
"방이2동","85~89세","2025 년","205","204","1",
"방이2동","90~94세","2024 년","84","84","-",
"방이2동","90~94세","2025 년","96","96","-",
"방이2동","95~99세","2024 년","13","13","-",
"방이2동","95~99세","2025 년","13","13","-",
"방이2동","100세 이상","2024 년","4","4","-",
"방이2동","100세 이상","2025 년","2","2","-",
"오륜동","합계","2024 년","17608","17575","33",
"오륜동","합계","2025 년","17553","17522","31",
"오륜동","0~4세","2024 년","306","305","1",
"오륜동","0~4세","2025 년","343","343","-",
"오륜동","5~9세","2024 년","790","790","-",
"오륜동","5~9세","2025 년","778","778","-",
"오륜동","10~14세","2024 년","1290","1289","1",
"오륜동","10~14세","2025 년","1298","1297","1",
"오륜동","15~19세","2024 년","1165","1164","1",
"오륜동","15~19세","2025 년","1164","1164","-",
"오륜동","20~24세","2024 년","940","939","1",
"오륜동","20~24세","2025 년","844","844","-",
"오륜동","25~29세","2024 년","853","850","3",
"오륜동","25~29세","2025 년","824","821","3",
"오륜동","30~34세","2024 년","796","793","3",
"오륜동","30~34세","2025 년","761","757","4",
"오륜동","35~39세","2024 년","847","842","5",
"오륜동","35~39세","2025 년","874","872","2",
"오륜동","40~44세","2024 년","1402","1395","7",
"오륜동","40~44세","2025 년","1432","1427","5",
"오륜동","45~49세","2024 년","1597","1595","2",
"오륜동","45~49세","2025 년","1629","1623","6",
"오륜동","50~54세","2024 년","1471","1469","2",
"오륜동","50~54세","2025 년","1392","1390","2",
"오륜동","55~59세","2024 년","1403","1400","3",
"오륜동","55~59세","2025 년","1379","1377","2",
"오륜동","60~64세","2024 년","1350","1347","3",
"오륜동","60~64세","2025 년","1315","1312","3",
"오륜동","65~69세","2024 년","1310","1309","1",
"오륜동","65~69세","2025 년","1257","1255","2",
"오륜동","70~74세","2024 년","986","986","-",
"오륜동","70~74세","2025 년","1072","1071","1",
"오륜동","75~79세","2024 년","589","589","-",
"오륜동","75~79세","2025 년","651","651","-",
"오륜동","80~84세","2024 년","284","284","-",
"오륜동","80~84세","2025 년","293","293","-",
"오륜동","85~89세","2024 년","127","127","-",
"오륜동","85~89세","2025 년","137","137","-",
"오륜동","90~94세","2024 년","78","78","-",
"오륜동","90~94세","2025 년","83","83","-",
"오륜동","95~99세","2024 년","23","23","-",
"오륜동","95~99세","2025 년","25","25","-",
"오륜동","100세 이상","2024 년","1","1","-",
"오륜동","100세 이상","2025 년","2","2","-",
"오금동","합계","2024 년","38219","37913","306",
"오금동","합계","2025 년","37477","37150","327",
"오금동","0~4세","2024 년","885","884","1",
"오금동","0~4세","2025 년","906","906","-",
"오금동","5~9세","2024 년","1308","1305","3",
"오금동","5~9세","2025 년","1149","1144","5",
"오금동","10~14세","2024 년","1394","1392","2",
"오금동","10~14세","2025 년","1405","1403","2",
"오금동","15~19세","2024 년","1635","1587","48",
"오금동","15~19세","2025 년","1650","1598","52",
"오금동","20~24세","2024 년","1996","1933","63",
"오금동","20~24세","2025 년","1806","1744","62",
"오금동","25~29세","2024 년","2584","2563","21",
"오금동","25~29세","2025 년","2476","2457","19",
"오금동","30~34세","2024 년","2795","2765","30",
"오금동","30~34세","2025 년","2712","2683","29",
"오금동","35~39세","2024 년","2555","2523","32",
"오금동","35~39세","2025 년","2548","2513","35",
"오금동","40~44세","2024 년","2780","2760","20",
"오금동","40~44세","2025 년","2605","2583","22",
"오금동","45~49세","2024 년","2578","2565","13",
"오금동","45~49세","2025 년","2633","2611","22",
"오금동","50~54세","2024 년","3280","3262","18",
"오금동","50~54세","2025 년","3066","3045","21",
"오금동","55~59세","2024 년","3366","3347","19",
"오금동","55~59세","2025 년","3295","3271","24",
"오금동","60~64세","2024 년","3324","3311","13",
"오금동","60~64세","2025 년","3179","3165","14",
"오금동","65~69세","2024 년","3028","3014","14",
"오금동","65~69세","2025 년","3007","2998","9",
"오금동","70~74세","2024 년","1950","1946","4",
"오금동","70~74세","2025 년","2131","2126","5",
"오금동","75~79세","2024 년","1296","1294","2",
"오금동","75~79세","2025 년","1419","1417","2",
"오금동","80~84세","2024 년","765","763","2",
"오금동","80~84세","2025 년","786","783","3",
"오금동","85~89세","2024 년","436","436","-",
"오금동","85~89세","2025 년","418","418","-",
"오금동","90~94세","2024 년","217","216","1",
"오금동","90~94세","2025 년","232","231","1",
"오금동","95~99세","2024 년","42","42","-",
"오금동","95~99세","2025 년","50","50","-",
"오금동","100세 이상","2024 년","5","5","-",
"오금동","100세 이상","2025 년","4","4","-",
"송파1동","합계","2024 년","23392","23101","291",
"송파1동","합계","2025 년","23162","22867","295",
"송파1동","0~4세","2024 년","422","421","1",
"송파1동","0~4세","2025 년","421","418","3",
"송파1동","5~9세","2024 년","443","436","7",
"송파1동","5~9세","2025 년","400","392","8",
"송파1동","10~14세","2024 년","511","510","1",
"송파1동","10~14세","2025 년","484","484","-",
"송파1동","15~19세","2024 년","608","603","5",
"송파1동","15~19세","2025 년","610","607","3",
"송파1동","20~24세","2024 년","1092","1076","16",
"송파1동","20~24세","2025 년","977","954","23",
"송파1동","25~29세","2024 년","2769","2726","43",
"송파1동","25~29세","2025 년","2699","2657","42",
"송파1동","30~34세","2024 년","3375","3322","53",
"송파1동","30~34세","2025 년","3384","3346","38",
"송파1동","35~39세","2024 년","2248","2206","42",
"송파1동","35~39세","2025 년","2288","2238","50",
"송파1동","40~44세","2024 년","1798","1766","32",
"송파1동","40~44세","2025 년","1709","1681","28",
"송파1동","45~49세","2024 년","1451","1434","17",
"송파1동","45~49세","2025 년","1472","1454","18",
"송파1동","50~54세","2024 년","1571","1556","15",
"송파1동","50~54세","2025 년","1540","1523","17",
"송파1동","55~59세","2024 년","1596","1569","27",
"송파1동","55~59세","2025 년","1575","1550","25",
"송파1동","60~64세","2024 년","1593","1579","14",
"송파1동","60~64세","2025 년","1505","1481","24",
"송파1동","65~69세","2024 년","1445","1434","11",
"송파1동","65~69세","2025 년","1497","1491","6",
"송파1동","70~74세","2024 년","1063","1057","6",
"송파1동","70~74세","2025 년","1132","1124","8",
"송파1동","75~79세","2024 년","667","666","1",
"송파1동","75~79세","2025 년","708","706","2",
"송파1동","80~84세","2024 년","435","435","-",
"송파1동","80~84세","2025 년","464","464","-",
"송파1동","85~89세","2024 년","205","205","-",
"송파1동","85~89세","2025 년","198","198","-",
"송파1동","90~94세","2024 년","80","80","-",
"송파1동","90~94세","2025 년","81","81","-",
"송파1동","95~99세","2024 년","19","19","-",
"송파1동","95~99세","2025 년","17","17","-",
"송파1동","100세 이상","2024 년","1","1","-",
"송파1동","100세 이상","2025 년","1","1","-",
"송파2동","합계","2024 년","18695","18564","131",
"송파2동","합계","2025 년","19452","19313","139",
"송파2동","0~4세","2024 년","434","431","3",
"송파2동","0~4세","2025 년","499","495","4",
"송파2동","5~9세","2024 년","750","748","2",
"송파2동","5~9세","2025 년","755","754","1",
"송파2동","10~14세","2024 년","918","915","3",
"송파2동","10~14세","2025 년","981","977","4",
"송파2동","15~19세","2024 년","855","851","4",
"송파2동","15~19세","2025 년","926","920","6",
"송파2동","20~24세","2024 년","972","969","3",
"송파2동","20~24세","2025 년","878","871","7",
"송파2동","25~29세","2024 년","1288","1278","10",
"송파2동","25~29세","2025 년","1303","1289","14",
"송파2동","30~34세","2024 년","1399","1386","13",
"송파2동","30~34세","2025 년","1454","1442","12",
"송파2동","35~39세","2024 년","1360","1347","13",
"송파2동","35~39세","2025 년","1479","1467","12",
"송파2동","40~44세","2024 년","1592","1576","16",
"송파2동","40~44세","2025 년","1662","1646","16",
"송파2동","45~49세","2024 년","1410","1395","15",
"송파2동","45~49세","2025 년","1538","1521","17",
"송파2동","50~54세","2024 년","1500","1484","16",
"송파2동","50~54세","2025 년","1455","1442","13",
"송파2동","55~59세","2024 년","1409","1396","13",
"송파2동","55~59세","2025 년","1461","1454","7",
"송파2동","60~64세","2024 년","1456","1447","9",
"송파2동","60~64세","2025 년","1502","1491","11",
"송파2동","65~69세","2024 년","1355","1347","8",
"송파2동","65~69세","2025 년","1394","1383","11",
"송파2동","70~74세","2024 년","892","890","2",
"송파2동","70~74세","2025 년","1001","999","2",
"송파2동","75~79세","2024 년","547","546","1",
"송파2동","75~79세","2025 년","572","570","2",
"송파2동","80~84세","2024 년","315","315","-",
"송파2동","80~84세","2025 년","341","341","-",
"송파2동","85~89세","2024 년","157","157","-",
"송파2동","85~89세","2025 년","159","159","-",
"송파2동","90~94세","2024 년","69","69","-",
"송파2동","90~94세","2025 년","75","75","-",
"송파2동","95~99세","2024 년","16","16","-",
"송파2동","95~99세","2025 년","15","15","-",
"송파2동","100세 이상","2024 년","1","1","-",
"송파2동","100세 이상","2025 년","2","2","-",
"석촌동","합계","2024 년","30954","30392","562",
"석촌동","합계","2025 년","30682","30086","596",
"석촌동","0~4세","2024 년","543","534","9",
"석촌동","0~4세","2025 년","518","506","12",
"석촌동","5~9세","2024 년","566","551","15",
"석촌동","5~9세","2025 년","505","495","10",
"석촌동","10~14세","2024 년","711","700","11",
"석촌동","10~14세","2025 년","673","658","15",
"석촌동","15~19세","2024 년","821","814","7",
"석촌동","15~19세","2025 년","818","810","8",
"석촌동","20~24세","2024 년","1481","1453","28",
"석촌동","20~24세","2025 년","1351","1310","41",
"석촌동","25~29세","2024 년","3357","3314","43",
"석촌동","25~29세","2025 년","3238","3186","52",
"석촌동","30~34세","2024 년","4169","4084","85",
"석촌동","30~34세","2025 년","4256","4184","72",
"석촌동","35~39세","2024 년","2937","2873","64",
"석촌동","35~39세","2025 년","2925","2851","74",
"석촌동","40~44세","2024 년","2517","2459","58",
"석촌동","40~44세","2025 년","2417","2352","65",
"석촌동","45~49세","2024 년","2036","1992","44",
"석촌동","45~49세","2025 년","2095","2051","44",
"석촌동","50~54세","2024 년","2278","2219","59",
"석촌동","50~54세","2025 년","2248","2192","56",
"석촌동","55~59세","2024 년","2161","2085","76",
"석촌동","55~59세","2025 년","2137","2072","65",
"석촌동","60~64세","2024 년","2178","2140","38",
"석촌동","60~64세","2025 년","2078","2028","50",
"석촌동","65~69세","2024 년","1963","1949","14",
"석촌동","65~69세","2025 년","1960","1942","18",
"석촌동","70~74세","2024 년","1306","1302","4",
"석촌동","70~74세","2025 년","1416","1408","8",
"석촌동","75~79세","2024 년","960","955","5",
"석촌동","75~79세","2025 년","1026","1022","4",
"석촌동","80~84세","2024 년","585","585","-",
"석촌동","80~84세","2025 년","622","621","1",
"석촌동","85~89세","2024 년","274","272","2",
"석촌동","85~89세","2025 년","283","282","1",
"석촌동","90~94세","2024 년","88","88","-",
"석촌동","90~94세","2025 년","93","93","-",
"석촌동","95~99세","2024 년","21","21","-",
"석촌동","95~99세","2025 년","23","23","-",
"석촌동","100세 이상","2024 년","2","2","-",
"석촌동","100세 이상","2025 년","-","-","-",
"삼전동","합계","2024 년","29090","28703","387",
"삼전동","합계","2025 년","28796","28369","427",
"삼전동","0~4세","2024 년","466","463","3",
"삼전동","0~4세","2025 년","418","417","1",
"삼전동","5~9세","2024 년","513","503","10",
"삼전동","5~9세","2025 년","480","473","7",
"삼전동","10~14세","2024 년","817","809","8",
"삼전동","10~14세","2025 년","723","714","9",
"삼전동","15~19세","2024 년","897","891","6",
"삼전동","15~19세","2025 년","938","930","8",
"삼전동","20~24세","2024 년","1348","1318","30",
"삼전동","20~24세","2025 년","1216","1188","28",
"삼전동","25~29세","2024 년","3283","3211","72",
"삼전동","25~29세","2025 년","3112","3022","90",
"삼전동","30~34세","2024 년","3826","3760","66",
"삼전동","30~34세","2025 년","4030","3944","86",
"삼전동","35~39세","2024 년","2710","2667","43",
"삼전동","35~39세","2025 년","2699","2655","44",
"삼전동","40~44세","2024 년","2398","2344","54",
"삼전동","40~44세","2025 년","2324","2272","52",
"삼전동","45~49세","2024 년","2132","2107","25",
"삼전동","45~49세","2025 년","2098","2078","20",
"삼전동","50~54세","2024 년","2254","2235","19",
"삼전동","50~54세","2025 년","2184","2157","27",
"삼전동","55~59세","2024 년","1904","1879","25",
"삼전동","55~59세","2025 년","1927","1903","24",
"삼전동","60~64세","2024 년","1951","1939","12",
"삼전동","60~64세","2025 년","1867","1849","18",
"삼전동","65~69세","2024 년","1758","1747","11",
"삼전동","65~69세","2025 년","1764","1755","9",
"삼전동","70~74세","2024 년","1168","1166","2",
"삼전동","70~74세","2025 년","1256","1254","2",
"삼전동","75~79세","2024 년","811","810","1",
"삼전동","75~79세","2025 년","867","865","2",
"삼전동","80~84세","2024 년","523","523","-",
"삼전동","80~84세","2025 년","544","544","-",
"삼전동","85~89세","2024 년","230","230","-",
"삼전동","85~89세","2025 년","242","242","-",
"삼전동","90~94세","2024 년","70","70","-",
"삼전동","90~94세","2025 년","77","77","-",
"삼전동","95~99세","2024 년","26","26","-",
"삼전동","95~99세","2025 년","25","25","-",
"삼전동","100세 이상","2024 년","5","5","-",
"삼전동","100세 이상","2025 년","5","5","-",
"가락본동","합계","2024 년","25081","24777","304",
"가락본동","합계","2025 년","24837","24534","303",
"가락본동","0~4세","2024 년","635","630","5",
"가락본동","0~4세","2025 년","613","610","3",
"가락본동","5~9세","2024 년","649","640","9",
"가락본동","5~9세","2025 년","564","556","8",
"가락본동","10~14세","2024 년","708","704","4",
"가락본동","10~14세","2025 년","730","723","7",
"가락본동","15~19세","2024 년","843","836","7",
"가락본동","15~19세","2025 년","774","766","8",
"가락본동","20~24세","2024 년","1235","1215","20",
"가락본동","20~24세","2025 년","1143","1128","15",
"가락본동","25~29세","2024 년","2127","2105","22",
"가락본동","25~29세","2025 년","2019","1991","28",
"가락본동","30~34세","2024 년","2439","2412","27",
"가락본동","30~34세","2025 년","2598","2581","17",
"가락본동","35~39세","2024 년","2084","2045","39",
"가락본동","35~39세","2025 년","2077","2031","46",
"가락본동","40~44세","2024 년","1925","1882","43",
"가락본동","40~44세","2025 년","1824","1784","40",
"가락본동","45~49세","2024 년","1607","1579","28",
"가락본동","45~49세","2025 년","1675","1648","27",
"가락본동","50~54세","2024 년","2002","1968","34",
"가락본동","50~54세","2025 년","1903","1871","32",
"가락본동","55~59세","2024 년","2145","2113","32",
"가락본동","55~59세","2025 년","2139","2106","33",
"가락본동","60~64세","2024 년","2153","2131","22",
"가락본동","60~64세","2025 년","2057","2032","25",
"가락본동","65~69세","2024 년","1885","1877","8",
"가락본동","65~69세","2025 년","1892","1883","9",
"가락본동","70~74세","2024 년","1072","1070","2",
"가락본동","70~74세","2025 년","1182","1179","3",
"가락본동","75~79세","2024 년","749","749","-",
"가락본동","75~79세","2025 년","790","790","-",
"가락본동","80~84세","2024 년","448","447","1",
"가락본동","80~84세","2025 년","453","452","1",
"가락본동","85~89세","2024 년","253","253","-",
"가락본동","85~89세","2025 년","271","271","-",
"가락본동","90~94세","2024 년","98","97","1",
"가락본동","90~94세","2025 년","111","110","1",
"가락본동","95~99세","2024 년","21","21","-",
"가락본동","95~99세","2025 년","18","18","-",
"가락본동","100세 이상","2024 년","3","3","-",
"가락본동","100세 이상","2025 년","4","4","-",
"가락1동","합계","2024 년","27652","27348","304",
"가락1동","합계","2025 년","27316","26960","356",
"가락1동","0~4세","2024 년","1302","1271","31",
"가락1동","0~4세","2025 년","1266","1230","36",
"가락1동","5~9세","2024 년","1665","1649","16",
"가락1동","5~9세","2025 년","1619","1596","23",
"가락1동","10~14세","2024 년","1686","1679","7",
"가락1동","10~14세","2025 년","1790","1782","8",
"가락1동","15~19세","2024 년","1215","1208","7",
"가락1동","15~19세","2025 년","1209","1203","6",
"가락1동","20~24세","2024 년","1061","1059","2",
"가락1동","20~24세","2025 년","925","922","3",
"가락1동","25~29세","2024 년","1310","1291","19",
"가락1동","25~29세","2025 년","1189","1176","13",
"가락1동","30~34세","2024 년","2069","2021","48",
"가락1동","30~34세","2025 년","1888","1845","43",
"가락1동","35~39세","2024 년","2536","2450","86",
"가락1동","35~39세","2025 년","2444","2336","108",
"가락1동","40~44세","2024 년","2994","2955","39",
"가락1동","40~44세","2025 년","2934","2880","54",
"가락1동","45~49세","2024 년","2225","2210","15",
"가락1동","45~49세","2025 년","2364","2342","22",
"가락1동","50~54세","2024 년","1891","1875","16",
"가락1동","50~54세","2025 년","1862","1846","16",
"가락1동","55~59세","2024 년","1673","1665","8",
"가락1동","55~59세","2025 년","1587","1580","7",
"가락1동","60~64세","2024 년","1862","1857","5",
"가락1동","60~64세","2025 년","1746","1737","9",
"가락1동","65~69세","2024 년","1728","1727","1",
"가락1동","65~69세","2025 년","1759","1755","4",
"가락1동","70~74세","2024 년","1169","1166","3",
"가락1동","70~74세","2025 년","1286","1284","2",
"가락1동","75~79세","2024 년","728","728","-",
"가락1동","75~79세","2025 년","850","849","1",
"가락1동","80~84세","2024 년","344","343","1",
"가락1동","80~84세","2025 년","378","377","1",
"가락1동","85~89세","2024 년","139","139","-",
"가락1동","85~89세","2025 년","158","158","-",
"가락1동","90~94세","2024 년","39","39","-",
"가락1동","90~94세","2025 년","49","49","-",
"가락1동","95~99세","2024 년","13","13","-",
"가락1동","95~99세","2025 년","10","10","-",
"가락1동","100세 이상","2024 년","3","3","-",
"가락1동","100세 이상","2025 년","3","3","-",
"가락2동","합계","2024 년","30961","30763","198",
"가락2동","합계","2025 년","28758","28574","184",
"가락2동","0~4세","2024 년","728","725","3",
"가락2동","0~4세","2025 년","676","673","3",
"가락2동","5~9세","2024 년","1212","1210","2",
"가락2동","5~9세","2025 년","1095","1092","3",
"가락2동","10~14세","2024 년","1584","1579","5",
"가락2동","10~14세","2025 년","1497","1494","3",
"가락2동","15~19세","2024 년","1544","1541","3",
"가락2동","15~19세","2025 년","1433","1430","3",
"가락2동","20~24세","2024 년","1631","1618","13",
"가락2동","20~24세","2025 년","1399","1389","10",
"가락2동","25~29세","2024 년","2224","2195","29",
"가락2동","25~29세","2025 년","2078","2055","23",
"가락2동","30~34세","2024 년","2444","2422","22",
"가락2동","30~34세","2025 년","2270","2248","22",
"가락2동","35~39세","2024 년","2227","2200","27",
"가락2동","35~39세","2025 년","2105","2077","28",
"가락2동","40~44세","2024 년","2568","2547","21",
"가락2동","40~44세","2025 년","2394","2375","19",
"가락2동","45~49세","2024 년","2392","2383","9",
"가락2동","45~49세","2025 년","2302","2289","13",
"가락2동","50~54세","2024 년","2703","2684","19",
"가락2동","50~54세","2025 년","2431","2413","18",
"가락2동","55~59세","2024 년","2369","2351","18",
"가락2동","55~59세","2025 년","2224","2212","12",
"가락2동","60~64세","2024 년","2280","2266","14",
"가락2동","60~64세","2025 년","2004","1991","13",
"가락2동","65~69세","2024 년","2112","2104","8",
"가락2동","65~69세","2025 년","1953","1946","7",
"가락2동","70~74세","2024 년","1256","1253","3",
"가락2동","70~74세","2025 년","1259","1254","5",
"가락2동","75~79세","2024 년","804","803","1",
"가락2동","75~79세","2025 년","788","787","1",
"가락2동","80~84세","2024 년","484","483","1",
"가락2동","80~84세","2025 년","458","457","1",
"가락2동","85~89세","2024 년","265","265","-",
"가락2동","85~89세","2025 년","266","266","-",
"가락2동","90~94세","2024 년","101","101","-",
"가락2동","90~94세","2025 년","96","96","-",
"가락2동","95~99세","2024 년","29","29","-",
"가락2동","95~99세","2025 년","27","27","-",
"가락2동","100세 이상","2024 년","4","4","-",
"가락2동","100세 이상","2025 년","3","3","-",
"문정1동","합계","2024 년","19882","19691","191",
"문정1동","합계","2025 년","19797","19614","183",
"문정1동","0~4세","2024 년","465","460","5",
"문정1동","0~4세","2025 년","456","452","4",
"문정1동","5~9세","2024 년","555","552","3",
"문정1동","5~9세","2025 년","552","550","2",
"문정1동","10~14세","2024 년","642","641","1",
"문정1동","10~14세","2025 년","633","631","2",
"문정1동","15~19세","2024 년","693","682","11",
"문정1동","15~19세","2025 년","694","689","5",
"문정1동","20~24세","2024 년","1064","1037","27",
"문정1동","20~24세","2025 년","930","895","35",
"문정1동","25~29세","2024 년","1946","1920","26",
"문정1동","25~29세","2025 년","1856","1832","24",
"문정1동","30~34세","2024 년","2027","2009","18",
"문정1동","30~34세","2025 년","2111","2093","18",
"문정1동","35~39세","2024 년","1500","1483","17",
"문정1동","35~39세","2025 년","1576","1558","18",
"문정1동","40~44세","2024 년","1458","1446","12",
"문정1동","40~44세","2025 년","1426","1412","14",
"문정1동","45~49세","2024 년","1217","1202","15",
"문정1동","45~49세","2025 년","1231","1222","9",
"문정1동","50~54세","2024 년","1534","1518","16",
"문정1동","50~54세","2025 년","1446","1428","18",
"문정1동","55~59세","2024 년","1507","1489","18",
"문정1동","55~59세","2025 년","1487","1475","12",
"문정1동","60~64세","2024 년","1673","1665","8",
"문정1동","60~64세","2025 년","1589","1579","10",
"문정1동","65~69세","2024 년","1458","1452","6",
"문정1동","65~69세","2025 년","1498","1492","6",
"문정1동","70~74세","2024 년","968","964","4",
"문정1동","70~74세","2025 년","1043","1041","2",
"문정1동","75~79세","2024 년","570","570","-",
"문정1동","75~79세","2025 년","627","627","-",
"문정1동","80~84세","2024 년","340","338","2",
"문정1동","80~84세","2025 년","350","348","2",
"문정1동","85~89세","2024 년","173","172","1",
"문정1동","85~89세","2025 년","188","187","1",
"문정1동","90~94세","2024 년","71","71","-",
"문정1동","90~94세","2025 년","80","80","-",
"문정1동","95~99세","2024 년","19","18","1",
"문정1동","95~99세","2025 년","21","20","1",
"문정1동","100세 이상","2024 년","2","2","-",
"문정1동","100세 이상","2025 년","3","3","-",
"문정2동","합계","2024 년","28915","28737","178",
"문정2동","합계","2025 년","28869","28687","182",
"문정2동","0~4세","2024 년","623","621","2",
"문정2동","0~4세","2025 년","673","672","1",
"문정2동","5~9세","2024 년","721","718","3",
"문정2동","5~9세","2025 년","643","639","4",
"문정2동","10~14세","2024 년","740","739","1",
"문정2동","10~14세","2025 년","766","764","2",
"문정2동","15~19세","2024 년","714","713","1",
"문정2동","15~19세","2025 년","711","707","4",
"문정2동","20~24세","2024 년","1155","1133","22",
"문정2동","20~24세","2025 년","1027","1019","8",
"문정2동","25~29세","2024 년","3327","3293","34",
"문정2동","25~29세","2025 년","3182","3144","38",
"문정2동","30~34세","2024 년","4409","4380","29",
"문정2동","30~34세","2025 년","4428","4393","35",
"문정2동","35~39세","2024 년","3049","3017","32",
"문정2동","35~39세","2025 년","3114","3084","30",
"문정2동","40~44세","2024 년","2780","2764","16",
"문정2동","40~44세","2025 년","2675","2651","24",
"문정2동","45~49세","2024 년","1810","1799","11",
"문정2동","45~49세","2025 년","1962","1950","12",
"문정2동","50~54세","2024 년","1800","1794","6",
"문정2동","50~54세","2025 년","1759","1753","6",
"문정2동","55~59세","2024 년","1641","1631","10",
"문정2동","55~59세","2025 년","1693","1682","11",
"문정2동","60~64세","2024 년","1568","1566","2",
"문정2동","60~64세","2025 년","1529","1527","2",
"문정2동","65~69세","2024 년","1580","1572","8",
"문정2동","65~69세","2025 년","1534","1531","3",
"문정2동","70~74세","2024 년","1173","1173","-",
"문정2동","70~74세","2025 년","1257","1256","1",
"문정2동","75~79세","2024 년","878","877","1",
"문정2동","75~79세","2025 년","918","918","-",
"문정2동","80~84세","2024 년","475","475","-",
"문정2동","80~84세","2025 년","517","516","1",
"문정2동","85~89세","2024 년","318","318","-",
"문정2동","85~89세","2025 년","323","323","-",
"문정2동","90~94세","2024 년","121","121","-",
"문정2동","90~94세","2025 년","126","126","-",
"문정2동","95~99세","2024 년","29","29","-",
"문정2동","95~99세","2025 년","27","27","-",
"문정2동","100세 이상","2024 년","4","4","-",
"문정2동","100세 이상","2025 년","5","5","-",
"장지동","합계","2024 년","30774","30596","178",
"장지동","합계","2025 년","30855","30677","178",
"장지동","0~4세","2024 년","1061","1060","1",
"장지동","0~4세","2025 년","1137","1135","2",
"장지동","5~9세","2024 년","1079","1077","2",
"장지동","5~9세","2025 년","1004","1003","1",
"장지동","10~14세","2024 년","1150","1146","4",
"장지동","10~14세","2025 년","1138","1135","3",
"장지동","15~19세","2024 년","1314","1312","2",
"장지동","15~19세","2025 년","1309","1307","2",
"장지동","20~24세","2024 년","1567","1558","9",
"장지동","20~24세","2025 년","1425","1417","8",
"장지동","25~29세","2024 년","1998","1981","17",
"장지동","25~29세","2025 년","1937","1918","19",
"장지동","30~34세","2024 년","2677","2649","28",
"장지동","30~34세","2025 년","2794","2763","31",
"장지동","35~39세","2024 년","2536","2498","38",
"장지동","35~39세","2025 년","2610","2575","35",
"장지동","40~44세","2024 년","2442","2423","19",
"장지동","40~44세","2025 년","2418","2399","19",
"장지동","45~49세","2024 년","2231","2221","10",
"장지동","45~49세","2025 년","2233","2220","13",
"장지동","50~54세","2024 년","2478","2458","20",
"장지동","50~54세","2025 년","2361","2348","13",
"장지동","55~59세","2024 년","2421","2407","14",
"장지동","55~59세","2025 년","2392","2375","17",
"장지동","60~64세","2024 년","2406","2399","7",
"장지동","60~64세","2025 년","2311","2304","7",
"장지동","65~69세","2024 년","2089","2084","5",
"장지동","65~69세","2025 년","2170","2165","5",
"장지동","70~74세","2024 년","1409","1408","1",
"장지동","70~74세","2025 년","1560","1557","3",
"장지동","75~79세","2024 년","904","903","1",
"장지동","75~79세","2025 년","1000","1000","-",
"장지동","80~84세","2024 년","578","578","-",
"장지동","80~84세","2025 년","581","581","-",
"장지동","85~89세","2024 년","281","281","-",
"장지동","85~89세","2025 년","301","301","-",
"장지동","90~94세","2024 년","117","117","-",
"장지동","90~94세","2025 년","137","137","-",
"장지동","95~99세","2024 년","30","30","-",
"장지동","95~99세","2025 년","32","32","-",
"장지동","100세 이상","2024 년","6","6","-",
"장지동","100세 이상","2025 년","5","5","-",
"위례동","합계","2024 년","45193","45048","145",
"위례동","합계","2025 년","45114","44962","152",
"위례동","0~4세","2024 년","2386","2385","1",
"위례동","0~4세","2025 년","2048","2046","2",
"위례동","5~9세","2024 년","3640","3637","3",
"위례동","5~9세","2025 년","3523","3521","2",
"위례동","10~14세","2024 년","3566","3565","1",
"위례동","10~14세","2025 년","3629","3628","1",
"위례동","15~19세","2024 년","2840","2840","-",
"위례동","15~19세","2025 년","3044","3044","-",
"위례동","20~24세","2024 년","2092","2086","6",
"위례동","20~24세","2025 년","1988","1985","3",
"위례동","25~29세","2024 년","2099","2081","18",
"위례동","25~29세","2025 년","2075","2059","16",
"위례동","30~34세","2024 년","2776","2755","21",
"위례동","30~34세","2025 년","2654","2632","22",
"위례동","35~39세","2024 년","3881","3853","28",
"위례동","35~39세","2025 년","3687","3663","24",
"위례동","40~44세","2024 년","5132","5107","25",
"위례동","40~44세","2025 년","4947","4912","35",
"위례동","45~49세","2024 년","4273","4264","9",
"위례동","45~49세","2025 년","4531","4516","15",
"위례동","50~54세","2024 년","3538","3525","13",
"위례동","50~54세","2025 년","3562","3549","13",
"위례동","55~59세","2024 년","2610","2602","8",
"위례동","55~59세","2025 년","2747","2740","7",
"위례동","60~64세","2024 년","2173","2165","8",
"위례동","60~64세","2025 년","2181","2176","5",
"위례동","65~69세","2024 년","1778","1775","3",
"위례동","65~69세","2025 년","1845","1840","5",
"위례동","70~74세","2024 년","1017","1016","1",
"위례동","70~74세","2025 년","1161","1159","2",
"위례동","75~79세","2024 년","695","695","-",
"위례동","75~79세","2025 년","748","748","-",
"위례동","80~84세","2024 년","378","378","-",
"위례동","80~84세","2025 년","395","395","-",
"위례동","85~89세","2024 년","200","200","-",
"위례동","85~89세","2025 년","211","211","-",
"위례동","90~94세","2024 년","81","81","-",
"위례동","90~94세","2025 년","105","105","-",
"위례동","95~99세","2024 년","33","33","-",
"위례동","95~99세","2025 년","26","26","-",
"위례동","100세 이상","2024 년","5","5","-",
"위례동","100세 이상","2025 년","7","7","-",
"잠실본동","합계","2024 년","28055","27524","531",
"잠실본동","합계","2025 년","27831","27298","533",
"잠실본동","0~4세","2024 년","385","381","4",
"잠실본동","0~4세","2025 년","384","379","5",
"잠실본동","5~9세","2024 년","498","488","10",
"잠실본동","5~9세","2025 년","449","442","7",
"잠실본동","10~14세","2024 년","640","637","3",
"잠실본동","10~14세","2025 년","631","626","5",
"잠실본동","15~19세","2024 년","788","781","7",
"잠실본동","15~19세","2025 년","793","786","7",
"잠실본동","20~24세","2024 년","1430","1394","36",
"잠실본동","20~24세","2025 년","1240","1205","35",
"잠실본동","25~29세","2024 년","3471","3392","79",
"잠실본동","25~29세","2025 년","3375","3295","80",
"잠실본동","30~34세","2024 년","3956","3874","82",
"잠실본동","30~34세","2025 년","4015","3922","93",
"잠실본동","35~39세","2024 년","2580","2521","59",
"잠실본동","35~39세","2025 년","2696","2630","66",
"잠실본동","40~44세","2024 년","2257","2208","49",
"잠실본동","40~44세","2025 년","2151","2108","43",
"잠실본동","45~49세","2024 년","1923","1893","30",
"잠실본동","45~49세","2025 년","1948","1914","34",
"잠실본동","50~54세","2024 년","2107","2062","45",
"잠실본동","50~54세","2025 년","2011","1970","41",
"잠실본동","55~59세","2024 년","1856","1803","53",
"잠실본동","55~59세","2025 년","1873","1828","45",
"잠실본동","60~64세","2024 년","1843","1803","40",
"잠실본동","60~64세","2025 년","1750","1713","37",
"잠실본동","65~69세","2024 년","1702","1682","20",
"잠실본동","65~69세","2025 년","1682","1663","19",
"잠실본동","70~74세","2024 년","1056","1048","8",
"잠실본동","70~74세","2025 년","1186","1175","11",
"잠실본동","75~79세","2024 년","789","784","5",
"잠실본동","75~79세","2025 년","818","817","1",
"잠실본동","80~84세","2024 년","453","452","1",
"잠실본동","80~84세","2025 년","484","481","3",
"잠실본동","85~89세","2024 년","240","240","-",
"잠실본동","85~89세","2025 년","232","231","1",
"잠실본동","90~94세","2024 년","61","61","-",
"잠실본동","90~94세","2025 년","93","93","-",
"잠실본동","95~99세","2024 년","16","16","-",
"잠실본동","95~99세","2025 년","17","17","-",
"잠실본동","100세 이상","2024 년","4","4","-",
"잠실본동","100세 이상","2025 년","3","3","-",
"잠실2동","합계","2024 년","34916","34823","93",
"잠실2동","합계","2025 년","34722","34626","96",
"잠실2동","0~4세","2024 년","925","920","5",
"잠실2동","0~4세","2025 년","919","916","3",
"잠실2동","5~9세","2024 년","2262","2257","5",
"잠실2동","5~9세","2025 년","2171","2166","5",
"잠실2동","10~14세","2024 년","3182","3181","1",
"잠실2동","10~14세","2025 년","3114","3110","4",
"잠실2동","15~19세","2024 년","2610","2610","-",
"잠실2동","15~19세","2025 년","2599","2598","1",
"잠실2동","20~24세","2024 년","1978","1976","2",
"잠실2동","20~24세","2025 년","1875","1873","2",
"잠실2동","25~29세","2024 년","1416","1414","2",
"잠실2동","25~29세","2025 년","1469","1468","1",
"잠실2동","30~34세","2024 년","1247","1245","2",
"잠실2동","30~34세","2025 년","1205","1204","1",
"잠실2동","35~39세","2024 년","1912","1896","16",
"잠실2동","35~39세","2025 년","1854","1835","19",
"잠실2동","40~44세","2024 년","3914","3888","26",
"잠실2동","40~44세","2025 년","3711","3690","21",
"잠실2동","45~49세","2024 년","4079","4070","9",
"잠실2동","45~49세","2025 년","4153","4138","15",
"잠실2동","50~54세","2024 년","3554","3546","8",
"잠실2동","50~54세","2025 년","3435","3428","7",
"잠실2동","55~59세","2024 년","2208","2200","8",
"잠실2동","55~59세","2025 년","2390","2384","6",
"잠실2동","60~64세","2024 년","1523","1518","5",
"잠실2동","60~64세","2025 년","1527","1522","5",
"잠실2동","65~69세","2024 년","1414","1413","1",
"잠실2동","65~69세","2025 년","1420","1417","3",
"잠실2동","70~74세","2024 년","1083","1081","2",
"잠실2동","70~74세","2025 년","1142","1140","2",
"잠실2동","75~79세","2024 년","818","818","-",
"잠실2동","75~79세","2025 년","874","874","-",
"잠실2동","80~84세","2024 년","505","504","1",
"잠실2동","80~84세","2025 년","525","524","1",
"잠실2동","85~89세","2024 년","204","204","-",
"잠실2동","85~89세","2025 년","225","225","-",
"잠실2동","90~94세","2024 년","63","63","-",
"잠실2동","90~94세","2025 년","96","96","-",
"잠실2동","95~99세","2024 년","18","18","-",
"잠실2동","95~99세","2025 년","17","17","-",
"잠실2동","100세 이상","2024 년","1","1","-",
"잠실2동","100세 이상","2025 년","1","1","-",
"잠실3동","합계","2024 년","33896","33769","127",
"잠실3동","합계","2025 년","33772","33638","134",
"잠실3동","0~4세","2024 년","800","796","4",
"잠실3동","0~4세","2025 년","842","834","8",
"잠실3동","5~9세","2024 년","1620","1616","4",
"잠실3동","5~9세","2025 년","1523","1522","1",
"잠실3동","10~14세","2024 년","2139","2134","5",
"잠실3동","10~14세","2025 년","2150","2145","5",
"잠실3동","15~19세","2024 년","2024","2021","3",
"잠실3동","15~19세","2025 년","2104","2100","4",
"잠실3동","20~24세","2024 년","1792","1792","-",
"잠실3동","20~24세","2025 년","1694","1694","-",
"잠실3동","25~29세","2024 년","1597","1592","5",
"잠실3동","25~29세","2025 년","1513","1508","5",
"잠실3동","30~34세","2024 년","1540","1530","10",
"잠실3동","30~34세","2025 년","1494","1482","12",
"잠실3동","35~39세","2024 년","1923","1905","18",
"잠실3동","35~39세","2025 년","1853","1836","17",
"잠실3동","40~44세","2024 년","2999","2980","19",
"잠실3동","40~44세","2025 년","2913","2887","26",
"잠실3동","45~49세","2024 년","3056","3038","18",
"잠실3동","45~49세","2025 년","3153","3136","17",
"잠실3동","50~54세","2024 년","3106","3084","22",
"잠실3동","50~54세","2025 년","3058","3037","21",
"잠실3동","55~59세","2024 년","2469","2457","12",
"잠실3동","55~59세","2025 년","2547","2538","9",
"잠실3동","60~64세","2024 년","2262","2260","2",
"잠실3동","60~64세","2025 년","2173","2170","3",
"잠실3동","65~69세","2024 년","2308","2304","4",
"잠실3동","65~69세","2025 년","2291","2287","4",
"잠실3동","70~74세","2024 년","1813","1813","-",
"잠실3동","70~74세","2025 년","1878","1877","1",
"잠실3동","75~79세","2024 년","1336","1335","1",
"잠실3동","75~79세","2025 년","1397","1396","1",
"잠실3동","80~84세","2024 년","675","675","-",
"잠실3동","80~84세","2025 년","713","713","-",
"잠실3동","85~89세","2024 년","278","278","-",
"잠실3동","85~89세","2025 년","303","303","-",
"잠실3동","90~94세","2024 년","114","114","-",
"잠실3동","90~94세","2025 년","132","132","-",
"잠실3동","95~99세","2024 년","42","42","-",
"잠실3동","95~99세","2025 년","37","37","-",
"잠실3동","100세 이상","2024 년","3","3","-",
"잠실3동","100세 이상","2025 년","4","4","-",
"잠실4동","합계","2024 년","21086","21028","58",
"잠실4동","합계","2025 년","21197","21148","49",
"잠실4동","0~4세","2024 년","726","724","2",
"잠실4동","0~4세","2025 년","767","765","2",
"잠실4동","5~9세","2024 년","1409","1404","5",
"잠실4동","5~9세","2025 년","1310","1309","1",
"잠실4동","10~14세","2024 년","1638","1637","1",
"잠실4동","10~14세","2025 년","1591","1591","-",
"잠실4동","15~19세","2024 년","1054","1053","1",
"잠실4동","15~19세","2025 년","1183","1182","1",
"잠실4동","20~24세","2024 년","945","944","1",
"잠실4동","20~24세","2025 년","905","904","1",
"잠실4동","25~29세","2024 년","933","931","2",
"잠실4동","25~29세","2025 년","892","890","2",
"잠실4동","30~34세","2024 년","911","902","9",
"잠실4동","30~34세","2025 년","887","881","6",
"잠실4동","35~39세","2024 년","1440","1432","8",
"잠실4동","35~39세","2025 년","1446","1441","5",
"잠실4동","40~44세","2024 년","2321","2307","14",
"잠실4동","40~44세","2025 년","2253","2240","13",
"잠실4동","45~49세","2024 년","2039","2031","8",
"잠실4동","45~49세","2025 년","2108","2103","5",
"잠실4동","50~54세","2024 년","1766","1763","3",
"잠실4동","50~54세","2025 년","1824","1820","4",
"잠실4동","55~59세","2024 년","1415","1413","2",
"잠실4동","55~59세","2025 년","1426","1421","5",
"잠실4동","60~64세","2024 년","1249","1248","1",
"잠실4동","60~64세","2025 년","1202","1200","2",
"잠실4동","65~69세","2024 년","1197","1196","1",
"잠실4동","65~69세","2025 년","1202","1201","1",
"잠실4동","70~74세","2024 년","880","880","-",
"잠실4동","70~74세","2025 년","967","966","1",
"잠실4동","75~79세","2024 년","597","597","-",
"잠실4동","75~79세","2025 년","607","607","-",
"잠실4동","80~84세","2024 년","325","325","-",
"잠실4동","80~84세","2025 년","359","359","-",
"잠실4동","85~89세","2024 년","173","173","-",
"잠실4동","85~89세","2025 년","189","189","-",
"잠실4동","90~94세","2024 년","47","47","-",
"잠실4동","90~94세","2025 년","55","55","-",
"잠실4동","95~99세","2024 년","19","19","-",
"잠실4동","95~99세","2025 년","21","21","-",
"잠실4동","100세 이상","2024 년","2","2","-",
"잠실4동","100세 이상","2025 년","3","3","-",
"잠실6동","합계","2024 년","16563","16376","187",
"잠실6동","합계","2025 년","16531","16299","232",
"잠실6동","0~4세","2024 년","453","443","10",
"잠실6동","0~4세","2025 년","459","444","15",
"잠실6동","5~9세","2024 년","811","795","16",
"잠실6동","5~9세","2025 년","770","750","20",
"잠실6동","10~14세","2024 년","917","903","14",
"잠실6동","10~14세","2025 년","943","932","11",
"잠실6동","15~19세","2024 년","794","792","2",
"잠실6동","15~19세","2025 년","825","816","9",
"잠실6동","20~24세","2024 년","831","825","6",
"잠실6동","20~24세","2025 년","773","772","1",
"잠실6동","25~29세","2024 년","870","862","8",
"잠실6동","25~29세","2025 년","844","827","17",
"잠실6동","30~34세","2024 년","931","907","24",
"잠실6동","30~34세","2025 년","925","899","26",
"잠실6동","35~39세","2024 년","1061","1030","31",
"잠실6동","35~39세","2025 년","1077","1037","40",
"잠실6동","40~44세","2024 년","1491","1459","32",
"잠실6동","40~44세","2025 년","1466","1426","40",
"잠실6동","45~49세","2024 년","1359","1350","9",
"잠실6동","45~49세","2025 년","1401","1380","21",
"잠실6동","50~54세","2024 년","1322","1309","13",
"잠실6동","50~54세","2025 년","1289","1274","15",
"잠실6동","55~59세","2024 년","1237","1228","9",
"잠실6동","55~59세","2025 년","1242","1233","9",
"잠실6동","60~64세","2024 년","1199","1193","6",
"잠실6동","60~64세","2025 년","1136","1131","5",
"잠실6동","65~69세","2024 년","1256","1251","5",
"잠실6동","65~69세","2025 년","1197","1196","1",
"잠실6동","70~74세","2024 년","808","807","1",
"잠실6동","70~74세","2025 년","903","902","1",
"잠실6동","75~79세","2024 년","578","578","-",
"잠실6동","75~79세","2025 년","602","602","-",
"잠실6동","80~84세","2024 년","351","351","-",
"잠실6동","80~84세","2025 년","356","356","-",
"잠실6동","85~89세","2024 년","186","185","1",
"잠실6동","85~89세","2025 년","202","201","1",
"잠실6동","90~94세","2024 년","82","82","-",
"잠실6동","90~94세","2025 년","89","89","-",
"잠실6동","95~99세","2024 년","22","22","-",
"잠실6동","95~99세","2025 년","25","25","-",
"잠실6동","100세 이상","2024 년","4","4","-",
"잠실6동","100세 이상","2025 년","7","7","-",
"잠실7동","합계","2024 년","9388","9373","15",
"잠실7동","합계","2025 년","9340","9323","17",
"잠실7동","0~4세","2024 년","208","208","-",
"잠실7동","0~4세","2025 년","210","210","-",
"잠실7동","5~9세","2024 년","321","321","-",
"잠실7동","5~9세","2025 년","304","304","-",
"잠실7동","10~14세","2024 년","392","392","-",
"잠실7동","10~14세","2025 년","415","415","-",
"잠실7동","15~19세","2024 년","470","470","-",
"잠실7동","15~19세","2025 년","454","454","-",
"잠실7동","20~24세","2024 년","545","545","-",
"잠실7동","20~24세","2025 년","485","485","-",
"잠실7동","25~29세","2024 년","531","531","-",
"잠실7동","25~29세","2025 년","529","527","2",
"잠실7동","30~34세","2024 년","510","508","2",
"잠실7동","30~34세","2025 년","487","484","3",
"잠실7동","35~39세","2024 년","451","445","6",
"잠실7동","35~39세","2025 년","447","444","3",
"잠실7동","40~44세","2024 년","611","609","2",
"잠실7동","40~44세","2025 년","621","617","4",
"잠실7동","45~49세","2024 년","642","640","2",
"잠실7동","45~49세","2025 년","671","670","1",
"잠실7동","50~54세","2024 년","792","792","-",
"잠실7동","50~54세","2025 년","715","714","1",
"잠실7동","55~59세","2024 년","802","800","2",
"잠실7동","55~59세","2025 년","810","809","1",
"잠실7동","60~64세","2024 년","736","736","-",
"잠실7동","60~64세","2025 년","747","746","1",
"잠실7동","65~69세","2024 년","724","724","-",
"잠실7동","65~69세","2025 년","696","696","-",
"잠실7동","70~74세","2024 년","591","591","-",
"잠실7동","70~74세","2025 년","644","644","-",
"잠실7동","75~79세","2024 년","490","489","1",
"잠실7동","75~79세","2025 년","500","500","-",
"잠실7동","80~84세","2024 년","289","289","-",
"잠실7동","80~84세","2025 년","316","315","1",
"잠실7동","85~89세","2024 년","172","172","-",
"잠실7동","85~89세","2025 년","177","177","-",
"잠실7동","90~94세","2024 년","84","84","-",
"잠실7동","90~94세","2025 년","79","79","-",
"잠실7동","95~99세","2024 년","21","21","-",
"잠실7동","95~99세","2025 년","28","28","-",
"잠실7동","100세 이상","2024 년","6","6","-",
"잠실7동","100세 이상","2025 년","5","5","-",
"강동구","합계","2024 년","481474","476942","4532",
"강동구","합계","2025 년","503997","499127","4870",
"강동구","0~4세","2024 년","13241","13137","104",
"강동구","0~4세","2025 년","14100","13988","112",
"강동구","5~9세","2024 년","18042","17932","110",
"강동구","5~9세","2025 년","18130","18023","107",
"강동구","10~14세","2024 년","21051","20943","108",
"강동구","10~14세","2025 년","22579","22477","102",
"강동구","15~19세","2024 년","19995","19891","104",
"강동구","15~19세","2025 년","21416","21290","126",
"강동구","20~24세","2024 년","22933","22583","350",
"강동구","20~24세","2025 년","21813","21376","437",
"강동구","25~29세","2024 년","34247","33645","602",
"강동구","25~29세","2025 년","34880","34236","644",
"강동구","30~34세","2024 년","38696","38111","585",
"강동구","30~34세","2025 년","41302","40651","651",
"강동구","35~39세","2024 년","35361","34806","555",
"강동구","35~39세","2025 년","37398","36803","595",
"강동구","40~44세","2024 년","40762","40334","428",
"강동구","40~44세","2025 년","41930","41436","494",
"강동구","45~49세","2024 년","36780","36445","335",
"강동구","45~49세","2025 년","40037","39687","350",
"강동구","50~54세","2024 년","38314","37920","394",
"강동구","50~54세","2025 년","38819","38436","383",
"강동구","55~59세","2024 년","35396","34996","400",
"강동구","55~59세","2025 년","37192","36808","384",
"강동구","60~64세","2024 년","36761","36512","249",
"강동구","60~64세","2025 년","36253","36009","244",
"강동구","65~69세","2024 년","34259","34129","130",
"강동구","65~69세","2025 년","36385","36235","150",
"강동구","70~74세","2024 년","23056","23008","48",
"강동구","70~74세","2025 년","26417","26362","55",
"강동구","75~79세","2024 년","16165","16145","20",
"강동구","75~79세","2025 년","17574","17548","26",
"강동구","80~84세","2024 년","9638","9632","6",
"강동구","80~84세","2025 년","10336","10330","6",
"강동구","85~89세","2024 년","4558","4557","1",
"강동구","85~89세","2025 년","4925","4924","1",
"강동구","90~94세","2024 년","1670","1668","2",
"강동구","90~94세","2025 년","1930","1929","1",
"강동구","95~99세","2024 년","467","467","-",
"강동구","95~99세","2025 년","512","511","1",
"강동구","100세 이상","2024 년","82","81","1",
"강동구","100세 이상","2025 년","69","68","1",
"강일동","합계","2024 년","34803","34605","198",
"강일동","합계","2025 년","34546","34345","201",
"강일동","0~4세","2024 년","1379","1378","1",
"강일동","0~4세","2025 년","1201","1198","3",
"강일동","5~9세","2024 년","1753","1752","1",
"강일동","5~9세","2025 년","1757","1754","3",
"강일동","10~14세","2024 년","1735","1730","5",
"강일동","10~14세","2025 년","1704","1699","5",
"강일동","15~19세","2024 년","1967","1966","1",
"강일동","15~19세","2025 년","2060","2059","1",
"강일동","20~24세","2024 년","1676","1665","11",
"강일동","20~24세","2025 년","1566","1558","8",
"강일동","25~29세","2024 년","1784","1760","24",
"강일동","25~29세","2025 년","1747","1725","22",
"강일동","30~34세","2024 년","1968","1938","30",
"강일동","30~34세","2025 년","1876","1850","26",
"강일동","35~39세","2024 년","2504","2476","28",
"강일동","35~39세","2025 년","2407","2377","30",
"강일동","40~44세","2024 년","3010","2983","27",
"강일동","40~44세","2025 년","2858","2823","35",
"강일동","45~49세","2024 년","2691","2677","14",
"강일동","45~49세","2025 년","2810","2798","12",
"강일동","50~54세","2024 년","2747","2737","10",
"강일동","50~54세","2025 년","2676","2670","6",
"강일동","55~59세","2024 년","2426","2406","20",
"강일동","55~59세","2025 년","2452","2429","23",
"강일동","60~64세","2024 년","2529","2515","14",
"강일동","60~64세","2025 년","2411","2396","15",
"강일동","65~69세","2024 년","2548","2541","7",
"강일동","65~69세","2025 년","2611","2604","7",
"강일동","70~74세","2024 년","1647","1646","1",
"강일동","70~74세","2025 년","1865","1864","1",
"강일동","75~79세","2024 년","1148","1146","2",
"강일동","75~79세","2025 년","1206","1204","2",
"강일동","80~84세","2024 년","693","692","1",
"강일동","80~84세","2025 년","732","731","1",
"강일동","85~89세","2024 년","381","381","-",
"강일동","85~89세","2025 년","383","383","-",
"강일동","90~94세","2024 년","175","174","1",
"강일동","90~94세","2025 년","184","184","-",
"강일동","95~99세","2024 년","36","36","-",
"강일동","95~99세","2025 년","35","34","1",
"강일동","100세 이상","2024 년","6","6","-",
"강일동","100세 이상","2025 년","5","5","-",
"상일1동","합계","2024 년","39373","39239","134",
"상일1동","합계","2025 년","39152","39009","143",
"상일1동","0~4세","2024 년","1494","1492","2",
"상일1동","0~4세","2025 년","1409","1406","3",
"상일1동","5~9세","2024 년","2767","2763","4",
"상일1동","5~9세","2025 년","2541","2537","4",
"상일1동","10~14세","2024 년","2918","2918","-",
"상일1동","10~14세","2025 년","3076","3075","1",
"상일1동","15~19세","2024 년","2154","2153","1",
"상일1동","15~19세","2025 년","2285","2283","2",
"상일1동","20~24세","2024 년","1587","1583","4",
"상일1동","20~24세","2025 년","1441","1439","2",
"상일1동","25~29세","2024 년","1653","1635","18",
"상일1동","25~29세","2025 년","1581","1565","16",
"상일1동","30~34세","2024 년","2111","2095","16",
"상일1동","30~34세","2025 년","1944","1922","22",
"상일1동","35~39세","2024 년","2920","2901","19",
"상일1동","35~39세","2025 년","2798","2773","25",
"상일1동","40~44세","2024 년","4309","4285","24",
"상일1동","40~44세","2025 년","4237","4216","21",
"상일1동","45~49세","2024 년","3744","3732","12",
"상일1동","45~49세","2025 년","3918","3905","13",
"상일1동","50~54세","2024 년","3067","3059","8",
"상일1동","50~54세","2025 년","3036","3024","12",
"상일1동","55~59세","2024 년","2439","2426","13",
"상일1동","55~59세","2025 년","2461","2454","7",
"상일1동","60~64세","2024 년","2646","2638","8",
"상일1동","60~64세","2025 년","2452","2445","7",
"상일1동","65~69세","2024 년","2405","2403","2",
"상일1동","65~69세","2025 년","2489","2484","5",
"상일1동","70~74세","2024 년","1510","1509","1",
"상일1동","70~74세","2025 년","1716","1715","1",
"상일1동","75~79세","2024 년","900","898","2",
"상일1동","75~79세","2025 년","958","956","2",
"상일1동","80~84세","2024 년","453","453","-",
"상일1동","80~84세","2025 년","467","467","-",
"상일1동","85~89세","2024 년","193","193","-",
"상일1동","85~89세","2025 년","222","222","-",
"상일1동","90~94세","2024 년","69","69","-",
"상일1동","90~94세","2025 년","90","90","-",
"상일1동","95~99세","2024 년","29","29","-",
"상일1동","95~99세","2025 년","24","24","-",
"상일1동","100세 이상","2024 년","5","5","-",
"상일1동","100세 이상","2025 년","7","7","-",
"상일2동","합계","2024 년","13592","13535","57",
"상일2동","합계","2025 년","13361","13310","51",
"상일2동","0~4세","2024 년","606","605","1",
"상일2동","0~4세","2025 년","491","490","1",
"상일2동","5~9세","2024 년","659","657","2",
"상일2동","5~9세","2025 년","678","676","2",
"상일2동","10~14세","2024 년","796","796","-",
"상일2동","10~14세","2025 년","707","707","-",
"상일2동","15~19세","2024 년","871","871","-",
"상일2동","15~19세","2025 년","955","955","-",
"상일2동","20~24세","2024 년","787","785","2",
"상일2동","20~24세","2025 년","719","718","1",
"상일2동","25~29세","2024 년","857","847","10",
"상일2동","25~29세","2025 년","817","810","7",
"상일2동","30~34세","2024 년","909","903","6",
"상일2동","30~34세","2025 년","866","856","10",
"상일2동","35~39세","2024 년","969","962","7",
"상일2동","35~39세","2025 년","947","940","7",
"상일2동","40~44세","2024 년","1117","1107","10",
"상일2동","40~44세","2025 년","1038","1035","3",
"상일2동","45~49세","2024 년","1051","1047","4",
"상일2동","45~49세","2025 년","1097","1092","5",
"상일2동","50~54세","2024 년","1082","1078","4",
"상일2동","50~54세","2025 년","1015","1008","7",
"상일2동","55~59세","2024 년","976","972","4",
"상일2동","55~59세","2025 년","1017","1015","2",
"상일2동","60~64세","2024 년","759","754","5",
"상일2동","60~64세","2025 년","763","759","4",
"상일2동","65~69세","2024 년","682","682","-",
"상일2동","65~69세","2025 년","686","686","-",
"상일2동","70~74세","2024 년","553","551","2",
"상일2동","70~74세","2025 년","613","611","2",
"상일2동","75~79세","2024 년","400","400","-",
"상일2동","75~79세","2025 년","432","432","-",
"상일2동","80~84세","2024 년","285","285","-",
"상일2동","80~84세","2025 년","283","283","-",
"상일2동","85~89세","2024 년","152","152","-",
"상일2동","85~89세","2025 년","144","144","-",
"상일2동","90~94세","2024 년","55","55","-",
"상일2동","90~94세","2025 년","68","68","-",
"상일2동","95~99세","2024 년","22","22","-",
"상일2동","95~99세","2025 년","21","21","-",
"상일2동","100세 이상","2024 년","4","4","-",
"상일2동","100세 이상","2025 년","4","4","-",
"명일1동","합계","2024 년","24935","24830","105",
"명일1동","합계","2025 년","24743","24637","106",
"명일1동","0~4세","2024 년","887","885","2",
"명일1동","0~4세","2025 년","863","861","2",
"명일1동","5~9세","2024 년","1021","1016","5",
"명일1동","5~9세","2025 년","1039","1034","5",
"명일1동","10~14세","2024 년","1124","1124","-",
"명일1동","10~14세","2025 년","1140","1140","-",
"명일1동","15~19세","2024 년","1162","1161","1",
"명일1동","15~19세","2025 년","1106","1105","1",
"명일1동","20~24세","2024 년","1212","1209","3",
"명일1동","20~24세","2025 년","1066","1059","7",
"명일1동","25~29세","2024 년","1380","1357","23",
"명일1동","25~29세","2025 년","1339","1323","16",
"명일1동","30~34세","2024 년","1726","1712","14",
"명일1동","30~34세","2025 년","1747","1734","13",
"명일1동","35~39세","2024 년","1896","1881","15",
"명일1동","35~39세","2025 년","1898","1883","15",
"명일1동","40~44세","2024 년","2205","2192","13",
"명일1동","40~44세","2025 년","2191","2180","11",
"명일1동","45~49세","2024 년","1901","1893","8",
"명일1동","45~49세","2025 년","1926","1915","11",
"명일1동","50~54세","2024 년","2097","2088","9",
"명일1동","50~54세","2025 년","1998","1987","11",
"명일1동","55~59세","2024 년","1764","1760","4",
"명일1동","55~59세","2025 년","1747","1745","2",
"명일1동","60~64세","2024 년","1785","1783","2",
"명일1동","60~64세","2025 년","1707","1703","4",
"명일1동","65~69세","2024 년","1893","1891","2",
"명일1동","65~69세","2025 년","1844","1842","2",
"명일1동","70~74세","2024 년","1240","1239","1",
"명일1동","70~74세","2025 년","1395","1392","3",
"명일1동","75~79세","2024 년","848","846","2",
"명일1동","75~79세","2025 년","880","878","2",
"명일1동","80~84세","2024 년","463","463","-",
"명일1동","80~84세","2025 년","497","497","-",
"명일1동","85~89세","2024 년","221","221","-",
"명일1동","85~89세","2025 년","227","227","-",
"명일1동","90~94세","2024 년","76","76","-",
"명일1동","90~94세","2025 년","101","101","-",
"명일1동","95~99세","2024 년","27","27","-",
"명일1동","95~99세","2025 년","29","29","-",
"명일1동","100세 이상","2024 년","7","6","1",
"명일1동","100세 이상","2025 년","3","2","1",
"명일2동","합계","2024 년","16911","16843","68",
"명일2동","합계","2025 년","16971","16868","103",
"명일2동","0~4세","2024 년","278","277","1",
"명일2동","0~4세","2025 년","260","258","2",
"명일2동","5~9세","2024 년","632","631","1",
"명일2동","5~9세","2025 년","594","593","1",
"명일2동","10~14세","2024 년","1219","1219","-",
"명일2동","10~14세","2025 년","1280","1279","1",
"명일2동","15~19세","2024 년","1125","1125","-",
"명일2동","15~19세","2025 년","1195","1195","-",
"명일2동","20~24세","2024 년","972","970","2",
"명일2동","20~24세","2025 년","936","930","6",
"명일2동","25~29세","2024 년","1029","1014","15",
"명일2동","25~29세","2025 년","1036","1002","34",
"명일2동","30~34세","2024 년","964","948","16",
"명일2동","30~34세","2025 년","911","887","24",
"명일2동","35~39세","2024 년","869","862","7",
"명일2동","35~39세","2025 년","833","826","7",
"명일2동","40~44세","2024 년","1393","1384","9",
"명일2동","40~44세","2025 년","1369","1355","14",
"명일2동","45~49세","2024 년","1523","1518","5",
"명일2동","45~49세","2025 년","1634","1628","6",
"명일2동","50~54세","2024 년","1514","1510","4",
"명일2동","50~54세","2025 년","1496","1493","3",
"명일2동","55~59세","2024 년","1138","1137","1",
"명일2동","55~59세","2025 년","1125","1124","1",
"명일2동","60~64세","2024 년","1179","1177","2",
"명일2동","60~64세","2025 년","1097","1096","1",
"명일2동","65~69세","2024 년","1268","1265","3",
"명일2동","65~69세","2025 년","1229","1227","2",
"명일2동","70~74세","2024 년","861","861","-",
"명일2동","70~74세","2025 년","958","957","1",
"명일2동","75~79세","2024 년","511","511","-",
"명일2동","75~79세","2025 년","554","554","-",
"명일2동","80~84세","2024 년","227","226","1",
"명일2동","80~84세","2025 년","240","240","-",
"명일2동","85~89세","2024 년","123","123","-",
"명일2동","85~89세","2025 년","133","133","-",
"명일2동","90~94세","2024 년","61","60","1",
"명일2동","90~94세","2025 년","67","67","-",
"명일2동","95~99세","2024 년","22","22","-",
"명일2동","95~99세","2025 년","19","19","-",
"명일2동","100세 이상","2024 년","3","3","-",
"명일2동","100세 이상","2025 년","5","5","-",
"고덕1동","합계","2024 년","23896","23818","78",
"고덕1동","합계","2025 년","23764","23684","80",
"고덕1동","0~4세","2024 년","506","503","3",
"고덕1동","0~4세","2025 년","496","494","2",
"고덕1동","5~9세","2024 년","1442","1440","2",
"고덕1동","5~9세","2025 년","1352","1349","3",
"고덕1동","10~14세","2024 년","2361","2358","3",
"고덕1동","10~14세","2025 년","2401","2398","3",
"고덕1동","15~19세","2024 년","1726","1725","1",
"고덕1동","15~19세","2025 년","1793","1793","-",
"고덕1동","20~24세","2024 년","992","988","4",
"고덕1동","20~24세","2025 년","941","938","3",
"고덕1동","25~29세","2024 년","926","918","8",
"고덕1동","25~29세","2025 년","873","867","6",
"고덕1동","30~34세","2024 년","950","932","18",
"고덕1동","30~34세","2025 년","934","921","13",
"고덕1동","35~39세","2024 년","1367","1357","10",
"고덕1동","35~39세","2025 년","1241","1227","14",
"고덕1동","40~44세","2024 년","2580","2565","15",
"고덕1동","40~44세","2025 년","2552","2536","16",
"고덕1동","45~49세","2024 년","2704","2701","3",
"고덕1동","45~49세","2025 년","2785","2779","6",
"고덕1동","50~54세","2024 년","2072","2065","7",
"고덕1동","50~54세","2025 년","2093","2086","7",
"고덕1동","55~59세","2024 년","1398","1395","3",
"고덕1동","55~59세","2025 년","1407","1402","5",
"고덕1동","60~64세","2024 년","1465","1465","-",
"고덕1동","60~64세","2025 년","1370","1369","1",
"고덕1동","65~69세","2024 년","1407","1407","-",
"고덕1동","65~69세","2025 년","1388","1388","-",
"고덕1동","70~74세","2024 년","877","877","-",
"고덕1동","70~74세","2025 년","968","968","-",
"고덕1동","75~79세","2024 년","522","521","1",
"고덕1동","75~79세","2025 년","574","573","1",
"고덕1동","80~84세","2024 년","316","316","-",
"고덕1동","80~84세","2025 년","300","300","-",
"고덕1동","85~89세","2024 년","166","166","-",
"고덕1동","85~89세","2025 년","169","169","-",
"고덕1동","90~94세","2024 년","89","89","-",
"고덕1동","90~94세","2025 년","90","90","-",
"고덕1동","95~99세","2024 년","28","28","-",
"고덕1동","95~99세","2025 년","34","34","-",
"고덕1동","100세 이상","2024 년","2","2","-",
"고덕1동","100세 이상","2025 년","3","3","-",
"고덕2동","합계","2024 년","25572","25325","247",
"고덕2동","합계","2025 년","26459","26256","203",
"고덕2동","0~4세","2024 년","1036","1019","17",
"고덕2동","0~4세","2025 년","1055","1051","4",
"고덕2동","5~9세","2024 년","1614","1601","13",
"고덕2동","5~9세","2025 년","1521","1517","4",
"고덕2동","10~14세","2024 년","1645","1635","10",
"고덕2동","10~14세","2025 년","1709","1707","2",
"고덕2동","15~19세","2024 년","1232","1227","5",
"고덕2동","15~19세","2025 년","1367","1365","2",
"고덕2동","20~24세","2024 년","1004","994","10",
"고덕2동","20~24세","2025 년","966","953","13",
"고덕2동","25~29세","2024 년","1318","1287","31",
"고덕2동","25~29세","2025 년","1367","1344","23",
"고덕2동","30~34세","2024 년","1660","1618","42",
"고덕2동","30~34세","2025 년","1893","1855","38",
"고덕2동","35~39세","2024 년","2197","2153","44",
"고덕2동","35~39세","2025 년","2214","2174","40",
"고덕2동","40~44세","2024 년","2804","2778","26",
"고덕2동","40~44세","2025 년","2754","2724","30",
"고덕2동","45~49세","2024 년","2187","2172","15",
"고덕2동","45~49세","2025 년","2452","2438","14",
"고덕2동","50~54세","2024 년","1972","1962","10",
"고덕2동","50~54세","2025 년","1953","1941","12",
"고덕2동","55~59세","2024 년","1632","1623","9",
"고덕2동","55~59세","2025 년","1671","1663","8",
"고덕2동","60~64세","2024 년","1615","1607","8",
"고덕2동","60~64세","2025 년","1536","1528","8",
"고덕2동","65~69세","2024 년","1482","1477","5",
"고덕2동","65~69세","2025 년","1514","1509","5",
"고덕2동","70~74세","2024 년","975","974","1",
"고덕2동","70~74세","2025 년","1124","1124","-",
"고덕2동","75~79세","2024 년","612","611","1",
"고덕2동","75~79세","2025 년","714","714","-",
"고덕2동","80~84세","2024 년","334","334","-",
"고덕2동","80~84세","2025 년","363","363","-",
"고덕2동","85~89세","2024 년","166","166","-",
"고덕2동","85~89세","2025 년","179","179","-",
"고덕2동","90~94세","2024 년","69","69","-",
"고덕2동","90~94세","2025 년","85","85","-",
"고덕2동","95~99세","2024 년","17","17","-",
"고덕2동","95~99세","2025 년","21","21","-",
"고덕2동","100세 이상","2024 년","1","1","-",
"고덕2동","100세 이상","2025 년","1","1","-",
"암사1동","합계","2024 년","33515","33194","321",
"암사1동","합계","2025 년","32998","32675","323",
"암사1동","0~4세","2024 년","664","652","12",
"암사1동","0~4세","2025 년","643","629","14",
"암사1동","5~9세","2024 년","919","913","6",
"암사1동","5~9세","2025 년","821","814","7",
"암사1동","10~14세","2024 년","1076","1070","6",
"암사1동","10~14세","2025 년","1090","1085","5",
"암사1동","15~19세","2024 년","1197","1191","6",
"암사1동","15~19세","2025 년","1177","1172","5",
"암사1동","20~24세","2024 년","1614","1590","24",
"암사1동","20~24세","2025 년","1429","1405","24",
"암사1동","25~29세","2024 년","2495","2457","38",
"암사1동","25~29세","2025 년","2391","2352","39",
"암사1동","30~34세","2024 년","2669","2628","41",
"암사1동","30~34세","2025 년","2655","2621","34",
"암사1동","35~39세","2024 년","2225","2196","29",
"암사1동","35~39세","2025 년","2193","2154","39",
"암사1동","40~44세","2024 년","2546","2518","28",
"암사1동","40~44세","2025 년","2317","2289","28",
"암사1동","45~49세","2024 년","2391","2363","28",
"암사1동","45~49세","2025 년","2488","2469","19",
"암사1동","50~54세","2024 년","2857","2820","37",
"암사1동","50~54세","2025 년","2712","2672","40",
"암사1동","55~59세","2024 년","2896","2870","26",
"암사1동","55~59세","2025 년","2870","2844","26",
"암사1동","60~64세","2024 년","2840","2820","20",
"암사1동","60~64세","2025 년","2735","2716","19",
"암사1동","65~69세","2024 년","2614","2602","12",
"암사1동","65~69세","2025 년","2681","2665","16",
"암사1동","70~74세","2024 년","1784","1778","6",
"암사1동","70~74세","2025 년","1903","1897","6",
"암사1동","75~79세","2024 년","1324","1322","2",
"암사1동","75~79세","2025 년","1394","1393","1",
"암사1동","80~84세","2024 년","821","821","-",
"암사1동","80~84세","2025 년","904","903","1",
"암사1동","85~89세","2024 년","398","398","-",
"암사1동","85~89세","2025 년","401","401","-",
"암사1동","90~94세","2024 년","147","147","-",
"암사1동","90~94세","2025 년","154","154","-",
"암사1동","95~99세","2024 년","35","35","-",
"암사1동","95~99세","2025 년","37","37","-",
"암사1동","100세 이상","2024 년","3","3","-",
"암사1동","100세 이상","2025 년","3","3","-",
"암사2동","합계","2024 년","14645","14572","73",
"암사2동","합계","2025 년","14613","14539","74",
"암사2동","0~4세","2024 년","535","535","-",
"암사2동","0~4세","2025 년","538","537","1",
"암사2동","5~9세","2024 년","514","511","3",
"암사2동","5~9세","2025 년","462","460","2",
"암사2동","10~14세","2024 년","492","490","2",
"암사2동","10~14세","2025 년","461","459","2",
"암사2동","15~19세","2024 년","463","461","2",
"암사2동","15~19세","2025 년","462","461","1",
"암사2동","20~24세","2024 년","637","631","6",
"암사2동","20~24세","2025 년","594","590","4",
"암사2동","25~29세","2024 년","1011","1003","8",
"암사2동","25~29세","2025 년","1042","1026","16",
"암사2동","30~34세","2024 년","1357","1342","15",
"암사2동","30~34세","2025 년","1422","1408","14",
"암사2동","35~39세","2024 년","1332","1319","13",
"암사2동","35~39세","2025 년","1331","1318","13",
"암사2동","40~44세","2024 년","1248","1242","6",
"암사2동","40~44세","2025 년","1159","1152","7",
"암사2동","45~49세","2024 년","1010","1004","6",
"암사2동","45~49세","2025 년","990","985","5",
"암사2동","50~54세","2024 년","1148","1141","7",
"암사2동","50~54세","2025 년","1137","1133","4",
"암사2동","55~59세","2024 년","1049","1048","1",
"암사2동","55~59세","2025 년","1102","1100","2",
"암사2동","60~64세","2024 년","1087","1086","1",
"암사2동","60~64세","2025 년","1005","1004","1",
"암사2동","65~69세","2024 년","970","968","2",
"암사2동","65~69세","2025 년","1015","1014","1",
"암사2동","70~74세","2024 년","669","669","-",
"암사2동","70~74세","2025 년","729","729","-",
"암사2동","75~79세","2024 년","534","533","1",
"암사2동","75~79세","2025 년","532","531","1",
"암사2동","80~84세","2024 년","368","368","-",
"암사2동","80~84세","2025 년","398","398","-",
"암사2동","85~89세","2024 년","156","156","-",
"암사2동","85~89세","2025 년","157","157","-",
"암사2동","90~94세","2024 년","54","54","-",
"암사2동","90~94세","2025 년","62","62","-",
"암사2동","95~99세","2024 년","9","9","-",
"암사2동","95~99세","2025 년","14","14","-",
"암사2동","100세 이상","2024 년","2","2","-",
"암사2동","100세 이상","2025 년","1","1","-",
"암사3동","합계","2024 년","17127","17087","40",
"암사3동","합계","2025 년","16867","16830","37",
"암사3동","0~4세","2024 년","478","478","-",
"암사3동","0~4세","2025 년","470","470","-",
"암사3동","5~9세","2024 년","945","945","-",
"암사3동","5~9세","2025 년","860","860","-",
"암사3동","10~14세","2024 년","1106","1106","-",
"암사3동","10~14세","2025 년","1042","1042","-",
"암사3동","15~19세","2024 년","880","880","-",
"암사3동","15~19세","2025 년","903","903","-",
"암사3동","20~24세","2024 년","802","801","1",
"암사3동","20~24세","2025 년","730","728","2",
"암사3동","25~29세","2024 년","887","885","2",
"암사3동","25~29세","2025 년","865","862","3",
"암사3동","30~34세","2024 년","871","866","5",
"암사3동","30~34세","2025 년","910","906","4",
"암사3동","35~39세","2024 년","1172","1165","7",
"암사3동","35~39세","2025 년","1086","1082","4",
"암사3동","40~44세","2024 년","1572","1565","7",
"암사3동","40~44세","2025 년","1549","1543","6",
"암사3동","45~49세","2024 년","1489","1484","5",
"암사3동","45~49세","2025 년","1459","1453","6",
"암사3동","50~54세","2024 년","1362","1356","6",
"암사3동","50~54세","2025 년","1347","1341","6",
"암사3동","55~59세","2024 년","1255","1251","4",
"암사3동","55~59세","2025 년","1294","1292","2",
"암사3동","60~64세","2024 년","1185","1184","1",
"암사3동","60~64세","2025 년","1110","1110","-",
"암사3동","65~69세","2024 년","1175","1174","1",
"암사3동","65~69세","2025 년","1146","1145","1",
"암사3동","70~74세","2024 년","874","873","1",
"암사3동","70~74세","2025 년","952","950","2",
"암사3동","75~79세","2024 년","518","518","-",
"암사3동","75~79세","2025 년","557","556","1",
"암사3동","80~84세","2024 년","332","332","-",
"암사3동","80~84세","2025 년","349","349","-",
"암사3동","85~89세","2024 년","151","151","-",
"암사3동","85~89세","2025 년","161","161","-",
"암사3동","90~94세","2024 년","47","47","-",
"암사3동","90~94세","2025 년","51","51","-",
"암사3동","95~99세","2024 년","17","17","-",
"암사3동","95~99세","2025 년","20","20","-",
"암사3동","100세 이상","2024 년","9","9","-",
"암사3동","100세 이상","2025 년","6","6","-",
"천호1동","합계","2024 년","25849","25555","294",
"천호1동","합계","2025 년","25329","25025","304",
"천호1동","0~4세","2024 년","481","474","7",
"천호1동","0~4세","2025 년","453","446","7",
"천호1동","5~9세","2024 년","517","509","8",
"천호1동","5~9세","2025 년","425","419","6",
"천호1동","10~14세","2024 년","729","724","5",
"천호1동","10~14세","2025 년","684","681","3",
"천호1동","15~19세","2024 년","754","747","7",
"천호1동","15~19세","2025 년","730","720","10",
"천호1동","20~24세","2024 년","1160","1147","13",
"천호1동","20~24세","2025 년","1020","1008","12",
"천호1동","25~29세","2024 년","1957","1926","31",
"천호1동","25~29세","2025 년","1878","1845","33",
"천호1동","30~34세","2024 년","2212","2177","35",
"천호1동","30~34세","2025 년","2201","2160","41",
"천호1동","35~39세","2024 년","1702","1661","41",
"천호1동","35~39세","2025 년","1729","1688","41",
"천호1동","40~44세","2024 년","1781","1751","30",
"천호1동","40~44세","2025 년","1682","1646","36",
"천호1동","45~49세","2024 년","1822","1799","23",
"천호1동","45~49세","2025 년","1776","1750","26",
"천호1동","50~54세","2024 년","2147","2115","32",
"천호1동","50~54세","2025 년","2035","2008","27",
"천호1동","55~59세","2024 년","2129","2096","33",
"천호1동","55~59세","2025 년","2083","2051","32",
"천호1동","60~64세","2024 년","2399","2383","16",
"천호1동","60~64세","2025 년","2213","2198","15",
"천호1동","65~69세","2024 년","2215","2208","7",
"천호1동","65~69세","2025 년","2304","2296","8",
"천호1동","70~74세","2024 년","1559","1555","4",
"천호1동","70~74세","2025 년","1663","1662","1",
"천호1동","75~79세","2024 년","1155","1154","1",
"천호1동","75~79세","2025 년","1229","1224","5",
"천호1동","80~84세","2024 년","701","700","1",
"천호1동","80~84세","2025 년","754","753","1",
"천호1동","85~89세","2024 년","306","306","-",
"천호1동","85~89세","2025 년","333","333","-",
"천호1동","90~94세","2024 년","93","93","-",
"천호1동","90~94세","2025 년","99","99","-",
"천호1동","95~99세","2024 년","28","28","-",
"천호1동","95~99세","2025 년","37","37","-",
"천호1동","100세 이상","2024 년","2","2","-",
"천호1동","100세 이상","2025 년","1","1","-",
"천호2동","합계","2024 년","34952","34307","645",
"천호2동","합계","2025 년","35486","34829","657",
"천호2동","0~4세","2024 년","716","697","19",
"천호2동","0~4세","2025 년","765","749","16",
"천호2동","5~9세","2024 년","763","748","15",
"천호2동","5~9세","2025 년","695","681","14",
"천호2동","10~14세","2024 년","779","751","28",
"천호2동","10~14세","2025 년","778","757","21",
"천호2동","15~19세","2024 년","907","894","13",
"천호2동","15~19세","2025 년","948","924","24",
"천호2동","20~24세","2024 년","1522","1478","44",
"천호2동","20~24세","2025 년","1383","1337","46",
"천호2동","25~29세","2024 년","3325","3270","55",
"천호2동","25~29세","2025 년","3285","3226","59",
"천호2동","30~34세","2024 년","3899","3832","67",
"천호2동","30~34세","2025 년","4034","3962","72",
"천호2동","35~39세","2024 년","2733","2650","83",
"천호2동","35~39세","2025 년","2896","2827","69",
"천호2동","40~44세","2024 년","2710","2664","46",
"천호2동","40~44세","2025 년","2613","2554","59",
"천호2동","45~49세","2024 년","2315","2266","49",
"천호2동","45~49세","2025 년","2355","2309","46",
"천호2동","50~54세","2024 년","2648","2586","62",
"천호2동","50~54세","2025 년","2680","2617","63",
"천호2동","55~59세","2024 년","2822","2748","74",
"천호2동","55~59세","2025 년","2828","2755","73",
"천호2동","60~64세","2024 년","2933","2883","50",
"천호2동","60~64세","2025 년","2888","2845","43",
"천호2동","65~69세","2024 년","2477","2449","28",
"천호2동","65~69세","2025 년","2633","2596","37",
"천호2동","70~74세","2024 년","1720","1711","9",
"천호2동","70~74세","2025 년","1837","1826","11",
"천호2동","75~79세","2024 년","1315","1313","2",
"천호2동","75~79세","2025 년","1377","1374","3",
"천호2동","80~84세","2024 년","846","846","-",
"천호2동","80~84세","2025 년","892","892","-",
"천호2동","85~89세","2024 년","376","375","1",
"천호2동","85~89세","2025 년","429","428","1",
"천호2동","90~94세","2024 년","108","108","-",
"천호2동","90~94세","2025 년","136","136","-",
"천호2동","95~99세","2024 년","33","33","-",
"천호2동","95~99세","2025 년","30","30","-",
"천호2동","100세 이상","2024 년","5","5","-",
"천호2동","100세 이상","2025 년","4","4","-",
"천호3동","합계","2024 년","26746","26163","583",
"천호3동","합계","2025 년","26936","26294","642",
"천호3동","0~4세","2024 년","537","529","8",
"천호3동","0~4세","2025 년","542","521","21",
"천호3동","5~9세","2024 년","484","478","6",
"천호3동","5~9세","2025 년","407","398","9",
"천호3동","10~14세","2024 년","492","481","11",
"천호3동","10~14세","2025 년","501","490","11",
"천호3동","15~19세","2024 년","588","570","18",
"천호3동","15~19세","2025 년","613","589","24",
"천호3동","20~24세","2024 년","1373","1311","62",
"천호3동","20~24세","2025 년","1245","1150","95",
"천호3동","25~29세","2024 년","3140","3030","110",
"천호3동","25~29세","2025 년","3064","2966","98",
"천호3동","30~34세","2024 년","3194","3129","65",
"천호3동","30~34세","2025 년","3374","3292","82",
"천호3동","35~39세","2024 년","2124","2056","68",
"천호3동","35~39세","2025 년","2170","2102","68",
"천호3동","40~44세","2024 년","1928","1887","41",
"천호3동","40~44세","2025 년","1906","1851","55",
"천호3동","45~49세","2024 년","1614","1580","34",
"천호3동","45~49세","2025 년","1633","1608","25",
"천호3동","50~54세","2024 년","1950","1901","49",
"천호3동","50~54세","2025 년","1910","1863","47",
"천호3동","55~59세","2024 년","1900","1844","56",
"천호3동","55~59세","2025 년","1984","1932","52",
"천호3동","60~64세","2024 년","2148","2117","31",
"천호3동","60~64세","2025 년","1993","1966","27",
"천호3동","65~69세","2024 년","1979","1965","14",
"천호3동","65~69세","2025 년","2064","2048","16",
"천호3동","70~74세","2024 년","1263","1256","7",
"천호3동","70~74세","2025 년","1420","1412","8",
"천호3동","75~79세","2024 년","986","984","2",
"천호3동","75~79세","2025 년","1011","1008","3",
"천호3동","80~84세","2024 년","631","630","1",
"천호3동","80~84세","2025 년","652","651","1",
"천호3동","85~89세","2024 년","277","277","-",
"천호3동","85~89세","2025 년","299","299","-",
"천호3동","90~94세","2024 년","109","109","-",
"천호3동","90~94세","2025 년","116","116","-",
"천호3동","95~99세","2024 년","22","22","-",
"천호3동","95~99세","2025 년","26","26","-",
"천호3동","100세 이상","2024 년","7","7","-",
"천호3동","100세 이상","2025 년","6","6","-",
"성내1동","합계","2024 년","19242","19095","147",
"성내1동","합계","2025 년","19078","18917","161",
"성내1동","0~4세","2024 년","528","523","5",
"성내1동","0~4세","2025 년","524","522","2",
"성내1동","5~9세","2024 년","658","654","4",
"성내1동","5~9세","2025 년","564","559","5",
"성내1동","10~14세","2024 년","717","716","1",
"성내1동","10~14세","2025 년","728","725","3",
"성내1동","15~19세","2024 년","807","804","3",
"성내1동","15~19세","2025 년","751","749","2",
"성내1동","20~24세","2024 년","1003","991","12",
"성내1동","20~24세","2025 년","971","951","20",
"성내1동","25~29세","2024 년","1377","1364","13",
"성내1동","25~29세","2025 년","1375","1354","21",
"성내1동","30~34세","2024 년","1631","1601","30",
"성내1동","30~34세","2025 년","1656","1625","31",
"성내1동","35~39세","2024 년","1411","1392","19",
"성내1동","35~39세","2025 년","1430","1409","21",
"성내1동","40~44세","2024 년","1598","1582","16",
"성내1동","40~44세","2025 년","1479","1466","13",
"성내1동","45~49세","2024 년","1546","1533","13",
"성내1동","45~49세","2025 년","1492","1479","13",
"성내1동","50~54세","2024 년","1581","1566","15",
"성내1동","50~54세","2025 년","1542","1528","14",
"성내1동","55~59세","2024 년","1393","1382","11",
"성내1동","55~59세","2025 년","1453","1446","7",
"성내1동","60~64세","2024 년","1473","1470","3",
"성내1동","60~64세","2025 년","1381","1374","7",
"성내1동","65~69세","2024 년","1257","1256","1",
"성내1동","65~69세","2025 년","1335","1334","1",
"성내1동","70~74세","2024 년","918","917","1",
"성내1동","70~74세","2025 년","978","977","1",
"성내1동","75~79세","2024 년","705","705","-",
"성내1동","75~79세","2025 년","750","750","-",
"성내1동","80~84세","2024 년","372","372","-",
"성내1동","80~84세","2025 년","392","392","-",
"성내1동","85~89세","2024 년","182","182","-",
"성내1동","85~89세","2025 년","186","186","-",
"성내1동","90~94세","2024 년","64","64","-",
"성내1동","90~94세","2025 년","72","72","-",
"성내1동","95~99세","2024 년","18","18","-",
"성내1동","95~99세","2025 년","15","15","-",
"성내1동","100세 이상","2024 년","3","3","-",
"성내1동","100세 이상","2025 년","4","4","-",
"성내2동","합계","2024 년","24435","23833","602",
"성내2동","합계","2025 년","24903","24236","667",
"성내2동","0~4세","2024 년","420","410","10",
"성내2동","0~4세","2025 년","432","422","10",
"성내2동","5~9세","2024 년","425","404","21",
"성내2동","5~9세","2025 년","395","379","16",
"성내2동","10~14세","2024 년","512","498","14",
"성내2동","10~14세","2025 년","504","487","17",
"성내2동","15~19세","2024 년","544","523","21",
"성내2동","15~19세","2025 년","592","567","25",
"성내2동","20~24세","2024 년","1261","1180","81",
"성내2동","20~24세","2025 년","1147","1049","98",
"성내2동","25~29세","2024 년","2776","2714","62",
"성내2동","25~29세","2025 년","2751","2656","95",
"성내2동","30~34세","2024 년","2885","2834","51",
"성내2동","30~34세","2025 년","3091","3031","60",
"성내2동","35~39세","2024 년","1858","1813","45",
"성내2동","35~39세","2025 년","1984","1937","47",
"성내2동","40~44세","2024 년","1728","1673","55",
"성내2동","40~44세","2025 년","1686","1637","49",
"성내2동","45~49세","2024 년","1475","1435","40",
"성내2동","45~49세","2025 년","1573","1523","50",
"성내2동","50~54세","2024 년","1769","1707","62",
"성내2동","50~54세","2025 년","1724","1667","57",
"성내2동","55~59세","2024 년","1788","1715","73",
"성내2동","55~59세","2025 년","1797","1729","68",
"성내2동","60~64세","2024 년","1976","1938","38",
"성내2동","60~64세","2025 년","1927","1886","41",
"성내2동","65~69세","2024 년","1793","1774","19",
"성내2동","65~69세","2025 년","1848","1824","24",
"성내2동","70~74세","2024 년","1247","1240","7",
"성내2동","70~74세","2025 년","1384","1379","5",
"성내2동","75~79세","2024 년","971","968","3",
"성내2동","75~79세","2025 년","994","990","4",
"성내2동","80~84세","2024 년","592","592","-",
"성내2동","80~84세","2025 년","623","623","-",
"성내2동","85~89세","2024 년","304","304","-",
"성내2동","85~89세","2025 년","329","329","-",
"성내2동","90~94세","2024 년","84","84","-",
"성내2동","90~94세","2025 년","96","95","1",
"성내2동","95~99세","2024 년","25","25","-",
"성내2동","95~99세","2025 년","24","24","-",
"성내2동","100세 이상","2024 년","2","2","-",
"성내2동","100세 이상","2025 년","2","2","-",
"성내3동","합계","2024 년","22157","21777","380",
"성내3동","합계","2025 년","21921","21539","382",
"성내3동","0~4세","2024 년","381","372","9",
"성내3동","0~4세","2025 년","382","372","10",
"성내3동","5~9세","2024 년","522","512","10",
"성내3동","5~9세","2025 년","468","457","11",
"성내3동","10~14세","2024 년","609","596","13",
"성내3동","10~14세","2025 년","598","587","11",
"성내3동","15~19세","2024 년","810","791","19",
"성내3동","15~19세","2025 년","775","759","16",
"성내3동","20~24세","2024 년","1285","1248","37",
"성내3동","20~24세","2025 년","1157","1105","52",
"성내3동","25~29세","2024 년","1852","1782","70",
"성내3동","25~29세","2025 년","1838","1780","58",
"성내3동","30~34세","2024 년","1929","1884","45",
"성내3동","30~34세","2025 년","1985","1922","63",
"성내3동","35~39세","2024 년","1464","1412","52",
"성내3동","35~39세","2025 년","1499","1451","48",
"성내3동","40~44세","2024 년","1603","1575","28",
"성내3동","40~44세","2025 년","1516","1483","33",
"성내3동","45~49세","2024 년","1640","1617","23",
"성내3동","45~49세","2025 년","1613","1593","20",
"성내3동","50~54세","2024 년","1859","1841","18",
"성내3동","50~54세","2025 년","1758","1740","18",
"성내3동","55~59세","2024 년","1849","1824","25",
"성내3동","55~59세","2025 년","1864","1846","18",
"성내3동","60~64세","2024 년","1863","1845","18",
"성내3동","60~64세","2025 년","1758","1745","13",
"성내3동","65~69세","2024 년","1643","1635","8",
"성내3동","65~69세","2025 년","1655","1646","9",
"성내3동","70~74세","2024 년","1111","1107","4",
"성내3동","70~74세","2025 년","1220","1218","2",
"성내3동","75~79세","2024 년","874","873","1",
"성내3동","75~79세","2025 년","888","888","-",
"성내3동","80~84세","2024 년","536","536","-",
"성내3동","80~84세","2025 년","571","571","-",
"성내3동","85~89세","2024 년","235","235","-",
"성내3동","85~89세","2025 년","275","275","-",
"성내3동","90~94세","2024 년","72","72","-",
"성내3동","90~94세","2025 년","77","77","-",
"성내3동","95~99세","2024 년","16","16","-",
"성내3동","95~99세","2025 년","22","22","-",
"성내3동","100세 이상","2024 년","4","4","-",
"성내3동","100세 이상","2025 년","2","2","-",
"길동","합계","2024 년","47949","47553","396",
"길동","합계","2025 년","48655","48199","456",
"길동","0~4세","2024 년","1058","1051","7",
"길동","0~4세","2025 년","1116","1108","8",
"길동","5~9세","2024 년","1153","1145","8",
"길동","5~9세","2025 년","1024","1019","5",
"길동","10~14세","2024 년","1337","1327","10",
"길동","10~14세","2025 년","1276","1266","10",
"길동","15~19세","2024 년","1431","1426","5",
"길동","15~19세","2025 년","1489","1478","11",
"길동","20~24세","2024 년","2348","2316","32",
"길동","20~24세","2025 년","2187","2148","39",
"길동","25~29세","2024 년","4119","4054","65",
"길동","25~29세","2025 년","4369","4300","69",
"길동","30~34세","2024 년","4516","4462","54",
"길동","30~34세","2025 년","4871","4805","66",
"길동","35~39세","2024 년","3626","3577","49",
"길동","35~39세","2025 년","3706","3649","57",
"길동","40~44세","2024 년","3675","3648","27",
"길동","40~44세","2025 년","3521","3484","37",
"길동","45~49세","2024 년","3204","3166","38",
"길동","45~49세","2025 년","3376","3330","46",
"길동","50~54세","2024 년","3768","3725","43",
"길동","50~54세","2025 년","3675","3634","41",
"길동","55~59세","2024 년","3821","3796","25",
"길동","55~59세","2025 년","3829","3795","34",
"길동","60~64세","2024 년","4019","3997","22",
"길동","60~64세","2025 년","3809","3790","19",
"길동","65~69세","2024 년","3803","3795","8",
"길동","65~69세","2025 년","3911","3902","9",
"길동","70~74세","2024 년","2518","2516","2",
"길동","70~74세","2025 년","2738","2735","3",
"길동","75~79세","2024 년","1777","1777","-",
"길동","75~79세","2025 년","1880","1879","1",
"길동","80~84세","2024 년","1062","1061","1",
"길동","80~84세","2025 년","1108","1107","1",
"길동","85~89세","2024 년","476","476","-",
"길동","85~89세","2025 년","507","507","-",
"길동","90~94세","2024 년","178","178","-",
"길동","90~94세","2025 년","198","198","-",
"길동","95~99세","2024 년","49","49","-",
"길동","95~99세","2025 년","58","58","-",
"길동","100세 이상","2024 년","11","11","-",
"길동","100세 이상","2025 년","7","7","-",
"둔촌1동","합계","2024 년","10945","10917","28",
"둔촌1동","합계","2025 년","32883","32743","140",
"둔촌1동","0~4세","2024 년","522","522","-",
"둔촌1동","0~4세","2025 년","1662","1657","5",
"둔촌1동","5~9세","2024 년","465","465","-",
"둔촌1동","5~9세","2025 년","1795","1785","10",
"둔촌1동","10~14세","2024 년","511","511","-",
"둔촌1동","10~14세","2025 년","1946","1940","6",
"둔촌1동","15~19세","2024 년","457","457","-",
"둔촌1동","15~19세","2025 년","1293","1292","1",
"둔촌1동","20~24세","2024 년","445","445","-",
"둔촌1동","20~24세","2025 년","1169","1168","1",
"둔촌1동","25~29세","2024 년","617","615","2",
"둔촌1동","25~29세","2025 년","1490","1484","6",
"둔촌1동","30~34세","2024 년","1170","1161","9",
"둔촌1동","30~34세","2025 년","2765","2743","22",
"둔촌1동","35~39세","2024 년","1110","1105","5",
"둔촌1동","35~39세","2025 년","3073","3043","30",
"둔촌1동","40~44세","2024 년","1030","1028","2",
"둔촌1동","40~44세","2025 년","3575","3551","24",
"둔촌1동","45~49세","2024 년","795","792","3",
"둔촌1동","45~49세","2025 년","2868","2856","12",
"둔촌1동","50~54세","2024 년","723","723","-",
"둔촌1동","50~54세","2025 년","2154","2152","2",
"둔촌1동","55~59세","2024 년","767","764","3",
"둔촌1동","55~59세","2025 년","2166","2158","8",
"둔촌1동","60~64세","2024 년","768","767","1",
"둔촌1동","60~64세","2025 년","2120","2112","8",
"둔촌1동","65~69세","2024 년","742","739","3",
"둔촌1동","65~69세","2025 년","2084","2082","2",
"둔촌1동","70~74세","2024 년","445","445","-",
"둔촌1동","70~74세","2025 년","1492","1489","3",
"둔촌1동","75~79세","2024 년","229","229","-",
"둔촌1동","75~79세","2025 년","744","744","-",
"둔촌1동","80~84세","2024 년","89","89","-",
"둔촌1동","80~84세","2025 년","278","278","-",
"둔촌1동","85~89세","2024 년","36","36","-",
"둔촌1동","85~89세","2025 년","120","120","-",
"둔촌1동","90~94세","2024 년","16","16","-",
"둔촌1동","90~94세","2025 년","66","66","-",
"둔촌1동","95~99세","2024 년","6","6","-",
"둔촌1동","95~99세","2025 년","19","19","-",
"둔촌1동","100세 이상","2024 년","2","2","-",
"둔촌1동","100세 이상","2025 년","4","4","-",
"둔촌2동","합계","2024 년","24830","24694","136",
"둔촌2동","합계","2025 년","25332","25192","140",
"둔촌2동","0~4세","2024 년","735","735","-",
"둔촌2동","0~4세","2025 년","798","797","1",
"둔촌2동","5~9세","2024 년","789","788","1",
"둔촌2동","5~9세","2025 년","732","732","-",
"둔촌2동","10~14세","2024 년","893","893","-",
"둔촌2동","10~14세","2025 년","954","953","1",
"둔촌2동","15~19세","2024 년","920","919","1",
"둔촌2동","15~19세","2025 년","922","921","1",
"둔촌2동","20~24세","2024 년","1253","1251","2",
"둔촌2동","20~24세","2025 년","1146","1142","4",
"둔촌2동","25~29세","2024 년","1744","1727","17",
"둔촌2동","25~29세","2025 년","1772","1749","23",
"둔촌2동","30~34세","2024 년","2075","2049","26",
"둔촌2동","30~34세","2025 년","2167","2151","16",
"둔촌2동","35~39세","2024 년","1882","1868","14",
"둔촌2동","35~39세","2025 년","1963","1943","20",
"둔촌2동","40~44세","2024 년","1925","1907","18",
"둔촌2동","40~44세","2025 년","1928","1911","17",
"둔촌2동","45~49세","2024 년","1678","1666","12",
"둔촌2동","45~49세","2025 년","1792","1777","15",
"둔촌2동","50~54세","2024 년","1951","1940","11",
"둔촌2동","50~54세","2025 년","1878","1872","6",
"둔촌2동","55~59세","2024 년","1954","1939","15",
"둔촌2동","55~59세","2025 년","2042","2028","14",
"둔촌2동","60~64세","2024 년","2092","2083","9",
"둔촌2동","60~64세","2025 년","1978","1967","11",
"둔촌2동","65~69세","2024 년","1906","1898","8",
"둔촌2동","65~69세","2025 년","1948","1943","5",
"둔촌2동","70~74세","2024 년","1285","1284","1",
"둔촌2동","70~74세","2025 년","1462","1457","5",
"둔촌2동","75~79세","2024 년","836","836","-",
"둔촌2동","75~79세","2025 년","900","900","-",
"둔촌2동","80~84세","2024 년","517","516","1",
"둔촌2동","80~84세","2025 년","533","532","1",
"둔촌2동","85~89세","2024 년","259","259","-",
"둔촌2동","85~89세","2025 년","271","271","-",
"둔촌2동","90~94세","2024 년","104","104","-",
"둔촌2동","90~94세","2025 년","118","118","-",
"둔촌2동","95~99세","2024 년","28","28","-",
"둔촌2동","95~99세","2025 년","27","27","-",
"둔촌2동","100세 이상","2024 년","4","4","-",
"둔촌2동","100세 이상","2025 년","1","1","-