2024,다사00,in_age_003,0
2024,다사00,in_age_004,0
2024,다사00,in_age_005,5
2024,다사00,in_age_006,0
2024,다사00,in_age_007,6
2024,다사00,in_age_008,5
2024,다사00,in_age_009,0
2024,다사00,in_age_010,5
2024,다사00,in_age_011,5
2024,다사00,in_age_012,5
2024,다사00,in_age_013,13
2024,다사00,in_age_014,8
2024,다사00,in_age_015,8
2024,다사00,in_age_016,13
2024,다사00,in_age_017,8
2024,다사00,in_age_018,8
2024,다사00,in_age_034,0
2024,다사00,in_age_035,5
2024,다사00,in_age_036,0
2024,다사00,in_age_037,6
2024,다사00,in_age_038,5
2024,다사00,in_age_039,0
2024,다사00,in_age_040,5
2024,다사00,in_age_041,5
2024,다사00,in_age_042,5
2024,다사00,in_age_043,8
2024,다사00,in_age_044,5
2024,다사00,in_age_045,5
2024,다사00,in_age_046,5
2024,다사00,in_age_047,8
2024,다사00,in_age_048,5
2024,다사00,in_age_063,0
2024,다사00,in_age_068,0
2024,다사00,in_age_070,0
2024,다사00,in_age_071,5
2024,다사00,in_age_072,0
2024,다사00,in_age_073,8
2024,다사00,in_age_074,5
2024,다사00,in_age_075,8
2024,다사00,in_age_076,8
2024,다사00,in_age_077,5
2024,다사00,in_age_078,8
2024,다사00,to_in_001,89
2024,다사00,to_in_007,49
2024,다사00,to_in_008,38
2024,다사01,in_age_001,28
2024,다사01,in_age_002,48
2024,다사01,in_age_003,73
2024,다사01,in_age_004,63
2024,다사01,in_age_005,78
2024,다사01,in_age_006,135
2024,다사01,in_age_007,170
2024,다사01,in_age_008,133
2024,다사01,in_age_009,148
2024,다사01,in_age_010,205
2024,다사01,in_age_011,253
2024,다사01,in_age_012,353
2024,다사01,in_age_013,416
2024,다사01,in_age_014,348
2024,다사01,in_age_015,228
2024,다사01,in_age_016,163
2024,다사01,in_age_017,111
2024,다사01,in_age_018,55
2024,다사01,in_age_019,28
2024,다사01,in_age_020,8
2024,다사01,in_age_021,8
2024,다사01,in_age_031,8
2024,다사01,in_age_032,23
2024,다사01,in_age_033,43
2024,다사01,in_age_034,33
2024,다사01,in_age_035,48
2024,다사01,in_age_036,95
2024,다사01,in_age_037,125
2024,다사01,in_age_038,88
2024,다사01,in_age_039,98
2024,다사01,in_age_040,125
2024,다사01,in_age_041,153
2024,다사01,in_age_042,198
2024,다사01,in_age_043,221
2024,다사01,in_age_044,213
2024,다사01,in_age_045,118
2024,다사01,in_age_046,88
2024,다사01,in_age_047,53
2024,다사01,in_age_048,18
2024,다사01,in_age_049,8
2024,다사01,in_age_050,5
2024,다사01,in_age_051,5
2024,다사01,in_age_061,23
2024,다사01,in_age_062,28
2024,다사01,in_age_063,28
2024,다사01,in_age_064,28
2024,다사01,in_age_065,28
2024,다사01,in_age_066,43
2024,다사01,in_age_067,43
2024,다사01,in_age_068,43
2024,다사01,in_age_069,48
2024,다사01,in_age_070,78
2024,다사01,in_age_071,98
2024,다사01,in_age_072,153
2024,다사01,in_age_073,198
2024,다사01,in_age_074,138
2024,다사01,in_age_075,113
2024,다사01,in_age_076,78
2024,다사01,in_age_077,56
2024,다사01,in_age_078,35
2024,다사01,in_age_079,18
2024,다사01,in_age_080,5
2024,다사01,in_age_081,5
2024,다사01,to_in_001,3042
2024,다사01,to_in_007,1762
2024,다사01,to_in_008,1278
2024,다사02,in_age_001,5
2024,다사02,in_age_002,8
2024,다사02,in_age_003,8
2024,다사02,in_age_004,8
2024,다사02,in_age_005,8
2024,다사02,in_age_006,8
2024,다사02,in_age_007,23
2024,다사02,in_age_008,18
2024,다사02,in_age_009,33
2024,다사02,in_age_010,38
2024,다사02,in_age_011,33
2024,다사02,in_age_012,48
2024,다사02,in_age_013,63
2024,다사02,in_age_014,68
2024,다사02,in_age_015,48
2024,다사02,in_age_016,28
2024,다사02,in_age_017,18
2024,다사02,in_age_018,8
2024,다사02,in_age_019,5
2024,다사02,in_age_020,5
2024,다사02,in_age_031,5
2024,다사02,in_age_032,8
2024,다사02,in_age_033,8
2024,다사02,in_age_034,5
2024,다사02,in_age_035,8
2024,다사02,in_age_036,5
2024,다사02,in_age_037,18
2024,다사02,in_age_038,8
2024,다사02,in_age_039,23
2024,다사02,in_age_040,23
2024,다사02,in_age_041,18
2024,다사02,in_age_042,23
2024,다사02,in_age_043,33
2024,다사02,in_age_044,33
2024,다사02,in_age_045,28
2024,다사02,in_age_046,18
2024,다사02,in_age_047,8
2024,다사02,in_age_048,5
2024,다사02,in_age_049,0
2024,다사02,in_age_061,5
2024,다사02,in_age_062,5
2024,다사02,in_age_063,5
2024,다사02,in_age_064,8
2024,다사02,in_age_065,5
2024,다사02,in_age_066,8
2024,다사02,in_age_067,5
2024,다사02,in_age_068,8
2024,다사02,in_age_069,13
2024,다사02,in_age_070,13
2024,다사02,in_age_071,18
2024,다사02,in_age_072,23
2024,다사02,in_age_073,28
2024,다사02,in_age_074,33
2024,다사02,in_age_075,23
2024,다사02,in_age_076,13
2024,다사02,in_age_077,8
2024,다사02,in_age_078,5
2024,다사02,in_age_079,5
2024,다사02,in_age_080,5
2024,다사02,to_in_001,478
2024,다사02,to_in_007,258
2024,다사02,to_in_008,218
2024,다사03,in_age_001,13
2024,다사03,in_age_002,18
2024,다사03,in_age_003,38
2024,다사03,in_age_004,33
2024,다사03,in_age_005,72
2024,다사03,in_age_006,136
2024,다사03,in_age_007,132
2024,다사03,in_age_008,125
2024,다사03,in_age_009,139
2024,다사03,in_age_010,152
2024,다사03,in_age_011,275
2024,다사03,in_age_012,343
2024,다사03,in_age_013,397
2024,다사03,in_age_014,370
2024,다사03,in_age_015,248
2024,다사03,in_age_016,188
2024,다사03,in_age_017,133
2024,다사03,in_age_018,63
2024,다사03,in_age_019,28
2024,다사03,in_age_020,5
2024,다사03,in_age_031,5
2024,다사03,in_age_032,8
2024,다사03,in_age_033,18
2024,다사03,in_age_034,13
2024,다사03,in_age_035,44
2024,다사03,in_age_036,75
2024,다사03,in_age_037,90
2024,다사03,in_age_038,71
2024,다사03,in_age_039,83
2024,다사03,in_age_040,102
2024,다사03,in_age_041,178
2024,다사03,in_age_042,190
2024,다사03,in_age_043,217
2024,다사03,in_age_044,175
2024,다사03,in_age_045,123
2024,다사03,in_age_046,83
2024,다사03,in_age_047,63
2024,다사03,in_age_048,23
2024,다사03,in_age_049,8
2024,다사03,in_age_050,0
2024,다사03,in_age_061,8
2024,다사03,in_age_062,8
2024,다사03,in_age_063,18
2024,다사03,in_age_064,18
2024,다사03,in_age_065,26
2024,다사03,in_age_066,59
2024,다사03,in_age_067,40
2024,다사03,in_age_068,52
2024,다사03,in_age_069,54
2024,다사03,in_age_070,53
2024,다사03,in_age_071,95
2024,다사03,in_age_072,156
2024,다사03,in_age_073,183
2024,다사03,in_age_074,198
2024,다사03,in_age_075,123
2024,다사03,in_age_076,103
2024,다사03,in_age_077,68
2024,다사03,in_age_078,43
2024,다사03,in_age_079,18
2024,다사03,in_age_080,5
2024,다사03,to_in_001,2899
2024,다사03,to_in_007,1563
2024,다사03,to_in_008,1334
2024,다사04,in_age_001,28
2024,다사04,in_age_002,61
2024,다사04,in_age_003,113
2024,다사04,in_age_004,173
2024,다사04,in_age_005,223
2024,다사04,in_age_006,228
2024,다사04,in_age_007,145
2024,다사04,in_age_008,144
2024,다사04,in_age_009,208
2024,다사04,in_age_010,255
2024,다사04,in_age_011,322
2024,다사04,in_age_012,314
2024,다사04,in_age_013,352
2024,다사04,in_age_014,330
2024,다사04,in_age_015,228
2024,다사04,in_age_016,175
2024,다사04,in_age_017,108
2024,다사04,in_age_018,53
2024,다사04,in_age_019,33
2024,다사04,in_age_020,8
2024,다사04,in_age_031,13
2024,다사04,in_age_032,30
2024,다사04,in_age_033,59
2024,다사04,in_age_034,70
2024,다사04,in_age_035,80
2024,다사04,in_age_036,125
2024,다사04,in_age_037,85
2024,다사04,in_age_038,75
2024,다사04,in_age_039,107
2024,다사04,in_age_040,146
2024,다사04,in_age_041,183
2024,다사04,in_age_042,174
2024,다사04,in_age_043,187
2024,다사04,in_age_044,163
2024,다사04,in_age_045,123
2024,다사04,in_age_046,83
2024,다사04,in_age_047,53
2024,다사04,in_age_048,18
2024,다사04,in_age_049,8
2024,다사04,in_age_050,0
2024,다사04,in_age_061,13
2024,다사04,in_age_062,29
2024,다사04,in_age_063,52
2024,다사04,in_age_064,106
2024,다사04,in_age_065,146
2024,다사04,in_age_066,101
2024,다사04,in_age_067,63
2024,다사04,in_age_068,67
2024,다사04,in_age_069,99
2024,다사04,in_age_070,112
2024,다사04,in_age_071,142
2024,다사04,in_age_072,138
2024,다사04,in_age_073,163
2024,다사04,in_age_074,165
2024,다사04,in_age_075,103
2024,다사04,in_age_076,95
2024,다사04,in_age_077,53
2024,다사04,in_age_078,33
2024,다사04,in_age_079,23
2024,다사04,in_age_080,8
2024,다사04,to_in_001,3509
2024,다사04,to_in_007,1783
2024,다사04,to_in_008,1724
2024,다사05,in_age_001,63
2024,다사05,in_age_002,43
2024,다사05,in_age_003,73
2024,다사05,in_age_004,63
2024,다사05,in_age_005,58
2024,다사05,in_age_006,103
2024,다사05,in_age_007,128
2024,다사05,in_age_008,123
2024,다사05,in_age_009,118
2024,다사05,in_age_010,168
2024,다사05,in_age_011,213
2024,다사05,in_age_012,363
2024,다사05,in_age_013,508
2024,다사05,in_age_014,553
2024,다사05,in_age_015,418
2024,다사05,in_age_016,328
2024,다사05,in_age_017,249
2024,다사05,in_age_018,151
2024,다사05,in_age_019,70
2024,다사05,in_age_020,13
2024,다사05,in_age_021,5
2024,다사05,in_age_031,33
2024,다사05,in_age_032,23
2024,다사05,in_age_033,38
2024,다사05,in_age_034,38
2024,다사05,in_age_035,43
2024,다사05,in_age_036,68
2024,다사05,in_age_037,73
2024,다사05,in_age_038,68
2024,다사05,in_age_039,68
2024,다사05,in_age_040,98
2024,다사05,in_age_041,108
2024,다사05,in_age_042,158
2024,다사05,in_age_043,253
2024,다사05,in_age_044,283
2024,다사05,in_age_045,213
2024,다사05,in_age_046,168
2024,다사05,in_age_047,108
2024,다사05,in_age_048,63
2024,다사05,in_age_049,23
2024,다사05,in_age_050,5
2024,다사05,in_age_051,5
2024,다사05,in_age_061,28
2024,다사05,in_age_062,18
2024,다사05,in_age_063,38
2024,다사05,in_age_064,23
2024,다사05,in_age_065,13
2024,다사05,in_age_066,38
2024,다사05,in_age_067,53
2024,다사05,in_age_068,53
2024,다사05,in_age_069,53
2024,다사05,in_age_070,68
2024,다사05,in_age_071,103
2024,다사05,in_age_072,203
2024,다사05,in_age_073,258
2024,다사05,in_age_074,268
2024,다사05,in_age_075,203
2024,다사05,in_age_076,163
2024,다사05,in_age_077,144
2024,다사05,in_age_078,86
2024,다사05,in_age_079,50
2024,다사05,in_age_080,13
2024,다사05,in_age_081,5
2024,다사05,to_in_001,3804
2024,다사05,to_in_007,1928
2024,다사05,to_in_008,1874
2024,다사06,in_age_001,158
2024,다사06,in_age_002,177
2024,다사06,in_age_003,216
2024,다사06,in_age_004,301
2024,다사06,in_age_005,247
2024,다사06,in_age_006,315
2024,다사06,in_age_007,351
2024,다사06,in_age_008,321
2024,다사06,in_age_009,427
2024,다사06,in_age_010,468
2024,다사06,in_age_011,662
2024,다사06,in_age_012,896
2024,다사06,in_age_013,1335
2024,다사06,in_age_014,1463
2024,다사06,in_age_015,967
2024,다사06,in_age_016,839
2024,다사06,in_age_017,655
2024,다사06,in_age_018,520
2024,다사06,in_age_019,240
2024,다사06,in_age_020,56
2024,다사06,in_age_021,5
2024,다사06,in_age_031,88
2024,다사06,in_age_032,82
2024,다사06,in_age_033,115
2024,다사06,in_age_034,198
2024,다사06,in_age_035,152
2024,다사06,in_age_036,185
2024,다사06,in_age_037,219
2024,다사06,in_age_038,194
2024,다사06,in_age_039,231
2024,다사06,in_age_040,246
2024,다사06,in_age_041,365
2024,다사06,in_age_042,446
2024,다사06,in_age_043,647
2024,다사06,in_age_044,741
2024,다사06,in_age_045,485
2024,다사06,in_age_046,405
2024,다사06,in_age_047,263
2024,다사06,in_age_048,178
2024,다사06,in_age_049,46
2024,다사06,in_age_050,8
2024,다사06,in_age_061,73
2024,다사06,in_age_062,98
2024,다사06,in_age_063,104
2024,다사06,in_age_064,106
2024,다사06,in_age_065,98
2024,다사06,in_age_066,128
2024,다사06,in_age_067,135
2024,다사06,in_age_068,130
2024,다사06,in_age_069,199
2024,다사06,in_age_070,225
2024,다사06,in_age_071,300
2024,다사06,in_age_072,448
2024,다사06,in_age_073,691
2024,다사06,in_age_074,720
2024,다사06,in_age_075,480
2024,다사06,in_age_076,432
2024,다사06,in_age_077,390
2024,다사06,in_age_078,340
2024,다사06,in_age_079,197
2024,다사06,in_age_080,51
2024,다사06,in_age_081,5
2024,다사06,to_in_001,10632
2024,다사06,to_in_007,5292
2024,다사06,to_in_008,5338
2024,다사07,in_age_001,184
2024,다사07,in_age_002,168
2024,다사07,in_age_003,221
2024,다사07,in_age_004,264
2024,다사07,in_age_005,253
2024,다사07,in_age_006,367
2024,다사07,in_age_007,395
2024,다사07,in_age_008,359
2024,다사07,in_age_009,450
2024,다사07,in_age_010,481
2024,다사07,in_age_011,811
2024,다사07,in_age_012,1039
2024,다사07,in_age_013,1509
2024,다사07,in_age_014,1512
2024,다사07,in_age_015,1074
2024,다사07,in_age_016,974
2024,다사07,in_age_017,853
2024,다사07,in_age_018,561
2024,다사07,in_age_019,202
2024,다사07,in_age_020,38
2024,다사07,in_age_021,5
2024,다사07,in_age_031,94
2024,다사07,in_age_032,98
2024,다사07,in_age_033,121
2024,다사07,in_age_034,139
2024,다사07,in_age_035,153
2024,다사07,in_age_036,225
2024,다사07,in_age_037,220
2024,다사07,in_age_038,198
2024,다사07,in_age_039,246
2024,다사07,in_age_040,268
2024,다사07,in_age_041,438
2024,다사07,in_age_042,512
2024,다사07,in_age_043,764
2024,다사07,in_age_044,747
2024,다사07,in_age_045,523
2024,다사07,in_age_046,463
2024,다사07,in_age_047,356
2024,다사07,in_age_048,215
2024,다사07,in_age_049,53
2024,다사07,in_age_050,8
2024,다사07,in_age_051,0
2024,다사07,in_age_061,88
2024,다사07,in_age_062,68
2024,다사07,in_age_063,98
2024,다사07,in_age_064,123
2024,다사07,in_age_065,98
2024,다사07,in_age_066,140
2024,다사07,in_age_067,173
2024,다사07,in_age_068,159
2024,다사07,in_age_069,202
2024,다사07,in_age_070,216
2024,다사07,in_age_071,371
2024,다사07,in_age_072,530
2024,다사07,in_age_073,743
2024,다사07,in_age_074,768
2024,다사07,in_age_075,549
2024,다사07,in_age_076,509
2024,다사07,in_age_077,495
2024,다사07,in_age_078,349
2024,다사07,in_age_079,152
2024,다사07,in_age_080,33
2024,다사07,in_age_081,5
2024,다사07,to_in_001,11718
2024,다사07,to_in_007,5844
2024,다사07,to_in_008,5872
2024,다사08,in_age_001,8
2024,다사08,in_age_002,8
2024,다사08,in_age_003,5
2024,다사08,in_age_004,13
2024,다사08,in_age_005,5
2024,다사08,in_age_006,8
2024,다사08,in_age_007,5
2024,다사08,in_age_008,8
2024,다사08,in_age_009,13
2024,다사08,in_age_010,13
2024,다사08,in_age_011,18
2024,다사08,in_age_012,33
2024,다사08,in_age_013,38
2024,다사08,in_age_014,33
2024,다사08,in_age_015,23
2024,다사08,in_age_016,28
2024,다사08,in_age_017,33
2024,다사08,in_age_018,33
2024,다사08,in_age_019,5
2024,다사08,in_age_020,5
2024,다사08,in_age_031,0
2024,다사08,in_age_032,5
2024,다사08,in_age_033,5
2024,다사08,in_age_034,8
2024,다사08,in_age_036,5
2024,다사08,in_age_037,5
2024,다사08,in_age_038,5
2024,다사08,in_age_039,8
2024,다사08,in_age_040,5
2024,다사08,in_age_041,13
2024,다사08,in_age_042,28
2024,다사08,in_age_043,13
2024,다사08,in_age_044,18
2024,다사08,in_age_045,8
2024,다사08,in_age_046,13
2024,다사08,in_age_047,13
2024,다사08,in_age_048,18
2024,다사08,in_age_061,5
2024,다사08,in_age_062,5
2024,다사08,in_age_063,5
2024,다사08,in_age_064,5
2024,다사08,in_age_065,5
2024,다사08,in_age_066,5
2024,다사08,in_age_067,5
2024,다사08,in_age_068,5
2024,다사08,in_age_069,8
2024,다사08,in_age_070,8
2024,다사08,in_age_071,5
2024,다사08,in_age_072,8
2024,다사08,in_age_073,23
2024,다사08,in_age_074,18
2024,다사08,in_age_075,13
2024,다사08,in_age_076,18
2024,다사08,in_age_077,23
2024,다사08,in_age_078,13
2024,다사08,in_age_079,5
2024,다사08,in_age_080,5
2024,다사08,to_in_001,313
2024,다사08,to_in_007,158
2024,다사08,to_in_008,158
2024,다사10,in_age_008,0
2024,다사10,in_age_010,5
2024,다사10,in_age_011,5
2024,다사10,in_age_012,0
2024,다사10,in_age_014,5
2024,다사10,in_age_016,5
2024,다사10,in_age_038,0
2024,다사10,in_age_041,0
2024,다사10,in_age_042,0
2024,다사10,in_age_044,5
2024,다사10,in_age_046,0
2024,다사10,in_age_070,5
2024,다사10,in_age_071,5
2024,다사10,in_age_076,5
2024,다사10,to_in_001,13
2024,다사10,to_in_007,8
2024,다사10,to_in_008,8
2024,다사11,in_age_001,113
2024,다사11,in_age_002,178
2024,다사11,in_age_003,235
2024,다사11,in_age_004,213
2024,다사11,in_age_005,233
2024,다사11,in_age_006,367
2024,다사11,in_age_007,423
2024,다사11,in_age_008,315
2024,다사11,in_age_009,422
2024,다사11,in_age_010,468
2024,다사11,in_age_011,631
2024,다사11,in_age_012,989
2024,다사11,in_age_013,1171
2024,다사11,in_age_014,1025
2024,다사11,in_age_015,628
2024,다사11,in_age_016,455
2024,다사11,in_age_017,320
2024,다사11,in_age_018,235
2024,다사11,in_age_019,74
2024,다사11,in_age_020,23
2024,다사11,in_age_021,8
2024,다사11,in_age_031,58
2024,다사11,in_age_032,98
2024,다사11,in_age_033,130
2024,다사11,in_age_034,118
2024,다사11,in_age_035,153
2024,다사11,in_age_036,237
2024,다사11,in_age_037,263
2024,다사11,in_age_038,180
2024,다사11,in_age_039,232
2024,다사11,in_age_040,258
2024,다사11,in_age_041,314
2024,다사11,in_age_042,483
2024,다사11,in_age_043,598
2024,다사11,in_age_044,540
2024,다사11,in_age_045,323
2024,다사11,in_age_046,228
2024,다사11,in_age_047,128
2024,다사11,in_age_048,78
2024,다사11,in_age_049,18
2024,다사11,in_age_050,5
2024,다사11,in_age_051,5
2024,다사11,in_age_061,58
2024,다사11,in_age_062,78
2024,다사11,in_age_063,103
2024,다사11,in_age_064,93
2024,다사11,in_age_065,83
2024,다사11,in_age_066,128
2024,다사11,in_age_067,163
2024,다사11,in_age_068,138
2024,다사11,in_age_069,193
2024,다사11,in_age_070,213
2024,다사11,in_age_071,320
2024,다사11,in_age_072,509
2024,다사11,in_age_073,571
2024,다사11,in_age_074,488
2024,다사11,in_age_075,303
2024,다사11,in_age_076,225
2024,다사11,in_age_077,195
2024,다사11,in_age_078,160
2024,다사11,in_age_079,54
2024,다사11,in_age_080,18
2024,다사11,in_age_081,5
2024,다사11,to_in_001,8526
2024,다사11,to_in_007,4433
2024,다사11,to_in_008,4091
2024,다사12,in_age_001,8
2024,다사12,in_age_002,8
2024,다사12,in_age_003,13
2024,다사12,in_age_004,13
2024,다사12,in_age_005,18
2024,다사12,in_age_006,28
2024,다사12,in_age_007,23
2024,다사12,in_age_008,23
2024,다사12,in_age_009,23
2024,다사12,in_age_010,33
2024,다사12,in_age_011,53
2024,다사12,in_age_012,83
2024,다사12,in_age_013,88
2024,다사12,in_age_014,83
2024,다사12,in_age_015,63
2024,다사12,in_age_016,33
2024,다사12,in_age_017,28
2024,다사12,in_age_018,13
2024,다사12,in_age_019,8
2024,다사12,in_age_020,5
2024,다사12,in_age_031,8
2024,다사12,in_age_032,8
2024,다사12,in_age_033,8
2024,다사12,in_age_034,8
2024,다사12,in_age_035,13
2024,다사12,in_age_036,18
2024,다사12,in_age_037,13
2024,다사12,in_age_038,18
2024,다사12,in_age_039,8
2024,다사12,in_age_040,13
2024,다사12,in_age_041,28
2024,다사12,in_age_042,48
2024,다사12,in_age_043,43
2024,다사12,in_age_044,43
2024,다사12,in_age_045,33
2024,다사12,in_age_046,18
2024,다사12,in_age_047,13
2024,다사12,in_age_048,8
2024,다사12,in_age_049,0
2024,다사12,in_age_050,0
2024,다사12,in_age_061,5
2024,다사12,in_age_062,5
2024,다사12,in_age_063,8
2024,다사12,in_age_064,8
2024,다사12,in_age_065,8
2024,다사12,in_age_066,8
2024,다사12,in_age_067,8
2024,다사12,in_age_068,8
2024,다사12,in_age_069,13
2024,다사12,in_age_070,18
2024,다사12,in_age_071,23
2024,다사12,in_age_072,38
2024,다사12,in_age_073,48
2024,다사12,in_age_074,38
2024,다사12,in_age_075,28
2024,다사12,in_age_076,13
2024,다사12,in_age_077,18
2024,다사12,in_age_078,13
2024,다사12,in_age_079,5
2024,다사12,in_age_080,5
2024,다사12,to_in_001,648
2024,다사12,to_in_007,343
2024,다사12,to_in_008,303
2024,다사14,in_age_001,4784
2024,다사14,in_age_002,6048
2024,다사14,in_age_003,6527
2024,다사14,in_age_004,5286
2024,다사14,in_age_005,5376
2024,다사14,in_age_006,9729
2024,다사14,in_age_007,11479
2024,다사14,in_age_008,10391
2024,다사14,in_age_009,11596
2024,다사14,in_age_010,10332
2024,다사14,in_age_011,9354
2024,다사14,in_age_012,7014
2024,다사14,in_age_013,5833
2024,다사14,in_age_014,4666
2024,다사14,in_age_015,2938
2024,다사14,in_age_016,2001
2024,다사14,in_age_017,1327
2024,다사14,in_age_018,654
2024,다사14,in_age_019,208
2024,다사14,in_age_020,38
2024,다사14,in_age_021,8
2024,다사14,in_age_031,2462
2024,다사14,in_age_032,3132
2024,다사14,in_age_033,3301
2024,다사14,in_age_034,2677
2024,다사14,in_age_035,2494
2024,다사14,in_age_036,4838
2024,다사14,in_age_037,6171
2024,다사14,in_age_038,5496
2024,다사14,in_age_039,6052
2024,다사14,in_age_040,5496
2024,다사14,in_age_041,5111
2024,다사14,in_age_042,3713
2024,다사14,in_age_043,2987
2024,다사14,in_age_044,2237
2024,다사14,in_age_045,1429
2024,다사14,in_age_046,915
2024,다사14,in_age_047,603
2024,다사14,in_age_048,228
2024,다사14,in_age_049,43
2024,다사14,in_age_050,8
2024,다사14,in_age_051,5
2024,다사14,in_age_061,2320
2024,다사14,in_age_062,2919
2024,다사14,in_age_063,3224
2024,다사14,in_age_064,2612
2024,다사14,in_age_065,2885
2024,다사14,in_age_066,4889
2024,다사14,in_age_067,5306
2024,다사14,in_age_068,4893
2024,다사14,in_age_069,5547
2024,다사14,in_age_070,4839
2024,다사14,in_age_071,4241
2024,다사14,in_age_072,3304
2024,다사14,in_age_073,2844
2024,다사14,in_age_074,2432
2024,다사14,in_age_075,1512
2024,다사14,in_age_076,1089
2024,다사14,in_age_077,727
2024,다사14,in_age_078,429
2024,다사14,in_age_079,163
2024,다사14,in_age_080,28
2024,다사14,in_age_081,8
2024,다사14,to_in_001,115584
2024,다사14,to_in_007,59386
2024,다사14,to_in_008,56196
2024,다사15,in_age_001,53
2024,다사15,in_age_002,68
2024,다사15,in_age_003,98
2024,다사15,in_age_004,88
2024,다사15,in_age_005,235
2024,다사15,in_age_006,488
2024,다사15,in_age_007,515
2024,다사15,in_age_008,343
2024,다사15,in_age_009,312
2024,다사15,in_age_010,243
2024,다사15,in_age_011,338
2024,다사15,in_age_012,518
2024,다사15,in_age_013,644
2024,다사15,in_age_014,593
2024,다사15,in_age_015,368
2024,다사15,in_age_016,313
2024,다사15,in_age_017,213
2024,다사15,in_age_018,113
2024,다사15,in_age_019,43
2024,다사15,in_age_020,8
2024,다사15,in_age_021,5
2024,다사15,in_age_031,23
2024,다사15,in_age_032,38
2024,다사15,in_age_033,53
2024,다사15,in_age_034,53
2024,다사15,in_age_035,185
2024,다사15,in_age_036,415
2024,다사15,in_age_037,438
2024,다사15,in_age_038,278
2024,다사15,in_age_039,227
2024,다사15,in_age_040,168
2024,다사15,in_age_041,193
2024,다사15,in_age_042,268
2024,다사15,in_age_043,344
2024,다사15,in_age_044,313
2024,다사15,in_age_045,183
2024,다사15,in_age_046,153
2024,다사15,in_age_047,108
2024,다사15,in_age_048,43
2024,다사15,in_age_049,13
2024,다사15,in_age_050,5
2024,다사15,in_age_051,5
2024,다사15,in_age_061,28
2024,다사15,in_age_062,33
2024,다사15,in_age_063,48
2024,다사15,in_age_064,33
2024,다사15,in_age_065,53
2024,다사15,in_age_066,76
2024,다사15,in_age_067,80
2024,다사15,in_age_068,63
2024,다사15,in_age_069,83
2024,다사15,in_age_070,78
2024,다사15,in_age_071,143
2024,다사15,in_age_072,248
2024,다사15,in_age_073,298
2024,다사15,in_age_074,283
2024,다사15,in_age_075,183
2024,다사15,in_age_076,158
2024,다사15,in_age_077,108
2024,다사15,in_age_078,68
2024,다사15,in_age_079,28
2024,다사15,in_age_080,5
2024,다사15,to_in_001,5607
2024,다사15,to_in_007,3507
2024,다사15,to_in_008,2098
2024,다사16,in_age_001,361
2024,다사16,in_age_002,467
2024,다사16,in_age_003,668
2024,다사16,in_age_004,827
2024,다사16,in_age_005,1698
2024,다사16,in_age_006,3051
2024,다사16,in_age_007,3438
2024,다사16,in_age_008,2579
2024,다사16,in_age_009,2030
2024,다사16,in_age_010,1762
2024,다사16,in_age_011,2000
2024,다사16,in_age_012,2521
2024,다사16,in_age_013,2956
2024,다사16,in_age_014,2676
2024,다사16,in_age_015,1723
2024,다사16,in_age_016,1328
2024,다사16,in_age_017,1027
2024,다사16,in_age_018,760
2024,다사16,in_age_019,343
2024,다사16,in_age_020,89
2024,다사16,in_age_021,8
2024,다사16,in_age_031,176
2024,다사16,in_age_032,231
2024,다사16,in_age_033,351
2024,다사16,in_age_034,422
2024,다사16,in_age_035,1375
2024,다사16,in_age_036,2568
2024,다사16,in_age_037,2928
2024,다사16,in_age_038,2100
2024,다사16,in_age_039,1430
2024,다사16,in_age_040,1115
2024,다사16,in_age_041,1194
2024,다사16,in_age_042,1394
2024,다사16,in_age_043,1552
2024,다사16,in_age_044,1412
2024,다사16,in_age_045,892
2024,다사16,in_age_046,693
2024,다사16,in_age_047,440
2024,다사16,in_age_048,233
2024,다사16,in_age_049,72
2024,다사16,in_age_050,13
2024,다사16,in_age_051,5
2024,다사16,in_age_061,183
2024,다사16,in_age_062,239
2024,다사16,in_age_063,315
2024,다사16,in_age_064,408
2024,다사16,in_age_065,326
2024,다사16,in_age_066,486
2024,다사16,in_age_067,508
2024,다사16,in_age_068,477
2024,다사16,in_age_069,598
2024,다사16,in_age_070,650
2024,다사16,in_age_071,804
2024,다사16,in_age_072,1125
2024,다사16,in_age_073,1402
2024,다사16,in_age_074,1267
2024,다사16,in_age_075,834
2024,다사16,in_age_076,633
2024,다사16,in_age_077,585
2024,다사16,in_age_078,525
2024,다사16,in_age_079,269
2024,다사16,in_age_080,74
2024,다사16,in_age_081,8
2024,다사16,to_in_001,32312
2024,다사16,to_in_007,20594
2024,다사16,to_in_008,11721
2024,다사17,in_age_001,507
2024,다사17,in_age_002,665
2024,다사17,in_age_003,940
2024,다사17,in_age_004,954
2024,다사17,in_age_005,851
2024,다사17,in_age_006,1081
2024,다사17,in_age_007,1190
2024,다사17,in_age_008,1046
2024,다사17,in_age_009,1424
2024,다사17,in_age_010,1540
2024,다사17,in_age_011,1893
2024,다사17,in_age_012,1934
2024,다사17,in_age_013,2194
2024,다사17,in_age_014,2152
2024,다사17,in_age_015,1446
2024,다사17,in_age_016,1268
2024,다사17,in_age_017,974
2024,다사17,in_age_018,559
2024,다사17,in_age_019,200
2024,다사17,in_age_020,38
2024,다사17,in_age_021,5
2024,다사17,in_age_031,263
2024,다사17,in_age_032,357
2024,다사17,in_age_033,447
2024,다사17,in_age_034,471
2024,다사17,in_age_035,502
2024,다사17,in_age_036,664
2024,다사17,in_age_037,707
2024,다사17,in_age_038,581
2024,다사17,in_age_039,732
2024,다사17,in_age_040,790
2024,다사17,in_age_041,1000
2024,다사17,in_age_042,978
2024,다사17,in_age_043,1086
2024,다사17,in_age_044,1046
2024,다사17,in_age_045,708
2024,다사17,in_age_046,579
2024,다사17,in_age_047,414
2024,다사17,in_age_048,208
2024,다사17,in_age_049,53
2024,다사17,in_age_050,8
2024,다사17,in_age_061,247
2024,다사17,in_age_062,311
2024,다사17,in_age_063,491
2024,다사17,in_age_064,481
2024,다사17,in_age_065,352
2024,다사17,in_age_066,415
2024,다사17,in_age_067,486
2024,다사17,in_age_068,468
2024,다사17,in_age_069,695
2024,다사17,in_age_070,748
2024,다사17,in_age_071,891
2024,다사17,in_age_072,959
2024,다사17,in_age_073,1111
2024,다사17,in_age_074,1104
2024,다사17,in_age_075,741
2024,다사17,in_age_076,692
2024,다사17,in_age_077,558
2024,다사17,in_age_078,354
2024,다사17,in_age_079,145
2024,다사17,in_age_080,28
2024,다사17,in_age_081,5
2024,다사17,to_in_001,22864
2024,다사17,to_in_007,11587
2024,다사17,to_in_008,11275
2024,다사20,in_age_001,53
2024,다사20,in_age_002,63
2024,다사20,in_age_003,97
2024,다사20,in_age_004,98
2024,다사20,in_age_005,277
2024,다사20,in_age_006,581
2024,다사20,in_age_007,497
2024,다사20,in_age_008,391
2024,다사20,in_age_009,324
2024,다사20,in_age_010,318
2024,다사20,in_age_011,458
2024,다사20,in_age_012,602
2024,다사20,in_age_013,778
2024,다사20,in_age_014,656
2024,다사20,in_age_015,428
2024,다사20,in_age_016,308
2024,다사20,in_age_017,221
2024,다사20,in_age_018,175
2024,다사20,in_age_019,88
2024,다사20,in_age_020,14
2024,다사20,in_age_031,33
2024,다사20,in_age_032,33
2024,다사20,in_age_033,51
2024,다사20,in_age_034,51
2024,다사20,in_age_035,189
2024,다사20,in_age_036,467
2024,다사20,in_age_037,395
2024,다사20,in_age_038,302
2024,다사20,in_age_039,227
2024,다사20,in_age_040,219
2024,다사20,in_age_041,266
2024,다사20,in_age_042,339
2024,다사20,in_age_043,415
2024,다사20,in_age_044,356
2024,다사20,in_age_045,203
2024,다사20,in_age_046,173
2024,다사20,in_age_047,83
2024,다사20,in_age_048,53
2024,다사20,in_age_049,33
2024,다사20,in_age_050,0
2024,다사20,in_age_061,18
2024,다사20,in_age_062,33
2024,다사20,in_age_063,44
2024,다사20,in_age_064,45
2024,다사20,in_age_065,86
2024,다사20,in_age_066,117
2024,다사20,in_age_067,100
2024,다사20,in_age_068,87
2024,다사20,in_age_069,100
2024,다사20,in_age_070,102
2024,다사20,in_age_071,190
2024,다사20,in_age_072,261
2024,다사20,in_age_073,361
2024,다사20,in_age_074,298
2024,다사20,in_age_075,228
2024,다사20,in_age_076,133
2024,다사20,in_age_077,136
2024,다사20,in_age_078,120
2024,다사20,in_age_079,58
2024,다사20,in_age_080,14
2024,다사20,to_in_001,6430
2024,다사20,to_in_007,3889
2024,다사20,to_in_008,2539
2024,다사21,in_age_001,43
2024,다사21,in_age_002,58
2024,다사21,in_age_003,78
2024,다사21,in_age_004,78
2024,다사21,in_age_005,232
2024,다사21,in_age_006,501
2024,다사21,in_age_007,490
2024,다사21,in_age_008,364
2024,다사21,in_age_009,283
2024,다사21,in_age_010,298
2024,다사21,in_age_011,408
2024,다사21,in_age_012,583
2024,다사21,in_age_013,783
2024,다사21,in_age_014,714
2024,다사21,in_age_015,493
2024,다사21,in_age_016,373
2024,다사21,in_age_017,278
2024,다사21,in_age_018,178
2024,다사21,in_age_019,72
2024,다사21,in_age_020,18
2024,다사21,in_age_021,5
2024,다사21,in_age_031,28
2024,다사21,in_age_032,23
2024,다사21,in_age_033,43
2024,다사21,in_age_034,48
2024,다사21,in_age_035,182
2024,다사21,in_age_036,416
2024,다사21,in_age_037,395
2024,다사21,in_age_038,289
2024,다사21,in_age_039,203
2024,다사21,in_age_040,198
2024,다사21,in_age_041,243
2024,다사21,in_age_042,308
2024,다사21,in_age_043,413
2024,다사21,in_age_044,379
2024,다사21,in_age_045,253
2024,다사21,in_age_046,173
2024,다사21,in_age_047,133
2024,다사21,in_age_048,63
2024,다사21,in_age_049,13
2024,다사21,in_age_050,5
2024,다사21,in_age_061,18
2024,다사21,in_age_062,33
2024,다사21,in_age_063,33
2024,다사21,in_age_064,33
2024,다사21,in_age_065,48
2024,다사21,in_age_066,83
2024,다사21,in_age_067,98
2024,다사21,in_age_068,78
2024,다사21,in_age_069,78
2024,다사21,in_age_070,98
2024,다사21,in_age_071,168
2024,다사21,in_age_072,278
2024,다사21,in_age_073,368
2024,다사21,in_age_074,338
2024,다사21,in_age_075,238
2024,다사21,in_age_076,198
2024,다사21,in_age_077,148
2024,다사21,in_age_078,113
2024,다사21,in_age_079,57
2024,다사21,in_age_080,13
2024,다사21,in_age_081,5
2024,다사21,to_in_001,6328
2024,다사21,to_in_007,3804
2024,다사21,to_in_008,2522
2024,다사22,in_age_001,970
2024,다사22,in_age_002,871
2024,다사22,in_age_003,568
2024,다사22,in_age_004,472
2024,다사22,in_age_005,1013
2024,다사22,in_age_006,1766
2024,다사22,in_age_007,2713
2024,다사22,in_age_008,2687
2024,다사22,in_age_009,2609
2024,다사22,in_age_010,2076
2024,다사22,in_age_011,1761
2024,다사22,in_age_012,1510
2024,다사22,in_age_013,1199
2024,다사22,in_age_014,724
2024,다사22,in_age_015,384
2024,다사22,in_age_016,216
2024,다사22,in_age_017,145
2024,다사22,in_age_018,58
2024,다사22,in_age_019,18
2024,다사22,in_age_020,5
2024,다사22,in_age_021,0
2024,다사22,in_age_031,472
2024,다사22,in_age_032,439
2024,다사22,in_age_033,293
2024,다사22,in_age_034,249
2024,다사22,in_age_035,733
2024,다사22,in_age_036,1309
2024,다사22,in_age_037,1907
2024,다사22,in_age_038,1788
2024,다사22,in_age_039,1763
2024,다사22,in_age_040,1456
2024,다사22,in_age_041,1220
2024,다사22,in_age_042,996
2024,다사22,in_age_043,726
2024,다사22,in_age_044,416
2024,다사22,in_age_045,199
2024,다사22,in_age_046,94
2024,다사22,in_age_047,63
2024,다사22,in_age_048,23
2024,다사22,in_age_049,5
2024,다사22,in_age_061,496
2024,다사22,in_age_062,435
2024,다사22,in_age_063,278
2024,다사22,in_age_064,221
2024,다사22,in_age_065,278
2024,다사22,in_age_066,455
2024,다사22,in_age_067,804
2024,다사22,in_age_068,897
2024,다사22,in_age_069,844
2024,다사22,in_age_070,623
2024,다사22,in_age_071,544
2024,다사22,in_age_072,512
2024,다사22,in_age_073,471
2024,다사22,in_age_074,311
2024,다사22,in_age_075,183
2024,다사22,in_age_076,120
2024,다사22,in_age_077,80
2024,다사22,in_age_078,38
2024,다사22,in_age_079,18
2024,다사22,in_age_080,5
2024,다사22,in_age_081,0
2024,다사22,to_in_001,21766
2024,다사22,to_in_007,14145
2024,다사22,to_in_008,7619
2024,다사23,in_age_001,20595
2024,다사23,in_age_002,28842
2024,다사23,in_age_003,34586
2024,다사23,in_age_004,36290
2024,다사23,in_age_005,44804
2024,다사23,in_age_006,48403
2024,다사23,in_age_007,50558
2024,다사23,in_age_008,48496
2024,다사23,in_age_009,58711
2024,다사23,in_age_010,54760
2024,다사23,in_age_011,59474
2024,다사23,in_age_012,54207
2024,다사23,in_age_013,52702
2024,다사23,in_age_014,41077
2024,다사23,in_age_015,24063
2024,다사23,in_age_016,17697
2024,다사23,in_age_017,12407
2024,다사23,in_age_018,6738
2024,다사23,in_age_019,2421
2024,다사23,in_age_020,581
2024,다사23,in_age_021,78
2024,다사23,in_age_031,10519
2024,다사23,in_age_032,14687
2024,다사23,in_age_033,17713
2024,다사23,in_age_034,18724
2024,다사23,in_age_035,23660
2024,다사23,in_age_036,26253
2024,다사23,in_age_037,27088
2024,다사23,in_age_038,25392
2024,다사23,in_age_039,29967
2024,다사23,in_age_040,27787
2024,다사23,in_age_041,29698
2024,다사23,in_age_042,26599
2024,다사23,in_age_043,26000
2024,다사23,in_age_044,20093
2024,다사23,in_age_045,11522
2024,다사23,in_age_046,7876
2024,다사23,in_age_047,4975
2024,다사23,in_age_048,2167
2024,다사23,in_age_049,549
2024,다사23,in_age_050,118
2024,다사23,in_age_051,8
2024,다사23,in_age_061,10074
2024,다사23,in_age_062,14153
2024,다사23,in_age_063,16876
2024,다사23,in_age_064,17564
2024,다사23,in_age_065,21147
2024,다사23,in_age_066,22148
2024,다사23,in_age_067,23473
2024,다사23,in_age_068,23107
2024,다사23,in_age_069,28742
2024,다사23,in_age_070,26976
2024,다사23,in_age_071,29774
2024,다사23,in_age_072,27611
2024,다사23,in_age_073,26700
2024,다사23,in_age_074,20987
2024,다사23,in_age_075,12539
2024,다사23,in_age_076,9824
2024,다사23,in_age_077,7430
2024,다사23,in_age_078,4574
2024,다사23,in_age_079,1870
2024,다사23,in_age_080,461
2024,다사23,in_age_081,68
2024,다사23,to_in_001,697490
2024,다사23,to_in_007,351390
2024,다사23,to_in_008,346098
2024,다사24,in_age_001,22887
2024,다사24,in_age_002,30067
2024,다사24,in_age_003,33619
2024,다사24,in_age_004,31271
2024,다사24,in_age_005,36215
2024,다사24,in_age_006,54594
2024,다사24,in_age_007,64184
2024,다사24,in_age_008,58302
2024,다사24,in_age_009,67125
2024,다사24,in_age_010,59964
2024,다사24,in_age_011,68196
2024,다사24,in_age_012,68447
2024,다사24,in_age_013,70100
2024,다사24,in_age_014,57723
2024,다사24,in_age_015,34945
2024,다사24,in_age_016,26095
2024,다사24,in_age_017,18103
2024,다사24,in_age_018,10052
2024,다사24,in_age_019,3637
2024,다사24,in_age_020,897
2024,다사24,in_age_021,163
2024,다사24,in_age_031,11859
2024,다사24,in_age_032,15439
2024,다사24,in_age_033,17376
2024,다사24,in_age_034,16077
2024,다사24,in_age_035,18925
2024,다사24,in_age_036,28425
2024,다사24,in_age_037,34100
2024,다사24,in_age_038,30902
2024,다사24,in_age_039,35627
2024,다사24,in_age_040,31271
2024,다사24,in_age_041,34845
2024,다사24,in_age_042,34009
2024,다사24,in_age_043,34809
2024,다사24,in_age_044,28223
2024,다사24,in_age_045,16399
2024,다사24,in_age_046,11718
2024,다사24,in_age_047,7040
2024,다사24,in_age_048,3108
2024,다사24,in_age_049,841
2024,다사24,in_age_050,138
2024,다사24,in_age_051,33
2024,다사24,in_age_061,11031
2024,다사24,in_age_062,14626
2024,다사24,in_age_063,16241
2024,다사24,in_age_064,15192
2024,다사24,in_age_065,17288
2024,다사24,in_age_066,26167
2024,다사24,in_age_067,30087
2024,다사24,in_age_068,27398
2024,다사24,in_age_069,31501
2024,다사24,in_age_070,28696
2024,다사24,in_age_071,33349
2024,다사24,in_age_072,34436
2024,다사24,in_age_073,35294
2024,다사24,in_age_074,29498
2024,다사24,in_age_075,18544
2024,다사24,in_age_076,14375
2024,다사24,in_age_077,11061
2024,다사24,in_age_078,6942
2024,다사24,in_age_079,2794
2024,다사24,in_age_080,757
2024,다사24,in_age_081,128
2024,다사24,to_in_001,816581
2024,다사24,to_in_007,411164
2024,다사24,to_in_008,405415
2024,다사25,in_age_001,10213
2024,다사25,in_age_002,14286
2024,다사25,in_age_003,16811
2024,다사25,in_age_004,14755
2024,다사25,in_age_005,14740
2024,다사25,in_age_006,21065
2024,다사25,in_age_007,24138
2024,다사25,in_age_008,23795
2024,다사25,in_age_009,29530
2024,다사25,in_age_010,27348
2024,다사25,in_age_011,28862
2024,다사25,in_age_012,25693
2024,다사25,in_age_013,22012
2024,다사25,in_age_014,16352
2024,다사25,in_age_015,9780
2024,다사25,in_age_016,7179
2024,다사25,in_age_017,4926
2024,다사25,in_age_018,2915
2024,다사25,in_age_019,1066
2024,다사25,in_age_020,270
2024,다사25,in_age_021,43
2024,다사25,in_age_031,5247
2024,다사25,in_age_032,7196
2024,다사25,in_age_033,8689
2024,다사25,in_age_034,7503
2024,다사25,in_age_035,8036
2024,다사25,in_age_036,11546
2024,다사25,in_age_037,13222
2024,다사25,in_age_038,12822
2024,다사25,in_age_039,15513
2024,다사25,in_age_040,14235
2024,다사25,in_age_041,14644
2024,다사25,in_age_042,12918
2024,다사25,in_age_043,11340
2024,다사25,in_age_044,8080
2024,다사25,in_age_045,4598
2024,다사25,in_age_046,3208
2024,다사25,in_age_047,1960
2024,다사25,in_age_048,946
2024,다사25,in_age_049,258
2024,다사25,in_age_050,43
2024,다사25,in_age_051,8
2024,다사25,in_age_061,4964
2024,다사25,in_age_062,7088
2024,다사25,in_age_063,8125
2024,다사25,in_age_064,7250
2024,다사25,in_age_065,6707
2024,다사25,in_age_066,9517
2024,다사25,in_age_067,10919
2024,다사25,in_age_068,10971
2024,다사25,in_age_069,14020
2024,다사25,in_age_070,13116
2024,다사25,in_age_071,14216
2024,다사25,in_age_072,12773
2024,다사25,in_age_073,10675
2024,다사25,in_age_074,8270
2024,다사25,in_age_075,5185
2024,다사25,in_age_076,3969
2024,다사25,in_age_077,2969
2024,다사25,in_age_078,1967
2024,다사25,in_age_079,811
2024,다사25,in_age_080,225
2024,다사25,in_age_081,33
2024,다사25,to_in_001,315779
2024,다사25,to_in_007,162007
2024,다사25,to_in_008,153770
2024,다사26,in_age_001,8864
2024,다사26,in_age_002,14275
2024,다사26,in_age_003,16127
2024,다사26,in_age_004,12142
2024,다사26,in_age_005,10222
2024,다사26,in_age_006,15150
2024,다사26,in_age_007,19073
2024,다사26,in_age_008,20437
2024,다사26,in_age_009,27432
2024,다사26,in_age_010,24079
2024,다사26,in_age_011,21270
2024,다사26,in_age_012,16971
2024,다사26,in_age_013,16244
2024,다사26,in_age_014,14008
2024,다사26,in_age_015,9264
2024,다사26,in_age_016,6898
2024,다사26,in_age_017,4753
2024,다사26,in_age_018,2511
2024,다사26,in_age_019,875
2024,다사26,in_age_020,225
2024,다사26,in_age_021,23
2024,다사26,in_age_031,4583
2024,다사26,in_age_032,7291
2024,다사26,in_age_033,8119
2024,다사26,in_age_034,6237
2024,다사26,in_age_035,5490
2024,다사26,in_age_036,8171
2024,다사26,in_age_037,10275
2024,다사26,in_age_038,10517
2024,다사26,in_age_039,14098
2024,다사26,in_age_040,12678
2024,다사26,in_age_041,11230
2024,다사26,in_age_042,8632
2024,다사26,in_age_043,8048
2024,다사26,in_age_044,6684
2024,다사26,in_age_045,4197
2024,다사26,in_age_046,3184
2024,다사26,in_age_047,1957
2024,다사26,in_age_048,889
2024,다사26,in_age_049,206
2024,다사26,in_age_050,43
2024,다사26,in_age_051,8
2024,다사26,in_age_061,4284
2024,다사26,in_age_062,6987
2024,다사26,in_age_063,8011
2024,다사26,in_age_064,5908
2024,다사26,in_age_065,4735
2024,다사26,in_age_066,6982
2024,다사26,in_age_067,8801
2024,다사26,in_age_068,9923
2024,다사26,in_age_069,13332
2024,다사26,in_age_070,11404
2024,다사26,in_age_071,10043
2024,다사26,in_age_072,8337
2024,다사26,in_age_073,8194
2024,다사26,in_age_074,7322
2024,다사26,in_age_075,5065
2024,다사26,in_age_076,3712
2024,다사26,in_age_077,2799
2024,다사26,in_age_078,1625
2024,다사26,in_age_079,672
2024,다사26,in_age_080,180
2024,다사26,in_age_081,18
2024,다사26,to_in_001,260858
2024,다사26,to_in_007,132537
2024,다사26,to_in_008,128319
2024,다사27,in_age_001,123
2024,다사27,in_age_002,254
2024,다사27,in_age_003,346
2024,다사27,in_age_004,353
2024,다사27,in_age_005,537
2024,다사27,in_age_006,955
2024,다사27,in_age_007,932
2024,다사27,in_age_008,759
2024,다사27,in_age_009,868
2024,다사27,in_age_010,857
2024,다사27,in_age_011,1182
2024,다사27,in_age_012,1186
2024,다사27,in_age_013,1241
2024,다사27,in_age_014,1026
2024,다사27,in_age_015,725
2024,다사27,in_age_016,602
2024,다사27,in_age_017,506
2024,다사27,in_age_018,364
2024,다사27,in_age_019,135
2024,다사27,in_age_020,35
2024,다사27,in_age_021,5
2024,다사27,in_age_031,63
2024,다사27,in_age_032,131
2024,다사27,in_age_033,186
2024,다사27,in_age_034,181
2024,다사27,in_age_035,346
2024,다사27,in_age_036,679
2024,다사27,in_age_037,690
2024,다사27,in_age_038,513
2024,다사27,in_age_039,525
2024,다사27,in_age_040,503
2024,다사27,in_age_041,665
2024,다사27,in_age_042,660
2024,다사27,in_age_043,678
2024,다사27,in_age_044,560
2024,다사27,in_age_045,327
2024,다사27,in_age_046,275
2024,다사27,in_age_047,229
2024,다사27,in_age_048,120
2024,다사27,in_age_049,28
2024,다사27,in_age_050,5
2024,다사27,in_age_061,58
2024,다사27,in_age_062,121
2024,다사27,in_age_063,158
2024,다사27,in_age_064,175
2024,다사27,in_age_065,189
2024,다사27,in_age_066,274
2024,다사27,in_age_067,240
2024,다사27,in_age_068,244
2024,다사27,in_age_069,341
2024,다사27,in_age_070,352
2024,다사27,in_age_071,515
2024,다사27,in_age_072,524
2024,다사27,in_age_073,561
2024,다사27,in_age_074,469
2024,다사27,in_age_075,401
2024,다사27,in_age_076,325
2024,다사27,in_age_077,280
2024,다사27,in_age_078,242
2024,다사27,in_age_079,105
2024,다사27,in_age_080,30
2024,다사27,in_age_081,5
2024,다사27,to_in_001,12984
2024,다사27,to_in_007,7375
2024,다사27,to_in_008,5612
2024,다사28,in_age_001,0
2024,다사28,in_age_002,5
2024,다사28,in_age_005,8
2024,다사28,in_age_006,13
2024,다사28,in_age_007,13
2024,다사28,in_age_008,13
2024,다사28,in_age_009,8
2024,다사28,in_age_010,5
2024,다사28,in_age_011,8
2024,다사28,in_age_012,13
2024,다사28,in_age_013,23
2024,다사28,in_age_014,23
2024,다사28,in_age_015,8
2024,다사28,in_age_016,5
2024,다사28,in_age_017,8
2024,다사28,in_age_019,5
2024,다사28,in_age_032,5
2024,다사28,in_age_035,5
2024,다사28,in_age_036,13
2024,다사28,in_age_037,8
2024,다사28,in_age_038,8
2024,다사28,in_age_039,5
2024,다사28,in_age_040,5
2024,다사28,in_age_041,8
2024,다사28,in_age_042,8
2024,다사28,in_age_043,13
2024,다사28,in_age_044,13
2024,다사28,in_age_045,0
2024,다사28,in_age_046,5
2024,다사28,in_age_047,8
2024,다사28,in_age_061,0
2024,다사28,in_age_065,5
2024,다사28,in_age_066,8
2024,다사28,in_age_067,0
2024,다사28,in_age_068,0
2024,다사28,in_age_069,5
2024,다사28,in_age_071,5
2024,다사28,in_age_072,8
2024,다사28,in_age_073,13
2024,다사28,in_age_074,8
2024,다사28,in_age_075,8
2024,다사28,in_age_076,5
2024,다사28,in_age_077,5
2024,다사28,in_age_079,5
2024,다사28,to_in_001,148
2024,다사28,to_in_007,88
2024,다사28,to_in_008,58
2024,다사29,in_age_007,0
2024,다사29,in_age_009,0
2024,다사29,in_age_010,0
2024,다사29,in_age_012,0
2024,다사29,in_age_014,5
2024,다사29,in_age_015,5
2024,다사29,in_age_017,0
2024,다사29,in_age_019,5
2024,다사29,in_age_037,0
2024,다사29,in_age_039,0
2024,다사29,in_age_040,0
2024,다사29,in_age_044,5
2024,다사29,in_age_045,0
2024,다사29,in_age_049,5
2024,다사29,in_age_072,0
2024,다사29,in_age_074,0
2024,다사29,in_age_075,0
2024,다사29,in_age_077,0
2024,다사29,to_in_001,13
2024,다사29,to_in_007,8
2024,다사29,to_in_008,5
2024,다사30,in_age_001,68
2024,다사30,in_age_002,83
2024,다사30,in_age_003,118
2024,다사30,in_age_004,163
2024,다사30,in_age_005,826
2024,다사30,in_age_006,1521
2024,다사30,in_age_007,1592
2024,다사30,in_age_008,1050
2024,다사30,in_age_009,726
2024,다사30,in_age_010,631
2024,다사30,in_age_011,774
2024,다사30,in_age_012,968
2024,다사30,in_age_013,1139
2024,다사30,in_age_014,969
2024,다사30,in_age_015,576
2024,다사30,in_age_016,473
2024,다사30,in_age_017,365
2024,다사30,in_age_018,258
2024,다사30,in_age_019,93
2024,다사30,in_age_020,20
2024,다사30,in_age_021,5
2024,다사30,in_age_031,33
2024,다사30,in_age_032,43
2024,다사30,in_age_033,63
2024,다사30,in_age_034,103
2024,다사30,in_age_035,706
2024,다사30,in_age_036,1296
2024,다사30,in_age_037,1399
2024,다사30,in_age_038,889
2024,다사30,in_age_039,566
2024,다사30,in_age_040,476
2024,다사30,in_age_041,485
2024,다사30,in_age_042,547
2024,다사30,in_age_043,638
2024,다사30,in_age_044,519
2024,다사30,in_age_045,311
2024,다사30,in_age_046,232
2024,다사30,in_age_047,148
2024,다사30,in_age_048,78
2024,다사30,in_age_049,23
2024,다사30,in_age_050,5
2024,다사30,in_age_051,0
2024,다사30,in_age_061,33
2024,다사30,in_age_062,38
2024,다사30,in_age_063,53
2024,다사30,in_age_064,63
2024,다사30,in_age_065,118
2024,다사30,in_age_066,223
2024,다사30,in_age_067,196
2024,다사30,in_age_068,159
2024,다사30,in_age_069,158
2024,다사30,in_age_070,153
2024,다사30,in_age_071,287
2024,다사30,in_age_072,419
2024,다사30,in_age_073,499
2024,다사30,in_age_074,453
2024,다사30,in_age_075,263
2024,다사30,in_age_076,239
2024,다사30,in_age_077,215
2024,다사30,in_age_078,183
2024,다사30,in_age_079,73
2024,다사30,in_age_080,15
2024,다사30,in_age_081,0
2024,다사30,to_in_001,12401
2024,다사30,to_in_007,8566
2024,다사30,to_in_008,3838
2024,다사31,in_age_001,1508
2024,다사31,in_age_002,1786
2024,다사31,in_age_003,1863
2024,다사31,in_age_004,1485
2024,다사31,in_age_005,1842
2024,다사31,in_age_006,3057
2024,다사31,in_age_007,3723
2024,다사31,in_age_008,3431
2024,다사31,in_age_009,3698
2024,다사31,in_age_010,3221
2024,다사31,in_age_011,3530
2024,다사31,in_age_012,3914
2024,다사31,in_age_013,3763
2024,다사31,in_age_014,2745
2024,다사31,in_age_015,1680
2024,다사31,in_age_016,1222
2024,다사31,in_age_017,969
2024,다사31,in_age_018,634
2024,다사31,in_age_019,227
2024,다사31,in_age_020,56
2024,다사31,in_age_021,8
2024,다사31,in_age_031,781
2024,다사31,in_age_032,904
2024,다사31,in_age_033,982
2024,다사31,in_age_034,772
2024,다사31,in_age_035,1098
2024,다사31,in_age_036,1868
2024,다사31,in_age_037,2364
2024,다사31,in_age_038,2039
2024,다사31,in_age_039,2139
2024,다사31,in_age_040,1878
2024,다사31,in_age_041,1950
2024,다사31,in_age_042,2085
2024,다사31,in_age_043,1984
2024,다사31,in_age_044,1430
2024,다사31,in_age_045,859
2024,다사31,in_age_046,591
2024,다사31,in_age_047,400
2024,다사31,in_age_048,219
2024,다사31,in_age_049,55
2024,다사31,in_age_050,13
2024,다사31,in_age_061,725
2024,다사31,in_age_062,885
2024,다사31,in_age_063,879
2024,다사31,in_age_064,711
2024,다사31,in_age_065,742
2024,다사31,in_age_066,1187
2024,다사31,in_age_067,1357
2024,다사31,in_age_068,1390
2024,다사31,in_age_069,1557
2024,다사31,in_age_070,1341
2024,다사31,in_age_071,1578
2024,다사31,in_age_072,1832
2024,다사31,in_age_073,1782
2024,다사31,in_age_074,1318
2024,다사31,in_age_075,819
2024,다사31,in_age_076,634
2024,다사31,in_age_077,567
2024,다사31,in_age_078,413
2024,다사31,in_age_079,170
2024,다사31,in_age_080,46
2024,다사31,in_age_081,8
2024,다사31,to_in_001,44357
2024,다사31,to_in_007,24414
2024,다사31,to_in_008,19941
2024,다사32,in_age_001,12628
2024,다사32,in_age_002,17475
2024,다사32,in_age_003,19633
2024,다사32,in_age_004,20515
2024,다사32,in_age_005,26130
2024,다사32,in_age_006,33715
2024,다사32,in_age_007,38851
2024,다사32,in_age_008,39686
2024,다사32,in_age_009,42949
2024,다사32,in_age_010,41345
2024,다사32,in_age_011,47588
2024,다사32,in_age_012,44991
2024,다사32,in_age_013,38062
2024,다사32,in_age_014,24812
2024,다사32,in_age_015,12792
2024,다사32,in_age_016,7856
2024,다사32,in_age_017,5782
2024,다사32,in_age_018,3272
2024,다사32,in_age_019,1159
2024,다사32,in_age_020,253
2024,다사32,in_age_021,48
2024,다사32,in_age_031,6508
2024,다사32,in_age_032,8861
2024,다사32,in_age_033,9966
2024,다사32,in_age_034,10730
2024,다사32,in_age_035,15095
2024,다사32,in_age_036,19987
2024,다사32,in_age_037,23268
2024,다사32,in_age_038,23073
2024,다사32,in_age_039,24510
2024,다사32,in_age_040,22833
2024,다사32,in_age_041,25387
2024,다사32,in_age_042,23650
2024,다사32,in_age_043,20097
2024,다사32,in_age_044,12639
2024,다사32,in_age_045,5966
2024,다사32,in_age_046,3342
2024,다사32,in_age_047,2126
2024,다사32,in_age_048,949
2024,다사32,in_age_049,236
2024,다사32,in_age_050,38
2024,다사32,in_age_051,8
2024,다사32,in_age_061,6118
2024,다사32,in_age_062,8617
2024,다사32,in_age_063,9665
2024,다사32,in_age_064,9783
2024,다사32,in_age_065,11038
2024,다사32,in_age_066,13726
2024,다사32,in_age_067,15586
2024,다사32,in_age_068,16611
2024,다사32,in_age_069,18442
2024,다사32,in_age_070,18515
2024,다사32,in_age_071,22204
2024,다사32,in_age_072,21339
2024,다사32,in_age_073,17968
2024,다사32,in_age_074,12171
2024,다사32,in_age_075,6824
2024,다사32,in_age_076,4517
2024,다사32,in_age_077,3654
2024,다사32,in_age_078,2326
2024,다사32,in_age_079,926
2024,다사32,in_age_080,213
2024,다사32,in_age_081,38
2024,다사32,to_in_001,479552
2024,다사32,to_in_007,259269
2024,다사32,to_in_008,220281
2024,다사33,in_age_001,17289
2024,다사33,in_age_002,26383
2024,다사33,in_age_003,30749
2024,다사33,in_age_004,27715
2024,다사33,in_age_005,27332
2024,다사33,in_age_006,36609
2024,다사33,in_age_007,41731
2024,다사33,in_age_008,39713
2024,다사33,in_age_009,51850
2024,다사33,in_age_010,48076
2024,다사33,in_age_011,53066
2024,다사33,in_age_012,51451
2024,다사33,in_age_013,47756
2024,다사33,in_age_014,36243
2024,다사33,in_age_015,20864
2024,다사33,in_age_016,14755
2024,다사33,in_age_017,10988
2024,다사33,in_age_018,6419
2024,다사33,in_age_019,2439
2024,다사33,in_age_020,645
2024,다사33,in_age_021,83
2024,다사33,in_age_031,8768
2024,다사33,in_age_032,13502
2024,다사33,in_age_033,15811
2024,다사33,in_age_034,14146
2024,다사33,in_age_035,14651
2024,다사33,in_age_036,19035
2024,다사33,in_age_037,22201
2024,다사33,in_age_038,20505
2024,다사33,in_age_039,26421
2024,다사33,in_age_040,24666
2024,다사33,in_age_041,26648
2024,다사33,in_age_042,25253
2024,다사33,in_age_043,24208
2024,다사33,in_age_044,17763
2024,다사33,in_age_045,9957
2024,다사33,in_age_046,6597
2024,다사33,in_age_047,4038
2024,다사33,in_age_048,1839
2024,다사33,in_age_049,511
2024,다사33,in_age_050,98
2024,다사33,in_age_051,13
2024,다사33,in_age_061,8519
2024,다사33,in_age_062,12879
2024,다사33,in_age_063,14941
2024,다사33,in_age_064,13567
2024,다사33,in_age_065,12679
2024,다사33,in_age_066,17572
2024,다사33,in_age_067,19528
2024,다사33,in_age_068,19211
2024,다사33,in_age_069,25427
2024,다사33,in_age_070,23408
2024,다사33,in_age_071,26416
2024,다사33,in_age_072,26196
2024,다사33,in_age_073,23551
2024,다사33,in_age_074,18483
2024,다사33,in_age_075,10905
2024,다사33,in_age_076,8156
2024,다사33,in_age_077,6948
2024,다사33,in_age_078,4578
2024,다사33,in_age_079,1931
2024,다사33,in_age_080,545
2024,다사33,in_age_081,68
2024,다사33,to_in_001,592156
2024,다사33,to_in_007,296641
2024,다사33,to_in_008,295518
2024,다사34,in_age_001,32930
2024,다사34,in_age_002,44833
2024,다사34,in_age_003,54820
2024,다사34,in_age_004,58247
2024,다사34,in_age_005,71355
2024,다사34,in_age_006,100529
2024,다사34,in_age_007,109981
2024,다사34,in_age_008,96859
2024,다사34,in_age_009,108915
2024,다사34,in_age_010,104394
2024,다사34,in_age_011,128499
2024,다사34,in_age_012,135674
2024,다사34,in_age_013,141086
2024,다사34,in_age_014,111248
2024,다사34,in_age_015,64178
2024,다사34,in_age_016,43472
2024,다사34,in_age_017,30569
2024,다사34,in_age_018,17521
2024,다사34,in_age_019,6278
2024,다사34,in_age_020,1512
2024,다사34,in_age_021,203
2024,다사34,in_age_031,16853
2024,다사34,in_age_032,23004
2024,다사34,in_age_033,27971
2024,다사34,in_age_034,29558
2024,다사34,in_age_035,36302
2024,다사34,in_age_036,51258
2024,다사34,in_age_037,57459
2024,다사34,in_age_038,50734
2024,다사34,in_age_039,56180
2024,다사34,in_age_040,52469
2024,다사34,in_age_041,62844
2024,다사34,in_age_042,64183
2024,다사34,in_age_043,68353
2024,다사34,in_age_044,53745
2024,다사34,in_age_045,30426
2024,다사34,in_age_046,19617
2024,다사34,in_age_047,11696
2024,다사34,in_age_048,5274
2024,다사34,in_age_049,1417
2024,다사34,in_age_050,262
2024,다사34,in_age_051,33
2024,다사34,in_age_061,16080
2024,다사34,in_age_062,21827
2024,다사34,in_age_063,26852
2024,다사34,in_age_064,28687
2024,다사34,in_age_065,35051
2024,다사34,in_age_066,49274
2024,다사34,in_age_067,52520
2024,다사34,in_age_068,46128
2024,다사34,in_age_069,52738
2024,다사34,in_age_070,51923
2024,다사34,in_age_071,65653
2024,다사34,in_age_072,71494
2024,다사34,in_age_073,72736
2024,다사34,in_age_074,57501
2024,다사34,in_age_075,33755
2024,다사34,in_age_076,23858
2024,다사34,in_age_077,18871
2024,다사34,in_age_078,12250
2024,다사34,in_age_079,4864
2024,다사34,in_age_080,1253
2024,다사34,in_age_081,173
2024,다사34,to_in_001,1463108
2024,다사34,to_in_007,719633
2024,다사34,to_in_008,743478
2024,다사35,in_age_001,13564
2024,다사35,in_age_002,18083
2024,다사35,in_age_003,19137
2024,다사35,in_age_004,15011
2024,다사35,in_age_005,14855
2024,다사35,in_age_006,21773
2024,다사35,in_age_007,28203
2024,다사35,in_age_008,29323
2024,다사35,in_age_009,35410
2024,다사35,in_age_010,29593
2024,다사35,in_age_011,29800
2024,다사35,in_age_012,27687
2024,다사35,in_age_013,27113
2024,다사35,in_age_014,22912
2024,다사35,in_age_015,14662
2024,다사35,in_age_016,10626
2024,다사35,in_age_017,7135
2024,다사35,in_age_018,3793
2024,다사35,in_age_019,1287
2024,다사35,in_age_020,292
2024,다사35,in_age_021,38
2024,다사35,in_age_031,7003
2024,다사35,in_age_032,9262
2024,다사35,in_age_033,9810
2024,다사35,in_age_034,7669
2024,다사35,in_age_035,7661
2024,다사35,in_age_036,10618
2024,다사35,in_age_037,13936
2024,다사35,in_age_038,14746
2024,다사35,in_age_039,18121
2024,다사35,in_age_040,15093
2024,다사35,in_age_041,15151
2024,다사35,in_age_042,13339
2024,다사35,in_age_043,13179
2024,다사35,in_age_044,10874
2024,다사35,in_age_045,6949
2024,다사35,in_age_046,4945
2024,다사35,in_age_047,2886
2024,다사35,in_age_048,1305
2024,다사35,in_age_049,348
2024,다사35,in_age_050,48
2024,다사35,in_age_051,13
2024,다사35,in_age_061,6559
2024,다사35,in_age_062,8824
2024,다사35,in_age_063,9325
2024,다사35,in_age_064,7345
2024,다사35,in_age_065,7197
2024,다사35,in_age_066,11158
2024,다사35,in_age_067,14265
2024,다사35,in_age_068,14575
2024,다사35,in_age_069,17287
2024,다사35,in_age_070,14503
2024,다사35,in_age_071,14652
2024,다사35,in_age_072,14351
2024,다사35,in_age_073,13932
2024,다사35,in_age_074,12036
2024,다사35,in_age_075,7716
2024,다사35,in_age_076,5679
2024,다사35,in_age_077,4252
2024,다사35,in_age_078,2491
2024,다사35,in_age_079,937
2024,다사35,in_age_080,247
2024,다사35,in_age_081,28
2024,다사35,to_in_001,370297
2024,다사35,to_in_007,182946
2024,다사35,to_in_008,187349
2024,다사36,in_age_001,19492
2024,다사36,in_age_002,29646
2024,다사36,in_age_003,37442
2024,다사36,in_age_004,35998
2024,다사36,in_age_005,35382
2024,다사36,in_age_006,46751
2024,다사36,in_age_007,49316
2024,다사36,in_age_008,47243
2024,다사36,in_age_009,58511
2024,다사36,in_age_010,59806
2024,다사36,in_age_011,73532
2024,다사36,in_age_012,64923
2024,다사36,in_age_013,57167
2024,다사36,in_age_014,42302
2024,다사36,in_age_015,23393
2024,다사36,in_age_016,18802
2024,다사36,in_age_017,15728
2024,다사36,in_age_018,10036
2024,다사36,in_age_019,3587
2024,다사36,in_age_020,785
2024,다사36,in_age_021,93
2024,다사36,in_age_031,9895
2024,다사36,in_age_032,15216
2024,다사36,in_age_033,18977
2024,다사36,in_age_034,18300
2024,다사36,in_age_035,18242
2024,다사36,in_age_036,23210
2024,다사36,in_age_037,24468
2024,다사36,in_age_038,23592
2024,다사36,in_age_039,28623
2024,다사36,in_age_040,28514
2024,다사36,in_age_041,35130
2024,다사36,in_age_042,31283
2024,다사36,in_age_043,28058
2024,다사36,in_age_044,21097
2024,다사36,in_age_045,10957
2024,다사36,in_age_046,7808
2024,다사36,in_age_047,5906
2024,다사36,in_age_048,3367
2024,다사36,in_age_049,1007
2024,다사36,in_age_050,173
2024,다사36,in_age_051,23
2024,다사36,in_age_061,9600
2024,다사36,in_age_062,14433
2024,다사36,in_age_063,18463
2024,다사36,in_age_064,17701
2024,다사36,in_age_065,17143
2024,다사36,in_age_066,23539
2024,다사36,in_age_067,24846
2024,다사36,in_age_068,23649
2024,다사36,in_age_069,29891
2024,다사36,in_age_070,31290
2024,다사36,in_age_071,38400
2024,다사36,in_age_072,33643
2024,다사36,in_age_073,29107
2024,다사36,in_age_074,21203
2024,다사36,in_age_075,12439
2024,다사36,in_age_076,10992
2024,다사36,in_age_077,9825
2024,다사36,in_age_078,6667
2024,다사36,in_age_079,2583
2024,다사36,in_age_080,610
2024,다사36,in_age_081,68
2024,다사36,to_in_001,729935
2024,다사36,to_in_007,353851
2024,다사36,to_in_008,376087
2024,다사37,in_age_001,6769
2024,다사37,in_age_002,9479
2024,다사37,in_age_003,11168
2024,다사37,in_age_004,9494
2024,다사37,in_age_005,9519
2024,다사37,in_age_006,14828
2024,다사37,in_age_007,16944
2024,다사37,in_age_008,16395
2024,다사37,in_age_009,18576
2024,다사37,in_age_010,16718
2024,다사37,in_age_011,18975
2024,다사37,in_age_012,16903
2024,다사37,in_age_013,15294
2024,다사37,in_age_014,11785
2024,다사37,in_age_015,7317
2024,다사37,in_age_016,5927
2024,다사37,in_age_017,4732
2024,다사37,in_age_018,2763
2024,다사37,in_age_019,986
2024,다사37,in_age_020,210
2024,다사37,in_age_021,28
2024,다사37,in_age_031,3507
2024,다사37,in_age_032,4839
2024,다사37,in_age_033,5713
2024,다사37,in_age_034,4817
2024,다사37,in_age_035,5382
2024,다사37,in_age_036,8497
2024,다사37,in_age_037,8995
2024,다사37,in_age_038,9108
2024,다사37,in_age_039,9970
2024,다사37,in_age_040,8572
2024,다사37,in_age_041,9724
2024,다사37,in_age_042,8647
2024,다사37,in_age_043,7755
2024,다사37,in_age_044,5741
2024,다사37,in_age_045,3369
2024,다사37,in_age_046,2593
2024,다사37,in_age_047,1836
2024,다사37,in_age_048,923
2024,다사37,in_age_049,245
2024,다사37,in_age_050,33
2024,다사37,in_age_051,8
2024,다사37,in_age_061,3265
2024,다사37,in_age_062,4638
2024,다사37,in_age_063,5453
2024,다사37,in_age_064,4675
2024,다사37,in_age_065,4140
2024,다사37,in_age_066,6329
2024,다사37,in_age_067,7947
2024,다사37,in_age_068,7285
2024,다사37,in_age_069,8604
2024,다사37,in_age_070,8144
2024,다사37,in_age_071,9249
2024,다사37,in_age_072,8254
2024,다사37,in_age_073,7537
2024,다사37,in_age_074,6047
2024,다사37,in_age_075,3951
2024,다사37,in_age_076,3332
2024,다사37,in_age_077,2894
2024,다사37,in_age_078,1843
2024,다사37,in_age_079,739
2024,다사37,in_age_080,175
2024,다사37,in_age_081,23
2024,다사37,to_in_001,214805
2024,다사37,to_in_007,110269
2024,다사37,to_in_008,104534
2024,다사38,in_age_001,1509
2024,다사38,in_age_002,2426
2024,다사38,in_age_003,2908
2024,다사38,in_age_004,2461
2024,다사38,in_age_005,2584
2024,다사38,in_age_006,3672
2024,다사38,in_age_007,4156
2024,다사38,in_age_008,4049
2024,다사38,in_age_009,4769
2024,다사38,in_age_010,3984
2024,다사38,in_age_011,4582
2024,다사38,in_age_012,4170
2024,다사38,in_age_013,4360
2024,다사38,in_age_014,3596
2024,다사38,in_age_015,2236
2024,다사38,in_age_016,1996
2024,다사38,in_age_017,1743
2024,다사38,in_age_018,959
2024,다사38,in_age_019,331
2024,다사38,in_age_020,83
2024,다사38,in_age_021,13
2024,다사38,in_age_031,750
2024,다사38,in_age_032,1238
2024,다사38,in_age_033,1448
2024,다사38,in_age_034,1278
2024,다사38,in_age_035,1518
2024,다사38,in_age_036,2337
2024,다사38,in_age_037,2416
2024,다사38,in_age_038,2292
2024,다사38,in_age_039,2621
2024,다사38,in_age_040,2143
2024,다사38,in_age_041,2500
2024,다사38,in_age_042,2166
2024,다사38,in_age_043,2227
2024,다사38,in_age_044,1754
2024,다사38,in_age_045,1026
2024,다사38,in_age_046,891
2024,다사38,in_age_047,651
2024,다사38,in_age_048,312
2024,다사38,in_age_049,88
2024,다사38,in_age_050,18
2024,다사38,in_age_051,8
2024,다사38,in_age_061,757
2024,다사38,in_age_062,1186
2024,다사38,in_age_063,1458
2024,다사38,in_age_064,1181
2024,다사38,in_age_065,1064
2024,다사38,in_age_066,1333
2024,다사38,in_age_067,1743
2024,다사38,in_age_068,1755
2024,다사38,in_age_069,2146
2024,다사38,in_age_070,1844
2024,다사38,in_age_071,2080
2024,다사38,in_age_072,2007
2024,다사38,in_age_073,2131
2024,다사38,in_age_074,1845
2024,다사38,in_age_075,1208
2024,다사38,in_age_076,1103
2024,다사38,in_age_077,1095
2024,다사38,in_age_078,650
2024,다사38,in_age_079,241
2024,다사38,in_age_080,63
2024,다사38,in_age_081,8
2024,다사38,to_in_001,56582
2024,다사38,to_in_007,29682
2024,다사38,to_in_008,26903
2024,다사39,in_age_002,5
2024,다사39,in_age_003,8
2024,다사39,in_age_004,8
2024,다사39,in_age_005,13
2024,다사39,in_age_006,19
2024,다사39,in_age_007,8
2024,다사39,in_age_008,8
2024,다사39,in_age_009,8
2024,다사39,in_age_010,13
2024,다사39,in_age_011,38
2024,다사39,in_age_012,33
2024,다사39,in_age_013,38
2024,다사39,in_age_014,23
2024,다사39,in_age_015,28
2024,다사39,in_age_016,23
2024,다사39,in_age_017,28
2024,다사39,in_age_018,13
2024,다사39,in_age_019,5
2024,다사39,in_age_020,0
2024,다사39,in_age_032,5
2024,다사39,in_age_033,5
2024,다사39,in_age_034,5
2024,다사39,in_age_035,5
2024,다사39,in_age_036,14
2024,다사39,in_age_037,8
2024,다사39,in_age_038,8
2024,다사39,in_age_039,5
2024,다사39,in_age_040,8
2024,다사39,in_age_041,18
2024,다사39,in_age_042,23
2024,다사39,in_age_043,18
2024,다사39,in_age_044,18
2024,다사39,in_age_045,8
2024,다사39,in_age_046,13
2024,다사39,in_age_047,8
2024,다사39,in_age_048,8
2024,다사39,in_age_049,5
2024,다사39,in_age_050,0
2024,다사39,in_age_062,0
2024,다사39,in_age_063,8
2024,다사39,in_age_064,8
2024,다사39,in_age_065,8
2024,다사39,in_age_066,5
2024,다사39,in_age_067,5
2024,다사39,in_age_068,5
2024,다사39,in_age_069,5
2024,다사39,in_age_070,5
2024,다사39,in_age_071,18
2024,다사39,in_age_072,13
2024,다사39,in_age_073,18
2024,다사39,in_age_074,8
2024,다사39,in_age_075,18
2024,다사39,in_age_076,13
2024,다사39,in_age_077,18
2024,다사39,in_age_078,8
2024,다사39,in_age_079,0
2024,다사39,to_in_001,324
2024,다사39,to_in_007,169
2024,다사39,to_in_008,153
2024,다사40,in_age_001,3226
2024,다사40,in_age_002,4948
2024,다사40,in_age_003,6199
2024,다사40,in_age_004,5486
2024,다사40,in_age_005,5537
2024,다사40,in_age_006,8853
2024,다사40,in_age_007,10058
2024,다사40,in_age_008,9762
2024,다사40,in_age_009,11418
2024,다사40,in_age_010,10139
2024,다사40,in_age_011,9643
2024,다사40,in_age_012,7772
2024,다사40,in_age_013,6778
2024,다사40,in_age_014,4764
2024,다사40,in_age_015,2869
2024,다사40,in_age_016,1968
2024,다사40,in_age_017,1444
2024,다사40,in_age_018,944
2024,다사40,in_age_019,360
2024,다사40,in_age_020,68
2024,다사40,in_age_021,8
2024,다사40,in_age_031,1635
2024,다사40,in_age_032,2532
2024,다사40,in_age_033,3153
2024,다사40,in_age_034,2813
2024,다사40,in_age_035,3391
2024,다사40,in_age_036,5701
2024,다사40,in_age_037,6603
2024,다사40,in_age_038,5929
2024,다사40,in_age_039,6629
2024,다사40,in_age_040,5679
2024,다사40,in_age_041,5491
2024,다사40,in_age_042,4411
2024,다사40,in_age_043,3609
2024,다사40,in_age_044,2397
2024,다사40,in_age_045,1371
2024,다사40,in_age_046,922
2024,다사40,in_age_047,542
2024,다사40,in_age_048,294
2024,다사40,in_age_049,63
2024,다사40,in_age_050,18
2024,다사40,in_age_051,5
2024,다사40,in_age_061,1594
2024,다사40,in_age_062,2414
2024,다사40,in_age_063,3044
2024,다사40,in_age_064,2671
2024,다사40,in_age_065,2144
2024,다사40,in_age_066,3155
2024,다사40,in_age_067,3458
2024,다사40,in_age_068,3836
2024,다사40,in_age_069,4792
2024,다사40,in_age_070,4458
2024,다사40,in_age_071,4150
2024,다사40,in_age_072,3359
2024,다사40,in_age_073,3172
2024,다사40,in_age_074,2365
2024,다사40,in_age_075,1496
2024,다사40,in_age_076,1049
2024,다사40,in_age_077,905
2024,다사40,in_age_078,648
2024,다사40,in_age_079,300
2024,다사40,in_age_080,48
2024,다사40,in_age_081,8
2024,다사40,to_in_001,112244
2024,다사40,to_in_007,63176
2024,다사40,to_in_008,49066
2024,다사41,in_age_001,2573
2024,다사41,in_age_002,2457
2024,다사41,in_age_003,2410
2024,다사41,in_age_004,2132
2024,다사41,in_age_005,2681
2024,다사41,in_age_006,5365
2024,다사41,in_age_007,7042
2024,다사41,in_age_008,5807
2024,다사41,in_age_009,5558
2024,다사41,in_age_010,4320
2024,다사41,in_age_011,4637
2024,다사41,in_age_012,4712
2024,다사41,in_age_013,4504
2024,다사41,in_age_014,3436
2024,다사41,in_age_015,2036
2024,다사41,in_age_016,1363
2024,다사41,in_age_017,1015
2024,다사41,in_age_018,706
2024,다사41,in_age_019,274
2024,다사41,in_age_020,64
2024,다사41,in_age_021,8
2024,다사41,in_age_031,1307
2024,다사41,in_age_032,1235
2024,다사41,in_age_033,1225
2024,다사41,in_age_034,1127
2024,다사41,in_age_035,1570
2024,다사41,in_age_036,3422
2024,다사41,in_age_037,4258
2024,다사41,in_age_038,3443
2024,다사41,in_age_039,3240
2024,다사41,in_age_040,2427
2024,다사41,in_age_041,2541
2024,다사41,in_age_042,2464
2024,다사41,in_age_043,2345
2024,다사41,in_age_044,1839
2024,다사41,in_age_045,1088
2024,다사41,in_age_046,624
2024,다사41,in_age_047,409
2024,다사41,in_age_048,201
2024,다사41,in_age_049,58
2024,다사41,in_age_050,13
2024,다사41,in_age_051,5
2024,다사41,in_age_061,1264
2024,다사41,in_age_062,1220
2024,다사41,in_age_063,1183
2024,다사41,in_age_064,1008
2024,다사41,in_age_065,1114
2024,다사41,in_age_066,1941
2024,다사41,in_age_067,2782
2024,다사41,in_age_068,2367
2024,다사41,in_age_069,2316
2024,다사41,in_age_070,1896
2024,다사41,in_age_071,2099
2024,다사41,in_age_072,2251
2024,다사41,in_age_073,2157
2024,다사41,in_age_074,1595
2024,다사41,in_age_075,946
2024,다사41,in_age_076,737
2024,다사41,in_age_077,609
2024,다사41,in_age_078,508
2024,다사41,in_age_079,219
2024,다사41,in_age_080,49
2024,다사41,in_age_081,8
2024,다사41,to_in_001,63105
2024,다사41,to_in_007,34839
2024,다사41,to_in_008,28269
2024,다사42,in_age_001,12209
2024,다사42,in_age_002,17654
2024,다사42,in_age_003,23146
2024,다사42,in_age_004,25959
2024,다사42,in_age_005,36081
2024,다사42,in_age_006,42856
2024,다사42,in_age_007,41375
2024,다사42,in_age_008,34107
2024,다사42,in_age_009,39870
2024,다사42,in_age_010,41650
2024,다사42,in_age_011,53110
2024,다사42,in_age_012,53429
2024,다사42,in_age_013,48153
2024,다사42,in_age_014,33477
2024,다사42,in_age_015,18129
2024,다사42,in_age_016,12928
2024,다사42,in_age_017,10210
2024,다사42,in_age_018,6319
2024,다사42,in_age_019,2351
2024,다사42,in_age_020,550
2024,다사42,in_age_021,73
2024,다사42,in_age_031,6317
2024,다사42,in_age_032,8939
2024,다사42,in_age_033,11836
2024,다사42,in_age_034,13348
2024,다사42,in_age_035,18662
2024,다사42,in_age_036,22722
2024,다사42,in_age_037,22521
2024,다사42,in_age_038,18327
2024,다사42,in_age_039,20597
2024,다사42,in_age_040,20973
2024,다사42,in_age_041,26202
2024,다사42,in_age_042,26309
2024,다사42,in_age_043,24682
2024,다사42,in_age_044,16844
2024,다사42,in_age_045,8669
2024,다사42,in_age_046,5582
2024,다사42,in_age_047,3731
2024,다사42,in_age_048,1898
2024,다사42,in_age_049,598
2024,다사42,in_age_050,108
2024,다사42,in_age_051,8
2024,다사42,in_age_061,5890
2024,다사42,in_age_062,8718
2024,다사42,in_age_063,11308
2024,다사42,in_age_064,12614
2024,다사42,in_age_065,17417
2024,다사42,in_age_066,20132
2024,다사42,in_age_067,18852
2024,다사42,in_age_068,15778
2024,다사42,in_age_069,19271
2024,다사42,in_age_070,20680
2024,다사42,in_age_071,26906
2024,다사42,in_age_072,27118
2024,다사42,in_age_073,23474
2024,다사42,in_age_074,16631
2024,다사42,in_age_075,9458
2024,다사42,in_age_076,7344
2024,다사42,in_age_077,6482
2024,다사42,in_age_078,4419
2024,다사42,in_age_079,1756
2024,다사42,in_age_080,440
2024,다사42,in_age_081,63
2024,다사42,to_in_001,553636
2024,다사42,to_in_007,278888
2024,다사42,to_in_008,274751
2024,다사43,in_age_001,12150
2024,다사43,in_age_002,15314
2024,다사43,in_age_003,17889
2024,다사43,in_age_004,18925
2024,다사43,in_age_005,23462
2024,다사43,in_age_006,30256
2024,다사43,in_age_007,33853
2024,다사43,in_age_008,31228
2024,다사43,in_age_009,34768
2024,다사43,in_age_010,33034
2024,다사43,in_age_011,39796
2024,다사43,in_age_012,40663
2024,다사43,in_age_013,41518
2024,다사43,in_age_014,34983
2024,다사43,in_age_015,21830
2024,다사43,in_age_016,15496
2024,다사43,in_age_017,10833
2024,다사43,in_age_018,5909
2024,다사43,in_age_019,2089
2024,다사43,in_age_020,441
2024,다사43,in_age_021,78
2024,다사43,in_age_031,6133
2024,다사43,in_age_032,7829
2024,다사43,in_age_033,9166
2024,다사43,in_age_034,9622
2024,다사43,in_age_035,11803
2024,다사43,in_age_036,15680
2024,다사43,in_age_037,17810
2024,다사43,in_age_038,16278
2024,다사43,in_age_039,18064
2024,다사43,in_age_040,16748
2024,다사43,in_age_041,19672
2024,다사43,in_age_042,19721
2024,다사43,in_age_043,20222
2024,다사43,in_age_044,16847
2024,다사43,in_age_045,10482
2024,다사43,in_age_046,7028
2024,다사43,in_age_047,4374
2024,다사43,in_age_048,1921
2024,다사43,in_age_049,504
2024,다사43,in_age_050,83
2024,다사43,in_age_051,8
2024,다사43,in_age_061,6020
2024,다사43,in_age_062,7483
2024,다사43,in_age_063,8721
2024,다사43,in_age_064,9306
2024,다사43,in_age_065,11657
2024,다사43,in_age_066,14574
2024,다사43,in_age_067,16041
2024,다사43,in_age_068,14948
2024,다사43,in_age_069,16707
2024,다사43,in_age_070,16284
2024,다사43,in_age_071,20122
2024,다사43,in_age_072,20945
2024,다사43,in_age_073,21294
2024,다사43,in_age_074,18134
2024,다사43,in_age_075,11346
2024,다사43,in_age_076,8466
2024,다사43,in_age_077,6457
2024,다사43,in_age_078,3991
2024,다사43,in_age_079,1588
2024,다사43,in_age_080,356
2024,다사43,in_age_081,68
2024,다사43,to_in_001,464515
2024,다사43,to_in_007,229995
2024,다사43,to_in_008,234523
2024,다사44,in_age_001,44566
2024,다사44,in_age_002,59318
2024,다사44,in_age_003,73824
2024,다사44,in_age_004,76487
2024,다사44,in_age_005,104849
2024,다사44,in_age_006,183032
2024,다사44,in_age_007,189670
2024,다사44,in_age_008,150743
2024,다사44,in_age_009,159564
2024,다사44,in_age_010,152171
2024,다사44,in_age_011,178101
2024,다사44,in_age_012,171184
2024,다사44,in_age_013,172090
2024,다사44,in_age_014,150239
2024,다사44,in_age_015,101085
2024,다사44,in_age_016,73753
2024,다사44,in_age_017,49011
2024,다사44,in_age_018,24024
2024,다사44,in_age_019,7649
2024,다사44,in_age_020,1609
2024,다사44,in_age_021,248
2024,다사44,in_age_031,22838
2024,다사44,in_age_032,30360
2024,다사44,in_age_033,37948
2024,다사44,in_age_034,39217
2024,다사44,in_age_035,49384
2024,다사44,in_age_036,87102
2024,다사44,in_age_037,98316
2024,다사44,in_age_038,79181
2024,다사44,in_age_039,82364
2024,다사44,in_age_040,77078
2024,다사44,in_age_041,89797
2024,다사44,in_age_042,84566
2024,다사44,in_age_043,83697
2024,다사44,in_age_044,70436
2024,다사44,in_age_045,46629
2024,다사44,in_age_046,33284
2024,다사44,in_age_047,20801
2024,다사44,in_age_048,8816
2024,다사44,in_age_049,2092
2024,다사44,in_age_050,368
2024,다사44,in_age_051,43
2024,다사44,in_age_061,21731
2024,다사44,in_age_062,28956
2024,다사44,in_age_063,35874
2024,다사44,in_age_064,37268
2024,다사44,in_age_065,55463
2024,다사44,in_age_066,95928
2024,다사44,in_age_067,91357
2024,다사44,in_age_068,71560
2024,다사44,in_age_069,77198
2024,다사44,in_age_070,75091
2024,다사44,in_age_071,88307
2024,다사44,in_age_072,86616
2024,다사44,in_age_073,88391
2024,다사44,in_age_074,79801
2024,다사44,in_age_075,54459
2024,다사44,in_age_076,40472
2024,다사44,in_age_077,28208
2024,다사44,in_age_078,15206
2024,다사44,in_age_079,5560
2024,다사44,in_age_080,1239
2024,다사44,in_age_081,203
2024,다사44,to_in_001,2123202
2024,다사44,to_in_007,1044312
2024,다사44,to_in_008,1078888
2024,다사45,in_age_001,27375
2024,다사45,in_age_002,35885
2024,다사45,in_age_003,43578
2024,다사45,in_age_004,46214
2024,다사45,in_age_005,69833
2024,다사45,in_age_006,102155
2024,다사45,in_age_007,106184
2024,다사45,in_age_008,85220
2024,다사45,in_age_009,91989
2024,다사45,in_age_010,86495
2024,다사45,in_age_011,100983
2024,다사45,in_age_012,91008
2024,다사45,in_age_013,88707
2024,다사45,in_age_014,77578
2024,다사45,in_age_015,51737
2024,다사45,in_age_016,41470
2024,다사45,in_age_017,30291
2024,다사45,in_age_018,16003
2024,다사45,in_age_019,5064
2024,다사45,in_age_020,1132
2024,다사45,in_age_021,158
2024,다사45,in_age_031,14073
2024,다사45,in_age_032,18416
2024,다사45,in_age_033,22198
2024,다사45,in_age_034,23061
2024,다사45,in_age_035,31366
2024,다사45,in_age_036,45652
2024,다사45,in_age_037,51079
2024,다사45,in_age_038,41925
2024,다사45,in_age_039,45613
2024,다사45,in_age_040,42274
2024,다사45,in_age_041,49188
2024,다사45,in_age_042,43704
2024,다사45,in_age_043,42007
2024,다사45,in_age_044,36276
2024,다사45,in_age_045,23064
2024,다사45,in_age_046,17723
2024,다사45,in_age_047,12265
2024,다사45,in_age_048,5608
2024,다사45,in_age_049,1423
2024,다사45,in_age_050,249
2024,다사45,in_age_051,38
2024,다사45,in_age_061,13305
2024,다사45,in_age_062,17467
2024,다사45,in_age_063,21383
2024,다사45,in_age_064,23151
2024,다사45,in_age_065,38465
2024,다사45,in_age_066,56506
2024,다사45,in_age_067,55103
2024,다사45,in_age_068,43298
2024,다사45,in_age_069,46374
2024,다사45,in_age_070,44219
2024,다사45,in_age_071,51793
2024,다사45,in_age_072,47302
2024,다사45,in_age_073,46698
2024,다사45,in_age_074,41300
2024,다사45,in_age_075,28671
2024,다사45,in_age_076,23750
2024,다사45,in_age_077,18024
2024,다사45,in_age_078,10393
2024,다사45,in_age_079,3639
2024,다사45,in_age_080,881
2024,다사45,in_age_081,118
2024,다사45,to_in_001,1199044
2024,다사45,to_in_007,567202
2024,다사45,to_in_008,631845
2024,다사46,in_age_001,8317
2024,다사46,in_age_002,10537
2024,다사46,in_age_003,11745
2024,다사46,in_age_004,11064
2024,다사46,in_age_005,12411
2024,다사46,in_age_006,17512
2024,다사46,in_age_007,21059
2024,다사46,in_age_008,19852
2024,다사46,in_age_009,22508
2024,다사46,in_age_010,20795
2024,다사46,in_age_011,24518
2024,다사46,in_age_012,23523
2024,다사46,in_age_013,23044
2024,다사46,in_age_014,19278
2024,다사46,in_age_015,12005
2024,다사46,in_age_016,9561
2024,다사46,in_age_017,7671
2024,다사46,in_age_018,4495
2024,다사46,in_age_019,1621
2024,다사46,in_age_020,375
2024,다사46,in_age_021,53
2024,다사46,in_age_031,4188
2024,다사46,in_age_032,5359
2024,다사46,in_age_033,5969
2024,다사46,in_age_034,5604
2024,다사46,in_age_035,6409
2024,다사46,in_age_036,8560
2024,다사46,in_age_037,10495
2024,다사46,in_age_038,9991
2024,다사46,in_age_039,11492
2024,다사46,in_age_040,10367
2024,다사46,in_age_041,12131
2024,다사46,in_age_042,11524
2024,다사46,in_age_043,11370
2024,다사46,in_age_044,9174
2024,다사46,in_age_045,5649
2024,다사46,in_age_046,4123
2024,다사46,in_age_047,3026
2024,다사46,in_age_048,1456
2024,다사46,in_age_049,430
2024,다사46,in_age_050,58
2024,다사46,in_age_051,18
2024,다사46,in_age_061,4132
2024,다사46,in_age_062,5176
2024,다사46,in_age_063,5774
2024,다사46,in_age_064,5463
2024,다사46,in_age_065,6005
2024,다사46,in_age_066,8950
2024,다사46,in_age_067,10567
2024,다사46,in_age_068,9864
2024,다사46,in_age_069,11019
2024,다사46,in_age_070,10431
2024,다사46,in_age_071,12385
2024,다사46,in_age_072,12002
2024,다사46,in_age_073,11672
2024,다사46,in_age_074,10107
2024,다사46,in_age_075,6354
2024,다사46,in_age_076,5441
2024,다사46,in_age_077,4643
2024,다사46,in_age_078,3037
2024,다사46,in_age_079,1189
2024,다사46,in_age_080,315
2024,다사46,in_age_081,38
2024,다사46,to_in_001,281949
2024,다사46,to_in_007,137393
2024,다사46,to_in_008,144559
2024,다사47,in_age_001,268
2024,다사47,in_age_002,394
2024,다사47,in_age_003,506
2024,다사47,in_age_004,1081
2024,다사47,in_age_005,1151
2024,다사47,in_age_006,1907
2024,다사47,in_age_007,1963
2024,다사47,in_age_008,1515
2024,다사47,in_age_009,1477
2024,다사47,in_age_010,1357
2024,다사47,in_age_011,1825
2024,다사47,in_age_012,2146
2024,다사47,in_age_013,2405
2024,다사47,in_age_014,2154
2024,다사47,in_age_015,1331
2024,다사47,in_age_016,1040
2024,다사47,in_age_017,869
2024,다사47,in_age_018,562
2024,다사47,in_age_019,238
2024,다사47,in_age_020,68
2024,다사47,in_age_021,8
2024,다사47,in_age_031,128
2024,다사47,in_age_032,195
2024,다사47,in_age_033,269
2024,다사47,in_age_034,549
2024,다사47,in_age_035,823
2024,다사47,in_age_036,1416
2024,다사47,in_age_037,1443
2024,다사47,in_age_038,1096
2024,다사47,in_age_039,959
2024,다사47,in_age_040,796
2024,다사47,in_age_041,1099
2024,다사47,in_age_042,1153
2024,다사47,in_age_043,1311
2024,다사47,in_age_044,1108
2024,다사47,in_age_045,673
2024,다사47,in_age_046,511
2024,다사47,in_age_047,346
2024,다사47,in_age_048,176
2024,다사47,in_age_049,48
2024,다사47,in_age_050,13
2024,다사47,in_age_051,0
2024,다사47,in_age_061,143
2024,다사47,in_age_062,197
2024,다사47,in_age_063,240
2024,다사47,in_age_064,535
2024,다사47,in_age_065,326
2024,다사47,in_age_066,489
2024,다사47,in_age_067,518
2024,다사47,in_age_068,422
2024,다사47,in_age_069,516
2024,다사47,in_age_070,559
2024,다사47,in_age_071,724
2024,다사47,in_age_072,991
2024,다사47,in_age_073,1092
2024,다사47,in_age_074,1049
2024,다사47,in_age_075,656
2024,다사47,in_age_076,532
2024,다사47,in_age_077,526
2024,다사47,in_age_078,384
2024,다사47,in_age_079,188
2024,다사47,in_age_080,58
2024,다사47,in_age_081,8
2024,다사47,to_in_001,24260
2024,다사47,to_in_007,14105
2024,다사47,to_in_008,10153
2024,다사48,in_age_001,213
2024,다사48,in_age_002,242
2024,다사48,in_age_003,383
2024,다사48,in_age_004,472
2024,다사48,in_age_005,714
2024,다사48,in_age_006,1291
2024,다사48,in_age_007,1224
2024,다사48,in_age_008,982
2024,다사48,in_age_009,994
2024,다사48,in_age_010,1011
2024,다사48,in_age_011,1429
2024,다사48,in_age_012,1693
2024,다사48,in_age_013,1955
2024,다사48,in_age_014,1775
2024,다사48,in_age_015,1101
2024,다사48,in_age_016,961
2024,다사48,in_age_017,733
2024,다사48,in_age_018,445
2024,다사48,in_age_019,142
2024,다사48,in_age_020,33
2024,다사48,in_age_021,5
2024,다사48,in_age_031,113
2024,다사48,in_age_032,132
2024,다사48,in_age_033,198
2024,다사48,in_age_034,262
2024,다사48,in_age_035,440
2024,다사48,in_age_036,908
2024,다사48,in_age_037,834
2024,다사48,in_age_038,655
2024,다사48,in_age_039,633
2024,다사48,in_age_040,573
2024,다사48,in_age_041,849
2024,다사48,in_age_042,910
2024,다사48,in_age_043,1007
2024,다사48,in_age_044,928
2024,다사48,in_age_045,549
2024,다사48,in_age_046,435
2024,다사48,in_age_047,284
2024,다사48,in_age_048,154
2024,다사48,in_age_049,43
2024,다사48,in_age_050,8
2024,다사48,in_age_061,103
2024,다사48,in_age_062,108
2024,다사48,in_age_063,183
2024,다사48,in_age_064,208
2024,다사48,in_age_065,277
2024,다사48,in_age_066,381
2024,다사48,in_age_067,388
2024,다사48,in_age_068,325
2024,다사48,in_age_069,364
2024,다사48,in_age_070,436
2024,다사48,in_age_071,583
2024,다사48,in_age_072,781
2024,다사48,in_age_073,946
2024,다사48,in_age_074,845
2024,다사48,in_age_075,550
2024,다사48,in_age_076,529
2024,다사48,in_age_077,452
2024,다사48,in_age_078,289
2024,다사48,in_age_079,97
2024,다사48,in_age_080,28
2024,다사48,in_age_081,5
2024,다사48,to_in_001,17786
2024,다사48,to_in_007,9908
2024,다사48,to_in_008,7881
2024,다사49,in_age_001,200
2024,다사49,in_age_002,196
2024,다사49,in_age_003,222
2024,다사49,in_age_004,224
2024,다사49,in_age_005,365
2024,다사49,in_age_006,681
2024,다사49,in_age_007,755
2024,다사49,in_age_008,531
2024,다사49,in_age_009,412
2024,다사49,in_age_010,431
2024,다사49,in_age_011,610
2024,다사49,in_age_012,798
2024,다사49,in_age_013,1036
2024,다사49,in_age_014,949
2024,다사49,in_age_015,589
2024,다사49,in_age_016,567
2024,다사49,in_age_017,495
2024,다사49,in_age_018,320
2024,다사49,in_age_019,72
2024,다사49,in_age_020,13
2024,다사49,in_age_021,5
2024,다사49,in_age_031,106
2024,다사49,in_age_032,93
2024,다사49,in_age_033,119
2024,다사49,in_age_034,119
2024,다사49,in_age_035,260
2024,다사49,in_age_036,494
2024,다사49,in_age_037,512
2024,다사49,in_age_038,343
2024,다사49,in_age_039,249
2024,다사49,in_age_040,238
2024,다사49,in_age_041,341
2024,다사49,in_age_042,426
2024,다사49,in_age_043,562
2024,다사49,in_age_044,494
2024,다사49,in_age_045,274
2024,다사49,in_age_046,264
2024,다사49,in_age_047,204
2024,다사49,in_age_048,108
2024,다사49,in_age_049,28
2024,다사49,in_age_051,0
2024,다사49,in_age_061,92
2024,다사49,in_age_062,106
2024,다사49,in_age_063,101
2024,다사49,in_age_064,108
2024,다사49,in_age_065,103
2024,다사49,in_age_066,190
2024,다사49,in_age_067,246
2024,다사49,in_age_068,191
2024,다사49,in_age_069,166
2024,다사49,in_age_070,191
2024,다사49,in_age_071,267
2024,다사49,in_age_072,375
2024,다사49,in_age_073,472
2024,다사49,in_age_074,458
2024,다사49,in_age_075,318
2024,다사49,in_age_076,306
2024,다사49,in_age_077,294
2024,다사49,in_age_078,210
2024,다사49,in_age_079,47
2024,다사49,in_age_080,13
2024,다사49,in_age_081,5
2024,다사49,to_in_001,9484
2024,다사49,to_in_007,5230
2024,다사49,to_in_008,4252
2024,다사50,in_age_001,1876
2024,다사50,in_age_002,2724
2024,다사50,in_age_003,3554
2024,다사50,in_age_004,3137
2024,다사50,in_age_005,3411
2024,다사50,in_age_006,5453
2024,다사50,in_age_007,6631
2024,다사50,in_age_008,6043
2024,다사50,in_age_009,6761
2024,다사50,in_age_010,5813
2024,다사50,in_age_011,5662
2024,다사50,in_age_012,5142
2024,다사50,in_age_013,4956
2024,다사50,in_age_014,3928
2024,다사50,in_age_015,2486
2024,다사50,in_age_016,1866
2024,다사50,in_age_017,1395
2024,다사50,in_age_018,949
2024,다사50,in_age_019,353
2024,다사50,in_age_020,84
2024,다사50,in_age_021,8
2024,다사50,in_age_031,954
2024,다사50,in_age_032,1432
2024,다사50,in_age_033,1850
2024,다사50,in_age_034,1630
2024,다사50,in_age_035,2111
2024,다사50,in_age_036,3566
2024,다사50,in_age_037,4306
2024,다사50,in_age_038,3721
2024,다사50,in_age_039,3940
2024,다사50,in_age_040,3243
2024,다사50,in_age_041,3137
2024,다사50,in_age_042,2702
2024,다사50,in_age_043,2554
2024,다사50,in_age_044,1995
2024,다사50,in_age_045,1178
2024,다사50,in_age_046,862
2024,다사50,in_age_047,530
2024,다사50,in_age_048,298
2024,다사50,in_age_049,78
2024,다사50,in_age_050,13
2024,다사50,in_age_051,0
2024,다사50,in_age_061,920
2024,다사50,in_age_062,1290
2024,다사50,in_age_063,1702
2024,다사50,in_age_064,1510
2024,다사50,in_age_065,1298
2024,다사50,in_age_066,1885
2024,다사50,in_age_067,2323
2024,다사50,in_age_068,2320
2024,다사50,in_age_069,2824
2024,다사50,in_age_070,2573
2024,다사50,in_age_071,2523
2024,다사50,in_age_072,2438
2024,다사50,in_age_073,2405
2024,다사50,in_age_074,1936
2024,다사50,in_age_075,1306
2024,다사50,in_age_076,1002
2024,다사50,in_age_077,863
2024,다사50,in_age_078,654
2024,다사50,in_age_079,273
2024,다사50,in_age_080,69
2024,다사50,in_age_081,8
2024,다사50,to_in_001,72227
2024,다사50,to_in_007,40108
2024,다사50,to_in_008,32117
2024,다사51,in_age_001,24281
2024,다사51,in_age_002,31789
2024,다사51,in_age_003,35325
2024,다사51,in_age_004,33868
2024,다사51,in_age_005,44410
2024,다사51,in_age_006,61924
2024,다사51,in_age_007,67349
2024,다사51,in_age_008,60850
2024,다사51,in_age_009,68289
2024,다사51,in_age_010,62099
2024,다사51,in_age_011,67059
2024,다사51,in_age_012,62032
2024,다사51,in_age_013,55711
2024,다사51,in_age_014,41477
2024,다사51,in_age_015,24597
2024,다사51,in_age_016,17255
2024,다사51,in_age_017,11927
2024,다사51,in_age_018,6479
2024,다사51,in_age_019,2231
2024,다사51,in_age_020,485
2024,다사51,in_age_021,68
2024,다사51,in_age_031,12484
2024,다사51,in_age_032,16361
2024,다사51,in_age_033,17908
2024,다사51,in_age_034,17154
2024,다사51,in_age_035,22422
2024,다사51,in_age_036,32663
2024,다사51,in_age_037,36799
2024,다사51,in_age_038,32339
2024,다사51,in_age_039,35979
2024,다사51,in_age_040,32264
2024,다사51,in_age_041,34185
2024,다사51,in_age_042,30723
2024,다사51,in_age_043,27965
2024,다사51,in_age_044,20149
2024,다사51,in_age_045,11516
2024,다사51,in_age_046,7727
2024,다사51,in_age_047,4650
2024,다사51,in_age_048,2071
2024,다사51,in_age_049,535
2024,다사51,in_age_050,88
2024,다사51,in_age_051,8
2024,다사51,in_age_061,11800
2024,다사51,in_age_062,15426
2024,다사51,in_age_063,17420
2024,다사51,in_age_064,16717
2024,다사51,in_age_065,21986
2024,다사51,in_age_066,29259
2024,다사51,in_age_067,30553
2024,다사51,in_age_068,28509
2024,다사51,in_age_069,32308
2024,다사51,in_age_070,29838
2024,다사51,in_age_071,32872
2024,다사51,in_age_072,31312
2024,다사51,in_age_073,27744
2024,다사51,in_age_074,21326
2024,다사51,in_age_075,13084
2024,다사51,in_age_076,9531
2024,다사51,in_age_077,7275
2024,다사51,in_age_078,4406
2024,다사51,in_age_079,1694
2024,다사51,in_age_080,400
2024,다사51,in_age_081,63
2024,다사51,to_in_001,779520
2024,다사51,to_in_007,395990
2024,다사51,to_in_008,383528
2024,다사52,in_age_001,15236
2024,다사52,in_age_002,19572
2024,다사52,in_age_003,25137
2024,다사52,in_age_004,30645
2024,다사52,in_age_005,41936
2024,다사52,in_age_006,49931
2024,다사52,in_age_007,49506
2024,다사52,in_age_008,39957
2024,다사52,in_age_009,44321
2024,다사52,in_age_010,45799
2024,다사52,in_age_011,57200
2024,다사52,in_age_012,57242
2024,다사52,in_age_013,54666
2024,다사52,in_age_014,42080
2024,다사52,in_age_015,25337
2024,다사52,in_age_016,18318
2024,다사52,in_age_017,13412
2024,다사52,in_age_018,7715
2024,다사52,in_age_019,2697
2024,다사52,in_age_020,643
2024,다사52,in_age_021,78
2024,다사52,in_age_031,7756
2024,다사52,in_age_032,10067
2024,다사52,in_age_033,13093
2024,다사52,in_age_034,15841
2024,다사52,in_age_035,22180
2024,다사52,in_age_036,26748
2024,다사52,in_age_037,26576
2024,다사52,in_age_038,21264
2024,다사52,in_age_039,22885
2024,다사52,in_age_040,22837
2024,다사52,in_age_041,28206
2024,다사52,in_age_042,27896
2024,다사52,in_age_043,27081
2024,다사52,in_age_044,20577
2024,다사52,in_age_045,11978
2024,다사52,in_age_046,8157
2024,다사52,in_age_047,5293
2024,다사52,in_age_048,2560
2024,다사52,in_age_049,650
2024,다사52,in_age_050,125
2024,다사52,in_age_051,18
2024,다사52,in_age_061,7483
2024,다사52,in_age_062,9508
2024,다사52,in_age_063,12042
2024,다사52,in_age_064,14802
2024,다사52,in_age_065,19754
2024,다사52,in_age_066,23181
2024,다사52,in_age_067,22933
2024,다사52,in_age_068,18691
2024,다사52,in_age_069,21434
2024,다사52,in_age_070,22965
2024,다사52,in_age_071,28992
2024,다사52,in_age_072,29344
2024,다사52,in_age_073,27588
2024,다사52,in_age_074,21506
2024,다사52,in_age_075,13357
2024,다사52,in_age_076,10159
2024,다사52,in_age_077,8122
2024,다사52,in_age_078,5153
2024,다사52,in_age_079,2045
2024,다사52,in_age_080,516
2024,다사52,in_age_081,63
2024,다사52,to_in_001,641433
2024,다사52,to_in_007,321788
2024,다사52,to_in_008,319643
2024,다사53,in_age_001,15271
2024,다사53,in_age_002,19737
2024,다사53,in_age_003,22778
2024,다사53,in_age_004,21281
2024,다사53,in_age_005,22521
2024,다사53,in_age_006,30856
2024,다사53,in_age_007,36091
2024,다사53,in_age_008,34384
2024,다사53,in_age_009,37767
2024,다사53,in_age_010,35273
2024,다사53,in_age_011,41892
2024,다사53,in_age_012,40424
2024,다사53,in_age_013,39225
2024,다사53,in_age_014,30881
2024,다사53,in_age_015,17539
2024,다사53,in_age_016,11884
2024,다사53,in_age_017,8420
2024,다사53,in_age_018,4984
2024,다사53,in_age_019,1954
2024,다사53,in_age_020,450
2024,다사53,in_age_021,43
2024,다사53,in_age_031,7865
2024,다사53,in_age_032,10127
2024,다사53,in_age_033,11667
2024,다사53,in_age_034,10868
2024,다사53,in_age_035,11669
2024,다사53,in_age_036,15865
2024,다사53,in_age_037,18458
2024,다사53,in_age_038,17410
2024,다사53,in_age_039,18827
2024,다사53,in_age_040,17047
2024,다사53,in_age_041,20035
2024,다사53,in_age_042,19380
2024,다사53,in_age_043,18730
2024,다사53,in_age_044,15076
2024,다사53,in_age_045,8568
2024,다사53,in_age_046,5298
2024,다사53,in_age_047,3293
2024,다사53,in_age_048,1625
2024,다사53,in_age_049,476
2024,다사53,in_age_050,93
2024,다사53,in_age_051,8
2024,다사53,in_age_061,7404
2024,다사53,in_age_062,9613
2024,다사53,in_age_063,11114
2024,다사53,in_age_064,10416
2024,다사53,in_age_065,10855
2024,다사53,in_age_066,14989
2024,다사53,in_age_067,17631
2024,다사53,in_age_068,16972
2024,다사53,in_age_069,18938
2024,다사53,in_age_070,18224
2024,다사53,in_age_071,21860
2024,다사53,in_age_072,21042
2024,다사53,in_age_073,20498
2024,다사53,in_age_074,15808
2024,다사53,in_age_075,8969
2024,다사53,in_age_076,6584
2024,다사53,in_age_077,5125
2024,다사53,in_age_078,3357
2024,다사53,in_age_079,1481
2024,다사53,in_age_080,360
2024,다사53,in_age_081,33
2024,다사53,to_in_001,473660
2024,다사53,to_in_007,232390
2024,다사53,to_in_008,241268
2024,다사54,in_age_001,31142
2024,다사54,in_age_002,40878
2024,다사54,in_age_003,49386
2024,다사54,in_age_004,53685
2024,다사54,in_age_005,89143
2024,다사54,in_age_006,136214
2024,다사54,in_age_007,133242
2024,다사54,in_age_008,104504
2024,다사54,in_age_009,110701
2024,다사54,in_age_010,101629
2024,다사54,in_age_011,113466
2024,다사54,in_age_012,98192
2024,다사54,in_age_013,91598
2024,다사54,in_age_014,82512
2024,다사54,in_age_015,58815
2024,다사54,in_age_016,47375
2024,다사54,in_age_017,32508
2024,다사54,in_age_018,16111
2024,다사54,in_age_019,5169
2024,다사54,in_age_020,1187
2024,다사54,in_age_021,178
2024,다사54,in_age_031,15824
2024,다사54,in_age_032,20842
2024,다사54,in_age_033,25143
2024,다사54,in_age_034,26713
2024,다사54,in_age_035,40243
2024,다사54,in_age_036,64175
2024,다사54,in_age_037,67219
2024,다사54,in_age_038,51710
2024,다사54,in_age_039,54610
2024,다사54,in_age_040,49743
2024,다사54,in_age_041,56047
2024,다사54,in_age_042,48088
2024,다사54,in_age_043,43722
2024,다사54,in_age_044,37689
2024,다사54,in_age_045,26403
2024,다사54,in_age_046,20720
2024,다사54,in_age_047,14396
2024,다사54,in_age_048,6430
2024,다사54,in_age_049,1682
2024,다사54,in_age_050,328
2024,다사54,in_age_051,53
2024,다사54,in_age_061,15316
2024,다사54,in_age_062,20034
2024,다사54,in_age_063,24246
2024,다사54,in_age_064,26975
2024,다사54,in_age_065,48898
2024,다사54,in_age_066,72037
2024,다사54,in_age_067,66026
2024,다사54,in_age_068,52792
2024,다사54,in_age_069,56089
2024,다사54,in_age_070,51884
2024,다사54,in_age_071,57417
2024,다사54,in_age_072,50107
2024,다사54,in_age_073,47879
2024,다사54,in_age_074,44826
2024,다사54,in_age_075,32410
2024,다사54,in_age_076,26653
2024,다사54,in_age_077,18110
2024,다사54,in_age_078,9684
2024,다사54,in_age_079,3485
2024,다사54,in_age_080,857
2024,다사54,in_age_081,123
2024,다사54,to_in_001,1397635
2024,다사54,to_in_007,671780
2024,다사54,to_in_008,725858
2024,다사55,in_age_001,29993
2024,다사55,in_age_002,37262
2024,다사55,in_age_003,42563
2024,다사55,in_age_004,55641
2024,다사55,in_age_005,113974
2024,다사55,in_age_006,121805
2024,다사55,in_age_007,110624
2024,다사55,in_age_008,92942
2024,다사55,in_age_009,99009
2024,다사55,in_age_010,91999
2024,다사55,in_age_011,114645
2024,다사55,in_age_012,107726
2024,다사55,in_age_013,104453
2024,다사55,in_age_014,91874
2024,다사55,in_age_015,62710
2024,다사55,in_age_016,50872
2024,다사55,in_age_017,39201
2024,다사55,in_age_018,20180
2024,다사55,in_age_019,6149
2024,다사55,in_age_020,1433
2024,다사55,in_age_021,203
2024,다사55,in_age_031,15384
2024,다사55,in_age_032,18954
2024,다사55,in_age_033,21564
2024,다사55,in_age_034,26152
2024,다사55,in_age_035,46304
2024,다사55,in_age_036,56704
2024,다사55,in_age_037,55022
2024,다사55,in_age_038,46481
2024,다사55,in_age_039,49951
2024,다사55,in_age_040,45367
2024,다사55,in_age_041,55969
2024,다사55,in_age_042,52363
2024,다사55,in_age_043,50357
2024,다사55,in_age_044,43364
2024,다사55,in_age_045,28338
2024,다사55,in_age_046,21335
2024,다사55,in_age_047,15884
2024,다사55,in_age_048,7220
2024,다사55,in_age_049,1804
2024,다사55,in_age_050,356
2024,다사55,in_age_051,53
2024,다사55,in_age_061,14607
2024,다사55,in_age_062,18306
2024,다사55,in_age_063,21002
2024,다사55,in_age_064,29487
2024,다사55,in_age_065,67668
2024,다사55,in_age_066,65099
2024,다사55,in_age_067,55600
2024,다사55,in_age_068,46464
2024,다사55,in_age_069,49061
2024,다사55,in_age_070,46630
2024,다사55,in_age_071,58674
2024,다사55,in_age_072,55361
2024,다사55,in_age_073,54094
2024,다사55,in_age_074,48508
2024,다사55,in_age_075,34370
2024,다사55,in_age_076,29535
2024,다사55,in_age_077,23320
2024,다사55,in_age_078,12958
2024,다사55,in_age_079,4343
2024,다사55,in_age_080,1080
2024,다사55,in_age_081,148
2024,다사55,to_in_001,1395258
2024,다사55,to_in_007,658931
2024,다사55,to_in_008,736330
2024,다사56,in_age_001,5318
2024,다사56,in_age_002,7970
2024,다사56,in_age_003,10561
2024,다사56,in_age_004,12504
2024,다사56,in_age_005,19053
2024,다사56,in_age_006,23336
2024,다사56,in_age_007,22454
2024,다사56,in_age_008,18345
2024,다사56,in_age_009,21687
2024,다사56,in_age_010,22159
2024,다사56,in_age_011,29335
2024,다사56,in_age_012,30066
2024,다사56,in_age_013,31120
2024,다사56,in_age_014,29040
2024,다사56,in_age_015,19686
2024,다사56,in_age_016,15777
2024,다사56,in_age_017,12220
2024,다사56,in_age_018,6409
2024,다사56,in_age_019,2046
2024,다사56,in_age_020,520
2024,다사56,in_age_021,78
2024,다사56,in_age_031,2762
2024,다사56,in_age_032,4159
2024,다사56,in_age_033,5543
2024,다사56,in_age_034,6258
2024,다사56,in_age_035,8709
2024,다사56,in_age_036,11497
2024,다사56,in_age_037,11636
2024,다사56,in_age_038,9386
2024,다사56,in_age_039,11321
2024,다사56,in_age_040,10994
2024,다사56,in_age_041,14352
2024,다사56,in_age_042,14219
2024,다사56,in_age_043,14575
2024,다사56,in_age_044,13594
2024,다사56,in_age_045,9112
2024,다사56,in_age_046,6974
2024,다사56,in_age_047,5037
2024,다사56,in_age_048,2339
2024,다사56,in_age_049,535
2024,다사56,in_age_050,103
2024,다사56,in_age_051,18
2024,다사56,in_age_061,2554
2024,다사56,in_age_062,3814
2024,다사56,in_age_063,5021
2024,다사56,in_age_064,6244
2024,다사56,in_age_065,10342
2024,다사56,in_age_066,11837
2024,다사56,in_age_067,10816
2024,다사56,in_age_068,8962
2024,다사56,in_age_069,10364
2024,다사56,in_age_070,11163
2024,다사56,in_age_071,14981
2024,다사56,in_age_072,15845
2024,다사56,in_age_073,16543
2024,다사56,in_age_074,15449
2024,다사56,in_age_075,10577
2024,다사56,in_age_076,8806
2024,다사56,in_age_077,7181
2024,다사56,in_age_078,4068
2024,다사56,in_age_079,1514
2024,다사56,in_age_080,415
2024,다사56,in_age_081,58
2024,다사56,to_in_001,339689
2024,다사56,to_in_007,163138
2024,다사56,to_in_008,176549
2024,다사57,in_age_001,2420
2024,다사57,in_age_002,3226
2024,다사57,in_age_003,4573
2024,다사57,in_age_004,5582
2024,다사57,in_age_005,7334
2024,다사57,in_age_006,9714
2024,다사57,in_age_007,8907
2024,다사57,in_age_008,7396
2024,다사57,in_age_009,8711
2024,다사57,in_age_010,8928
2024,다사57,in_age_011,12249
2024,다사57,in_age_012,12464
2024,다사57,in_age_013,12769
2024,다사57,in_age_014,10650
2024,다사57,in_age_015,6686
2024,다사57,in_age_016,5459
2024,다사57,in_age_017,4485
2024,다사57,in_age_018,2635
2024,다사57,in_age_019,1041
2024,다사57,in_age_020,217
2024,다사57,in_age_021,38
2024,다사57,in_age_031,1229
2024,다사57,in_age_032,1701
2024,다사57,in_age_033,2339
2024,다사57,in_age_034,2999
2024,다사57,in_age_035,3953
2024,다사57,in_age_036,5205
2024,다사57,in_age_037,4950
2024,다사57,in_age_038,4029
2024,다사57,in_age_039,4626
2024,다사57,in_age_040,4610
2024,다사57,in_age_041,6187
2024,다사57,in_age_042,6199
2024,다사57,in_age_043,6446
2024,다사57,in_age_044,5226
2024,다사57,in_age_045,3128
2024,다사57,in_age_046,2361
2024,다사57,in_age_047,1750
2024,다사57,in_age_048,884
2024,다사57,in_age_049,235
2024,다사57,in_age_050,28
2024,다사57,in_age_051,8
2024,다사57,in_age_061,1189
2024,다사57,in_age_062,1523
2024,다사57,in_age_063,2237
2024,다사57,in_age_064,2581
2024,다사57,in_age_065,3379
2024,다사57,in_age_066,4507
2024,다사57,in_age_067,3955
2024,다사57,in_age_068,3365
2024,다사57,in_age_069,4083
2024,다사57,in_age_070,4321
2024,다사57,in_age_071,6060
2024,다사57,in_age_072,6263
2024,다사57,in_age_073,6321
2024,다사57,in_age_074,5422
2024,다사57,in_age_075,3556
2024,다사57,in_age_076,3096
2024,다사57,in_age_077,2733
2024,다사57,in_age_078,1754
2024,다사57,in_age_079,804
2024,다사57,in_age_080,192
2024,다사57,in_age_081,33
2024,다사57,to_in_001,135484
2024,다사57,to_in_007,68098
2024,다사57,to_in_008,67384
2024,다사58,in_age_001,405
2024,다사58,in_age_002,577
2024,다사58,in_age_003,800
2024,다사58,in_age_004,1180
2024,다사58,in_age_005,1907
2024,다사58,in_age_006,2430
2024,다사58,in_age_007,2563
2024,다사58,in_age_008,2023
2024,다사58,in_age_009,1892
2024,다사58,in_age_010,1831
2024,다사58,in_age_011,2412
2024,다사58,in_age_012,2825
2024,다사58,in_age_013,3191
2024,다사58,in_age_014,2683
2024,다사58,in_age_015,1656
2024,다사58,in_age_016,1230
2024,다사58,in_age_017,888
2024,다사58,in_age_018,613
2024,다사58,in_age_019,237
2024,다사58,in_age_020,63
2024,다사58,in_age_021,8
2024,다사58,in_age_031,197
2024,다사58,in_age_032,308
2024,다사58,in_age_033,411
2024,다사58,in_age_034,599
2024,다사58,in_age_035,1225
2024,다사58,in_age_036,1771
2024,다사58,in_age_037,1936
2024,다사58,in_age_038,1469
2024,다사58,in_age_039,1271
2024,다사58,in_age_040,1123
2024,다사58,in_age_041,1391
2024,다사58,in_age_042,1567
2024,다사58,in_age_043,1793
2024,다사58,in_age_044,1410
2024,다사58,in_age_045,835
2024,다사58,in_age_046,616
2024,다사58,in_age_047,343
2024,다사58,in_age_048,198
2024,다사58,in_age_049,53
2024,다사58,in_age_050,8
2024,다사58,in_age_051,0
2024,다사58,in_age_061,211
2024,다사58,in_age_062,272
2024,다사58,in_age_063,392
2024,다사58,in_age_064,584
2024,다사58,in_age_065,685
2024,다사58,in_age_066,657
2024,다사58,in_age_067,625
2024,다사58,in_age_068,552
2024,다사58,in_age_069,619
2024,다사58,in_age_070,706
2024,다사58,in_age_071,1019
2024,다사58,in_age_072,1261
2024,다사58,in_age_073,1396
2024,다사58,in_age_074,1271
2024,다사58,in_age_075,819
2024,다사58,in_age_076,612
2024,다사58,in_age_077,543
2024,다사58,in_age_078,413
2024,다사58,in_age_079,182
2024,다사58,in_age_080,53
2024,다사58,in_age_081,8
2024,다사58,to_in_001,31414
2024,다사58,to_in_007,18532
2024,다사58,to_in_008,12880
2024,다사59,in_age_001,43
2024,다사59,in_age_002,38
2024,다사59,in_age_003,53
2024,다사59,in_age_004,68
2024,다사59,in_age_005,151
2024,다사59,in_age_006,268
2024,다사59,in_age_007,245
2024,다사59,in_age_008,156
2024,다사59,in_age_009,178
2024,다사59,in_age_010,188
2024,다사59,in_age_011,269
2024,다사59,in_age_012,403
2024,다사59,in_age_013,459
2024,다사59,in_age_014,497
2024,다사59,in_age_015,315
2024,다사59,in_age_016,251
2024,다사59,in_age_017,211
2024,다사59,in_age_018,130
2024,다사59,in_age_019,54
2024,다사59,in_age_020,8
2024,다사59,in_age_021,5
2024,다사59,in_age_031,23
2024,다사59,in_age_032,18
2024,다사59,in_age_033,28
2024,다사59,in_age_034,38
2024,다사59,in_age_035,111
2024,다사59,in_age_036,193
2024,다사59,in_age_037,180
2024,다사59,in_age_038,100
2024,다사59,in_age_039,103
2024,다사59,in_age_040,118
2024,다사59,in_age_041,169
2024,다사59,in_age_042,213
2024,다사59,in_age_043,254
2024,다사59,in_age_044,262
2024,다사59,in_age_045,160
2024,다사59,in_age_046,131
2024,다사59,in_age_047,83
2024,다사59,in_age_048,56
2024,다사59,in_age_049,18
2024,다사59,in_age_051,5
2024,다사59,in_age_061,18
2024,다사59,in_age_062,18
2024,다사59,in_age_063,23
2024,다사59,in_age_064,33
2024,다사59,in_age_065,38
2024,다사59,in_age_066,73
2024,다사59,in_age_067,68
2024,다사59,in_age_068,54
2024,다사59,in_age_069,73
2024,다사59,in_age_070,68
2024,다사59,in_age_071,103
2024,다사59,in_age_072,188
2024,다사59,in_age_073,208
2024,다사59,in_age_074,233
2024,다사59,in_age_075,153
2024,다사59,in_age_076,123
2024,다사59,in_age_077,126
2024,다사59,in_age_078,77
2024,다사59,in_age_079,39
2024,다사59,in_age_080,8
2024,다사59,in_age_081,0
2024,다사59,to_in_001,3988
2024,다사59,to_in_007,2264
2024,다사59,to_in_008,1727
2024,다사60,in_age_001,13885
2024,다사60,in_age_002,19244
2024,다사60,in_age_003,20410
2024,다사60,in_age_004,16170
2024,다사60,in_age_005,14602
2024,다사60,in_age_006,22271
2024,다사60,in_age_007,30419
2024,다사60,in_age_008,31946
2024,다사60,in_age_009,37700
2024,다사60,in_age_010,30872
2024,다사60,in_age_011,27383
2024,다사60,in_age_012,22678
2024,다사60,in_age_013,19194
2024,다사60,in_age_014,14377
2024,다사60,in_age_015,8265
2024,다사60,in_age_016,5545
2024,다사60,in_age_017,3893
2024,다사60,in_age_018,2032
2024,다사60,in_age_019,631
2024,다사60,in_age_020,134
2024,다사60,in_age_021,18
2024,다사60,in_age_031,7113
2024,다사60,in_age_032,9896
2024,다사60,in_age_033,10384
2024,다사60,in_age_034,8296
2024,다사60,in_age_035,7855
2024,다사60,in_age_036,12139
2024,다사60,in_age_037,16468
2024,다사60,in_age_038,16999
2024,다사60,in_age_039,20049
2024,다사60,in_age_040,16720
2024,다사60,in_age_041,14335
2024,다사60,in_age_042,11647
2024,다사60,in_age_043,9654
2024,다사60,in_age_044,7016
2024,다사60,in_age_045,3906
2024,다사60,in_age_046,2521
2024,다사60,in_age_047,1491
2024,다사60,in_age_048,680
2024,다사60,in_age_049,153
2024,다사60,in_age_050,18
2024,다사60,in_age_051,5
2024,다사60,in_age_061,6775
2024,다사60,in_age_062,9346
2024,다사60,in_age_063,10024
2024,다사60,in_age_064,7877
2024,다사60,in_age_065,6745
2024,다사60,in_age_066,10135
2024,다사60,in_age_067,13949
2024,다사60,in_age_068,14945
2024,다사60,in_age_069,17649
2024,다사60,in_age_070,14150
2024,다사60,in_age_071,13046
2024,다사60,in_age_072,11029
2024,다사60,in_age_073,9543
2024,다사60,in_age_074,7359
2024,다사60,in_age_075,4362
2024,다사60,in_age_076,3027
2024,다사60,in_age_077,2400
2024,다사60,in_age_078,1355
2024,다사60,in_age_079,481
2024,다사60,in_age_080,119
2024,다사60,in_age_081,18
2024,다사60,to_in_001,341674
2024,다사60,to_in_007,177338
2024,다사60,to_in_008,164339
2024,다사61,in_age_001,26064
2024,다사61,in_age_002,37247
2024,다사61,in_age_003,45913
2024,다사61,in_age_004,40638
2024,다사61,in_age_005,42052
2024,다사61,in_age_006,54558
2024,다사61,in_age_007,60348
2024,다사61,in_age_008,57333
2024,다사61,in_age_009,69878
2024,다사61,in_age_010,66120
2024,다사61,in_age_011,64749
2024,다사61,in_age_012,50543
2024,다사61,in_age_013,40240
2024,다사61,in_age_014,28128
2024,다사61,in_age_015,17029
2024,다사61,in_age_016,13035
2024,다사61,in_age_017,9546
2024,다사61,in_age_018,5269
2024,다사61,in_age_019,1983
2024,다사61,in_age_020,436
2024,다사61,in_age_021,78
2024,다사61,in_age_031,13324
2024,다사61,in_age_032,19132
2024,다사61,in_age_033,23434
2024,다사61,in_age_034,20886
2024,다사61,in_age_035,21757
2024,다사61,in_age_036,29334
2024,다사61,in_age_037,31973
2024,다사61,in_age_038,28952
2024,다사61,in_age_039,34768
2024,다사61,in_age_040,32931
2024,다사61,in_age_041,32608
2024,다사61,in_age_042,25405
2024,다사61,in_age_043,20377
2024,다사61,in_age_044,13637
2024,다사61,in_age_045,7744
2024,다사61,in_age_046,5704
2024,다사61,in_age_047,3936
2024,다사61,in_age_048,1872
2024,다사61,in_age_049,586
2024,다사61,in_age_050,99
2024,다사61,in_age_051,23
2024,다사61,in_age_061,12743
2024,다사61,in_age_062,18113
2024,다사61,in_age_063,22477
2024,다사61,in_age_064,19750
2024,다사61,in_age_065,20293
2024,다사61,in_age_066,25227
2024,다사61,in_age_067,28378
2024,다사61,in_age_068,28379
2024,다사61,in_age_069,35108
2024,다사61,in_age_070,33192
2024,다사61,in_age_071,32139
2024,다사61,in_age_072,25141
2024,다사61,in_age_073,19866
2024,다사61,in_age_074,14489
2024,다사61,in_age_075,9283
2024,다사61,in_age_076,7329
2024,다사61,in_age_077,5608
2024,다사61,in_age_078,3395
2024,다사61,in_age_079,1400
2024,다사61,in_age_080,335
2024,다사61,in_age_081,53
2024,다사61,to_in_001,731187
2024,다사61,to_in_007,368482
2024,다사61,to_in_008,362703
2024,다사62,in_age_001,22062
2024,다사62,in_age_002,34727
2024,다사62,in_age_003,44416
2024,다사62,in_age_004,41939
2024,다사62,in_age_005,39662
2024,다사62,in_age_006,47567
2024,다사62,in_age_007,50873
2024,다사62,in_age_008,50952
2024,다사62,in_age_009,67523
2024,다사62,in_age_010,68833
2024,다사62,in_age_011,73733
2024,다사62,in_age_012,58099
2024,다사62,in_age_013,47934
2024,다사62,in_age_014,38430
2024,다사62,in_age_015,27425
2024,다사62,in_age_016,24080
2024,다사62,in_age_017,17506
2024,다사62,in_age_018,9650
2024,다사62,in_age_019,3382
2024,다사62,in_age_020,763
2024,다사62,in_age_021,98
2024,다사62,in_age_031,11239
2024,다사62,in_age_032,17750
2024,다사62,in_age_033,22668
2024,다사62,in_age_034,21366
2024,다사62,in_age_035,20107
2024,다사62,in_age_036,23717
2024,다사62,in_age_037,25356
2024,다사62,in_age_038,24565
2024,다사62,in_age_039,32270
2024,다사62,in_age_040,33111
2024,다사62,in_age_041,35991
2024,다사62,in_age_042,28639
2024,다사62,in_age_043,23615
2024,다사62,in_age_044,18082
2024,다사62,in_age_045,12238
2024,다사62,in_age_046,10410
2024,다사62,in_age_047,7822
2024,다사62,in_age_048,4012
2024,다사62,in_age_049,1061
2024,다사62,in_age_050,160
2024,다사62,in_age_051,28
2024,다사62,in_age_061,10826
2024,다사62,in_age_062,16975
2024,다사62,in_age_063,21746
2024,다사62,in_age_064,20576
2024,다사62,in_age_065,19553
2024,다사62,in_age_066,23853
2024,다사62,in_age_067,25515
2024,다사62,in_age_068,26385
2024,다사62,in_age_069,35256
2024,다사62,in_age_070,35720
2024,다사62,in_age_071,37740
2024,다사62,in_age_072,29458
2024,다사62,in_age_073,24317
2024,다사62,in_age_074,20346
2024,다사62,in_age_075,15185
2024,다사62,in_age_076,13673
2024,다사62,in_age_077,9682
2024,다사62,in_age_078,5641
2024,다사62,in_age_079,2319
2024,다사62,in_age_080,601
2024,다사62,in_age_081,68
2024,다사62,to_in_001,769649
2024,다사62,to_in_007,374217
2024,다사62,to_in_008,395435
2024,다사63,in_age_001,16317
2024,다사63,in_age_002,21696
2024,다사63,in_age_003,27625
2024,다사63,in_age_004,27580
2024,다사63,in_age_005,32128
2024,다사63,in_age_006,42885
2024,다사63,in_age_007,45876
2024,다사63,in_age_008,42159
2024,다사63,in_age_009,49046
2024,다사63,in_age_010,48140
2024,다사63,in_age_011,55501
2024,다사63,in_age_012,50845
2024,다사63,in_age_013,49323
2024,다사63,in_age_014,41201
2024,다사63,in_age_015,25990
2024,다사63,in_age_016,19594
2024,다사63,in_age_017,13341
2024,다사63,in_age_018,6984
2024,다사63,in_age_019,2400
2024,다사63,in_age_020,545
2024,다사63,in_age_021,58
2024,다사63,in_age_031,8441
2024,다사63,in_age_032,11030
2024,다사63,in_age_033,14226
2024,다사63,in_age_034,13963
2024,다사63,in_age_035,16356
2024,다사63,in_age_036,22295
2024,다사63,in_age_037,24270
2024,다사63,in_age_038,21391
2024,다사63,in_age_039,24658
2024,다사63,in_age_040,23869
2024,다사63,in_age_041,27654
2024,다사63,in_age_042,25220
2024,다사63,in_age_043,24001
2024,다사63,in_age_044,20163
2024,다사63,in_age_045,12130
2024,다사63,in_age_046,8797
2024,다사63,in_age_047,5718
2024,다사63,in_age_048,2528
2024,다사63,in_age_049,609
2024,다사63,in_age_050,123
2024,다사63,in_age_051,13
2024,다사63,in_age_061,7874
2024,다사63,in_age_062,10664
2024,다사63,in_age_063,13402
2024,다사63,in_age_064,13615
2024,다사63,in_age_065,15775
2024,다사63,in_age_066,20588
2024,다사63,in_age_067,21604
2024,다사63,in_age_068,20766
2024,다사63,in_age_069,24391
2024,다사63,in_age_070,24274
2024,다사63,in_age_071,27850
2024,다사63,in_age_072,25623
2024,다사63,in_age_073,25325
2024,다사63,in_age_074,21041
2024,다사63,in_age_075,13863
2024,다사63,in_age_076,10795
2024,다사63,in_age_077,7621
2024,다사63,in_age_078,4454
2024,다사63,in_age_079,1789
2024,다사63,in_age_080,420
2024,다사63,in_age_081,48
2024,다사63,to_in_001,619244
2024,다사63,to_in_007,307470
2024,다사63,to_in_008,311772
2024,다사64,in_age_001,39423
2024,다사64,in_age_002,56418
2024,다사64,in_age_003,70747
2024,다사64,in_age_004,68627
2024,다사64,in_age_005,81031
2024,다사64,in_age_006,119406
2024,다사64,in_age_007,130211
2024,다사64,in_age_008,113635
2024,다사64,in_age_009,130418
2024,다사64,in_age_010,122559
2024,다사64,in_age_011,130534
2024,다사64,in_age_012,117114
2024,다사64,in_age_013,114257
2024,다사64,in_age_014,103324
2024,다사64,in_age_015,69692
2024,다사64,in_age_016,49791
2024,다사64,in_age_017,30314
2024,다사64,in_age_018,14693
2024,다사64,in_age_019,5222
2024,다사64,in_age_020,1266
2024,다사64,in_age_021,193
2024,다사64,in_age_031,20183
2024,다사64,in_age_032,29217
2024,다사64,in_age_033,36613
2024,다사64,in_age_034,35189
2024,다사64,in_age_035,38949
2024,다사64,in_age_036,54652
2024,다사64,in_age_037,63337
2024,다사64,in_age_038,55069
2024,다사64,in_age_039,62550
2024,다사64,in_age_040,59730
2024,다사64,in_age_041,64247
2024,다사64,in_age_042,56853
2024,다사64,in_age_043,54293
2024,다사64,in_age_044,48006
2024,다사64,in_age_045,32708
2024,다사64,in_age_046,23529
2024,다사64,in_age_047,13795
2024,다사64,in_age_048,5530
2024,다사64,in_age_049,1447
2024,다사64,in_age_050,304
2024,다사64,in_age_051,48
2024,다사64,in_age_061,19243
2024,다사64,in_age_062,27199
2024,다사64,in_age_063,34137
2024,다사64,in_age_064,33436
2024,다사64,in_age_065,42085
2024,다사64,in_age_066,64752
2024,다사64,in_age_067,66872
2024,다사64,in_age_068,58564
2024,다사64,in_age_069,67866
2024,다사64,in_age_070,62827
2024,다사64,in_age_071,66285
2024,다사64,in_age_072,60259
2024,다사64,in_age_073,59967
2024,다사64,in_age_074,55321
2024,다사64,in_age_075,36987
2024,다사64,in_age_076,26260
2024,다사64,in_age_077,16522
2024,다사64,in_age_078,9166
2024,다사64,in_age_079,3773
2024,다사64,in_age_080,965
2024,다사64,in_age_081,143
2024,다사64,to_in_001,1568875
2024,다사64,to_in_007,756244
2024,다사64,to_in_008,812629
2024,다사65,in_age_001,33125
2024,다사65,in_age_002,44842
2024,다사65,in_age_003,52885
2024,다사65,in_age_004,58156
2024,다사65,in_age_005,98690
2024,다사65,in_age_006,118403
2024,다사65,in_age_007,114757
2024,다사65,in_age_008,96430
2024,다사65,in_age_009,110130
2024,다사65,in_age_010,101213
2024,다사65,in_age_011,117162
2024,다사65,in_age_012,114795
2024,다사65,in_age_013,114963
2024,다사65,in_age_014,101881
2024,다사65,in_age_015,68255
2024,다사65,in_age_016,51065
2024,다사65,in_age_017,36061
2024,다사65,in_age_018,17267
2024,다사65,in_age_019,5405
2024,다사65,in_age_020,1145
2024,다사65,in_age_021,168
2024,다사65,in_age_031,17066
2024,다사65,in_age_032,22984
2024,다사65,in_age_033,27338
2024,다사65,in_age_034,29738
2024,다사65,in_age_035,45545
2024,다사65,in_age_036,57729
2024,다사65,in_age_037,57879
2024,다사65,in_age_038,48894
2024,다사65,in_age_039,55801
2024,다사65,in_age_040,51151
2024,다사65,in_age_041,57743
2024,다사65,in_age_042,55675
2024,다사65,in_age_043,55339
2024,다사65,in_age_044,48091
2024,다사65,in_age_045,31838
2024,다사65,in_age_046,22618
2024,다사65,in_age_047,15117
2024,다사65,in_age_048,6299
2024,다사65,in_age_049,1506
2024,다사65,in_age_050,243
2024,다사65,in_age_051,38
2024,다사65,in_age_061,16057
2024,다사65,in_age_062,21856
2024,다사65,in_age_063,25545
2024,다사65,in_age_064,28421
2024,다사65,in_age_065,53143
2024,다사65,in_age_066,60672
2024,다사65,in_age_067,56876
2024,다사65,in_age_068,47539
2024,다사65,in_age_069,54327
2024,다사65,in_age_070,50065
2024,다사65,in_age_071,59417
2024,다사65,in_age_072,59123
2024,다사65,in_age_073,59627
2024,다사65,in_age_074,53788
2024,다사65,in_age_075,36415
2024,다사65,in_age_076,28450
2024,다사65,in_age_077,20947
2024,다사65,in_age_078,10966
2024,다사65,in_age_079,3902
2024,다사65,in_age_080,905
2024,다사65,in_age_081,128
2024,다사65,to_in_001,1456803
2024,다사65,to_in_007,708627
2024,다사65,to_in_008,748174
2024,다사66,in_age_001,13286
2024,다사66,in_age_002,18600
2024,다사66,in_age_003,24696
2024,다사66,in_age_004,26263
2024,다사66,in_age_005,28910
2024,다사66,in_age_006,33847
2024,다사66,in_age_007,36457
2024,다사66,in_age_008,33218
2024,다사66,in_age_009,41708
2024,다사66,in_age_010,42802
2024,다사66,in_age_011,51646
2024,다사66,in_age_012,46989
2024,다사66,in_age_013,44952
2024,다사66,in_age_014,40297
2024,다사66,in_age_015,26738
2024,다사66,in_age_016,20505
2024,다사66,in_age_017,14939
2024,다사66,in_age_018,8004
2024,다사66,in_age_019,2676
2024,다사66,in_age_020,636
2024,다사66,in_age_021,98
2024,다사66,in_age_031,6852
2024,다사66,in_age_032,9455
2024,다사66,in_age_033,12710
2024,다사66,in_age_034,13492
2024,다사66,in_age_035,14488
2024,다사66,in_age_036,16745
2024,다사66,in_age_037,18203
2024,다사66,in_age_038,16674
2024,다사66,in_age_039,20361
2024,다사66,in_age_040,20495
2024,다사66,in_age_041,24772
2024,다사66,in_age_042,22501
2024,다사66,in_age_043,21276
2024,다사66,in_age_044,18682
2024,다사66,in_age_045,12367
2024,다사66,in_age_046,8811
2024,다사66,in_age_047,5876
2024,다사66,in_age_048,2753
2024,다사66,in_age_049,727
2024,다사66,in_age_050,141
2024,다사66,in_age_051,23
2024,다사66,in_age_061,6437
2024,다사66,in_age_062,9143
2024,다사66,in_age_063,11984
2024,다사66,in_age_064,12769
2024,다사66,in_age_065,14420
2024,다사66,in_age_066,17105
2024,다사66,in_age_067,18257
2024,다사66,in_age_068,16547
2024,다사66,in_age_069,21350
2024,다사66,in_age_070,22305
2024,다사66,in_age_071,26872
2024,다사66,in_age_072,24486
2024,다사66,in_age_073,23679
2024,다사66,in_age_074,21618
2024,다사66,in_age_075,14369
2024,다사66,in_age_076,11692
2024,다사66,in_age_077,9061
2024,다사66,in_age_078,5249
2024,다사66,in_age_079,1947
2024,다사66,in_age_080,498
2024,다사66,in_age_081,78
2024,다사66,to_in_001,557267
2024,다사66,to_in_007,267404
2024,다사66,to_in_008,289861
2024,다사67,in_age_001,12079
2024,다사67,in_age_002,16626
2024,다사67,in_age_003,18941
2024,다사67,in_age_004,17505
2024,다사67,in_age_005,19752
2024,다사67,in_age_006,24459
2024,다사67,in_age_007,26632
2024,다사67,in_age_008,24959
2024,다사67,in_age_009,31753
2024,다사67,in_age_010,29268
2024,다사67,in_age_011,34156
2024,다사67,in_age_012,31052
2024,다사67,in_age_013,28052
2024,다사67,in_age_014,22662
2024,다사67,in_age_015,13978
2024,다사67,in_age_016,10660
2024,다사67,in_age_017,7960
2024,다사67,in_age_018,4605
2024,다사67,in_age_019,1592
2024,다사67,in_age_020,373
2024,다사67,in_age_021,48
2024,다사67,in_age_031,6107
2024,다사67,in_age_032,8614
2024,다사67,in_age_033,9565
2024,다사67,in_age_034,8872
2024,다사67,in_age_035,9892
2024,다사67,in_age_036,12117
2024,다사67,in_age_037,13597
2024,다사67,in_age_038,12593
2024,다사67,in_age_039,16211
2024,다사67,in_age_040,14666
2024,다사67,in_age_041,16873
2024,다사67,in_age_042,15153
2024,다사67,in_age_043,13765
2024,다사67,in_age_044,10914
2024,다사67,in_age_045,6522
2024,다사67,in_age_046,4682
2024,다사67,in_age_047,3161
2024,다사67,in_age_048,1503
2024,다사67,in_age_049,401
2024,다사67,in_age_050,78
2024,다사67,in_age_051,8
2024,다사67,in_age_061,5970
2024,다사67,in_age_062,8015
2024,다사67,in_age_063,9379
2024,다사67,in_age_064,8636
2024,다사67,in_age_065,9858
2024,다사67,in_age_066,12340
2024,다사67,in_age_067,13033
2024,다사67,in_age_068,12364
2024,다사67,in_age_069,15540
2024,다사67,in_age_070,14600
2024,다사67,in_age_071,17281
2024,다사67,in_age_072,15897
2024,다사67,in_age_073,14285
2024,다사67,in_age_074,11746
2024,다사67,in_age_075,7459
2024,다사67,in_age_076,5976
2024,다사67,in_age_077,4802
2024,다사67,in_age_078,3105
2024,다사67,in_age_079,1194
2024,다사67,in_age_080,298
2024,다사67,in_age_081,38
2024,다사67,to_in_001,377107
2024,다사67,to_in_007,185294
2024,다사67,to_in_008,191816
2024,다사68,in_age_001,6269
2024,다사68,in_age_002,8508
2024,다사68,in_age_003,10230
2024,다사68,in_age_004,10343
2024,다사68,in_age_005,11943
2024,다사68,in_age_006,13775
2024,다사68,in_age_007,14568
2024,다사68,in_age_008,13396
2024,다사68,in_age_009,16729
2024,다사68,in_age_010,16220
2024,다사68,in_age_011,19532
2024,다사68,in_age_012,17928
2024,다사68,in_age_013,16314
2024,다사68,in_age_014,13134
2024,다사68,in_age_015,8036
2024,다사68,in_age_016,6829
2024,다사68,in_age_017,5380
2024,다사68,in_age_018,2992
2024,다사68,in_age_019,994
2024,다사68,in_age_020,236
2024,다사68,in_age_021,43
2024,다사68,in_age_031,3215
2024,다사68,in_age_032,4351
2024,다사68,in_age_033,5212
2024,다사68,in_age_034,5237
2024,다사68,in_age_035,6345
2024,다사68,in_age_036,7536
2024,다사68,in_age_037,7872
2024,다사68,in_age_038,6979
2024,다사68,in_age_039,8642
2024,다사68,in_age_040,8174
2024,다사68,in_age_041,9892
2024,다사68,in_age_042,9211
2024,다사68,in_age_043,8371
2024,다사68,in_age_044,6470
2024,다사68,in_age_045,3705
2024,다사68,in_age_046,2929
2024,다사68,in_age_047,2043
2024,다사68,in_age_048,984
2024,다사68,in_age_049,260
2024,다사68,in_age_050,43
2024,다사68,in_age_051,8
2024,다사68,in_age_061,3057
2024,다사68,in_age_062,4155
2024,다사68,in_age_063,5021
2024,다사68,in_age_064,5104
2024,다사68,in_age_065,5596
2024,다사68,in_age_066,6237
2024,다사68,in_age_067,6699
2024,다사68,in_age_068,6420
2024,다사68,in_age_069,8090
2024,다사68,in_age_070,8049
2024,다사68,in_age_071,9638
2024,다사68,in_age_072,8720
2024,다사68,in_age_073,7941
2024,다사68,in_age_074,6662
2024,다사68,in_age_075,4329
2024,다사68,in_age_076,3898
2024,다사68,in_age_077,3335
2024,다사68,in_age_078,2011
2024,다사68,in_age_079,737
2024,다사68,in_age_080,196
2024,다사68,in_age_081,33
2024,다사68,to_in_001,213399
2024,다사68,to_in_007,107479
2024,다사68,to_in_008,105923
2024,다사69,in_age_001,309
2024,다사69,in_age_002,450
2024,다사69,in_age_003,481
2024,다사69,in_age_004,735
2024,다사69,in_age_005,1076
2024,다사69,in_age_006,1274
2024,다사69,in_age_007,1416
2024,다사69,in_age_008,1232
2024,다사69,in_age_009,1232
2024,다사69,in_age_010,1257
2024,다사69,in_age_011,1583
2024,다사69,in_age_012,1792
2024,다사69,in_age_013,2121
2024,다사69,in_age_014,2050
2024,다사69,in_age_015,1363
2024,다사69,in_age_016,1158
2024,다사69,in_age_017,945
2024,다사69,in_age_018,561
2024,다사69,in_age_019,168
2024,다사69,in_age_020,49
2024,다사69,in_age_021,8
2024,다사69,in_age_031,152
2024,다사69,in_age_032,243
2024,다사69,in_age_033,253
2024,다사69,in_age_034,391
2024,다사69,in_age_035,620
2024,다사69,in_age_036,736
2024,다사69,in_age_037,818
2024,다사69,in_age_038,714
2024,다사69,in_age_039,701
2024,다사69,in_age_040,757
2024,다사69,in_age_041,910
2024,다사69,in_age_042,996
2024,다사69,in_age_043,1098
2024,다사69,in_age_044,1085
2024,다사69,in_age_045,655
2024,다사69,in_age_046,538
2024,다사69,in_age_047,358
2024,다사69,in_age_048,180
2024,다사69,in_age_049,43
2024,다사69,in_age_050,13
2024,다사69,in_age_051,0
2024,다사69,in_age_061,160
2024,다사69,in_age_062,205
2024,다사69,in_age_063,226
2024,다사69,in_age_064,342
2024,다사69,in_age_065,454
2024,다사69,in_age_066,536
2024,다사69,in_age_067,596
2024,다사69,in_age_068,516
2024,다사69,in_age_069,529
2024,다사69,in_age_070,503
2024,다사69,in_age_071,676
2024,다사69,in_age_072,794
2024,다사69,in_age_073,1026
2024,다사69,in_age_074,963
2024,다사69,in_age_075,711
2024,다사69,in_age_076,618
2024,다사69,in_age_077,585
2024,다사69,in_age_078,379
2024,다사69,in_age_079,123
2024,다사69,in_age_080,39
2024,다사69,in_age_081,8
2024,다사69,to_in_001,21250
2024,다사69,to_in_007,11259
2024,다사69,to_in_008,9989
2024,다사70,in_age_001,964
2024,다사70,in_age_002,1669
2024,다사70,in_age_003,1877
2024,다사70,in_age_004,1222
2024,다사70,in_age_005,951
2024,다사70,in_age_006,1499
2024,다사70,in_age_007,2102
2024,다사70,in_age_008,2260
2024,다사70,in_age_009,3163
2024,다사70,in_age_010,2604
2024,다사70,in_age_011,2229
2024,다사70,in_age_012,2191
2024,다사70,in_age_013,2454
2024,다사70,in_age_014,2216
2024,다사70,in_age_015,1529
2024,다사70,in_age_016,1063
2024,다사70,in_age_017,777
2024,다사70,in_age_018,528
2024,다사70,in_age_019,220
2024,다사70,in_age_020,71
2024,다사70,in_age_021,5
2024,다사70,in_age_031,490
2024,다사70,in_age_032,872
2024,다사70,in_age_033,924
2024,다사70,in_age_034,627
2024,다사70,in_age_035,544
2024,다사70,in_age_036,955
2024,다사70,in_age_037,1270
2024,다사70,in_age_038,1268
2024,다사70,in_age_039,1635
2024,다사70,in_age_040,1438
2024,다사70,in_age_041,1200
2024,다사70,in_age_042,1087
2024,다사70,in_age_043,1151
2024,다사70,in_age_044,1077
2024,다사70,in_age_045,680
2024,다사70,in_age_046,484
2024,다사70,in_age_047,302
2024,다사70,in_age_048,167
2024,다사70,in_age_049,60
2024,다사70,in_age_050,8
2024,다사70,in_age_061,477
2024,다사70,in_age_062,795
2024,다사70,in_age_063,951
2024,다사70,in_age_064,598
2024,다사70,in_age_065,405
2024,다사70,in_age_066,547
2024,다사70,in_age_067,835
2024,다사70,in_age_068,990
2024,다사70,in_age_069,1526
2024,다사70,in_age_070,1164
2024,다사70,in_age_071,1027
2024,다사70,in_age_072,1107
2024,다사70,in_age_073,1301
2024,다사70,in_age_074,1137
2024,다사70,in_age_075,847
2024,다사70,in_age_076,577
2024,다사70,in_age_077,473
2024,다사70,in_age_078,359
2024,다사70,in_age_079,158
2024,다사70,in_age_080,61
2024,다사70,in_age_081,5
2024,다사70,to_in_001,31582
2024,다사70,to_in_007,16252
2024,다사70,to_in_008,15333
2024,다사71,in_age_001,5219
2024,다사71,in_age_002,6831
2024,다사71,in_age_003,7831
2024,다사71,in_age_004,8833
2024,다사71,in_age_005,12728
2024,다사71,in_age_006,12660
2024,다사71,in_age_007,12833
2024,다사71,in_age_008,11956
2024,다사71,in_age_009,14214
2024,다사71,in_age_010,13819
2024,다사71,in_age_011,15854
2024,다사71,in_age_012,14350
2024,다사71,in_age_013,12578
2024,다사71,in_age_014,9530
2024,다사71,in_age_015,6024
2024,다사71,in_age_016,4405
2024,다사71,in_age_017,3193
2024,다사71,in_age_018,1779
2024,다사71,in_age_019,677
2024,다사71,in_age_020,141
2024,다사71,in_age_021,23
2024,다사71,in_age_031,2643
2024,다사71,in_age_032,3480
2024,다사71,in_age_033,3927
2024,다사71,in_age_034,4611
2024,다사71,in_age_035,6968
2024,다사71,in_age_036,7046
2024,다사71,in_age_037,6882
2024,다사71,in_age_038,6451
2024,다사71,in_age_039,7383
2024,다사71,in_age_040,6995
2024,다사71,in_age_041,7975
2024,다사71,in_age_042,7078
2024,다사71,in_age_043,6372
2024,다사71,in_age_044,4703
2024,다사71,in_age_045,2751
2024,다사71,in_age_046,1964
2024,다사71,in_age_047,1241
2024,다사71,in_age_048,597
2024,다사71,in_age_049,182
2024,다사71,in_age_050,18
2024,다사71,in_age_051,5
2024,다사71,in_age_061,2574
2024,다사71,in_age_062,3354
2024,다사71,in_age_063,3907
2024,다사71,in_age_064,4220
2024,다사71,in_age_065,5763
2024,다사71,in_age_066,5612
2024,다사71,in_age_067,5954
2024,다사71,in_age_068,5503
2024,다사71,in_age_069,6829
2024,다사71,in_age_070,6827
2024,다사71,in_age_071,7882
2024,다사71,in_age_072,7270
2024,다사71,in_age_073,6209
2024,다사71,in_age_074,4825
2024,다사71,in_age_075,3276
2024,다사71,in_age_076,2444
2024,다사71,in_age_077,1950
2024,다사71,in_age_078,1180
2024,다사71,in_age_079,498
2024,다사71,in_age_080,121
2024,다사71,in_age_081,18
2024,다사71,to_in_001,175483
2024,다사71,to_in_007,89265
2024,다사71,to_in_008,86221
2024,다사72,in_age_001,2107
2024,다사72,in_age_002,3400
2024,다사72,in_age_003,4298
2024,다사72,in_age_004,4824
2024,다사72,in_age_005,6440
2024,다사72,in_age_006,6527
2024,다사72,in_age_007,6307
2024,다사72,in_age_008,5842
2024,다사72,in_age_009,8171
2024,다사72,in_age_010,7882
2024,다사72,in_age_011,8559
2024,다사72,in_age_012,8139
2024,다사72,in_age_013,7724
2024,다사72,in_age_014,6580
2024,다사72,in_age_015,4232
2024,다사72,in_age_016,3071
2024,다사72,in_age_017,2170
2024,다사72,in_age_018,1163
2024,다사72,in_age_019,406
2024,다사72,in_age_020,112
2024,다사72,in_age_021,18
2024,다사72,in_age_031,1124
2024,다사72,in_age_032,1765
2024,다사72,in_age_033,2247
2024,다사72,in_age_034,2497
2024,다사72,in_age_035,3388
2024,다사72,in_age_036,3822
2024,다사72,in_age_037,3715
2024,다사72,in_age_038,3206
2024,다사72,in_age_039,4336
2024,다사72,in_age_040,4124
2024,다사72,in_age_041,4460
2024,다사72,in_age_042,4075
2024,다사72,in_age_043,3854
2024,다사72,in_age_044,3184
2024,다사72,in_age_045,1961
2024,다사72,in_age_046,1415
2024,다사72,in_age_047,875
2024,다사72,in_age_048,398
2024,다사72,in_age_049,102
2024,다사72,in_age_050,18
2024,다사72,in_age_051,8
2024,다사72,in_age_061,981
2024,다사72,in_age_062,1638
2024,다사72,in_age_063,2049
2024,다사72,in_age_064,2325
2024,다사72,in_age_065,3050
2024,다사72,in_age_066,2708
2024,다사72,in_age_067,2590
2024,다사72,in_age_068,2634
2024,다사72,in_age_069,3833
2024,다사72,in_age_070,3761
2024,다사72,in_age_071,4102
2024,다사72,in_age_072,4062
2024,다사72,in_age_073,3873
2024,다사72,in_age_074,3399
2024,다사72,in_age_075,2269
2024,다사72,in_age_076,1654
2024,다사72,in_age_077,1298
2024,다사72,in_age_078,763
2024,다사72,in_age_079,307
2024,다사72,in_age_080,92
2024,다사72,in_age_081,13
2024,다사72,to_in_001,97967
2024,다사72,to_in_007,50569
2024,다사72,to_in_008,47401
2024,다사73,in_age_001,9905
2024,다사73,in_age_002,13272
2024,다사73,in_age_003,13962
2024,다사73,in_age_004,12514
2024,다사73,in_age_005,14076
2024,다사73,in_age_006,19580
2024,다사73,in_age_007,22679
2024,다사73,in_age_008,22903
2024,다사73,in_age_009,28198
2024,다사73,in_age_010,24299
2024,다사73,in_age_011,27021
2024,다사73,in_age_012,26079
2024,다사73,in_age_013,24870
2024,다사73,in_age_014,20682
2024,다사73,in_age_015,12650
2024,다사73,in_age_016,8772
2024,다사73,in_age_017,5811
2024,다사73,in_age_018,2791
2024,다사73,in_age_019,844
2024,다사73,in_age_020,222
2024,다사73,in_age_021,43
2024,다사73,in_age_031,4885
2024,다사73,in_age_032,6832
2024,다사73,in_age_033,7142
2024,다사73,in_age_034,6243
2024,다사73,in_age_035,7427
2024,다사73,in_age_036,10346
2024,다사73,in_age_037,12070
2024,다사73,in_age_038,11992
2024,다사73,in_age_039,14814
2024,다사73,in_age_040,12740
2024,다사73,in_age_041,13852
2024,다사73,in_age_042,12952
2024,다사73,in_age_043,12173
2024,다사73,in_age_044,10093
2024,다사73,in_age_045,5930
2024,다사73,in_age_046,4048
2024,다사73,in_age_047,2426
2024,다사73,in_age_048,934
2024,다사73,in_age_049,200
2024,다사73,in_age_050,38
2024,다사73,in_age_051,13
2024,다사73,in_age_061,5023
2024,다사73,in_age_062,6438
2024,다사73,in_age_063,6818
2024,다사73,in_age_064,6269
2024,다사73,in_age_065,6647
2024,다사73,in_age_066,9232
2024,다사73,in_age_067,10607
2024,다사73,in_age_068,10914
2024,다사73,in_age_069,13382
2024,다사73,in_age_070,11557
2024,다사73,in_age_071,13167
2024,다사73,in_age_072,13130
2024,다사73,in_age_073,12700
2024,다사73,in_age_074,10587
2024,다사73,in_age_075,6718
2024,다사73,in_age_076,4722
2024,다사73,in_age_077,3383
2024,다사73,in_age_078,1855
2024,다사73,in_age_079,647
2024,다사73,in_age_080,182
2024,다사73,in_age_081,28
2024,다사73,to_in_001,311168
2024,다사73,to_in_007,157160
2024,다사73,to_in_008,154011
2024,다사74,in_age_001,4455
2024,다사74,in_age_002,5757
2024,다사74,in_age_003,5700
2024,다사74,in_age_004,5334
2024,다사74,in_age_005,6551
2024,다사74,in_age_006,8594
2024,다사74,in_age_007,10486
2024,다사74,in_age_008,10451
2024,다사74,in_age_009,11874
2024,다사74,in_age_010,10283
2024,다사74,in_age_011,11874
2024,다사74,in_age_012,12350
2024,다사74,in_age_013,13536
2024,다사74,in_age_014,12223
2024,다사74,in_age_015,7934
2024,다사74,in_age_016,5612
2024,다사74,in_age_017,3540
2024,다사74,in_age_018,1913
2024,다사74,in_age_019,727
2024,다사74,in_age_020,184
2024,다사74,in_age_021,38
2024,다사74,in_age_031,2282
2024,다사74,in_age_032,2979
2024,다사74,in_age_033,2938
2024,다사74,in_age_034,2700
2024,다사74,in_age_035,3392
2024,다사74,in_age_036,4571
2024,다사74,in_age_037,5482
2024,다사74,in_age_038,5544
2024,다사74,in_age_039,6346
2024,다사74,in_age_040,5331
2024,다사74,in_age_041,5987
2024,다사74,in_age_042,6044
2024,다사74,in_age_043,6519
2024,다사74,in_age_044,5901
2024,다사74,in_age_045,3849
2024,다사74,in_age_046,2716
2024,다사74,in_age_047,1551
2024,다사74,in_age_048,642
2024,다사74,in_age_049,148
2024,다사74,in_age_050,33
2024,다사74,in_age_051,8
2024,다사74,in_age_061,2171
2024,다사74,in_age_062,2781
2024,다사74,in_age_063,2760
2024,다사74,in_age_064,2637
2024,다사74,in_age_065,3157
2024,다사74,in_age_066,4026
2024,다사74,in_age_067,5002
2024,다사74,in_age_068,4910
2024,다사74,in_age_069,5526
2024,다사74,in_age_070,4950
2024,다사74,in_age_071,5890
2024,다사74,in_age_072,6304
2024,다사74,in_age_073,7015
2024,다사74,in_age_074,6325
2024,다사74,in_age_075,4088
2024,다사74,in_age_076,2894
2024,다사74,in_age_077,1987
2024,다사74,in_age_078,1274
2024,다사74,in_age_079,577
2024,다사74,in_age_080,149
2024,다사74,in_age_081,33
2024,다사74,to_in_001,149416
2024,다사74,to_in_007,74958
2024,다사74,to_in_008,74461
2024,다사75,in_age_001,12371
2024,다사75,in_age_002,18766
2024,다사75,in_age_003,21535
2024,다사75,in_age_004,17477
2024,다사75,in_age_005,15129
2024,다사75,in_age_006,21493
2024,다사75,in_age_007,25056
2024,다사75,in_age_008,26561
2024,다사75,in_age_009,35614
2024,다사75,in_age_010,31900
2024,다사75,in_age_011,30176
2024,다사75,in_age_012,25173
2024,다사75,in_age_013,23858
2024,다사75,in_age_014,21117
2024,다사75,in_age_015,14174
2024,다사75,in_age_016,10023
2024,다사75,in_age_017,6423
2024,다사75,in_age_018,3325
2024,다사75,in_age_019,1206
2024,다사75,in_age_020,283
2024,다사75,in_age_021,43
2024,다사75,in_age_031,6374
2024,다사75,in_age_032,9647
2024,다사75,in_age_033,11029
2024,다사75,in_age_034,8784
2024,다사75,in_age_035,7597
2024,다사75,in_age_036,10213
2024,다사75,in_age_037,12309
2024,다사75,in_age_038,12732
2024,다사75,in_age_039,17445
2024,다사75,in_age_040,16016
2024,다사75,in_age_041,15454
2024,다사75,in_age_042,12399
2024,다사75,in_age_043,11487
2024,다사75,in_age_044,9796
2024,다사75,in_age_045,6617
2024,다사75,in_age_046,4839
2024,다사75,in_age_047,2857
2024,다사75,in_age_048,1139
2024,다사75,in_age_049,302
2024,다사75,in_age_050,43
2024,다사75,in_age_051,13
2024,다사75,in_age_061,5995
2024,다사75,in_age_062,9117
2024,다사75,in_age_063,10504
2024,다사75,in_age_064,8696
2024,다사75,in_age_065,7530
2024,다사75,in_age_066,11283
2024,다사75,in_age_067,12745
2024,다사75,in_age_068,13827
2024,다사75,in_age_069,18167
2024,다사75,in_age_070,15882
2024,다사75,in_age_071,14720
2024,다사75,in_age_072,12777
2024,다사75,in_age_073,12374
2024,다사75,in_age_074,11319
2024,다사75,in_age_075,7555
2024,다사75,in_age_076,5187
2024,다사75,in_age_077,3569
2024,다사75,in_age_078,2189
2024,다사75,in_age_079,902
2024,다사75,in_age_080,243
2024,다사75,in_age_081,33
2024,다사75,to_in_001,361708
2024,다사75,to_in_007,177087
2024,다사75,to_in_008,184619
2024,다사76,in_age_001,5186
2024,다사76,in_age_002,8831
2024,다사76,in_age_003,12982
2024,다사76,in_age_004,13589
2024,다사76,in_age_005,12877
2024,다사76,in_age_006,13660
2024,다사76,in_age_007,12448
2024,다사76,in_age_008,11868
2024,다사76,in_age_009,18491
2024,다사76,in_age_010,20926
2024,다사76,in_age_011,24409
2024,다사76,in_age_012,20627
2024,다사76,in_age_013,17832
2024,다사76,in_age_014,14119
2024,다사76,in_age_015,9705
2024,다사76,in_age_016,7752
2024,다사76,in_age_017,5918
2024,다사76,in_age_018,3273
2024,다사76,in_age_019,1150
2024,다사76,in_age_020,282
2024,다사76,in_age_021,48
2024,다사76,in_age_031,2675
2024,다사76,in_age_032,4598
2024,다사76,in_age_033,6690
2024,다사76,in_age_034,6984
2024,다사76,in_age_035,6786
2024,다사76,in_age_036,7239
2024,다사76,in_age_037,6578
2024,다사76,in_age_038,5909
2024,다사76,in_age_039,9034
2024,다사76,in_age_040,10102
2024,다사76,in_age_041,12404
2024,다사76,in_age_042,10510
2024,다사76,in_age_043,8990
2024,다사76,in_age_044,6754
2024,다사76,in_age_045,4343
2024,다사76,in_age_046,3314
2024,다사76,in_age_047,2359
2024,다사76,in_age_048,1042
2024,다사76,in_age_049,279
2024,다사76,in_age_050,53
2024,다사76,in_age_051,13
2024,다사76,in_age_061,2509
2024,다사76,in_age_062,4231
2024,다사76,in_age_063,6295
2024,다사76,in_age_064,6608
2024,다사76,in_age_065,6089
2024,다사76,in_age_066,6419
2024,다사76,in_age_067,5868
2024,다사76,in_age_068,5962
2024,다사76,in_age_069,9455
2024,다사76,in_age_070,10822
2024,다사76,in_age_071,12003
2024,다사76,in_age_072,10115
2024,다사76,in_age_073,8845
2024,다사76,in_age_074,7363
2024,다사76,in_age_075,5360
2024,다사76,in_age_076,4441
2024,다사76,in_age_077,3562
2024,다사76,in_age_078,2229
2024,다사76,in_age_079,869
2024,다사76,in_age_080,227
2024,다사76,in_age_081,38
2024,다사76,to_in_001,235968
2024,다사76,to_in_007,116661
2024,다사76,to_in_008,119305
2024,다사77,in_age_001,855
2024,다사77,in_age_002,1169
2024,다사77,in_age_003,1385
2024,다사77,in_age_004,1584
2024,다사77,in_age_005,2226
2024,다사77,in_age_006,2398
2024,다사77,in_age_007,2683
2024,다사77,in_age_008,2485
2024,다사77,in_age_009,2600
2024,다사77,in_age_010,2533
2024,다사77,in_age_011,2979
2024,다사77,in_age_012,2966
2024,다사77,in_age_013,3037
2024,다사77,in_age_014,2630
2024,다사77,in_age_015,1535
2024,다사77,in_age_016,1129
2024,다사77,in_age_017,896
2024,다사77,in_age_018,619
2024,다사77,in_age_019,237
2024,다사77,in_age_020,56
2024,다사77,in_age_021,13
2024,다사77,in_age_031,446
2024,다사77,in_age_032,598
2024,다사77,in_age_033,744
2024,다사77,in_age_034,745
2024,다사77,in_age_035,1206
2024,다사77,in_age_036,1544
2024,다사77,in_age_037,1735
2024,다사77,in_age_038,1503
2024,다사77,in_age_039,1511
2024,다사77,in_age_040,1392
2024,다사77,in_age_041,1632
2024,다사77,in_age_042,1594
2024,다사77,in_age_043,1594
2024,다사77,in_age_044,1359
2024,다사77,in_age_045,800
2024,다사77,in_age_046,544
2024,다사77,in_age_047,339
2024,다사77,in_age_048,206
2024,다사77,in_age_049,63
2024,다사77,in_age_050,8
2024,다사77,in_age_051,5
2024,다사77,in_age_061,407
2024,다사77,in_age_062,569
2024,다사77,in_age_063,639
2024,다사77,in_age_064,842
2024,다사77,in_age_065,1018
2024,다사77,in_age_066,852
2024,다사77,in_age_067,946
2024,다사77,in_age_068,980
2024,다사77,in_age_069,1087
2024,다사77,in_age_070,1139
2024,다사77,in_age_071,1345
2024,다사77,in_age_072,1370
2024,다사77,in_age_073,1441
2024,다사77,in_age_074,1269
2024,다사77,in_age_075,738
2024,다사77,in_age_076,588
2024,다사77,in_age_077,555
2024,다사77,in_age_078,411
2024,다사77,in_age_079,177
2024,다사77,in_age_080,46
2024,다사77,in_age_081,8
2024,다사77,to_in_001,36010
2024,다사77,to_in_007,19576
2024,다사77,to_in_008,16432
2024,다사78,in_age_001,995
2024,다사78,in_age_002,1260
2024,다사78,in_age_003,1587
2024,다사78,in_age_004,1792
2024,다사78,in_age_005,3166
2024,다사78,in_age_006,4750
2024,다사78,in_age_007,4649
2024,다사78,in_age_008,3504
2024,다사78,in_age_009,3353
2024,다사78,in_age_010,3402
2024,다사78,in_age_011,4535
2024,다사78,in_age_012,5213
2024,다사78,in_age_013,5084
2024,다사78,in_age_014,4163
2024,다사78,in_age_015,2221
2024,다사78,in_age_016,1657
2024,다사78,in_age_017,1250
2024,다사78,in_age_018,781
2024,다사78,in_age_019,262
2024,다사78,in_age_020,63
2024,다사78,in_age_021,13
2024,다사78,in_age_031,516
2024,다사78,in_age_032,691
2024,다사78,in_age_033,834
2024,다사78,in_age_034,957
2024,다사78,in_age_035,1913
2024,다사78,in_age_036,3087
2024,다사78,in_age_037,3093
2024,다사78,in_age_038,2287
2024,다사78,in_age_039,1937
2024,다사78,in_age_040,1834
2024,다사78,in_age_041,2440
2024,다사78,in_age_042,2732
2024,다사78,in_age_043,2776
2024,다사78,in_age_044,2233
2024,다사78,in_age_045,1099
2024,다사78,in_age_046,795
2024,다사78,in_age_047,468
2024,다사78,in_age_048,249
2024,다사78,in_age_049,58
2024,다사78,in_age_050,5
2024,다사78,in_age_051,5
2024,다사78,in_age_061,482
2024,다사78,in_age_062,567
2024,다사78,in_age_063,751
2024,다사78,in_age_064,833
2024,다사78,in_age_065,1256
2024,다사78,in_age_066,1666
2024,다사78,in_age_067,1559
2024,다사78,in_age_068,1220
2024,다사78,in_age_069,1419
2024,다사78,in_age_070,1566
2024,다사78,in_age_071,2098
2024,다사78,in_age_072,2479
2024,다사78,in_age_073,2306
2024,다사78,in_age_074,1928
2024,다사78,in_age_075,1120
2024,다사78,in_age_076,865
2024,다사78,in_age_077,785
2024,다사78,in_age_078,530
2024,다사78,in_age_079,207
2024,다사78,in_age_080,58
2024,다사78,in_age_081,8
2024,다사78,to_in_001,53710
2024,다사78,to_in_007,30005
2024,다사78,to_in_008,23703
2024,다사79,in_age_001,159
2024,다사79,in_age_002,195
2024,다사79,in_age_003,241
2024,다사79,in_age_004,242
2024,다사79,in_age_005,621
2024,다사79,in_age_006,962
2024,다사79,in_age_007,1032
2024,다사79,in_age_008,713
2024,다사79,in_age_009,683
2024,다사79,in_age_010,660
2024,다사79,in_age_011,917
2024,다사79,in_age_012,1212
2024,다사79,in_age_013,1400
2024,다사79,in_age_014,1284
2024,다사79,in_age_015,738
2024,다사79,in_age_016,560
2024,다사79,in_age_017,422
2024,다사79,in_age_018,278
2024,다사79,in_age_019,82
2024,다사79,in_age_020,18
2024,다사79,in_age_021,5
2024,다사79,in_age_031,70
2024,다사79,in_age_032,99
2024,다사79,in_age_033,130
2024,다사79,in_age_034,139
2024,다사79,in_age_035,443
2024,다사79,in_age_036,684
2024,다사79,in_age_037,780
2024,다사79,in_age_038,519
2024,다사79,in_age_039,460
2024,다사79,in_age_040,423
2024,다사79,in_age_041,545
2024,다사79,in_age_042,685
2024,다사79,in_age_043,778
2024,다사79,in_age_044,721
2024,다사79,in_age_045,410
2024,다사79,in_age_046,272
2024,다사79,in_age_047,168
2024,다사79,in_age_048,100
2024,다사79,in_age_049,23
2024,다사79,in_age_050,8
2024,다사79,in_age_061,92
2024,다사79,in_age_062,94
2024,다사79,in_age_063,114
2024,다사79,in_age_064,101
2024,다사79,in_age_065,176
2024,다사79,in_age_066,281
2024,다사79,in_age_067,255
2024,다사79,in_age_068,192
2024,다사79,in_age_069,226
2024,다사79,in_age_070,235
2024,다사79,in_age_071,370
2024,다사79,in_age_072,525
2024,다사79,in_age_073,625
2024,다사79,in_age_074,561
2024,다사79,in_age_075,326
2024,다사79,in_age_076,291
2024,다사79,in_age_077,257
2024,다사79,in_age_078,181
2024,다사79,in_age_079,62
2024,다사79,in_age_080,13
2024,다사79,in_age_081,5
2024,다사79,to_in_001,12417
2024,다사79,to_in_007,7440
2024,다사79,to_in_008,4980
2024,다사80,in_age_001,98
2024,다사80,in_age_002,178
2024,다사80,in_age_003,276
2024,다사80,in_age_004,405
2024,다사80,in_age_005,601
2024,다사80,in_age_006,743
2024,다사80,in_age_007,804
2024,다사80,in_age_008,647
2024,다사80,in_age_009,682
2024,다사80,in_age_010,712
2024,다사80,in_age_011,896
2024,다사80,in_age_012,1089
2024,다사80,in_age_013,1430
2024,다사80,in_age_014,1249
2024,다사80,in_age_015,949
2024,다사80,in_age_016,624
2024,다사80,in_age_017,548
2024,다사80,in_age_018,371
2024,다사80,in_age_019,152
2024,다사80,in_age_020,23
2024,다사80,in_age_021,5
2024,다사80,in_age_031,48
2024,다사80,in_age_032,93
2024,다사80,in_age_033,157
2024,다사80,in_age_034,207
2024,다사80,in_age_035,356
2024,다사80,in_age_036,519
2024,다사80,in_age_037,605
2024,다사80,in_age_038,456
2024,다사80,in_age_039,410
2024,다사80,in_age_040,441
2024,다사80,in_age_041,538
2024,다사80,in_age_042,611
2024,다사80,in_age_043,757
2024,다사80,in_age_044,625
2024,다사80,in_age_045,484
2024,다사80,in_age_046,319
2024,다사80,in_age_047,223
2024,다사80,in_age_048,111
2024,다사80,in_age_049,33
2024,다사80,in_age_050,5
2024,다사80,in_age_061,53
2024,다사80,in_age_062,88
2024,다사80,in_age_063,117
2024,다사80,in_age_064,201
2024,다사80,in_age_065,248
2024,다사80,in_age_066,227
2024,다사80,in_age_067,197
2024,다사80,in_age_068,194
2024,다사80,in_age_069,270
2024,다사80,in_age_070,269
2024,다사80,in_age_071,356
2024,다사80,in_age_072,476
2024,다사80,in_age_073,671
2024,다사80,in_age_074,622
2024,다사80,in_age_075,468
2024,다사80,in_age_076,303
2024,다사80,in_age_077,328
2024,다사80,in_age_078,258
2024,다사80,in_age_079,117
2024,다사80,in_age_080,18
2024,다사80,in_age_081,5
2024,다사80,to_in_001,12470
2024,다사80,to_in_007,6994
2024,다사80,to_in_008,5479
2024,다사81,in_age_001,1153
2024,다사81,in_age_002,1301
2024,다사81,in_age_003,1448
2024,다사81,in_age_004,2357
2024,다사81,in_age_005,2214
2024,다사81,in_age_006,3154
2024,다사81,in_age_007,3477
2024,다사81,in_age_008,2698
2024,다사81,in_age_009,2910
2024,다사81,in_age_010,2522
2024,다사81,in_age_011,2748
2024,다사81,in_age_012,2809
2024,다사81,in_age_013,2884
2024,다사81,in_age_014,2339
2024,다사81,in_age_015,1432
2024,다사81,in_age_016,956
2024,다사81,in_age_017,753
2024,다사81,in_age_018,433
2024,다사81,in_age_019,183
2024,다사81,in_age_020,41
2024,다사81,in_age_021,5
2024,다사81,in_age_031,601
2024,다사81,in_age_032,672
2024,다사81,in_age_033,760
2024,다사81,in_age_034,1280
2024,다사81,in_age_035,1244
2024,다사81,in_age_036,2054
2024,다사81,in_age_037,2124
2024,다사81,in_age_038,1606
2024,다사81,in_age_039,1687
2024,다사81,in_age_040,1446
2024,다사81,in_age_041,1497
2024,다사81,in_age_042,1443
2024,다사81,in_age_043,1462
2024,다사81,in_age_044,1203
2024,다사81,in_age_045,717
2024,다사81,in_age_046,445
2024,다사81,in_age_047,317
2024,다사81,in_age_048,148
2024,다사81,in_age_049,43
2024,다사81,in_age_050,5
2024,다사81,in_age_051,5
2024,다사81,in_age_061,550
2024,다사81,in_age_062,632
2024,다사81,in_age_063,686
2024,다사81,in_age_064,1075
2024,다사81,in_age_065,973
2024,다사81,in_age_066,1098
2024,다사81,in_age_067,1356
2024,다사81,in_age_068,1090
2024,다사81,in_age_069,1221
2024,다사81,in_age_070,1079
2024,다사81,in_age_071,1254
2024,다사81,in_age_072,1364
2024,다사81,in_age_073,1425
2024,다사81,in_age_074,1134
2024,다사81,in_age_075,713
2024,다사81,in_age_076,509
2024,다사81,in_age_077,434
2024,다사81,in_age_078,283
2024,다사81,in_age_079,143
2024,다사81,in_age_080,36
2024,다사81,in_age_081,5
2024,다사81,to_in_001,37825
2024,다사81,to_in_007,20755
2024,다사81,to_in_008,17068
2024,다사82,in_age_001,938
2024,다사82,in_age_002,1243
2024,다사82,in_age_003,1597
2024,다사82,in_age_004,2099
2024,다사82,in_age_005,2439
2024,다사82,in_age_006,3338
2024,다사82,in_age_007,3458
2024,다사82,in_age_008,3036
2024,다사82,in_age_009,3439
2024,다사82,in_age_010,3279
2024,다사82,in_age_011,4035
2024,다사82,in_age_012,4111
2024,다사82,in_age_013,3848
2024,다사82,in_age_014,3217
2024,다사82,in_age_015,1925
2024,다사82,in_age_016,1355
2024,다사82,in_age_017,1057
2024,다사82,in_age_018,668
2024,다사82,in_age_019,307
2024,다사82,in_age_020,61
2024,다사82,in_age_021,8
2024,다사82,in_age_031,524
2024,다사82,in_age_032,660
2024,다사82,in_age_033,855
2024,다사82,in_age_034,1052
2024,다사82,in_age_035,1419
2024,다사82,in_age_036,2111
2024,다사82,in_age_037,2212
2024,다사82,in_age_038,1878
2024,다사82,in_age_039,1947
2024,다사82,in_age_040,1813
2024,다사82,in_age_041,2157
2024,다사82,in_age_042,2183
2024,다사82,in_age_043,2084
2024,다사82,in_age_044,1665
2024,다사82,in_age_045,976
2024,다사82,in_age_046,650
2024,다사82,in_age_047,422
2024,다사82,in_age_048,204
2024,다사82,in_age_049,59
2024,다사82,in_age_050,5
2024,다사82,in_age_051,5
2024,다사82,in_age_061,412
2024,다사82,in_age_062,586
2024,다사82,in_age_063,745
2024,다사82,in_age_064,1050
2024,다사82,in_age_065,1018
2024,다사82,in_age_066,1225
2024,다사82,in_age_067,1249
2024,다사82,in_age_068,1156
2024,다사82,in_age_069,1490
2024,다사82,in_age_070,1469
2024,다사82,in_age_071,1876
2024,다사82,in_age_072,1926
2024,다사82,in_age_073,1762
2024,다사82,in_age_074,1550
2024,다사82,in_age_075,947
2024,다사82,in_age_076,708
2024,다사82,in_age_077,633
2024,다사82,in_age_078,467
2024,다사82,in_age_079,246
2024,다사82,in_age_080,56
2024,다사82,in_age_081,8
2024,다사82,to_in_001,45463
2024,다사82,to_in_007,24877
2024,다사82,to_in_008,20584
2024,다사83,in_age_001,1534
2024,다사83,in_age_002,1862
2024,다사83,in_age_003,2446
2024,다사83,in_age_004,2855
2024,다사83,in_age_005,2955
2024,다사83,in_age_006,3819
2024,다사83,in_age_007,4098
2024,다사83,in_age_008,3674
2024,다사83,in_age_009,4481
2024,다사83,in_age_010,4511
2024,다사83,in_age_011,5269
2024,다사83,in_age_012,5070
2024,다사83,in_age_013,4827
2024,다사83,in_age_014,3949
2024,다사83,in_age_015,2416
2024,다사83,in_age_016,1728
2024,다사83,in_age_017,1162
2024,다사83,in_age_018,648
2024,다사83,in_age_019,201
2024,다사83,in_age_020,48
2024,다사83,in_age_021,5
2024,다사83,in_age_031,794
2024,다사83,in_age_032,970
2024,다사83,in_age_033,1271
2024,다사83,in_age_034,1420
2024,다사83,in_age_035,1674
2024,다사83,in_age_036,2266
2024,다사83,in_age_037,2381
2024,다사83,in_age_038,2075
2024,다사83,in_age_039,2410
2024,다사83,in_age_040,2396
2024,다사83,in_age_041,2752
2024,다사83,in_age_042,2566
2024,다사83,in_age_043,2443
2024,다사83,in_age_044,2029
2024,다사83,in_age_045,1203
2024,다사83,in_age_046,827
2024,다사83,in_age_047,503
2024,다사83,in_age_048,234
2024,다사83,in_age_049,53
2024,다사83,in_age_050,8
2024,다사83,in_age_061,738
2024,다사83,in_age_062,895
2024,다사83,in_age_063,1173
2024,다사83,in_age_064,1438
2024,다사83,in_age_065,1279
2024,다사83,in_age_066,1551
2024,다사83,in_age_067,1715
2024,다사83,in_age_068,1597
2024,다사83,in_age_069,2069
2024,다사83,in_age_070,2118
2024,다사83,in_age_071,2515
2024,다사83,in_age_072,2507
2024,다사83,in_age_073,2387
2024,다사83,in_age_074,1923
2024,다사83,in_age_075,1216
2024,다사83,in_age_076,899
2024,다사83,in_age_077,657
2024,다사83,in_age_078,412
2024,다사83,in_age_079,146
2024,다사83,in_age_080,43
2024,다사83,in_age_081,5
2024,다사83,to_in_001,57571
2024,다사83,to_in_007,30283
2024,다사83,to_in_008,27286
2024,다사84,in_age_001,253
2024,다사84,in_age_002,460
2024,다사84,in_age_003,719
2024,다사84,in_age_004,748
2024,다사84,in_age_005,566
2024,다사84,in_age_006,679
2024,다사84,in_age_007,678
2024,다사84,in_age_008,686
2024,다사84,in_age_009,1129
2024,다사84,in_age_010,1219
2024,다사84,in_age_011,1559
2024,다사84,in_age_012,1673
2024,다사84,in_age_013,1930
2024,다사84,in_age_014,1943
2024,다사84,in_age_015,1413
2024,다사84,in_age_016,1072
2024,다사84,in_age_017,748
2024,다사84,in_age_018,436
2024,다사84,in_age_019,167
2024,다사84,in_age_020,39
2024,다사84,in_age_021,5
2024,다사84,in_age_031,126
2024,다사84,in_age_032,226
2024,다사84,in_age_033,370
2024,다사84,in_age_034,389
2024,다사84,in_age_035,320
2024,다사84,in_age_036,371
2024,다사84,in_age_037,376
2024,다사84,in_age_038,362
2024,다사84,in_age_039,571
2024,다사84,in_age_040,673
2024,다사84,in_age_041,837
2024,다사84,in_age_042,856
2024,다사84,in_age_043,921
2024,다사84,in_age_044,935
2024,다사84,in_age_045,694
2024,다사84,in_age_046,523
2024,다사84,in_age_047,348
2024,다사84,in_age_048,159
2024,다사84,in_age_049,43
2024,다사84,in_age_050,8
2024,다사84,in_age_061,125
2024,다사84,in_age_062,237
2024,다사84,in_age_063,347
2024,다사84,in_age_064,357
2024,다사84,in_age_065,249
2024,다사84,in_age_066,306
2024,다사84,in_age_067,305
2024,다사84,in_age_068,327
2024,다사84,in_age_069,556
2024,다사84,in_age_070,544
2024,다사84,in_age_071,725
2024,다사84,in_age_072,820
2024,다사84,in_age_073,1012
2024,다사84,in_age_074,1006
2024,다사84,in_age_075,717
2024,다사84,in_age_076,547
2024,다사84,in_age_077,398
2024,다사84,in_age_078,275
2024,다사84,in_age_079,122
2024,다사84,in_age_080,34
2024,다사84,in_age_081,5
2024,다사84,to_in_001,18125
2024,다사84,to_in_007,9111
2024,다사84,to_in_008,9012
2024,다사85,in_age_001,294
2024,다사85,in_age_002,513
2024,다사85,in_age_003,752
2024,다사85,in_age_004,825
2024,다사85,in_age_005,637
2024,다사85,in_age_006,707
2024,다사85,in_age_007,710
2024,다사85,in_age_008,729
2024,다사85,in_age_009,1099
2024,다사85,in_age_010,1255
2024,다사85,in_age_011,1489
2024,다사85,in_age_012,1523
2024,다사85,in_age_013,1583
2024,다사85,in_age_014,1525
2024,다사85,in_age_015,1053
2024,다사85,in_age_016,766
2024,다사85,in_age_017,517
2024,다사85,in_age_018,280
2024,다사85,in_age_019,111
2024,다사85,in_age_020,24
2024,다사85,in_age_021,5
2024,다사85,in_age_031,151
2024,다사85,in_age_032,281
2024,다사85,in_age_033,418
2024,다사85,in_age_034,493
2024,다사85,in_age_035,396
2024,다사85,in_age_036,404
2024,다사85,in_age_037,413
2024,다사85,in_age_038,375
2024,다사85,in_age_039,527
2024,다사85,in_age_040,667
2024,다사85,in_age_041,747
2024,다사85,in_age_042,802
2024,다사85,in_age_043,791
2024,다사85,in_age_044,750
2024,다사85,in_age_045,495
2024,다사85,in_age_046,395
2024,다사85,in_age_047,252
2024,다사85,in_age_048,111
2024,다사85,in_age_049,28
2024,다사85,in_age_050,8
2024,다사85,in_age_061,141
2024,다사85,in_age_062,235
2024,다사85,in_age_063,332
2024,다사85,in_age_064,335
2024,다사85,in_age_065,239
2024,다사85,in_age_066,301
2024,다사85,in_age_067,300
2024,다사85,in_age_068,357
2024,다사85,in_age_069,575
2024,다사85,in_age_070,591
2024,다사85,in_age_071,740
2024,다사85,in_age_072,724
2024,다사85,in_age_073,790
2024,다사85,in_age_074,778
2024,다사85,in_age_075,561
2024,다사85,in_age_076,369
2024,다사85,in_age_077,268
2024,다사85,in_age_078,172
2024,다사85,in_age_079,81
2024,다사85,in_age_080,19
2024,다사85,in_age_081,5
2024,다사85,to_in_001,16400
2024,다사85,to_in_007,8492
2024,다사85,to_in_008,7906
2024,다사86,in_age_001,2419
2024,다사86,in_age_002,4049
2024,다사86,in_age_003,5587
2024,다사86,in_age_004,5391
2024,다사86,in_age_005,5117
2024,다사86,in_age_006,5790
2024,다사86,in_age_007,5468
2024,다사86,in_age_008,5607
2024,다사86,in_age_009,8623
2024,다사86,in_age_010,9273
2024,다사86,in_age_011,10559
2024,다사86,in_age_012,9356
2024,다사86,in_age_013,8442
2024,다사86,in_age_014,7117
2024,다사86,in_age_015,4720
2024,다사86,in_age_016,3735
2024,다사86,in_age_017,2743
2024,다사86,in_age_018,1456
2024,다사86,in_age_019,532
2024,다사86,in_age_020,136
2024,다사86,in_age_021,18
2024,다사86,in_age_031,1237
2024,다사86,in_age_032,2103
2024,다사86,in_age_033,2886
2024,다사86,in_age_034,2793
2024,다사86,in_age_035,2853
2024,다사86,in_age_036,3147
2024,다사86,in_age_037,2959
2024,다사86,in_age_038,2963
2024,다사86,in_age_039,4335
2024,다사86,in_age_040,4656
2024,다사86,in_age_041,5450
2024,다사86,in_age_042,4725
2024,다사86,in_age_043,4288
2024,다사86,in_age_044,3419
2024,다사86,in_age_045,2211
2024,다사86,in_age_046,1606
2024,다사86,in_age_047,1115
2024,다사86,in_age_048,499
2024,다사86,in_age_049,130
2024,다사86,in_age_050,18
2024,다사86,in_age_051,5
2024,다사86,in_age_061,1180
2024,다사86,in_age_062,1944
2024,다사86,in_age_063,2704
2024,다사86,in_age_064,2596
2024,다사86,in_age_065,2267
2024,다사86,in_age_066,2646
2024,다사86,in_age_067,2507
2024,다사86,in_age_068,2647
2024,다사86,in_age_069,4291
2024,다사86,in_age_070,4615
2024,다사86,in_age_071,5112
2024,다사86,in_age_072,4629
2024,다사86,in_age_073,4152
2024,다사86,in_age_074,3696
2024,다사86,in_age_075,2507
2024,다사86,in_age_076,2127
2024,다사86,in_age_077,1626
2024,다사86,in_age_078,955
2024,다사86,in_age_079,405
2024,다사86,in_age_080,116
2024,다사86,in_age_081,18
2024,다사86,to_in_001,106138
2024,다사86,to_in_007,53391
2024,다사86,to_in_008,52745
2024,다사87,in_age_001,148
2024,다사87,in_age_002,154
2024,다사87,in_age_003,194
2024,다사87,in_age_004,244
2024,다사87,in_age_005,245
2024,다사87,in_age_006,416
2024,다사87,in_age_007,433
2024,다사87,in_age_008,364
2024,다사87,in_age_009,368
2024,다사87,in_age_010,394
2024,다사87,in_age_011,589
2024,다사87,in_age_012,829
2024,다사87,in_age_013,1097
2024,다사87,in_age_014,1020
2024,다사87,in_age_015,707
2024,다사87,in_age_016,543
2024,다사87,in_age_017,411
2024,다사87,in_age_018,254
2024,다사87,in_age_019,118
2024,다사87,in_age_020,34
2024,다사87,in_age_021,5
2024,다사87,in_age_031,73
2024,다사87,in_age_032,76
2024,다사87,in_age_033,112
2024,다사87,in_age_034,159
2024,다사87,in_age_035,152
2024,다사87,in_age_036,244
2024,다사87,in_age_037,266
2024,다사87,in_age_038,208
2024,다사87,in_age_039,188
2024,다사87,in_age_040,222
2024,다사87,in_age_041,291
2024,다사87,in_age_042,412
2024,다사87,in_age_043,567
2024,다사87,in_age_044,513
2024,다사87,in_age_045,358
2024,다사87,in_age_046,260
2024,다사87,in_age_047,168
2024,다사87,in_age_048,78
2024,다사87,in_age_049,37
2024,다사87,in_age_050,8
2024,다사87,in_age_061,73
2024,다사87,in_age_062,81
2024,다사87,in_age_063,85
2024,다사87,in_age_064,83
2024,다사87,in_age_065,96
2024,다사87,in_age_066,170
2024,다사87,in_age_067,165
2024,다사87,in_age_068,154
2024,다사87,in_age_069,183
2024,다사87,in_age_070,170
2024,다사87,in_age_071,301
2024,다사87,in_age_072,415
2024,다사87,in_age_073,528
2024,다사87,in_age_074,505
2024,다사87,in_age_075,352
2024,다사87,in_age_076,281
2024,다사87,in_age_077,246
2024,다사87,in_age_078,179
2024,다사87,in_age_079,79
2024,다사87,in_age_080,24
2024,다사87,in_age_081,5
2024,다사87,to_in_001,8560
2024,다사87,to_in_007,4395
2024,다사87,to_in_008,4168
2024,다사88,in_age_001,159
2024,다사88,in_age_002,201
2024,다사88,in_age_003,233
2024,다사88,in_age_004,214
2024,다사88,in_age_005,327
2024,다사88,in_age_006,559
2024,다사88,in_age_007,535
2024,다사88,in_age_008,442
2024,다사88,in_age_009,497
2024,다사88,in_age_010,492
2024,다사88,in_age_011,567
2024,다사88,in_age_012,808
2024,다사88,in_age_013,1040
2024,다사88,in_age_014,1059
2024,다사88,in_age_015,612
2024,다사88,in_age_016,410
2024,다사88,in_age_017,328
2024,다사88,in_age_018,214
2024,다사88,in_age_019,73
2024,다사88,in_age_020,13
2024,다사88,in_age_021,5
2024,다사88,in_age_031,75
2024,다사88,in_age_032,106
2024,다사88,in_age_033,118
2024,다사88,in_age_034,109
2024,다사88,in_age_035,206
2024,다사88,in_age_036,387
2024,다사88,in_age_037,350
2024,다사88,in_age_038,271
2024,다사88,in_age_039,278
2024,다사88,in_age_040,264
2024,다사88,in_age_041,324
2024,다사88,in_age_042,405
2024,다사88,in_age_043,537
2024,다사88,in_age_044,595
2024,다사88,in_age_045,347
2024,다사88,in_age_046,207
2024,다사88,in_age_047,135
2024,다사88,in_age_048,83
2024,다사88,in_age_049,23
2024,다사88,in_age_050,5
2024,다사88,in_age_051,0
2024,다사88,in_age_061,82
2024,다사88,in_age_062,98
2024,다사88,in_age_063,113
2024,다사88,in_age_064,103
2024,다사88,in_age_065,119
2024,다사88,in_age_066,170
2024,다사88,in_age_067,188
2024,다사88,in_age_068,169
2024,다사88,in_age_069,217
2024,다사88,in_age_070,226
2024,다사88,in_age_071,241
2024,다사88,in_age_072,406
2024,다사88,in_age_073,506
2024,다사88,in_age_074,467
2024,다사88,in_age_075,268
2024,다사88,in_age_076,201
2024,다사88,in_age_077,196
2024,다사88,in_age_078,134
2024,다사88,in_age_079,48
2024,다사88,in_age_080,13
2024,다사88,in_age_081,5
2024,다사88,to_in_001,8791
2024,다사88,to_in_007,4821
2024,다사88,to_in_008,3968
2024,다사89,in_age_001,161
2024,다사89,in_age_002,257
2024,다사89,in_age_003,317
2024,다사89,in_age_004,314
2024,다사89,in_age_005,366
2024,다사89,in_age_006,673
2024,다사89,in_age_007,643
2024,다사89,in_age_008,531
2024,다사89,in_age_009,621
2024,다사89,in_age_010,585
2024,다사89,in_age_011,701
2024,다사89,in_age_012,794
2024,다사89,in_age_013,980
2024,다사89,in_age_014,1078
2024,다사89,in_age_015,670
2024,다사89,in_age_016,543
2024,다사89,in_age_017,408
2024,다사89,in_age_018,257
2024,다사89,in_age_019,75
2024,다사89,in_age_020,18
2024,다사89,in_age_021,5
2024,다사89,in_age_031,84
2024,다사89,in_age_032,131
2024,다사89,in_age_033,174
2024,다사89,in_age_034,169
2024,다사89,in_age_035,199
2024,다사89,in_age_036,372
2024,다사89,in_age_037,369
2024,다사89,in_age_038,282
2024,다사89,in_age_039,364
2024,다사89,in_age_040,305
2024,다사89,in_age_041,387
2024,다사89,in_age_042,426
2024,다사89,in_age_043,501
2024,다사89,in_age_044,565
2024,다사89,in_age_045,321
2024,다사89,in_age_046,260
2024,다사89,in_age_047,163
2024,다사89,in_age_048,78
2024,다사89,in_age_049,23
2024,다사89,in_age_050,5
2024,다사89,in_age_051,0
2024,다사89,in_age_061,80
2024,다사89,in_age_062,129
2024,다사89,in_age_063,141
2024,다사89,in_age_064,143
2024,다사89,in_age_065,170
2024,다사89,in_age_066,299
2024,다사89,in_age_067,272
2024,다사89,in_age_068,247
2024,다사89,in_age_069,260
2024,다사89,in_age_070,278
2024,다사89,in_age_071,312
2024,다사89,in_age_072,371
2024,다사89,in_age_073,482
2024,다사89,in_age_074,511
2024,다사89,in_age_075,352
2024,다사89,in_age_076,286
2024,다사89,in_age_077,248
2024,다사89,in_age_078,182
2024,다사89,in_age_079,50
2024,다사89,in_age_080,13
2024,다사89,in_age_081,0
2024,다사89,to_in_001,10000
2024,다사89,to_in_007,5169
2024,다사89,to_in_008,4829
2024,다사90,in_age_001,83
2024,다사90,in_age_002,83
2024,다사90,in_age_003,158
2024,다사90,in_age_004,383
2024,다사90,in_age_005,452
2024,다사90,in_age_006,866
2024,다사90,in_age_007,906
2024,다사90,in_age_008,614
2024,다사90,in_age_009,561
2024,다사90,in_age_010,457
2024,다사90,in_age_011,652
2024,다사90,in_age_012,786
2024,다사90,in_age_013,1043
2024,다사90,in_age_014,1054
2024,다사90,in_age_015,688
2024,다사90,in_age_016,528
2024,다사90,in_age_017,418
2024,다사90,in_age_018,325
2024,다사90,in_age_019,93
2024,다사90,in_age_020,18
2024,다사90,in_age_021,5
2024,다사90,in_age_031,48
2024,다사90,in_age_032,38
2024,다사90,in_age_033,93
2024,다사90,in_age_034,224
2024,다사90,in_age_035,323
2024,다사90,in_age_036,577
2024,다사90,in_age_037,657
2024,다사90,in_age_038,456
2024,다사90,in_age_039,386
2024,다사90,in_age_040,284
2024,다사90,in_age_041,394
2024,다사90,in_age_042,418
2024,다사90,in_age_043,563
2024,다사90,in_age_044,569
2024,다사90,in_age_045,363
2024,다사90,in_age_046,238
2024,다사90,in_age_047,173
2024,다사90,in_age_048,108
2024,다사90,in_age_049,28
2024,다사90,in_age_050,5
2024,다사90,in_age_051,0
2024,다사90,in_age_061,33
2024,다사90,in_age_062,48
2024,다사90,in_age_063,63
2024,다사90,in_age_064,162
2024,다사90,in_age_065,127
2024,다사90,in_age_066,287
2024,다사90,in_age_067,247
2024,다사90,in_age_068,161
2024,다사90,in_age_069,173
2024,다사90,in_age_070,176
2024,다사90,in_age_071,256
2024,다사90,in_age_072,371
2024,다사90,in_age_073,483
2024,다사90,in_age_074,483
2024,다사90,in_age_075,328
2024,다사90,in_age_076,288
2024,다사90,in_age_077,248
2024,다사90,in_age_078,215
2024,다사90,in_age_079,68
2024,다사90,in_age_080,18
2024,다사90,in_age_081,0
2024,다사90,to_in_001,10171
2024,다사90,to_in_007,5936
2024,다사90,to_in_008,4233
2024,다사91,in_age_001,1859
2024,다사91,in_age_002,2524
2024,다사91,in_age_003,3184
2024,다사91,in_age_004,3972
2024,다사91,in_age_005,3637
2024,다사91,in_age_006,7211
2024,다사91,in_age_007,6968
2024,다사91,in_age_008,5122
2024,다사91,in_age_009,5393
2024,다사91,in_age_010,5333
2024,다사91,in_age_011,5353
2024,다사91,in_age_012,4939
2024,다사91,in_age_013,4618
2024,다사91,in_age_014,3507
2024,다사91,in_age_015,2202
2024,다사91,in_age_016,1555
2024,다사91,in_age_017,1214
2024,다사91,in_age_018,690
2024,다사91,in_age_019,253
2024,다사91,in_age_020,54
2024,다사91,in_age_021,8
2024,다사91,in_age_031,949
2024,다사91,in_age_032,1296
2024,다사91,in_age_033,1658
2024,다사91,in_age_034,2081
2024,다사91,in_age_035,2021
2024,다사91,in_age_036,4536
2024,다사91,in_age_037,4355
2024,다사91,in_age_038,2690
2024,다사91,in_age_039,3032
2024,다사91,in_age_040,2692
2024,다사91,in_age_041,2943
2024,다사91,in_age_042,2504
2024,다사91,in_age_043,2369
2024,다사91,in_age_044,1816
2024,다사91,in_age_045,1036
2024,다사91,in_age_046,737
2024,다사91,in_age_047,495
2024,다사91,in_age_048,228
2024,다사91,in_age_049,78
2024,다사91,in_age_050,8
2024,다사91,in_age_051,5
2024,다사91,in_age_061,908
2024,다사91,in_age_062,1231
2024,다사91,in_age_063,1529
2024,다사91,in_age_064,1894
2024,다사91,in_age_065,1619
2024,다사91,in_age_066,2673
2024,다사91,in_age_067,2611
2024,다사91,in_age_068,2430
2024,다사91,in_age_069,2364
2024,다사91,in_age_070,2644
2024,다사91,in_age_071,2408
2024,다사91,in_age_072,2433
2024,다사91,in_age_073,2252
2024,다사91,in_age_074,1689
2024,다사91,in_age_075,1164
2024,다사91,in_age_076,821
2024,다사91,in_age_077,722
2024,다사91,in_age_078,460
2024,다사91,in_age_079,173
2024,다사91,in_age_080,44
2024,다사91,in_age_081,8
2024,다사91,to_in_001,69591
2024,다사91,to_in_007,37522
2024,다사91,to_in_008,32067
2024,다사92,in_age_001,2727
2024,다사92,in_age_002,4494
2024,다사92,in_age_003,5690
2024,다사92,in_age_004,5625
2024,다사92,in_age_005,5687
2024,다사92,in_age_006,7519
2024,다사92,in_age_007,7522
2024,다사92,in_age_008,7307
2024,다사92,in_age_009,8670
2024,다사92,in_age_010,8635
2024,다사92,in_age_011,9722
2024,다사92,in_age_012,9153
2024,다사92,in_age_013,8619
2024,다사92,in_age_014,6537
2024,다사92,in_age_015,3858
2024,다사92,in_age_016,2631
2024,다사92,in_age_017,1947
2024,다사92,in_age_018,1016
2024,다사92,in_age_019,326
2024,다사92,in_age_020,64
2024,다사92,in_age_021,13
2024,다사92,in_age_031,1418
2024,다사92,in_age_032,2311
2024,다사92,in_age_033,2930
2024,다사92,in_age_034,2942
2024,다사92,in_age_035,3216
2024,다사92,in_age_036,4344
2024,다사92,in_age_037,4288
2024,다사92,in_age_038,3784
2024,다사92,in_age_039,4618
2024,다사92,in_age_040,4311
2024,다사92,in_age_041,4930
2024,다사92,in_age_042,4481
2024,다사92,in_age_043,4414
2024,다사92,in_age_044,3287
2024,다사92,in_age_045,1899
2024,다사92,in_age_046,1228
2024,다사92,in_age_047,741
2024,다사92,in_age_048,348
2024,다사92,in_age_049,108
2024,다사92,in_age_050,8
2024,다사92,in_age_051,8
2024,다사92,in_age_061,1312
2024,다사92,in_age_062,2181
2024,다사92,in_age_063,2763
2024,다사92,in_age_064,2681
2024,다사92,in_age_065,2469
2024,다사92,in_age_066,3173
2024,다사92,in_age_067,3232
2024,다사92,in_age_068,3521
2024,다사92,in_age_069,4055
2024,다사92,in_age_070,4327
2024,다사92,in_age_071,4790
2024,다사92,in_age_072,4675
2024,다사92,in_age_073,4203
2024,다사92,in_age_074,3253
2024,다사92,in_age_075,1957
2024,다사92,in_age_076,1406
2024,다사92,in_age_077,1204
2024,다사92,in_age_078,671
2024,다사92,in_age_079,216
2024,다사92,in_age_080,59
2024,다사92,in_age_081,8
2024,다사92,to_in_001,107762
2024,다사92,to_in_007,55614
2024,다사92,to_in_008,52151
2024,다사93,in_age_001,88
2024,다사93,in_age_002,98
2024,다사93,in_age_003,168
2024,다사93,in_age_004,261
2024,다사93,in_age_005,249
2024,다사93,in_age_006,408
2024,다사93,in_age_007,383
2024,다사93,in_age_008,328
2024,다사93,in_age_009,363
2024,다사93,in_age_010,330
2024,다사93,in_age_011,483
2024,다사93,in_age_012,669
2024,다사93,in_age_013,879
2024,다사93,in_age_014,918
2024,다사93,in_age_015,663
2024,다사93,in_age_016,418
2024,다사93,in_age_017,328
2024,다사93,in_age_018,215
2024,다사93,in_age_019,68
2024,다사93,in_age_020,18
2024,다사93,in_age_021,5
2024,다사93,in_age_031,38
2024,다사93,in_age_032,48
2024,다사93,in_age_033,88
2024,다사93,in_age_034,126
2024,다사93,in_age_035,161
2024,다사93,in_age_036,243
2024,다사93,in_age_037,261
2024,다사93,in_age_038,218
2024,다사93,in_age_039,213
2024,다사93,in_age_040,178
2024,다사93,in_age_041,258
2024,다사93,in_age_042,334
2024,다사93,in_age_043,474
2024,다사93,in_age_044,468
2024,다사93,in_age_045,353
2024,다사93,in_age_046,203
2024,다사93,in_age_047,138
2024,다사93,in_age_048,88
2024,다사93,in_age_049,18
2024,다사93,in_age_050,5
2024,다사93,in_age_061,48
2024,다사93,in_age_062,48
2024,다사93,in_age_063,78
2024,다사93,in_age_064,133
2024,다사93,in_age_065,86
2024,다사93,in_age_066,163
2024,다사93,in_age_067,120
2024,다사93,in_age_068,108
2024,다사93,in_age_069,148
2024,다사93,in_age_070,150
2024,다사93,in_age_071,228
2024,다사93,in_age_072,333
2024,다사93,in_age_073,403
2024,다사93,in_age_074,453
2024,다사93,in_age_075,308
2024,다사93,in_age_076,213
2024,다사93,in_age_077,188
2024,다사93,in_age_078,130
2024,다사93,in_age_079,48
2024,다사93,in_age_080,13
2024,다사93,in_age_081,5
2024,다사93,to_in_001,7333
2024,다사93,to_in_007,3924
2024,다사93,to_in_008,3407
2024,다사94,in_age_001,1124
2024,다사94,in_age_002,1564
2024,다사94,in_age_003,1902
2024,다사94,in_age_004,1912
2024,다사94,in_age_005,1615
2024,다사94,in_age_006,1972
2024,다사94,in_age_007,2261
2024,다사94,in_age_008,2211
2024,다사94,in_age_009,3117
2024,다사94,in_age_010,3139
2024,다사94,in_age_011,3882
2024,다사94,in_age_012,3980
2024,다사94,in_age_013,4684
2024,다사94,in_age_014,4350
2024,다사94,in_age_015,2891
2024,다사94,in_age_016,2078
2024,다사94,in_age_017,1429
2024,다사94,in_age_018,810
2024,다사94,in_age_019,289
2024,다사94,in_age_020,56
2024,다사94,in_age_021,5
2024,다사94,in_age_031,576
2024,다사94,in_age_032,792
2024,다사94,in_age_033,976
2024,다사94,in_age_034,981
2024,다사94,in_age_035,908
2024,다사94,in_age_036,1030
2024,다사94,in_age_037,1159
2024,다사94,in_age_038,1101
2024,다사94,in_age_039,1536
2024,다사94,in_age_040,1514
2024,다사94,in_age_041,1923
2024,다사94,in_age_042,1989
2024,다사94,in_age_043,2310
2024,다사94,in_age_044,2121
2024,다사94,in_age_045,1425
2024,다사94,in_age_046,1060
2024,다사94,in_age_047,638
2024,다사94,in_age_048,298
2024,다사94,in_age_049,73
2024,다사94,in_age_050,8
2024,다사94,in_age_061,546
2024,다사94,in_age_062,775
2024,다사94,in_age_063,924
2024,다사94,in_age_064,929
2024,다사94,in_age_065,705
2024,다사94,in_age_066,945
2024,다사94,in_age_067,1105
2024,다사94,in_age_068,1108
2024,다사94,in_age_069,1579
2024,다사94,in_age_070,1623
2024,다사94,in_age_071,1962
2024,다사94,in_age_072,1994
2024,다사94,in_age_073,2372
2024,다사94,in_age_074,2232
2024,다사94,in_age_075,1469
2024,다사94,in_age_076,1021
2024,다사94,in_age_077,794
2024,다사94,in_age_078,515
2024,다사94,in_age_079,219
2024,다사94,in_age_080,46
2024,다사94,in_age_081,5
2024,다사94,to_in_001,45259
2024,다사94,to_in_007,22416
2024,다사94,to_in_008,22846
2024,다사95,in_age_001,63
2024,다사95,in_age_002,93
2024,다사95,in_age_003,143
2024,다사95,in_age_004,118
2024,다사95,in_age_005,83
2024,다사95,in_age_006,128
2024,다사95,in_age_007,158
2024,다사95,in_age_008,163
2024,다사95,in_age_009,248
2024,다사95,in_age_010,248
2024,다사95,in_age_011,353
2024,다사95,in_age_012,468
2024,다사95,in_age_013,654
2024,다사95,in_age_014,678
2024,다사95,in_age_015,433
2024,다사95,in_age_016,298
2024,다사95,in_age_017,203
2024,다사95,in_age_018,118
2024,다사95,in_age_019,51
2024,다사95,in_age_020,19
2024,다사95,in_age_031,33
2024,다사95,in_age_032,48
2024,다사95,in_age_033,83
2024,다사95,in_age_034,63
2024,다사95,in_age_035,43
2024,다사95,in_age_036,78
2024,다사95,in_age_037,78
2024,다사95,in_age_038,93
2024,다사95,in_age_039,133
2024,다사95,in_age_040,118
2024,다사95,in_age_041,183
2024,다사95,in_age_042,218
2024,다사95,in_age_043,319
2024,다사95,in_age_044,333
2024,다사95,in_age_045,213
2024,다사95,in_age_046,163
2024,다사95,in_age_047,108
2024,다사95,in_age_048,33
2024,다사95,in_age_049,13
2024,다사95,in_age_061,28
2024,다사95,in_age_062,48
2024,다사95,in_age_063,63
2024,다사95,in_age_064,58
2024,다사95,in_age_065,38
2024,다사95,in_age_066,48
2024,다사95,in_age_067,83
2024,다사95,in_age_068,73
2024,다사95,in_age_069,118
2024,다사95,in_age_070,133
2024,다사95,in_age_071,173
2024,다사95,in_age_072,253
2024,다사95,in_age_073,333
2024,다사95,in_age_074,343
2024,다사95,in_age_075,218
2024,다사95,in_age_076,133
2024,다사95,in_age_077,98
2024,다사95,in_age_078,83
2024,다사95,in_age_079,36
2024,다사95,in_age_080,19
2024,다사95,to_in_001,4713
2024,다사95,to_in_007,2334
2024,다사95,to_in_008,2377
2024,다사96,in_age_001,133
2024,다사96,in_age_002,182
2024,다사96,in_age_003,233
2024,다사96,in_age_004,216
2024,다사96,in_age_005,223
2024,다사96,in_age_006,312
2024,다사96,in_age_007,322
2024,다사96,in_age_008,316
2024,다사96,in_age_009,418
2024,다사96,in_age_010,421
2024,다사96,in_age_011,514
2024,다사96,in_age_012,688
2024,다사96,in_age_013,768
2024,다사96,in_age_014,817
2024,다사96,in_age_015,547
2024,다사96,in_age_016,340
2024,다사96,in_age_017,264
2024,다사96,in_age_018,186
2024,다사96,in_age_019,66
2024,다사96,in_age_020,18
2024,다사96,in_age_021,5
2024,다사96,in_age_031,62
2024,다사96,in_age_032,102
2024,다사96,in_age_033,95
2024,다사96,in_age_034,115
2024,다사96,in_age_035,135
2024,다사96,in_age_036,177
2024,다사96,in_age_037,176
2024,다사96,in_age_038,166
2024,다사96,in_age_039,210
2024,다사96,in_age_040,208
2024,다사96,in_age_041,270
2024,다사96,in_age_042,352
2024,다사96,in_age_043,396
2024,다사96,in_age_044,434
2024,다사96,in_age_045,280
2024,다사96,in_age_046,175
2024,다사96,in_age_047,113
2024,다사96,in_age_048,68
2024,다사96,in_age_049,23
2024,다사96,in_age_050,5
2024,다사96,in_age_061,69
2024,다사96,in_age_062,83
2024,다사96,in_age_063,136
2024,다사96,in_age_064,99
2024,다사96,in_age_065,86
2024,다사96,in_age_066,138
2024,다사96,in_age_067,149
2024,다사96,in_age_068,148
2024,다사96,in_age_069,206
2024,다사96,in_age_070,211
2024,다사96,in_age_071,242
2024,다사96,in_age_072,334
2024,다사96,in_age_073,375
2024,다사96,in_age_074,386
2024,다사96,in_age_075,265
2024,다사96,in_age_076,163
2024,다사96,in_age_077,149
2024,다사96,in_age_078,121
2024,다사96,in_age_079,41
2024,다사96,in_age_080,13
2024,다사96,in_age_081,5
2024,다사96,to_in_001,6982
2024,다사96,to_in_007,3558
2024,다사96,to_in_008,3427
2024,다사97,in_age_001,130
2024,다사97,in_age_002,227
2024,다사97,in_age_003,318
2024,다사97,in_age_004,380
2024,다사97,in_age_005,461
2024,다사97,in_age_006,550
2024,다사97,in_age_007,449
2024,다사97,in_age_008,384
2024,다사97,in_age_009,635
2024,다사97,in_age_010,773
2024,다사97,in_age_011,1036
2024,다사97,in_age_012,1215
2024,다사97,in_age_013,1382
2024,다사97,in_age_014,1362
2024,다사97,in_age_015,952
2024,다사97,in_age_016,723
2024,다사97,in_age_017,562
2024,다사97,in_age_018,319
2024,다사97,in_age_019,104
2024,다사97,in_age_020,23
2024,다사97,in_age_021,5
2024,다사97,in_age_031,65
2024,다사97,in_age_032,110
2024,다사97,in_age_033,152
2024,다사97,in_age_034,194
2024,다사97,in_age_035,263
2024,다사97,in_age_036,312
2024,다사97,in_age_037,262
2024,다사97,in_age_038,207
2024,다사97,in_age_039,333
2024,다사97,in_age_040,421
2024,다사97,in_age_041,541
2024,다사97,in_age_042,633
2024,다사97,in_age_043,685
2024,다사97,in_age_044,693
2024,다사97,in_age_045,451
2024,다사97,in_age_046,347
2024,다사97,in_age_047,238
2024,다사97,in_age_048,119
2024,다사97,in_age_049,28
2024,다사97,in_age_050,8
2024,다사97,in_age_051,5
2024,다사97,in_age_061,63
2024,다사97,in_age_062,115
2024,다사97,in_age_063,164
2024,다사97,in_age_064,184
2024,다사97,in_age_065,196
2024,다사97,in_age_066,236
2024,다사97,in_age_067,185
2024,다사97,in_age_068,180
2024,다사97,in_age_069,300
2024,다사97,in_age_070,355
2024,다사97,in_age_071,493
2024,다사97,in_age_072,585
2024,다사97,in_age_073,700
2024,다사97,in_age_074,672
2024,다사97,in_age_075,504
2024,다사97,in_age_076,374
2024,다사97,in_age_077,322
2024,다사97,in_age_078,203
2024,다사97,in_age_079,79
2024,다사97,in_age_080,18
2024,다사97,in_age_081,5
2024,다사97,to_in_001,11988
2024,다사97,to_in_007,6060
2024,다사97,to_in_008,5926
2024,다사98,in_age_001,30
2024,다사98,in_age_002,34
2024,다사98,in_age_003,45
2024,다사98,in_age_004,43
2024,다사98,in_age_005,38
2024,다사98,in_age_006,83
2024,다사98,in_age_007,73
2024,다사98,in_age_008,70
2024,다사98,in_age_009,78
2024,다사98,in_age_010,83
2024,다사98,in_age_011,149
2024,다사98,in_age_012,146
2024,다사98,in_age_013,193
2024,다사98,in_age_014,203
2024,다사98,in_age_015,138
2024,다사98,in_age_016,98
2024,다사98,in_age_017,88
2024,다사98,in_age_018,64
2024,다사98,in_age_019,23
2024,다사98,in_age_020,8
2024,다사98,in_age_031,14
2024,다사98,in_age_032,24
2024,다사98,in_age_033,23
2024,다사98,in_age_034,18
2024,다사98,in_age_035,18
2024,다사98,in_age_036,48
2024,다사98,in_age_037,41
2024,다사98,in_age_038,41
2024,다사98,in_age_039,33
2024,다사98,in_age_040,43
2024,다사98,in_age_041,79
2024,다사98,in_age_042,73
2024,다사98,in_age_043,103
2024,다사98,in_age_044,108
2024,다사98,in_age_045,68
2024,다사98,in_age_046,43
2024,다사98,in_age_047,43
2024,다사98,in_age_048,18
2024,다사98,in_age_049,5
2024,다사98,in_age_050,5
2024,다사98,in_age_061,19
2024,다사98,in_age_062,13
2024,다사98,in_age_063,25
2024,다사98,in_age_064,28
2024,다사98,in_age_065,18
2024,다사98,in_age_066,38
2024,다사98,in_age_067,30
2024,다사98,in_age_068,27
2024,다사98,in_age_069,48
2024,다사98,in_age_070,43
2024,다사98,in_age_071,68
2024,다사98,in_age_072,76
2024,다사98,in_age_073,93
2024,다사98,in_age_074,98
2024,다사98,in_age_075,73
2024,다사98,in_age_076,53
2024,다사98,in_age_077,43
2024,다사98,in_age_078,44
2024,다사98,in_age_079,18
2024,다사98,in_age_080,5
2024,다사98,to_in_001,1695
2024,다사98,to_in_007,842
2024,다사98,to_in_008,851
2024,다사99,in_age_001,5
2024,다사99,in_age_002,8
2024,다사99,in_age_003,13
2024,다사99,in_age_004,59
2024,다사99,in_age_005,34
2024,다사99,in_age_006,23
2024,다사99,in_age_007,13
2024,다사99,in_age_008,18
2024,다사99,in_age_009,33
2024,다사99,in_age_010,33
2024,다사99,in_age_011,48
2024,다사99,in_age_012,88
2024,다사99,in_age_013,98
2024,다사99,in_age_014,138
2024,다사99,in_age_015,83
2024,다사99,in_age_016,73
2024,다사99,in_age_017,43
2024,다사99,in_age_018,38
2024,다사99,in_age_019,8
2024,다사99,in_age_020,0
2024,다사99,in_age_021,5
2024,다사99,in_age_031,0
2024,다사99,in_age_032,8
2024,다사99,in_age_033,5
2024,다사99,in_age_034,34
2024,다사99,in_age_035,15
2024,다사99,in_age_036,13
2024,다사99,in_age_037,13
2024,다사99,in_age_038,13
2024,다사99,in_age_039,18
2024,다사99,in_age_040,23
2024,다사99,in_age_041,23
2024,다사99,in_age_042,48
2024,다사99,in_age_043,48
2024,다사99,in_age_044,68
2024,다사99,in_age_045,48
2024,다사99,in_age_046,38
2024,다사99,in_age_047,18
2024,다사99,in_age_048,8
2024,다사99,in_age_049,5
2024,다사99,in_age_061,5
2024,다사99,in_age_062,5
2024,다사99,in_age_063,8
2024,다사99,in_age_064,25
2024,다사99,in_age_065,17
2024,다사99,in_age_066,8
2024,다사99,in_age_067,5
2024,다사99,in_age_068,8
2024,다사99,in_age_069,13
2024,다사99,in_age_070,8
2024,다사99,in_age_071,23
2024,다사99,in_age_072,38
2024,다사99,in_age_073,48
2024,다사99,in_age_074,73
2024,다사99,in_age_075,33
2024,다사99,in_age_076,38
2024,다사99,in_age_077,23
2024,다사99,in_age_078,28
2024,다사99,in_age_079,8
2024,다사99,in_age_080,0
2024,다사99,in_age_081,5
2024,다사99,to_in_001,855
2024,다사99,to_in_007,446
2024,다사99,to_in_008,412
